player,time,x,y,z,speed,steering,pedal,grounded,distance,wall
Player1_Car,0.02,431.261,3.348,790.675,0.000,0.00,1.00,4,0.00,
Player2_Car,0.02,431.075,3.348,786.679,0.000,0.00,1.00,4,0.00,
Player1_Car,0.04,431.261,3.348,790.675,0.000,0.00,1.00,4,0.00,
Player2_Car,0.04,431.075,3.348,786.679,0.000,0.00,1.00,4,0.00,
Player1_Car,0.06,431.270,3.348,790.674,0.482,0.00,1.00,4,0.01,
Player2_Car,0.06,431.085,3.348,786.678,0.482,0.00,1.00,4,0.01,
Player1_Car,0.08,431.290,3.348,790.673,0.959,0.00,1.00,4,0.03,
Player2_Car,0.08,431.104,3.348,786.677,0.959,0.00,1.00,4,0.03,
Player1_Car,0.10,431.318,3.348,790.672,1.430,0.00,1.00,4,0.06,
Player2_Car,0.10,431.133,3.348,786.676,1.430,0.00,1.00,4,0.06,
Player1_Car,0.12,431.356,3.348,790.670,1.895,-0.01,1.00,4,0.10,
Player2_Car,0.12,431.171,3.348,786.674,1.895,0.00,1.00,4,0.10,
Player1_Car,0.14,431.403,3.348,790.668,2.355,-0.01,1.00,4,0.14,
Player2_Car,0.14,431.218,3.348,786.672,2.355,0.00,1.00,4,0.14,
Player1_Car,0.16,431.459,3.348,790.665,2.809,-0.01,1.00,4,0.20,
Player2_Car,0.16,431.274,3.348,786.670,2.809,0.00,1.00,4,0.20,
Player1_Car,0.18,431.524,3.348,790.662,3.257,-0.01,1.00,4,0.26,
Player2_Car,0.18,431.339,3.348,786.666,3.257,0.00,1.00,4,0.26,
Player1_Car,0.20,431.598,3.348,790.659,3.700,-0.01,1.00,4,0.34,
Player2_Car,0.20,431.413,3.348,786.663,3.700,0.00,1.00,4,0.34,
Player1_Car,0.22,431.681,3.348,790.655,4.138,-0.01,1.00,4,0.43,
Player2_Car,0.22,431.495,3.348,786.659,4.138,0.00,1.00,4,0.42,
Player1_Car,0.24,431.772,3.348,790.651,4.571,-0.01,1.00,4,0.51,
Player2_Car,0.24,431.587,3.348,786.655,4.571,0.00,1.00,4,0.51,
Player1_Car,0.26,431.872,3.348,790.646,4.998,-0.01,1.00,4,0.61,
Player2_Car,0.26,431.687,3.348,786.650,4.998,0.00,1.00,4,0.61,
Player1_Car,0.28,431.980,3.348,790.641,5.421,-0.01,1.00,4,0.72,
Player2_Car,0.28,431.795,3.348,786.645,5.421,0.00,1.00,4,0.72,
Player1_Car,0.30,432.097,3.348,790.636,5.838,-0.01,1.00,4,0.84,
Player2_Car,0.30,431.911,3.348,786.640,5.838,0.00,1.00,4,0.84,
Player1_Car,0.32,432.222,3.348,790.630,6.250,-0.01,1.00,4,0.96,
Player2_Car,0.32,432.036,3.348,786.634,6.250,0.01,1.00,4,0.96,
Player1_Car,0.34,432.355,3.348,790.624,6.657,-0.01,1.00,4,1.10,
Player2_Car,0.34,432.169,3.348,786.628,6.657,0.01,1.00,4,1.09,
Player1_Car,0.36,432.496,3.348,790.617,7.060,-0.01,1.00,4,1.24,
Player2_Car,0.36,432.310,3.348,786.621,7.060,0.01,1.00,4,1.24,
Player1_Car,0.38,432.645,3.348,790.611,7.457,-0.01,1.00,4,1.39,
Player2_Car,0.38,432.459,3.348,786.614,7.457,0.01,1.00,4,1.39,
Player1_Car,0.40,432.802,3.348,790.603,7.850,-0.01,1.00,4,1.54,
Player2_Car,0.40,432.616,3.348,786.607,7.850,0.01,1.00,4,1.54,
Player1_Car,0.42,432.966,3.348,790.596,8.238,-0.01,1.00,4,1.71,
Player2_Car,0.42,432.781,3.348,786.600,8.238,0.01,1.00,4,1.71,
Player1_Car,0.44,433.138,3.348,790.588,8.622,-0.01,1.00,4,1.88,
Player2_Car,0.44,432.953,3.348,786.592,8.622,0.01,1.00,4,1.88,
Player1_Car,0.46,433.318,3.348,790.579,9.000,-0.02,1.00,4,2.06,
Player2_Car,0.46,433.133,3.348,786.583,9.000,0.01,1.00,4,2.06,
Player1_Car,0.48,433.505,3.348,790.571,9.375,-0.02,1.00,4,2.25,
Player2_Car,0.48,433.320,3.348,786.575,9.375,0.01,1.00,4,2.25,
Player1_Car,0.50,433.700,3.348,790.562,9.744,-0.02,1.00,4,2.44,
Player2_Car,0.50,433.515,3.348,786.566,9.744,0.01,1.00,4,2.44,
Player1_Car,0.52,433.902,3.348,790.552,10.110,-0.02,1.00,4,2.64,
Player2_Car,0.52,433.717,3.348,786.556,10.110,0.01,1.00,4,2.64,
Player1_Car,0.54,434.111,3.348,790.542,10.471,-0.02,1.00,4,2.85,
Player2_Car,0.54,433.926,3.348,786.546,10.471,0.01,1.00,4,2.85,
Player1_Car,0.56,434.328,3.348,790.532,10.827,-0.02,1.00,4,3.07,
Player2_Car,0.56,434.142,3.348,786.536,10.827,0.01,1.00,4,3.07,
Player1_Car,0.58,434.551,3.348,790.522,11.180,-0.02,1.00,4,3.29,
Player2_Car,0.58,434.366,3.348,786.526,11.180,0.01,1.00,4,3.29,
Player1_Car,0.60,434.781,3.348,790.511,11.528,-0.02,1.00,4,3.52,
Player2_Car,0.60,434.596,3.348,786.515,11.528,0.02,1.00,4,3.52,
Player1_Car,0.62,435.018,3.348,790.500,11.872,-0.02,1.00,4,3.76,
Player2_Car,0.62,434.833,3.348,786.504,11.872,0.02,1.00,4,3.76,
Player1_Car,0.64,435.262,3.348,790.489,12.212,-0.02,1.00,4,4.01,
Player2_Car,0.64,435.077,3.348,786.493,12.212,0.02,1.00,4,4.01,
Player1_Car,0.66,435.513,3.348,790.477,12.547,-0.02,1.00,4,4.26,
Player2_Car,0.66,435.328,3.348,786.482,12.547,0.02,1.00,4,4.26,
Player1_Car,0.68,435.770,3.348,790.465,12.879,-0.02,1.00,4,4.51,
Player2_Car,0.68,435.585,3.348,786.470,12.879,0.02,1.00,4,4.51,
Player1_Car,0.70,436.034,3.348,790.453,13.207,-0.02,1.00,4,4.78,
Player2_Car,0.70,435.849,3.348,786.457,13.207,0.02,1.00,4,4.78,
Player1_Car,0.72,436.305,3.348,790.441,13.531,-0.03,1.00,4,5.05,
Player2_Car,0.72,436.119,3.348,786.445,13.531,0.02,1.00,4,5.05,
Player1_Car,0.74,436.581,3.348,790.428,13.851,-0.03,1.00,4,5.33,
Player2_Car,0.74,436.396,3.348,786.432,13.851,0.02,1.00,4,5.33,
Player1_Car,0.76,436.864,3.348,790.415,14.167,-0.03,1.00,4,5.61,
Player2_Car,0.76,436.679,3.348,786.419,14.167,0.02,1.00,4,5.61,
Player1_Car,0.78,437.153,3.348,790.401,14.479,-0.03,1.00,4,5.90,
Player2_Car,0.78,436.968,3.348,786.406,14.479,0.02,1.00,4,5.90,
Player1_Car,0.80,437.449,3.348,790.387,14.787,-0.03,1.00,4,6.19,
Player2_Car,0.80,437.264,3.348,786.392,14.787,0.02,1.00,4,6.19,
Player1_Car,0.82,437.750,3.348,790.373,15.092,-0.03,1.00,4,6.50,
Player2_Car,0.82,437.565,3.348,786.378,15.092,0.02,1.00,4,6.50,
Player1_Car,0.84,438.058,3.348,790.359,15.393,-0.03,1.00,4,6.80,
Player2_Car,0.84,437.873,3.348,786.364,15.393,0.02,1.00,4,6.80,
Player1_Car,0.86,438.371,3.348,790.345,15.691,-0.03,1.00,4,7.12,
Player2_Car,0.86,438.186,3.348,786.349,15.691,0.03,1.00,4,7.12,
Player1_Car,0.88,438.691,3.348,790.330,15.985,-0.03,1.00,4,7.44,
Player2_Car,0.88,438.505,3.348,786.334,15.985,0.03,1.00,4,7.44,
Player1_Car,0.90,439.016,3.348,790.315,16.275,-0.03,1.00,4,7.76,
Player2_Car,0.90,438.831,3.348,786.319,16.275,0.03,1.00,4,7.76,
Player1_Car,0.92,439.347,3.348,790.299,16.562,-0.03,1.00,4,8.09,
Player2_Car,0.92,439.161,3.348,786.304,16.562,0.03,1.00,4,8.09,
Player1_Car,0.94,439.683,3.348,790.284,16.846,-0.03,0.98,4,8.43,
Player2_Car,0.94,439.498,3.348,786.288,16.846,0.03,0.98,4,8.43,
Player1_Car,0.96,440.025,3.348,790.268,17.126,-0.03,0.94,4,8.77,
Player2_Car,0.96,439.840,3.348,786.273,17.126,0.03,0.94,4,8.77,
Player1_Car,0.98,440.373,3.348,790.251,17.390,-0.04,0.91,4,9.12,
Player2_Car,0.98,440.187,3.348,786.257,17.390,0.03,0.91,4,9.12,
Player1_Car,1.00,440.725,3.348,790.235,17.630,-0.04,0.88,4,9.47,
Player2_Car,1.00,440.540,3.348,786.240,17.630,0.03,0.88,4,9.47,
Player1_Car,1.02,441.082,3.348,790.218,17.849,-0.04,0.86,4,9.83,
Player2_Car,1.02,440.896,3.348,786.224,17.849,0.03,0.86,4,9.83,
Player1_Car,1.04,441.442,3.348,790.202,18.048,-0.04,0.83,4,10.19,
Player2_Car,1.04,441.257,3.348,786.207,18.048,0.03,0.83,4,10.19,
Player1_Car,1.06,441.806,3.348,790.185,18.228,-0.04,0.81,4,10.56,
Player2_Car,1.06,441.621,3.348,786.190,18.228,0.03,0.81,4,10.56,
Player1_Car,1.08,442.174,3.348,790.168,18.392,-0.04,0.79,4,10.92,
Player2_Car,1.08,441.989,3.348,786.173,18.392,0.03,0.79,4,10.92,
Player1_Car,1.10,442.544,3.348,790.150,18.542,-0.04,0.78,4,11.30,
Player2_Car,1.10,442.359,3.348,786.156,18.542,0.04,0.78,4,11.30,
Player1_Car,1.12,442.917,3.348,790.133,18.677,-0.04,0.76,4,11.67,
Player2_Car,1.12,442.732,3.348,786.139,18.677,0.04,0.76,4,11.67,
Player1_Car,1.14,443.293,3.348,790.116,18.800,-0.04,0.74,4,12.05,
Player2_Car,1.14,443.108,3.348,786.121,18.800,0.04,0.74,4,12.04,
Player1_Car,1.16,443.671,3.348,790.098,18.912,-0.04,0.73,4,12.42,
Player2_Car,1.16,443.486,3.348,786.104,18.912,0.04,0.73,4,12.42,
Player1_Car,1.18,444.051,3.348,790.080,19.014,-0.04,0.72,4,12.80,
Player2_Car,1.18,443.865,3.348,786.086,19.014,0.04,0.72,4,12.80,
Player1_Car,1.20,444.432,3.348,790.063,19.106,-0.04,0.71,4,13.19,
Player2_Car,1.20,444.247,3.348,786.069,19.106,0.04,0.71,4,13.19,
Player1_Car,1.22,444.816,3.348,790.045,19.190,-0.05,0.70,4,13.57,
Player2_Car,1.22,444.630,3.348,786.051,19.190,0.04,0.70,4,13.57,
Player1_Car,1.24,445.201,3.348,790.027,19.267,-0.05,0.69,4,13.96,
Player2_Car,1.24,445.015,3.348,786.033,19.267,0.04,0.69,4,13.95,
Player1_Car,1.26,445.587,3.348,790.009,19.336,-0.05,0.68,4,14.34,
Player2_Car,1.26,445.402,3.348,786.015,19.336,0.04,0.68,4,14.34,
Player1_Car,1.28,445.975,3.348,789.991,19.399,-0.05,0.67,4,14.73,
Player2_Car,1.28,445.789,3.348,785.997,19.399,0.04,0.67,4,14.73,
Player1_Car,1.30,446.363,3.348,789.973,19.456,-0.05,0.67,4,15.12,
Player2_Car,1.30,446.178,3.348,785.979,19.456,0.04,0.67,4,15.12,
Player1_Car,1.32,446.753,3.348,789.955,19.508,-0.05,0.66,4,15.51,
Player2_Car,1.32,446.568,3.348,785.961,19.508,0.04,0.66,4,15.51,
Player1_Car,1.34,447.144,3.348,789.936,19.556,-0.05,0.65,4,15.90,
Player2_Car,1.34,446.958,3.348,785.943,19.556,0.05,0.65,4,15.90,
Player1_Car,1.36,447.535,3.348,789.918,19.599,-0.05,0.65,4,16.29,
Player2_Car,1.36,447.350,3.348,785.925,19.599,0.05,0.65,4,16.29,
Player1_Car,1.38,447.928,3.348,789.900,19.638,-0.05,0.64,4,16.68,
Player2_Car,1.38,447.742,3.348,785.907,19.638,0.05,0.64,4,16.68,
Player1_Car,1.40,448.321,3.348,789.882,19.673,-0.04,0.64,4,17.08,
Player2_Car,1.40,448.135,3.348,785.889,19.673,0.06,0.64,4,17.08,
Player1_Car,1.42,448.714,3.348,789.863,19.706,-0.04,0.64,4,17.47,
Player2_Car,1.42,448.529,3.348,785.871,19.706,0.06,0.64,4,17.47,
Player1_Car,1.44,449.109,3.348,789.845,19.735,0.00,0.63,4,17.87,
Player2_Car,1.44,448.923,3.348,785.853,19.735,0.10,0.63,4,17.87,
Player1_Car,1.46,449.503,3.348,789.826,19.762,0.05,0.63,4,18.26,
Player2_Car,1.46,449.318,3.348,785.834,19.762,0.15,0.63,4,18.26,
Player1_Car,1.48,449.899,3.348,789.808,19.786,0.10,0.63,4,18.66,
Player2_Car,1.48,449.713,3.348,785.816,19.786,0.20,0.63,4,18.66,
Player1_Car,1.50,450.294,3.348,789.789,19.808,0.16,0.62,4,19.05,
Player2_Car,1.50,450.109,3.348,785.797,19.808,0.26,0.62,4,19.05,
Player1_Car,1.52,450.690,3.348,789.771,19.828,0.27,0.62,4,19.45,
Player2_Car,1.52,450.505,3.348,785.779,19.828,0.37,0.62,4,19.45,
Player1_Car,1.54,451.087,3.348,789.752,19.846,0.38,0.62,4,19.85,
Player2_Car,1.54,450.902,3.348,785.760,19.846,0.47,0.62,4,19.85,
Player1_Car,1.56,451.484,3.348,789.732,19.862,0.48,-0.70,4,20.25,
Player2_Car,1.56,451.298,3.348,785.741,19.862,0.57,-0.70,4,20.24,
Player1_Car,1.58,451.881,3.348,789.713,19.877,0.62,0.61,4,20.64,
Player2_Car,1.58,451.695,3.348,785.722,19.877,0.71,0.61,4,20.64,
Player1_Car,1.60,452.262,3.348,789.694,19.099,0.66,0.71,4,21.02,
Player2_Car,1.60,452.077,3.348,785.703,19.099,0.75,0.71,4,21.02,
Player1_Car,1.62,452.644,3.348,789.675,19.121,0.82,-0.61,4,21.41,
Player2_Car,1.62,452.459,3.348,785.684,19.120,0.91,-0.61,4,21.41,
Player1_Car,1.64,453.028,3.348,789.656,19.198,0.99,-0.62,4,21.79,
Player2_Car,1.64,452.842,3.348,785.665,19.198,1.07,-0.62,4,21.79,
Player1_Car,1.66,453.397,3.348,789.637,18.481,1.03,-0.54,4,22.16,
Player2_Car,1.66,453.211,3.348,785.646,18.480,1.11,-0.54,4,22.16,
Player1_Car,1.68,453.752,3.348,789.618,17.766,1.07,-0.45,4,22.52,
Player2_Car,1.68,453.566,3.348,785.628,17.766,1.15,-0.45,4,22.52,
Player1_Car,1.70,454.093,3.348,789.600,17.112,1.11,-0.37,4,22.86,
Player2_Car,1.70,453.908,3.348,785.610,17.112,1.20,-0.37,4,22.86,
Player1_Car,1.72,454.423,3.348,789.582,16.517,1.17,-0.30,4,23.19,
Player2_Car,1.72,454.238,3.348,785.592,16.517,1.25,-0.30,4,23.19,
Player1_Car,1.74,454.742,3.348,789.565,15.976,1.24,-0.24,4,23.51,
Player2_Car,1.74,454.557,3.348,785.575,15.976,1.32,-0.24,4,23.51,
Player1_Car,1.76,455.052,3.348,789.548,15.485,1.32,-0.18,4,23.82,
Player2_Car,1.76,454.866,3.348,785.559,15.484,1.39,-0.18,4,23.82,
Player1_Car,1.78,455.352,3.348,789.532,15.038,1.40,-0.12,4,24.12,
Player2_Car,1.78,455.167,3.348,785.542,15.037,1.44,-0.12,4,24.12,
Player1_Car,1.80,455.644,3.348,789.515,14.632,1.46,-0.08,4,24.41,
Player2_Car,1.80,455.459,3.348,785.526,14.630,1.48,-0.08,4,24.41,
Player1_Car,1.82,455.929,3.348,789.499,14.262,1.51,-0.03,4,24.70,
Player2_Car,1.82,455.743,3.348,785.510,14.261,1.52,-0.03,4,24.70,
Player1_Car,1.84,456.207,3.348,789.483,13.927,1.55,0.01,4,24.97,
Player2_Car,1.84,456.022,3.348,785.494,13.926,1.57,0.01,4,24.97,
Player1_Car,1.86,456.479,3.348,789.467,13.622,1.60,0.05,4,25.25,
Player2_Car,1.86,456.293,3.348,785.479,13.621,1.62,0.05,4,25.25,
Player1_Car,1.88,456.745,3.348,789.452,13.344,1.66,0.08,4,25.51,
Player2_Car,1.88,456.560,3.348,785.463,13.343,1.66,0.08,4,25.51,
Player1_Car,1.90,457.007,3.348,789.436,13.092,1.71,0.11,4,25.78,
Player2_Car,1.90,456.821,3.348,785.448,13.091,1.71,0.11,4,25.78,
Player1_Car,1.92,457.263,3.348,789.420,12.862,1.76,0.14,4,26.03,
Player2_Car,1.92,457.078,3.348,785.432,12.862,1.76,0.14,4,26.03,
Player1_Car,1.94,457.516,3.348,789.405,12.654,1.83,0.16,4,26.29,
Player2_Car,1.94,457.331,3.348,785.417,12.654,1.83,0.16,4,26.29,
Player1_Car,1.96,457.765,3.348,789.389,12.465,1.91,0.18,4,26.53,
Player2_Car,1.96,457.579,3.348,785.402,12.465,1.90,0.18,4,26.53,
Player1_Car,1.98,458.010,3.348,789.374,12.292,1.96,0.20,4,26.78,
Player2_Car,1.98,457.825,3.348,785.386,12.292,1.95,0.20,4,26.78,
Player1_Car,2.00,458.252,3.348,789.358,12.136,2.01,0.22,4,27.02,
Player2_Car,2.00,458.067,3.348,785.371,12.136,2.00,0.22,4,27.02,
Player1_Car,2.02,458.492,3.348,789.342,11.993,2.06,0.24,4,27.26,
Player2_Car,2.02,458.306,3.348,785.355,11.994,2.04,0.24,4,27.26,
Player1_Car,2.04,458.728,3.348,789.326,11.864,2.11,0.26,4,27.50,
Player2_Car,2.04,458.543,3.348,785.339,11.864,2.09,0.26,4,27.50,
Player1_Car,2.06,458.963,3.348,789.310,11.746,2.15,0.27,4,27.74,
Player2_Car,2.06,458.777,3.348,785.323,11.747,2.13,0.27,4,27.74,
Player1_Car,2.08,459.195,3.348,789.293,11.639,2.22,0.28,4,27.97,
Player2_Car,2.08,459.010,3.348,785.307,11.640,2.20,0.28,4,27.97,
Player1_Car,2.10,459.425,3.348,789.277,11.542,2.30,0.29,4,28.20,
Player2_Car,2.10,459.240,3.348,785.290,11.542,2.28,0.29,4,28.20,
Player1_Car,2.12,459.654,3.348,789.260,11.454,2.36,0.31,4,28.43,
Player2_Car,2.12,459.468,3.348,785.273,11.454,2.34,0.31,4,28.43,
Player1_Car,2.14,459.880,3.348,789.243,11.373,2.41,0.32,4,28.66,
Player2_Car,2.14,459.695,3.348,785.256,11.374,2.38,0.32,4,28.65,
Player1_Car,2.16,460.106,3.348,789.226,11.300,2.45,0.32,4,28.88,
Player2_Car,2.16,459.921,3.348,785.239,11.300,2.42,0.32,4,28.88,
Player1_Car,2.18,460.330,3.348,789.208,11.233,2.49,0.33,4,29.10,
Player2_Car,2.18,460.145,3.348,785.221,11.234,2.46,0.33,4,29.11,
Player1_Car,2.20,460.552,3.348,789.190,11.173,2.53,0.34,4,29.33,
Player2_Car,2.20,460.367,3.348,785.203,11.173,2.50,0.34,4,29.33,
Player1_Car,2.22,460.774,3.348,789.171,11.118,2.60,0.35,4,29.55,
Player2_Car,2.22,460.589,3.348,785.185,11.118,2.57,0.35,4,29.55,
Player1_Car,2.24,460.995,3.348,789.153,11.068,2.68,0.35,4,29.77,
Player2_Car,2.24,460.809,3.348,785.166,11.068,2.65,0.35,4,29.77,
Player1_Car,2.26,461.214,3.348,789.134,11.022,2.73,0.36,4,29.99,
Player2_Car,2.26,461.029,3.348,785.147,11.023,2.70,0.36,4,30.00,
Player1_Car,2.28,461.433,3.348,789.114,10.981,2.77,0.36,4,30.21,
Player2_Car,2.28,461.248,3.348,785.128,10.981,2.74,0.36,4,30.21,
Player1_Car,2.30,461.651,3.348,789.094,10.943,2.79,0.37,4,30.41,
Player2_Car,2.30,461.466,3.348,785.108,10.943,2.80,0.37,4,30.47,
Player1_Car,2.32,461.868,3.348,789.074,10.908,2.81,0.37,4,30.62,
Player2_Car,2.32,461.683,3.348,785.088,10.909,2.84,0.37,4,30.69,
Player1_Car,2.34,462.085,3.348,789.053,10.877,2.86,0.37,4,30.83,
Player2_Car,2.34,461.900,3.348,785.067,10.878,2.88,0.37,4,30.91,
Player1_Car,2.36,462.301,3.348,789.032,10.849,2.94,0.38,4,31.05,
Player2_Car,2.36,462.116,3.348,785.046,10.849,2.95,0.38,4,31.12,
Player1_Car,2.38,462.516,3.348,789.010,10.823,3.01,0.38,4,31.27,
Player2_Car,2.38,462.331,3.348,785.024,10.824,3.01,0.38,4,31.34,
Player1_Car,2.40,462.731,3.348,788.988,10.799,3.05,0.38,4,31.48,
Player2_Car,2.40,462.546,3.348,785.002,10.800,3.04,0.38,4,31.55,
Player1_Car,2.42,462.945,3.348,788.965,10.778,3.07,0.39,4,31.70,
Player2_Car,2.42,462.760,3.348,784.979,10.778,3.07,0.39,4,31.77,
Player1_Car,2.44,463.159,3.348,788.942,10.758,3.08,0.39,4,31.89,
Player2_Car,2.44,462.974,3.348,784.956,10.759,3.14,0.39,4,32.03,
Player1_Car,2.46,463.373,3.348,788.918,10.740,3.09,0.39,4,32.09,
Player2_Car,2.46,463.188,3.348,784.932,10.741,3.20,0.39,4,32.25,
Player1_Car,2.48,463.586,3.348,788.894,10.724,3.17,0.39,4,32.30,
Player2_Car,2.48,463.401,3.348,784.907,10.725,3.25,0.39,4,32.46,
Player1_Car,2.50,463.798,3.348,788.869,10.710,3.25,0.39,4,32.52,
Player2_Car,2.50,463.613,3.348,784.882,10.710,3.29,0.39,4,32.68,
Player1_Car,2.52,464.011,3.348,788.844,10.696,3.30,0.40,4,32.73,
Player2_Car,2.52,463.826,3.348,784.856,10.696,3.32,0.40,4,32.89,
Player1_Car,2.54,464.223,3.348,788.818,10.684,3.32,0.40,4,32.94,
Player2_Car,2.54,464.038,3.348,784.830,10.684,3.34,0.40,4,33.11,
Player1_Car,2.56,464.435,3.348,788.791,10.672,3.34,0.40,4,33.16,
Player2_Car,2.56,464.250,3.348,784.803,10.673,3.42,0.40,4,33.37,
Player1_Car,2.58,464.646,3.348,788.764,10.662,3.33,0.40,4,33.33,
Player2_Car,2.58,464.461,3.348,784.776,10.663,3.48,0.40,4,33.58,
Player1_Car,2.60,464.857,3.348,788.736,10.653,3.38,0.40,4,33.54,
Player2_Car,2.60,464.672,3.348,784.748,10.653,3.52,0.40,4,33.80,
Player1_Car,2.62,465.068,3.348,788.708,10.645,3.47,0.40,4,33.75,
Player2_Car,2.62,464.883,3.348,784.719,10.645,3.55,0.40,4,34.01,
Player1_Car,2.64,465.279,3.348,788.679,10.637,3.53,0.40,4,33.97,
Player2_Car,2.64,465.094,3.348,784.689,10.637,3.57,0.40,4,34.22,
Player1_Car,2.66,465.490,3.348,788.649,10.630,3.55,0.40,4,34.18,
Player2_Car,2.66,465.304,3.348,784.659,10.630,3.59,0.40,4,34.44,
Player1_Car,2.68,465.700,3.348,788.618,10.623,3.56,0.41,4,34.39,
Player2_Car,2.68,465.514,3.348,784.628,10.624,3.61,0.41,4,34.65,
Player1_Car,2.70,465.910,3.348,788.587,10.617,3.58,0.41,4,34.60,
Player2_Car,2.70,465.724,3.348,784.596,10.618,3.75,0.41,4,34.92,
Player1_Car,2.72,466.120,3.348,788.556,10.612,3.58,0.41,4,34.77,
Player2_Car,2.72,465.934,3.348,784.564,10.612,3.82,0.41,4,35.13,
Player1_Car,2.74,466.329,3.348,788.523,10.607,3.65,0.41,4,34.99,
Player2_Car,2.74,466.144,3.348,784.531,10.607,3.81,0.41,4,35.34,
Player1_Car,2.76,466.539,3.348,788.490,10.602,3.73,0.41,4,35.20,
Player2_Car,2.76,466.353,3.348,784.497,10.602,3.80,0.41,4,35.55,
Player1_Car,2.78,466.748,3.348,788.456,10.598,3.76,0.41,4,35.41,
Player2_Car,2.78,466.562,3.348,784.462,10.598,3.82,0.41,4,35.76,
Player1_Car,2.80,466.957,3.348,788.422,10.594,3.77,0.41,4,35.62,
Player2_Car,2.80,466.771,3.348,784.427,10.595,3.86,0.41,4,35.98,
Player1_Car,2.82,467.166,3.348,788.386,10.591,3.78,0.41,4,35.83,
Player2_Car,2.82,466.980,3.348,784.390,10.591,4.02,0.41,4,36.25,
Player1_Car,2.84,467.375,3.348,788.350,10.587,3.84,0.41,4,36.05,
Player2_Car,2.84,467.188,3.348,784.353,10.588,4.06,0.41,4,36.46,
Player1_Car,2.86,467.583,3.348,788.313,10.585,3.85,0.41,4,36.22,
Player2_Car,2.86,467.396,3.348,784.315,10.585,4.03,0.41,4,36.67,
Player1_Car,2.88,467.791,3.348,788.276,10.582,3.90,0.41,4,36.43,
Player2_Car,2.88,467.605,3.348,784.276,10.582,4.02,0.41,4,36.88,
Player1_Car,2.90,468.000,3.348,788.238,10.579,3.94,0.41,4,36.64,
Player2_Car,2.90,467.812,3.348,784.237,10.579,4.04,0.41,4,37.09,
Player1_Car,2.92,468.207,3.348,788.198,10.577,3.97,0.41,4,36.85,
Player2_Car,2.92,468.020,3.348,784.196,10.577,4.12,0.41,4,37.31,
Player1_Car,2.94,468.415,3.348,788.158,10.575,3.98,0.41,4,37.06,
Player2_Car,2.94,468.227,3.348,784.155,10.575,4.28,0.41,4,37.58,
Player1_Car,2.96,468.623,3.348,788.118,10.573,4.03,0.41,4,37.27,
Player2_Car,2.96,468.435,3.348,784.113,10.573,4.29,0.41,4,37.79,
Player1_Car,2.98,468.830,3.348,788.076,10.571,4.10,0.41,4,37.48,
Player2_Car,2.98,468.642,3.348,784.070,10.571,4.24,0.41,4,38.00,
Player1_Car,3.00,469.037,3.348,788.034,10.570,4.08,0.41,4,37.65,
Player2_Car,3.00,468.848,3.348,784.026,10.569,4.23,0.41,4,38.21,
Player1_Car,3.02,469.244,3.348,787.991,10.568,4.09,0.41,4,37.86,
Player2_Car,3.02,469.055,3.348,783.981,10.568,4.29,0.41,4,38.42,
Player1_Car,3.04,469.451,3.348,787.947,10.567,4.14,0.41,4,38.07,
Player2_Car,3.04,469.261,3.348,783.935,10.567,4.37,0.41,4,38.64,
Player1_Car,3.06,469.657,3.348,787.902,10.565,4.17,0.41,4,38.29,
Player2_Car,3.06,469.467,3.348,783.888,10.565,4.50,0.41,4,38.91,
Player1_Car,3.08,469.863,3.348,787.856,10.564,4.23,0.41,4,38.50,
Player2_Car,3.08,469.673,3.348,783.841,10.564,4.50,0.41,4,39.12,
Player1_Car,3.10,470.069,3.348,787.810,10.563,4.29,0.41,4,38.71,
Player2_Car,3.10,469.879,3.348,783.792,10.562,4.45,0.41,4,39.34,
Player1_Car,3.12,470.275,3.348,787.762,10.562,4.25,0.41,4,38.88,
Player2_Car,3.12,470.084,3.348,783.742,10.561,4.46,0.41,4,39.55,
Player1_Car,3.14,470.481,3.348,787.714,10.561,4.27,0.41,4,39.09,
Player2_Car,3.14,470.289,3.348,783.692,10.561,4.54,0.41,4,39.76,
Player1_Car,3.16,470.686,3.348,787.665,10.560,4.31,0.41,4,39.30,
Player2_Car,3.16,470.494,3.348,783.640,10.560,4.60,0.41,4,39.97,
Player1_Car,3.18,470.891,3.348,787.615,10.559,4.36,0.41,4,39.51,
Player2_Car,3.18,470.698,3.348,783.588,10.559,4.71,0.41,4,40.25,
Player1_Car,3.20,471.096,3.348,787.564,10.558,4.42,0.41,4,39.72,
Player2_Car,3.20,470.903,3.348,783.534,10.558,4.70,0.41,4,40.46,
Player1_Car,3.22,471.301,3.348,787.512,10.557,4.47,0.41,4,39.93,
Player2_Car,3.22,471.107,3.348,783.479,10.557,4.67,0.41,4,40.67,
Player1_Car,3.24,471.505,3.348,787.459,10.556,4.48,0.41,4,40.14,
Player2_Car,3.24,471.310,3.348,783.424,10.556,4.71,0.41,4,40.88,
Player1_Car,3.26,471.710,3.348,787.405,10.556,4.44,0.41,4,40.31,
Player2_Car,3.26,471.514,3.348,783.367,10.555,4.78,0.41,4,41.09,
Player1_Car,3.28,471.913,3.348,787.350,10.555,4.45,0.41,4,40.52,
Player2_Car,3.28,471.717,3.348,783.310,10.555,4.80,0.41,4,41.30,
Player1_Car,3.30,472.117,3.348,787.295,10.555,4.54,0.41,4,40.73,
Player2_Car,3.30,471.919,3.348,783.251,10.554,4.91,0.41,4,41.59,
Player1_Car,3.32,472.320,3.348,787.238,10.554,4.62,0.41,4,40.94,
Player2_Car,3.32,472.122,3.348,783.191,10.553,4.92,0.41,4,41.80,
Player1_Car,3.34,472.523,3.348,787.181,10.553,4.65,0.41,4,41.15,
Player2_Car,3.34,472.324,3.348,783.130,10.552,4.93,0.41,4,42.01,
Player1_Car,3.36,472.726,3.348,787.122,10.553,4.66,0.41,4,41.36,
Player2_Car,3.36,472.526,3.348,783.068,10.552,4.96,0.41,4,42.22,
Player1_Car,3.38,472.929,3.348,787.063,10.552,4.60,0.41,4,41.53,
Player2_Car,3.38,472.727,3.348,783.005,10.551,4.98,0.41,4,42.43,
Player1_Car,3.40,473.131,3.348,787.002,10.551,4.61,0.41,4,41.74,
Player2_Car,3.40,472.928,3.348,782.941,10.551,5.12,0.41,4,42.72,
Player1_Car,3.42,473.333,3.348,786.941,10.551,4.73,0.41,4,41.95,
Player2_Car,3.42,473.129,3.348,782.876,10.551,5.13,0.41,4,42.93,
Player1_Car,3.44,473.534,3.348,786.879,10.551,4.81,0.41,4,42.16,
Player2_Car,3.44,473.329,3.348,782.809,10.550,5.13,0.41,4,43.14,
Player1_Car,3.46,473.736,3.348,786.815,10.550,4.83,0.41,4,42.37,
Player2_Car,3.46,473.529,3.348,782.741,10.549,5.15,0.41,4,43.35,
Player1_Car,3.48,473.937,3.348,786.751,10.550,4.82,0.41,4,42.59,
Player2_Car,3.48,473.728,3.348,782.673,10.549,5.17,0.41,4,43.56,
Player1_Car,3.50,474.137,3.348,786.685,10.549,4.75,0.41,4,42.75,
Player2_Car,3.50,473.927,3.348,782.603,10.548,5.17,0.41,4,43.77,
Player1_Car,3.52,474.337,3.348,786.619,10.549,4.80,0.41,4,42.96,
Player2_Car,3.52,474.126,3.348,782.532,10.548,5.33,0.41,4,44.06,
Player1_Car,3.54,474.537,3.348,786.551,10.549,4.92,0.41,4,43.17,
Player2_Car,3.54,474.324,3.348,782.460,10.548,5.39,0.41,4,44.27,
Player1_Car,3.56,474.737,3.348,786.483,10.549,4.98,0.41,4,43.38,
Player2_Car,3.56,474.522,3.348,782.386,10.547,5.37,0.41,4,44.49,
Player1_Car,3.58,474.936,3.348,786.413,10.548,4.99,0.41,4,43.59,
Player2_Car,3.58,474.719,3.348,782.312,10.546,5.34,0.41,4,44.70,
Player1_Car,3.60,475.135,3.348,786.343,10.547,4.98,0.41,4,43.81,
Player2_Car,3.60,474.916,3.348,782.236,10.546,5.35,0.41,4,44.91,
Player1_Car,3.62,475.333,3.348,786.271,10.547,4.91,0.41,4,43.97,
Player2_Car,3.62,475.112,3.348,782.159,10.546,5.54,0.41,4,45.20,
Player1_Car,3.64,475.531,3.348,786.198,10.547,4.99,0.41,4,44.18,
Player2_Car,3.64,475.308,3.348,782.081,10.546,5.61,0.41,4,45.41,
Player1_Car,3.66,475.729,3.348,786.124,10.547,5.10,0.41,4,44.39,
Player2_Car,3.66,475.504,3.348,782.002,10.545,5.56,0.41,4,45.62,
Player1_Car,3.68,475.926,3.348,786.050,10.546,5.15,0.41,4,44.60,
Player2_Car,3.68,475.698,3.348,781.921,10.544,5.52,0.41,4,45.83,
Player1_Car,3.70,476.123,3.348,785.974,10.546,5.14,0.41,4,44.81,
Player2_Car,3.70,475.893,3.348,781.839,10.544,5.52,0.41,4,46.04,
Player1_Car,3.72,476.319,3.348,785.897,10.545,5.14,0.41,4,45.02,
Player2_Car,3.72,476.087,3.348,781.756,10.544,5.56,0.41,4,46.25,
Player1_Car,3.74,476.515,3.348,785.818,10.545,5.10,0.41,4,45.19,
Player2_Car,3.74,476.280,3.348,781.672,10.544,5.81,0.41,4,46.55,
Player1_Car,3.76,476.710,3.348,785.739,10.545,5.18,0.41,4,45.40,
Player2_Car,3.76,476.473,3.348,781.586,10.544,5.84,0.41,4,46.76,
Player1_Car,3.78,476.905,3.348,785.659,10.545,5.27,0.41,4,45.61,
Player2_Car,3.78,476.665,3.348,781.499,10.542,5.74,0.41,4,46.97,
Player1_Car,3.80,477.100,3.348,785.578,10.544,5.30,0.41,4,45.82,
Player2_Car,3.80,476.856,3.348,781.411,10.541,5.68,0.42,4,47.18,
Player1_Car,3.82,477.294,3.348,785.495,10.544,5.29,0.41,4,46.03,
Player2_Car,3.82,477.047,3.348,781.322,10.542,5.74,0.42,4,47.40,
Player1_Car,3.84,477.487,3.348,785.411,10.543,5.31,0.41,4,46.24,
Player2_Car,3.84,477.238,3.348,781.231,10.542,6.02,0.41,4,47.70,
Player1_Car,3.86,477.680,3.348,785.327,10.543,5.28,0.41,4,46.41,
Player2_Car,3.86,477.428,3.348,781.139,10.542,6.04,0.41,4,47.91,
Player1_Car,3.88,477.873,3.348,785.241,10.543,5.35,0.41,4,46.62,
Player2_Car,3.88,477.616,3.348,781.046,10.540,5.92,0.42,4,48.12,
Player1_Car,3.90,478.065,3.348,785.154,10.543,5.42,0.41,4,46.83,
Player2_Car,3.90,477.805,3.348,780.951,10.539,5.84,0.42,4,48.33,
Player1_Car,3.92,478.257,3.348,785.066,10.542,5.44,0.41,4,47.04,
Player2_Car,3.92,477.993,3.348,780.856,10.540,5.92,0.42,4,48.54,
Player1_Car,3.94,478.448,3.348,784.976,10.542,5.43,0.41,4,47.25,
Player2_Car,3.94,478.180,3.348,780.759,10.540,6.22,0.42,4,48.84,
Player1_Car,3.96,478.638,3.348,784.886,10.541,5.49,0.42,4,47.46,
Player2_Car,3.96,478.366,3.348,780.660,10.540,6.23,0.42,4,49.05,
Player1_Car,3.98,478.828,3.348,784.794,10.541,5.46,0.42,4,47.63,
Player2_Car,3.98,478.552,3.348,780.560,10.538,6.08,0.42,4,49.27,
Player1_Car,4.00,479.017,3.348,784.702,10.541,5.49,0.42,4,47.84,
Player2_Car,4.00,478.737,3.348,780.459,10.537,6.01,0.42,4,49.48,
Player1_Car,4.02,479.206,3.348,784.608,10.541,5.55,0.42,4,48.05,
Player2_Car,4.02,478.921,3.348,780.357,10.538,6.10,0.42,4,49.69,
Player1_Car,4.04,479.394,3.348,784.513,10.541,5.57,0.42,4,48.26,
Player2_Car,4.04,479.104,3.348,780.253,10.539,6.40,0.42,4,49.99,
Player1_Car,4.06,479.582,3.348,784.417,10.540,5.60,0.42,4,48.47,
Player2_Car,4.06,479.287,3.348,780.148,10.538,6.39,0.42,4,50.20,
Player1_Car,4.08,479.769,3.348,784.319,10.540,5.66,0.42,4,48.68,
Player2_Car,4.08,479.469,3.348,780.041,10.536,6.23,0.42,4,50.42,
Player1_Car,4.10,479.955,3.348,784.221,10.540,5.60,0.42,4,48.84,
Player2_Car,4.10,479.650,3.348,779.934,10.536,6.19,0.42,4,50.63,
Player1_Car,4.12,480.141,3.348,784.121,10.539,5.61,0.42,4,49.05,
Player2_Car,4.12,479.830,3.348,779.825,10.537,6.27,0.42,4,50.84,
Player1_Car,4.14,480.326,3.348,784.020,10.539,5.67,0.42,4,49.26,
Player2_Car,4.14,480.010,3.348,779.714,10.537,6.56,0.42,4,51.15,
Player1_Car,4.16,480.510,3.348,783.918,10.539,5.71,0.42,4,49.48,
Player2_Car,4.16,480.188,3.348,779.603,10.537,6.53,0.42,4,51.36,
Player1_Car,4.18,480.694,3.348,783.815,10.539,5.76,0.42,4,49.69,
Player2_Car,4.18,480.366,3.348,779.489,10.535,6.36,0.42,4,51.57,
Player1_Car,4.20,480.877,3.348,783.711,10.538,5.70,0.42,4,49.85,
Player2_Car,4.20,480.543,3.348,779.375,10.534,6.34,0.42,4,51.78,
Player1_Car,4.22,481.060,3.348,783.605,10.538,5.72,0.42,4,50.06,
Player2_Car,4.22,480.719,3.348,779.259,10.535,6.43,0.42,4,51.99,
Player1_Car,4.24,481.242,3.348,783.499,10.538,5.78,0.42,4,50.27,
Player2_Car,4.24,480.894,3.348,779.142,10.536,6.70,0.42,4,52.30,
Player1_Car,4.26,481.423,3.348,783.391,10.538,5.81,0.42,4,50.48,
Player2_Car,4.26,481.068,3.348,779.023,10.535,6.66,0.42,4,52.51,
Player1_Car,4.28,481.603,3.348,783.282,10.538,5.85,0.42,4,50.69,
Player2_Car,4.28,481.241,3.348,778.903,10.533,6.49,0.42,4,52.72,
Player1_Car,4.30,481.783,3.348,783.172,10.537,5.90,0.42,4,50.90,
Player2_Car,4.30,481.414,3.348,778.782,10.533,6.48,0.42,4,52.94,
Player1_Car,4.32,481.962,3.348,783.060,10.537,5.82,0.42,4,51.07,
Player2_Car,4.32,481.585,3.348,778.659,10.534,6.81,0.42,4,53.25,
Player1_Car,4.34,482.140,3.348,782.948,10.536,5.83,0.42,4,51.28,
Player2_Car,4.34,481.756,3.348,778.536,10.534,6.82,0.42,4,53.46,
Player1_Car,4.36,482.317,3.348,782.834,10.537,5.88,0.42,4,51.49,
Player2_Car,4.36,481.925,3.348,778.410,10.532,6.64,0.42,4,53.67,
Player1_Car,4.38,482.494,3.348,782.719,10.537,5.93,0.42,4,51.70,
Player2_Car,4.38,482.093,3.348,778.283,10.532,6.56,0.42,4,53.88,
Player1_Car,4.40,482.670,3.348,782.603,10.536,5.99,0.42,4,51.91,
Player2_Car,4.40,482.260,3.348,778.156,10.533,6.62,0.42,4,54.09,
Player1_Car,4.42,482.845,3.348,782.486,10.536,5.93,0.42,4,52.08,
Player2_Car,4.42,482.427,3.348,778.026,10.534,6.93,0.42,4,54.41,
Player1_Car,4.44,483.019,3.348,782.368,10.536,5.91,0.42,4,52.28,
Player2_Car,4.44,482.592,3.348,777.896,10.533,6.90,0.42,4,54.62,
Player1_Car,4.46,483.193,3.348,782.248,10.536,5.96,0.42,4,52.50,
Player2_Car,4.46,482.756,3.348,777.764,10.531,6.70,0.42,4,54.83,
Player1_Car,4.48,483.365,3.348,782.127,10.536,5.99,0.42,4,52.71,
Player2_Car,4.48,482.919,3.348,777.630,10.531,6.65,0.42,4,55.04,
Player1_Car,4.50,483.537,3.348,782.005,10.536,6.05,0.42,4,52.92,
Player2_Car,4.50,483.081,3.348,777.496,10.532,6.72,0.42,4,55.25,
Player1_Car,4.52,483.708,3.348,781.882,10.535,6.09,0.42,4,53.13,
Player2_Car,4.52,483.242,3.348,777.360,10.533,7.01,0.42,4,55.57,
Player1_Car,4.54,483.879,3.348,781.758,10.535,5.99,0.42,4,53.29,
Player2_Car,4.54,483.402,3.348,777.223,10.533,6.96,0.42,4,55.78,
Player1_Car,4.56,484.048,3.348,781.633,10.534,5.99,0.42,4,53.50,
Player2_Car,4.56,483.561,3.348,777.084,10.531,6.76,0.42,4,56.00,
Player1_Car,4.58,484.216,3.348,781.506,10.535,6.04,0.42,4,53.71,
Player2_Car,4.58,483.718,3.348,776.944,10.530,6.72,0.42,4,56.21,
Player1_Car,4.60,484.384,3.348,781.379,10.535,6.10,0.42,4,53.92,
Player2_Car,4.60,483.875,3.348,776.803,10.532,6.78,0.42,4,56.42,
Player1_Car,4.62,484.551,3.348,781.250,10.535,6.15,0.42,4,54.13,
Player2_Car,4.62,484.030,3.348,776.661,10.532,7.06,0.42,4,56.74,
Player1_Car,4.64,484.717,3.348,781.120,10.534,6.05,0.42,4,54.30,
Player2_Car,4.64,484.184,3.348,776.518,10.532,7.00,0.42,4,56.95,
Player1_Car,4.66,484.881,3.348,780.989,10.534,6.05,0.42,4,54.51,
Player2_Car,4.66,484.337,3.348,776.373,10.530,6.80,0.42,4,57.16,
Player1_Car,4.68,485.045,3.348,780.856,10.534,6.10,0.42,4,54.72,
Player2_Car,4.68,484.489,3.348,776.226,10.530,6.77,0.42,4,57.37,
Player1_Car,4.70,485.209,3.348,780.723,10.534,6.13,0.42,4,54.93,
Player2_Car,4.70,484.639,3.348,776.079,10.531,7.08,0.42,4,57.69,
Player1_Car,4.72,485.371,3.348,780.589,10.534,6.18,0.42,4,55.14,
Player2_Car,4.72,484.789,3.348,775.931,10.532,7.08,0.42,4,57.90,
Player1_Car,4.74,485.532,3.348,780.453,10.534,6.21,0.42,4,55.35,
Player2_Car,4.74,484.936,3.348,775.781,10.530,6.88,0.42,4,58.11,
Player1_Car,4.76,485.692,3.348,780.316,10.533,6.10,0.42,4,55.52,
Player2_Car,4.76,485.083,3.348,775.630,10.530,6.76,0.42,4,58.32,
Player1_Car,4.78,485.851,3.348,780.178,10.533,6.10,0.42,4,55.73,
Player2_Car,4.78,485.228,3.348,775.477,10.531,6.81,0.42,4,58.53,
Player1_Car,4.80,486.010,3.348,780.039,10.534,6.14,0.42,4,55.94,
Player2_Car,4.80,485.373,3.348,775.324,10.532,7.11,0.42,4,58.86,
Player1_Car,4.82,486.167,3.348,779.899,10.534,6.20,0.42,4,56.15,
Player2_Car,4.82,485.516,3.348,775.170,10.532,7.06,0.42,4,59.07,
Player1_Car,4.84,486.324,3.348,779.758,10.534,6.23,0.42,4,56.36,
Player2_Car,4.84,485.658,3.348,775.014,10.530,6.85,0.42,4,59.28,
Player1_Car,4.86,486.479,3.348,779.616,10.533,6.13,0.42,4,56.53,
Player2_Car,4.86,485.798,3.348,774.856,10.530,6.74,0.42,4,59.49,
Player1_Car,4.88,486.633,3.348,779.473,10.533,6.13,0.42,4,56.74,
Player2_Car,4.88,485.937,3.348,774.698,10.531,7.06,0.42,4,59.81,
Player1_Car,4.90,486.787,3.348,779.328,10.533,6.17,0.42,4,56.95,
Player2_Car,4.90,486.075,3.348,774.539,10.532,7.08,0.42,4,60.02,
Player1_Car,4.92,486.939,3.348,779.183,10.533,6.19,0.42,4,57.16,
Player2_Car,4.92,486.211,3.348,774.379,10.530,6.89,0.42,4,60.23,
Player1_Car,4.94,487.090,3.348,779.036,10.533,6.23,0.42,4,57.37,
Player2_Car,4.94,486.346,3.348,774.217,10.530,6.74,0.42,4,60.44,
Player1_Car,4.96,487.241,3.348,778.889,10.533,6.24,0.42,4,57.57,
Player2_Car,4.96,486.480,3.348,774.054,10.531,6.73,0.42,4,60.65,
Player1_Car,4.98,487.390,3.348,778.740,10.533,6.15,0.42,4,57.74,
Player2_Car,4.98,486.613,3.348,773.891,10.532,7.03,0.42,4,60.98,
Player1_Car,5.00,487.538,3.348,778.590,10.533,6.15,0.42,4,57.96,
Player2_Car,5.00,486.744,3.348,773.726,10.533,7.02,0.42,4,61.19,
Player1_Car,5.02,487.685,3.348,778.440,10.533,6.18,0.42,4,58.17,
Player2_Car,5.02,486.874,3.348,773.560,10.531,6.81,0.42,4,61.40,
Player1_Car,5.04,487.831,3.348,778.288,10.533,6.21,0.42,4,58.38,
Player2_Car,5.04,487.002,3.348,773.393,10.530,6.68,0.42,4,61.61,
Player1_Car,5.06,487.976,3.348,778.135,10.533,6.24,0.42,4,58.59,
Player2_Car,5.06,487.129,3.348,773.225,10.531,6.66,0.42,4,61.82,
Player1_Car,5.08,488.120,3.348,777.981,10.533,6.15,0.42,4,58.75,
Player2_Car,5.08,487.255,3.348,773.057,10.533,6.95,0.42,4,62.14,
Player1_Car,5.10,488.263,3.348,777.826,10.533,6.14,0.42,4,58.96,
Player2_Car,5.10,487.380,3.348,772.887,10.533,6.93,0.42,4,62.35,
Player1_Car,5.12,488.405,3.348,777.671,10.533,6.18,0.42,4,59.18,
Player2_Car,5.12,487.503,3.348,772.716,10.531,6.73,0.42,4,62.56,
Player1_Car,5.14,488.546,3.348,777.514,10.533,6.18,0.42,4,59.39,
Player2_Car,5.14,487.624,3.348,772.544,10.531,6.60,0.42,4,62.77,
Player1_Car,5.16,488.685,3.348,777.356,10.533,6.20,0.42,4,59.60,
Player2_Car,5.16,487.745,3.348,772.371,10.532,6.82,0.42,4,63.09,
Player1_Car,5.18,488.824,3.348,777.197,10.533,6.12,0.42,4,59.76,
Player2_Car,5.18,487.864,3.348,772.197,10.533,6.85,0.42,4,63.30,
Player1_Car,5.20,488.961,3.348,777.038,10.533,6.13,0.42,4,59.97,
Player2_Car,5.20,487.981,3.348,772.022,10.532,6.70,0.42,4,63.51,
Player1_Car,5.22,489.097,3.348,776.877,10.533,6.17,0.42,4,60.18,
Player2_Car,5.22,488.097,3.348,771.847,10.532,6.57,0.42,4,63.72,
Player1_Car,5.24,489.233,3.348,776.715,10.533,6.17,0.42,4,60.40,
Player2_Car,5.24,488.212,3.348,771.670,10.533,6.52,0.42,4,63.93,
Player1_Car,5.26,489.367,3.348,776.553,10.533,6.14,0.42,4,60.61,
Player2_Car,5.26,488.326,3.348,771.493,10.534,6.72,1.00,4,64.25,
Player1_Car,5.28,489.500,3.348,776.389,10.533,6.17,0.42,4,60.82,
Player2_Car,5.28,488.438,3.348,771.314,10.534,6.71,1.00,4,64.46,
Player1_Car,5.30,489.631,3.348,776.225,10.533,6.09,0.42,4,60.98,
Player2_Car,5.30,488.552,3.348,771.129,10.883,6.60,1.00,4,64.68,
Player1_Car,5.32,489.762,3.348,776.060,10.533,6.09,0.42,4,61.19,
Player2_Car,5.32,488.668,3.348,770.937,11.230,6.60,1.00,4,64.91,
Player1_Car,5.34,489.891,3.348,775.894,10.534,6.12,0.42,4,61.41,
Player2_Car,5.34,488.786,3.348,770.737,11.573,6.69,1.00,4,65.14,
Player1_Car,5.36,490.020,3.348,775.727,10.534,6.12,0.42,4,61.62,
Player2_Car,5.36,488.906,3.348,770.532,11.912,6.99,1.00,4,65.48,
Player1_Car,5.38,490.147,3.348,775.559,10.534,6.10,0.42,4,61.83,
Player2_Car,5.38,489.028,3.348,770.319,12.247,6.98,1.00,4,65.73,
Player1_Car,5.40,490.273,3.348,775.390,10.534,6.02,0.42,4,61.99,
Player2_Car,5.40,489.150,3.348,770.099,12.576,6.81,1.00,4,65.98,
Player1_Car,5.42,490.398,3.348,775.220,10.534,6.04,0.42,4,62.21,
Player2_Car,5.42,489.274,3.348,769.873,12.902,6.78,1.00,4,66.24,
Player1_Car,5.44,490.522,3.348,775.050,10.534,6.08,0.42,4,62.42,
Player2_Car,5.44,489.398,3.348,769.639,13.226,7.00,1.00,4,66.60,
Player1_Car,5.46,490.644,3.348,774.878,10.534,6.08,0.42,4,62.63,
Player2_Car,5.46,489.524,3.348,769.399,13.546,7.01,1.00,4,66.87,
Player1_Car,5.48,490.766,3.348,774.706,10.534,6.04,0.42,4,62.84,
Player2_Car,5.48,489.650,3.348,769.152,13.860,6.88,1.00,4,67.15,
Player1_Car,5.50,490.886,3.348,774.533,10.534,5.95,0.42,4,63.01,
Player2_Car,5.50,489.776,3.348,768.898,14.171,6.79,1.00,4,67.43,
Player1_Car,5.52,491.005,3.348,774.359,10.534,5.96,0.42,4,63.22,
Player2_Car,5.52,489.902,3.348,768.638,14.480,6.93,1.00,4,67.82,
Player1_Car,5.54,491.123,3.348,774.185,10.535,6.01,0.42,4,63.43,
Player2_Car,5.54,490.029,3.348,768.371,14.785,6.96,1.00,4,68.12,
Player1_Car,5.56,491.240,3.348,774.009,10.535,6.02,0.42,4,63.64,
Player2_Car,5.56,490.155,3.348,768.097,15.085,6.83,1.00,4,68.42,
Player1_Car,5.58,491.355,3.348,773.833,10.535,5.99,0.42,4,63.85,
Player2_Car,5.58,490.280,3.348,767.816,15.381,6.84,1.00,4,68.83,
Player1_Car,5.60,491.470,3.348,773.656,10.535,5.95,0.42,4,64.06,
Player2_Car,5.60,490.406,3.348,767.528,15.675,6.84,1.00,4,69.14,
Player1_Car,5.62,491.583,3.348,773.479,10.535,5.85,1.00,4,64.23,
Player2_Car,5.62,490.530,3.348,767.234,15.965,6.74,1.00,4,69.46,
Player1_Car,5.64,491.695,3.348,773.300,10.535,5.88,1.00,4,64.44,
Player2_Car,5.64,490.654,3.348,766.934,16.252,6.78,1.00,4,69.88,
Player1_Car,5.66,491.809,3.348,773.115,10.886,6.02,1.00,4,64.66,
Player2_Car,5.66,490.776,3.348,766.627,16.535,6.75,1.00,4,70.21,
Player1_Car,5.68,491.926,3.348,772.923,11.233,6.16,1.00,4,64.88,
Player2_Car,5.68,490.898,3.348,766.313,16.815,6.63,0.98,4,70.55,
Player1_Car,5.70,492.045,3.348,772.724,11.575,6.23,1.00,4,65.11,
Player2_Car,5.70,491.018,3.348,765.993,17.092,6.53,0.95,4,70.89,
Player1_Car,5.72,492.165,3.348,772.519,11.913,6.22,1.00,4,65.31,
Player2_Car,5.72,491.136,3.348,765.667,17.355,6.63,0.92,4,71.33,
Player1_Car,5.74,492.288,3.348,772.307,12.247,6.27,1.00,4,65.55,
Player2_Car,5.74,491.253,3.348,765.335,17.595,6.60,0.89,4,71.68,
Player1_Car,5.76,492.412,3.348,772.088,12.577,6.33,1.00,4,65.80,
Player2_Car,5.76,491.368,3.348,764.998,17.812,6.44,0.86,4,72.03,
Player1_Car,5.78,492.537,3.348,771.862,12.904,6.40,1.00,4,66.06,
Player2_Car,5.78,491.480,3.348,764.655,18.009,6.45,0.84,4,72.48,
Player1_Car,5.80,492.664,3.348,771.630,13.227,6.44,1.00,4,66.33,
Player2_Car,5.80,491.590,3.348,764.309,18.190,6.40,0.82,4,72.84,
Player1_Car,5.82,492.791,3.348,771.391,13.545,6.35,1.00,4,66.56,
Player2_Car,5.82,491.698,3.348,763.958,18.353,6.27,0.80,4,73.21,
Player1_Car,5.84,492.919,3.348,771.145,13.860,6.35,1.00,4,66.83,
Player2_Car,5.84,491.802,3.348,763.603,18.502,6.29,0.78,4,73.67,
Player1_Car,5.86,493.049,3.348,770.893,14.172,6.43,1.00,4,67.12,
Player2_Car,5.86,491.904,3.348,763.244,18.637,6.22,0.76,4,74.04,
Player1_Car,5.88,493.178,3.348,770.634,14.480,6.46,1.00,4,67.41,
Player2_Car,5.88,492.003,3.348,762.882,18.759,6.07,0.75,4,74.41,
Player1_Car,5.90,493.308,3.348,770.368,14.784,6.35,1.00,4,67.66,
Player2_Car,5.90,492.100,3.348,762.517,18.871,6.06,0.74,4,74.87,
Player1_Car,5.92,493.438,3.348,770.096,15.084,6.34,1.00,4,67.96,
Player2_Car,5.92,492.193,3.348,762.149,18.973,6.01,0.72,4,75.25,
Player1_Car,5.94,493.568,3.348,769.817,15.381,6.39,1.00,4,68.27,
Player2_Car,5.94,492.283,3.348,761.779,19.065,5.86,0.71,4,75.63,
Player1_Car,5.96,493.698,3.348,769.532,15.675,6.38,1.00,4,68.58,
Player2_Car,5.96,492.369,3.348,761.406,19.149,5.79,0.70,4,76.09,
Player1_Car,5.98,493.827,3.348,769.240,15.965,6.31,1.00,4,68.86,
Player2_Car,5.98,492.453,3.348,761.031,19.225,5.68,0.69,4,76.48,
Player1_Car,6.00,493.956,3.348,768.942,16.251,6.29,1.00,4,69.19,
Player2_Car,6.00,492.534,3.348,760.653,19.295,5.53,0.68,4,76.86,
Player1_Car,6.02,494.085,3.348,768.637,16.534,6.29,1.00,4,69.52,
Player2_Car,6.02,492.611,3.348,760.274,19.358,5.45,0.68,4,77.32,
Player1_Car,6.04,494.212,3.348,768.326,16.814,6.25,0.98,4,69.82,
Player2_Car,6.04,492.686,3.348,759.893,19.416,5.33,0.67,4,77.71,
Player1_Car,6.06,494.339,3.348,768.008,17.091,6.24,0.95,4,70.16,
Player2_Car,6.06,492.757,3.348,759.510,19.468,5.17,0.66,4,78.10,
Player1_Car,6.08,494.465,3.348,767.685,17.353,6.21,0.92,4,70.50,
Player2_Car,6.08,492.826,3.348,759.126,19.516,5.07,0.66,4,78.56,
Player1_Car,6.10,494.589,3.348,767.356,17.593,6.20,0.89,4,70.86,
Player2_Car,6.10,492.892,3.348,758.740,19.559,4.94,0.65,4,78.95,
Player1_Car,6.12,494.711,3.348,767.021,17.811,6.13,0.86,4,71.17,
Player2_Car,6.12,492.955,3.348,758.353,19.599,4.79,0.65,4,79.35,
Player1_Car,6.14,494.832,3.348,766.682,18.008,6.07,0.84,4,71.53,
Player2_Car,6.14,493.015,3.348,757.965,19.635,4.65,0.64,4,79.74,
Player1_Car,6.16,494.950,3.348,766.338,18.188,6.05,0.82,4,71.90,
Player2_Car,6.16,493.072,3.348,757.576,19.668,4.55,0.64,4,80.20,
Player1_Car,6.18,495.067,3.348,765.990,18.352,5.99,0.80,4,72.23,
Player2_Car,6.18,493.127,3.348,757.186,19.698,4.43,0.64,4,80.59,
Player1_Car,6.20,495.181,3.348,765.638,18.501,5.94,0.78,4,72.60,
Player2_Car,6.20,493.180,3.348,756.795,19.726,4.28,0.63,4,80.99,
Player1_Car,6.22,495.292,3.348,765.282,18.636,5.89,0.76,4,72.97,
Player2_Car,6.22,493.230,3.348,756.403,19.750,4.17,0.63,4,81.45,
Player1_Car,6.24,495.401,3.348,764.923,18.759,5.86,0.75,4,73.34,
Player2_Car,6.24,493.278,3.348,756.011,19.773,4.05,0.63,4,81.84,
Player1_Car,6.26,495.508,3.348,764.561,18.870,5.78,0.74,4,73.68,
Player2_Car,6.26,493.323,3.348,755.617,19.794,3.93,0.62,4,82.24,
Player1_Car,6.28,495.611,3.348,764.196,18.971,5.71,0.72,4,74.06,
Player2_Car,6.28,493.366,3.348,755.224,19.813,3.82,0.62,4,82.69,
Player1_Car,6.30,495.712,3.348,763.828,19.064,5.66,0.71,4,74.44,
Player2_Car,6.30,493.407,3.348,754.829,19.830,3.71,0.62,4,83.09,
Player1_Car,6.32,495.810,3.348,763.458,19.148,5.58,0.70,4,74.79,
Player2_Car,6.32,493.446,3.348,754.434,19.846,3.59,0.62,4,83.49,
Player1_Car,6.34,495.905,3.348,763.085,19.224,5.52,0.69,4,75.17,
Player2_Car,6.34,493.484,3.348,754.039,19.860,3.47,0.62,4,83.88,
Player1_Car,6.36,495.997,3.348,762.711,19.294,5.46,0.68,4,75.56,
Player2_Car,6.36,493.519,3.348,753.643,19.873,3.39,0.62,4,84.34,
Player1_Car,6.38,496.087,3.348,762.334,19.357,5.34,0.68,4,75.91,
Player2_Car,6.38,493.552,3.348,753.247,19.885,3.29,0.61,4,84.74,
Player1_Car,6.40,496.173,3.348,761.956,19.414,5.24,0.67,4,76.30,
Player2_Car,6.40,493.584,3.348,752.850,19.896,3.18,0.61,4,85.13,
Player1_Car,6.42,496.257,3.348,761.575,19.466,5.17,0.66,4,76.69,
Player2_Car,6.42,493.614,3.348,752.453,19.906,3.09,0.61,4,85.58,
Player1_Car,6.44,496.338,3.348,761.193,19.514,5.09,0.66,4,77.08,
Player2_Car,6.44,493.643,3.348,752.056,19.915,3.00,0.61,4,85.98,
Player1_Car,6.46,496.416,3.348,760.810,19.558,4.96,0.65,4,77.43,
Player2_Car,6.46,493.670,3.348,751.658,19.924,2.91,0.61,4,86.38,
Player1_Car,6.48,496.491,3.348,760.426,19.597,4.85,0.65,4,77.83,
Player2_Car,6.48,493.695,3.348,751.260,19.931,2.82,0.61,4,86.78,
Player1_Car,6.50,496.563,3.348,760.040,19.633,4.77,0.64,4,78.22,
Player2_Car,6.50,493.719,3.348,750.862,19.938,2.74,0.61,4,87.22,
Player1_Car,6.52,496.633,3.348,759.653,19.666,4.66,0.64,4,78.58,
Player2_Car,6.52,493.742,3.348,750.464,19.945,2.66,0.61,4,87.61,
Player1_Car,6.54,496.701,3.348,759.264,19.696,4.55,0.64,4,78.97,
Player2_Car,6.54,493.764,3.348,750.066,19.950,2.58,0.61,4,88.01,
Player1_Car,6.56,496.765,3.348,758.875,19.723,4.46,0.63,4,79.36,
Player2_Car,6.56,493.784,3.348,749.667,19.956,2.51,0.61,4,88.41,
Player1_Car,6.58,496.828,3.348,758.485,19.748,4.37,0.63,4,79.76,
Player2_Car,6.58,493.804,3.348,749.268,19.961,2.44,0.60,4,88.81,
Player1_Car,6.60,496.887,3.348,758.094,19.770,4.25,0.63,4,80.12,
Player2_Car,6.60,493.822,3.348,748.869,19.965,2.37,0.60,4,89.21,
Player1_Car,6.62,496.945,3.348,757.703,19.791,4.15,0.63,4,80.52,
Player2_Car,6.62,493.839,3.348,748.470,19.969,2.31,0.60,4,89.61,
Player1_Car,6.64,497.000,3.348,757.310,19.810,4.06,0.62,4,80.91,
Player2_Car,6.64,493.855,3.348,748.071,19.973,2.25,0.60,4,90.01,
Player1_Car,6.66,497.053,3.348,756.917,19.827,3.95,0.62,4,81.27,
Player2_Car,6.66,493.871,3.348,747.672,19.977,2.19,0.60,4,90.41,
Player1_Car,6.68,497.103,3.348,756.524,19.843,3.86,0.62,4,81.67,
Player2_Car,6.68,493.885,3.348,747.273,19.980,2.13,0.60,4,90.81,
Player1_Car,6.70,497.152,3.348,756.130,19.857,3.77,0.62,4,82.07,
Player2_Car,6.70,493.899,3.348,746.873,19.983,2.08,0.60,4,91.21,
Player1_Car,6.72,497.199,3.348,755.735,19.870,3.68,0.62,4,82.46,
Player2_Car,6.72,493.911,3.348,746.474,19.985,2.03,0.60,4,91.61,
Player1_Car,6.74,497.243,3.348,755.340,19.882,3.58,0.61,4,82.83,
Player2_Car,6.74,493.923,3.348,746.074,19.988,1.98,0.60,4,92.01,
Player1_Car,6.76,497.286,3.348,754.944,19.893,3.49,0.61,4,83.23,
Player2_Car,6.76,493.935,3.348,745.675,19.990,1.93,0.60,4,92.41,
Player1_Car,6.78,497.327,3.348,754.548,19.903,3.41,0.61,4,83.62,
Player2_Car,6.78,493.945,3.348,745.275,19.992,1.89,0.60,4,92.81,
Player1_Car,6.80,497.366,3.348,754.152,19.912,3.32,0.61,4,83.99,
Player2_Car,6.80,493.955,3.348,744.875,19.994,1.84,0.60,4,93.21,
Player1_Car,6.82,497.403,3.348,753.755,19.920,3.24,0.61,4,84.38,
Player2_Car,6.82,493.965,3.348,744.475,19.996,1.80,0.60,4,93.61,
Player1_Car,6.84,497.438,3.348,753.358,19.928,3.16,0.61,4,84.78,
Player2_Car,6.84,493.974,3.348,744.075,19.998,1.76,0.60,4,94.01,
Player1_Car,6.86,497.472,3.348,752.961,19.935,3.08,0.61,4,85.18,
Player2_Car,6.86,493.982,3.348,743.676,19.999,1.73,0.60,4,94.41,
Player1_Car,6.88,497.505,3.348,752.564,19.941,3.00,0.61,4,85.54,
Player2_Car,6.88,493.990,3.348,743.276,20.001,1.69,0.60,4,94.81,
Player1_Car,6.90,497.536,3.348,752.166,19.947,2.92,0.61,4,85.94,
Player2_Car,6.90,493.997,3.348,742.876,20.002,1.66,0.60,4,95.21,
Player1_Car,6.92,497.565,3.348,751.768,19.953,2.86,0.61,4,86.34,
Player2_Car,6.92,494.004,3.348,742.476,20.003,1.63,0.60,4,95.61,
Player1_Car,6.94,497.594,3.348,751.370,19.958,2.79,0.61,4,86.74,
Player2_Car,6.94,494.010,3.348,742.076,20.004,1.60,0.60,4,96.01,
Player1_Car,6.96,497.620,3.348,750.972,19.962,2.72,0.60,4,87.11,
Player2_Car,6.96,494.016,3.348,741.676,20.005,1.57,0.60,4,96.41,
Player1_Car,6.98,497.646,3.348,750.573,19.966,2.65,0.60,4,87.51,
Player2_Car,6.98,494.022,3.348,741.276,20.006,1.54,0.60,4,96.81,
Player1_Car,7.00,497.670,3.348,750.174,19.970,2.59,0.60,4,87.91,
Player2_Car,7.00,494.027,3.348,740.875,20.007,1.52,0.60,4,97.21,
Player1_Car,7.02,497.693,3.348,749.776,19.974,2.53,0.60,4,88.31,
Player2_Car,7.02,494.032,3.348,740.475,20.008,1.49,0.60,4,97.61,
Player1_Car,7.04,497.715,3.348,749.377,19.977,2.47,0.60,4,88.70,
Player2_Car,7.04,494.037,3.348,740.075,20.008,1.47,0.60,4,98.01,
Player1_Car,7.06,497.736,3.348,748.978,19.980,2.41,0.60,4,89.10,
Player2_Car,7.06,494.041,3.348,739.675,20.009,1.45,0.60,4,98.41,
Player1_Car,7.08,497.756,3.348,748.578,19.982,2.35,0.60,4,89.50,
Player2_Car,7.08,494.045,3.348,739.275,20.010,1.43,0.60,4,98.81,
Player1_Car,7.10,497.775,3.348,748.179,19.985,2.30,0.60,4,89.90,
Player2_Car,7.10,494.049,3.348,738.875,20.010,1.41,0.60,4,99.21,
Player1_Car,7.12,497.793,3.348,747.780,19.987,2.25,0.60,4,90.30,
Player2_Car,7.12,494.052,3.348,738.474,20.011,1.39,0.60,4,99.61,
Player1_Car,7.14,497.810,3.348,747.380,19.989,2.20,0.60,4,90.70,
Player2_Car,7.14,494.055,3.348,738.074,20.011,1.37,0.60,4,100.01,
Player1_Car,7.16,497.826,3.348,746.981,19.991,2.15,0.60,4,91.10,
Player2_Car,7.16,494.058,3.348,737.674,20.012,1.35,0.60,4,100.41,
Player1_Car,7.18,497.842,3.348,746.581,19.993,2.10,0.60,4,91.50,
Player2_Car,7.18,494.061,3.348,737.274,20.012,1.34,0.60,4,100.81,
Player1_Car,7.20,497.856,3.348,746.182,19.995,2.05,0.60,4,91.90,
Player2_Car,7.20,494.064,3.348,736.874,20.013,1.32,0.60,4,101.21,
Player1_Car,7.22,497.870,3.348,745.782,19.996,2.01,0.60,4,92.30,
Player2_Car,7.22,494.066,3.348,736.473,20.013,1.31,0.60,4,101.61,
Player1_Car,7.24,497.883,3.348,745.382,19.998,1.97,0.60,4,92.70,
Player2_Car,7.24,494.068,3.348,736.073,20.014,1.29,0.60,4,102.01,
Player1_Car,7.26,497.896,3.348,744.983,19.999,1.93,0.60,4,93.10,
Player2_Car,7.26,494.070,3.348,735.673,20.014,1.28,0.60,4,102.41,
Player1_Car,7.28,497.907,3.348,744.583,20.000,1.89,0.60,4,93.50,
Player2_Car,7.28,494.072,3.348,735.272,20.014,1.27,0.60,4,102.81,
Player1_Car,7.30,497.918,3.348,744.183,20.002,1.85,0.60,4,93.90,
Player2_Car,7.30,494.074,3.348,734.872,20.014,1.26,0.60,4,103.21,
Player1_Car,7.32,497.929,3.348,743.783,20.003,1.82,0.60,4,94.30,
Player2_Car,7.32,494.076,3.348,734.472,20.015,1.25,0.60,4,103.61,
Player1_Car,7.34,497.939,3.348,743.383,20.004,1.78,0.60,4,94.70,
Player2_Car,7.34,494.077,3.348,734.072,20.015,1.24,0.60,4,104.01,
Player1_Car,7.36,497.948,3.348,742.983,20.005,1.75,0.60,4,95.10,
Player2_Car,7.36,494.078,3.348,733.671,20.015,1.23,0.60,4,104.41,
Player1_Car,7.38,497.957,3.348,742.583,20.005,1.72,0.60,4,95.50,
Player2_Car,7.38,494.080,3.348,733.271,20.015,1.22,0.60,4,104.81,
Player1_Car,7.40,497.965,3.348,742.183,20.006,1.69,0.60,4,95.90,
Player2_Car,7.40,494.081,3.348,732.871,20.016,1.21,0.60,4,105.21,
Player1_Car,7.42,497.973,3.348,741.783,20.007,1.66,0.60,4,96.30,
Player2_Car,7.42,494.082,3.348,732.470,20.016,1.20,0.60,4,105.61,
Player1_Car,7.44,497.981,3.348,741.383,20.008,1.63,0.60,4,96.70,
Player2_Car,7.44,494.083,3.348,732.070,20.016,1.19,0.60,4,106.01,
Player1_Car,7.46,497.988,3.348,740.983,20.008,1.60,0.60,4,97.10,
Player2_Car,7.46,494.084,3.348,731.670,20.016,1.19,0.60,4,106.41,
Player1_Car,7.48,497.994,3.348,740.583,20.009,1.58,0.60,4,97.50,
Player2_Car,7.48,494.085,3.348,731.269,20.016,1.18,0.60,4,106.81,
Player1_Car,7.50,498.001,3.348,740.182,20.009,1.55,0.60,4,97.90,
Player2_Car,7.50,494.085,3.348,730.869,20.016,1.17,0.60,4,107.21,
Player1_Car,7.52,498.007,3.348,739.782,20.010,1.53,0.60,4,98.30,
Player2_Car,7.52,494.086,3.348,730.469,20.017,1.17,0.60,4,107.61,
Player1_Car,7.54,498.012,3.348,739.382,20.010,1.51,0.60,4,98.70,
Player2_Car,7.54,494.087,3.348,730.068,20.017,1.16,0.60,4,108.01,
Player1_Car,7.56,498.017,3.348,738.982,20.011,1.49,0.60,4,99.10,
Player2_Car,7.56,494.087,3.348,729.668,20.017,1.16,0.60,4,108.41,
Player1_Car,7.58,498.022,3.348,738.582,20.011,1.47,0.60,4,99.50,
Player2_Car,7.58,494.088,3.348,729.268,20.017,1.15,0.60,4,108.81,
Player1_Car,7.60,498.027,3.348,738.181,20.012,1.45,0.60,4,99.90,
Player2_Car,7.60,494.088,3.348,728.867,20.017,1.15,0.60,4,109.21,
Player1_Car,7.62,498.031,3.348,737.781,20.012,1.43,0.60,4,100.30,
Player2_Car,7.62,494.088,3.348,728.467,20.017,1.14,0.60,4,109.61,
Player1_Car,7.64,498.035,3.348,737.381,20.013,1.41,0.60,4,100.70,
Player2_Car,7.64,494.089,3.348,728.067,20.017,1.14,0.60,4,110.01,
Player1_Car,7.66,498.039,3.348,736.981,20.013,1.39,0.60,4,101.10,
Player2_Car,7.66,494.089,3.348,727.666,20.017,1.14,0.60,4,110.41,
Player1_Car,7.68,498.043,3.348,736.581,20.013,1.38,0.60,4,101.50,
Player2_Car,7.68,494.089,3.348,727.266,20.017,1.13,0.60,4,110.81,
Player1_Car,7.70,498.046,3.348,736.180,20.013,1.36,0.60,4,101.90,
Player2_Car,7.70,494.090,3.348,726.866,20.017,1.13,0.60,4,111.22,
Player1_Car,7.72,498.049,3.348,735.780,20.014,1.35,0.60,4,102.30,
Player2_Car,7.72,494.090,3.348,726.465,20.017,1.13,0.60,4,111.62,
Player1_Car,7.74,498.052,3.348,735.380,20.014,1.34,0.60,4,102.70,
Player2_Car,7.74,494.090,3.348,726.065,20.018,1.12,0.60,4,112.02,
Player1_Car,7.76,498.055,3.348,734.979,20.014,1.32,0.60,4,103.10,
Player2_Car,7.76,494.090,3.348,725.665,20.018,1.12,0.60,4,112.42,
Player1_Car,7.78,498.058,3.348,734.579,20.015,1.31,0.60,4,103.50,
Player2_Car,7.78,494.090,3.348,725.264,20.018,1.12,0.60,4,112.82,
Player1_Car,7.80,498.060,3.348,734.179,20.015,1.30,0.60,4,103.90,
Player2_Car,7.80,494.091,3.348,724.864,20.018,1.12,0.60,4,113.22,
Player1_Car,7.82,498.062,3.348,733.779,20.015,1.29,0.60,4,104.30,
Player2_Car,7.82,494.091,3.348,724.464,20.018,1.11,0.60,4,113.62,
Player1_Car,7.84,498.065,3.348,733.378,20.015,1.28,0.60,4,104.70,
Player2_Car,7.84,494.091,3.348,724.063,20.018,1.11,0.60,4,114.02,
Player1_Car,7.86,498.066,3.348,732.978,20.015,1.27,0.60,4,105.10,
Player2_Car,7.86,494.091,3.348,723.663,20.018,1.11,0.60,4,114.42,
Player1_Car,7.88,498.068,3.348,732.578,20.015,1.26,0.60,4,105.50,
Player2_Car,7.88,494.091,3.348,723.263,20.018,1.11,0.60,4,114.82,
Player1_Car,7.90,498.070,3.348,732.177,20.016,1.25,0.60,4,105.90,
Player2_Car,7.90,494.091,3.348,722.862,20.018,1.11,0.60,4,115.22,
Player1_Car,7.92,498.072,3.348,731.777,20.016,1.24,0.60,4,106.30,
Player2_Car,7.92,494.091,3.348,722.462,20.018,1.10,0.60,4,115.62,
Player1_Car,7.94,498.073,3.348,731.377,20.016,1.23,0.60,4,106.70,
Player2_Car,7.94,494.091,3.348,722.062,20.018,1.10,0.60,4,116.02,
Player1_Car,7.96,498.075,3.348,730.976,20.016,1.22,0.60,4,107.10,
Player2_Car,7.96,494.091,3.348,721.661,20.018,1.10,0.60,4,116.42,
Player1_Car,7.98,498.076,3.348,730.576,20.017,1.22,0.60,4,107.50,
Player2_Car,7.98,494.091,3.348,721.261,20.018,1.10,0.60,4,116.82,
Player1_Car,8.00,498.077,3.348,730.176,20.017,1.21,0.60,4,107.91,
Player2_Car,8.00,494.091,3.348,720.861,20.018,1.09,0.60,4,117.22,
Player1_Car,8.02,498.078,3.348,729.776,20.017,1.20,0.60,4,108.31,
Player2_Car,8.02,494.091,3.348,720.460,20.018,1.09,0.60,4,117.62,
Player1_Car,8.04,498.079,3.348,729.375,20.017,1.20,0.60,4,108.71,
Player2_Car,8.04,494.091,3.348,720.060,20.018,1.09,0.60,4,118.02,
Player1_Car,8.06,498.080,3.348,728.975,20.017,1.19,0.60,4,109.11,
Player2_Car,8.06,494.091,3.348,719.660,20.018,1.08,0.60,4,118.42,
Player1_Car,8.08,498.081,3.348,728.575,20.017,1.19,0.60,4,109.51,
Player2_Car,8.08,494.091,3.348,719.260,20.018,1.08,0.60,4,118.82,
Player1_Car,8.10,498.082,3.348,728.174,20.017,1.18,0.60,4,109.91,
Player2_Car,8.10,494.091,3.348,718.859,20.018,1.07,0.60,4,119.22,
Player1_Car,8.12,498.083,3.348,727.774,20.018,1.18,0.60,4,110.31,
Player2_Car,8.12,494.091,3.348,718.459,20.018,1.07,0.60,4,119.62,
Player1_Car,8.14,498.083,3.348,727.374,20.018,1.17,0.60,4,110.71,
Player2_Car,8.14,494.091,3.348,718.058,20.018,1.06,0.60,4,120.02,
Player1_Car,8.16,498.084,3.348,726.973,20.017,1.17,0.60,4,111.11,
Player2_Car,8.16,494.090,3.348,717.658,20.019,1.06,0.60,4,120.42,
Player1_Car,8.18,498.085,3.348,726.573,20.017,1.16,0.60,4,111.51,
Player2_Car,8.18,494.090,3.348,717.258,20.019,1.05,0.60,4,120.82,
Player1_Car,8.20,498.085,3.348,726.173,20.017,1.16,0.60,4,111.91,
Player2_Car,8.20,494.090,3.348,716.857,20.019,1.05,0.60,4,121.22,
Player1_Car,8.22,498.086,3.348,725.772,20.018,1.16,0.60,4,112.31,
Player2_Car,8.22,494.090,3.348,716.457,20.019,1.05,0.60,4,121.62,
Player1_Car,8.24,498.086,3.348,725.372,20.018,1.15,0.60,4,112.71,
Player2_Car,8.24,494.090,3.348,716.056,20.019,1.04,0.60,4,122.02,
Player1_Car,8.26,498.087,3.348,724.972,20.018,1.15,0.60,4,113.11,
Player2_Car,8.26,494.090,3.348,715.656,20.019,1.04,0.60,4,122.43,
Player1_Car,8.28,498.087,3.348,724.571,20.018,1.15,0.60,4,113.51,
Player2_Car,8.28,494.090,3.348,715.256,20.019,1.03,0.60,4,122.83,
Player1_Car,8.30,498.087,3.348,724.171,20.018,1.14,0.60,4,113.91,
Player2_Car,8.30,494.089,3.348,714.855,20.019,1.03,0.60,4,123.23,
Player1_Car,8.32,498.088,3.348,723.771,20.018,1.14,0.60,4,114.31,
Player2_Car,8.32,494.089,3.348,714.455,20.019,1.02,0.60,4,123.63,
Player1_Car,8.34,498.088,3.348,723.370,20.018,1.14,0.60,4,114.71,
Player2_Car,8.34,494.089,3.348,714.054,20.019,1.02,0.60,4,124.03,
Player1_Car,8.36,498.088,3.348,722.970,20.018,1.14,0.60,4,115.11,
Player2_Car,8.36,494.089,3.348,713.654,20.019,1.01,0.60,4,124.43,
Player1_Car,8.38,498.089,3.348,722.570,20.018,1.13,0.60,4,115.51,
Player2_Car,8.38,494.089,3.348,713.254,20.019,1.01,0.60,4,124.83,
Player1_Car,8.40,498.089,3.348,722.169,20.018,1.13,0.60,4,115.91,
Player2_Car,8.40,494.089,3.348,712.853,20.019,1.00,0.60,4,125.23,
Player1_Car,8.42,498.089,3.348,721.769,20.018,1.13,0.60,4,116.31,
Player2_Car,8.42,494.088,3.348,712.453,20.019,1.00,0.60,4,125.63,
Player1_Car,8.44,498.089,3.348,721.369,20.018,1.12,0.60,4,116.71,
Player2_Car,8.44,494.088,3.348,712.053,20.019,0.99,0.60,4,126.03,
Player1_Car,8.46,498.089,3.348,720.968,20.018,1.12,0.60,4,117.11,
Player2_Car,8.46,494.088,3.348,711.652,20.019,0.99,0.60,4,126.43,
Player1_Car,8.48,498.090,3.348,720.568,20.018,1.12,0.60,4,117.51,
Player2_Car,8.48,494.088,3.348,711.252,20.019,0.98,0.60,4,126.83,
Player1_Car,8.50,498.090,3.348,720.168,20.018,1.12,0.60,4,117.91,
Player2_Car,8.50,494.088,3.348,710.851,20.019,0.98,0.60,4,127.23,
Player1_Car,8.52,498.090,3.348,719.767,20.018,1.11,0.60,4,118.31,
Player2_Car,8.52,494.087,3.348,710.451,20.020,0.97,0.60,4,127.63,
Player1_Car,8.54,498.090,3.348,719.367,20.018,1.11,0.60,4,118.71,
Player2_Car,8.54,494.087,3.348,710.051,20.020,0.97,0.60,4,128.03,
Player1_Car,8.56,498.090,3.348,718.967,20.018,1.11,0.60,4,119.11,
Player2_Car,8.56,494.087,3.348,709.650,20.020,0.96,0.60,4,128.43,
Player1_Car,8.58,498.090,3.348,718.566,20.018,1.11,0.60,4,119.51,
Player2_Car,8.58,494.087,3.348,709.250,20.020,0.96,0.60,4,128.83,
Player1_Car,8.60,498.090,3.348,718.166,20.018,1.10,0.60,4,119.91,
Player2_Car,8.60,494.086,3.348,708.849,20.020,0.95,0.60,4,129.23,
Player1_Car,8.62,498.090,3.348,717.766,20.018,1.10,0.60,4,120.32,
Player2_Car,8.62,494.086,3.348,708.449,20.020,0.95,0.60,4,129.63,
Player1_Car,8.64,498.090,3.348,717.365,20.018,1.09,0.60,4,120.72,
Player2_Car,8.64,494.086,3.348,708.049,20.020,0.94,0.60,4,130.03,
Player1_Car,8.66,498.090,3.348,716.965,20.018,1.09,0.60,4,121.12,
Player2_Car,8.66,494.085,3.348,707.648,20.020,0.94,0.60,4,130.43,
Player1_Car,8.68,498.090,3.348,716.565,20.018,1.08,0.60,4,121.52,
Player2_Car,8.68,494.085,3.348,707.248,20.020,0.93,0.60,4,130.83,
Player1_Car,8.70,498.090,3.348,716.164,20.018,1.08,0.60,4,121.92,
Player2_Car,8.70,494.085,3.348,706.847,20.020,0.93,0.60,4,131.23,
Player1_Car,8.72,498.090,3.348,715.764,20.018,1.07,0.60,4,122.32,
Player2_Car,8.72,494.085,3.348,706.447,20.020,0.92,0.60,4,131.63,
Player1_Car,8.74,498.090,3.348,715.364,20.018,1.07,0.60,4,122.72,
Player2_Car,8.74,494.084,3.348,706.047,20.020,0.92,0.60,4,132.03,
Player1_Car,8.76,498.090,3.348,714.963,20.018,1.06,0.60,4,123.12,
Player2_Car,8.76,494.084,3.348,705.646,20.020,0.91,0.60,4,132.43,
Player1_Car,8.78,498.090,3.348,714.563,20.018,1.06,0.60,4,123.52,
Player2_Car,8.78,494.084,3.348,705.246,20.020,0.91,0.60,4,132.84,
Player1_Car,8.80,498.090,3.348,714.163,20.018,1.05,0.60,4,123.92,
Player2_Car,8.80,494.083,3.348,704.846,20.020,0.90,0.60,4,133.24,
Player1_Car,8.82,498.090,3.348,713.762,20.018,1.05,0.60,4,124.32,
Player2_Car,8.82,494.083,3.348,704.445,20.021,0.90,0.60,4,133.64,
Player1_Car,8.84,498.090,3.348,713.362,20.018,1.04,0.60,4,124.72,
Player2_Car,8.84,494.083,3.348,704.045,20.021,0.89,0.60,4,134.04,
Player1_Car,8.86,498.090,3.348,712.961,20.019,1.03,0.60,4,125.12,
Player2_Car,8.86,494.083,3.348,703.644,20.021,0.89,0.60,4,134.44,
Player1_Car,8.88,498.090,3.348,712.561,20.019,1.03,0.60,4,125.52,
Player2_Car,8.88,494.082,3.348,703.244,20.021,0.88,0.60,4,134.84,
Player1_Car,8.90,498.089,3.348,712.161,20.019,1.02,0.60,4,125.92,
Player2_Car,8.90,494.082,3.348,702.844,20.021,0.87,0.60,4,135.24,
Player1_Car,8.92,498.089,3.348,711.760,20.019,1.02,0.60,4,126.32,
Player2_Car,8.92,494.082,3.348,702.443,20.021,0.87,0.60,4,135.64,
Player1_Car,8.94,498.089,3.348,711.360,20.019,1.01,0.60,4,126.72,
Player2_Car,8.94,494.081,3.348,702.043,20.021,0.86,0.60,4,136.04,
Player1_Car,8.96,498.089,3.348,710.960,20.019,1.01,0.60,4,127.12,
Player2_Car,8.96,494.081,3.348,701.642,20.021,0.86,0.60,4,136.44,
Player1_Car,8.98,498.089,3.348,710.559,20.019,1.00,0.60,4,127.52,
Player2_Car,8.98,494.081,3.348,701.242,20.021,0.85,0.60,4,136.84,
Player1_Car,9.00,498.089,3.348,710.159,20.019,0.99,0.60,4,127.92,
Player2_Car,9.00,494.080,3.348,700.842,20.021,0.85,0.60,4,137.24,
Player1_Car,9.02,498.088,3.348,709.758,20.019,0.99,0.60,4,128.32,
Player2_Car,9.02,494.080,3.348,700.441,20.021,0.84,0.60,4,137.64,
Player1_Car,9.04,498.088,3.348,709.358,20.019,0.98,0.60,4,128.72,
Player2_Car,9.04,494.080,3.348,700.041,20.021,0.84,0.60,4,138.04,
Player1_Car,9.06,498.088,3.348,708.958,20.019,0.97,0.60,4,129.12,
Player2_Car,9.06,494.079,3.348,699.640,20.021,0.83,0.60,4,138.44,
Player1_Car,9.08,498.088,3.348,708.557,20.019,0.97,0.60,4,129.52,
Player2_Car,9.08,494.079,3.348,699.240,20.021,0.83,0.60,4,138.84,
Player1_Car,9.10,498.087,3.348,708.157,20.019,0.96,0.60,4,129.92,
Player2_Car,9.10,494.079,3.348,698.840,20.021,0.82,0.60,4,139.24,
Player1_Car,9.12,498.087,3.348,707.756,20.020,0.96,0.60,4,130.32,
Player2_Car,9.12,494.078,3.348,698.439,20.022,0.82,0.60,4,139.64,
Player1_Car,9.14,498.087,3.348,707.356,20.020,0.95,0.60,4,130.72,
Player2_Car,9.14,494.078,3.348,698.039,20.022,0.81,0.60,4,140.04,
Player1_Car,9.16,498.087,3.348,706.956,20.020,0.94,0.60,4,131.13,
Player2_Car,9.16,494.078,3.348,697.638,20.022,0.81,0.60,4,140.44,
Player1_Car,9.18,498.086,3.348,706.555,20.020,0.94,0.60,4,131.53,
Player2_Car,9.18,494.077,3.348,697.238,20.022,0.80,0.60,4,140.84,
Player1_Car,9.20,498.086,3.348,706.155,20.020,0.93,0.60,4,131.93,
Player2_Car,9.20,494.077,3.348,696.837,20.022,0.80,0.60,4,141.24,
Player1_Car,9.22,498.086,3.348,705.754,20.020,0.92,0.60,4,132.33,
Player2_Car,9.22,494.076,3.348,696.437,20.022,0.79,0.60,4,141.64,
Player1_Car,9.24,498.086,3.348,705.354,20.020,0.92,0.60,4,132.73,
Player2_Car,9.24,494.076,3.348,696.036,20.022,0.79,0.60,4,142.04,
Player1_Car,9.26,498.085,3.348,704.954,20.020,0.91,0.60,4,133.13,
Player2_Car,9.26,494.076,3.348,695.636,20.022,0.78,0.60,4,142.45,
Player1_Car,9.28,498.085,3.348,704.553,20.020,0.91,0.60,4,133.53,
Player2_Car,9.28,494.075,3.348,695.236,20.022,0.78,0.60,4,142.85,
Player1_Car,9.30,498.085,3.348,704.153,20.020,0.90,0.60,4,133.93,
Player2_Car,9.30,494.075,3.348,694.835,20.022,0.77,0.60,4,143.25,
Player1_Car,9.32,498.084,3.348,703.752,20.020,0.89,0.60,4,134.33,
Player2_Car,9.32,494.075,3.348,694.435,20.022,0.77,0.60,4,143.65,
Player1_Car,9.34,498.084,3.348,703.352,20.020,0.89,0.60,4,134.73,
Player2_Car,9.34,494.074,3.348,694.034,20.022,0.76,0.60,4,144.05,
Player1_Car,9.36,498.084,3.348,702.952,20.021,0.88,0.60,4,135.13,
Player2_Car,9.36,494.074,3.348,693.634,20.022,0.76,0.60,4,144.45,
Player1_Car,9.38,498.083,3.348,702.551,20.021,0.87,0.60,4,135.53,
Player2_Car,9.38,494.074,3.348,693.233,20.022,0.75,0.60,4,144.85,
Player1_Car,9.40,498.083,3.348,702.151,20.021,0.87,0.60,4,135.93,
Player2_Car,9.40,494.073,3.348,692.833,20.022,0.75,0.60,4,145.25,
Player1_Car,9.42,498.083,3.348,701.751,20.021,0.86,0.60,4,136.33,
Player2_Car,9.42,494.073,3.348,692.432,20.022,0.74,0.60,4,145.65,
Player1_Car,9.44,498.082,3.348,701.350,20.021,0.85,0.60,4,136.73,
Player2_Car,9.44,494.072,3.348,692.032,20.023,0.74,0.60,4,146.05,
Player1_Car,9.46,498.082,3.348,700.950,20.021,0.85,0.60,4,137.13,
Player2_Car,9.46,494.072,3.348,691.632,20.023,0.73,0.60,4,146.45,
Player1_Car,9.48,498.081,3.348,700.549,20.021,0.84,0.60,4,137.53,
Player2_Car,9.48,494.072,3.348,691.231,20.023,0.73,0.60,4,146.85,
Player1_Car,9.50,498.081,3.348,700.149,20.021,0.83,0.60,4,137.93,
Player2_Car,9.50,494.071,3.348,690.831,20.023,0.72,0.60,4,147.25,
Player1_Car,9.52,498.081,3.348,699.749,20.021,0.83,0.60,4,138.33,
Player2_Car,9.52,494.071,3.348,690.430,20.023,0.72,0.60,4,147.65,
Player1_Car,9.54,498.080,3.348,699.348,20.021,0.82,0.60,4,138.73,
Player2_Car,9.54,494.071,3.348,690.030,20.023,0.71,0.60,4,148.05,
Player1_Car,9.56,498.080,3.348,698.948,20.021,0.81,0.60,4,139.13,
Player2_Car,9.56,494.070,3.348,689.629,20.023,0.71,0.60,4,148.45,
Player1_Car,9.58,498.080,3.348,698.547,20.021,0.81,0.60,4,139.53,
Player2_Car,9.58,494.070,3.348,689.229,20.023,0.70,0.60,4,148.85,
Player1_Car,9.60,498.079,3.348,698.147,20.022,0.80,0.60,4,139.93,
Player2_Car,9.60,494.069,3.348,688.828,20.023,0.70,0.60,4,149.25,
Player1_Car,9.62,498.079,3.348,697.746,20.022,0.79,0.60,4,140.33,
Player2_Car,9.62,494.069,3.348,688.428,20.023,0.69,0.60,4,149.65,
Player1_Car,9.64,498.078,3.348,697.346,20.022,0.79,0.60,4,140.73,
Player2_Car,9.64,494.069,3.348,688.027,20.023,0.69,0.60,4,150.05,
Player1_Car,9.66,498.078,3.348,696.946,20.022,0.78,0.60,4,141.14,
Player2_Car,9.66,494.068,3.348,687.627,20.023,0.68,0.60,4,150.45,
Player1_Car,9.68,498.078,3.348,696.545,20.022,0.77,0.60,4,141.54,
Player2_Car,9.68,494.068,3.348,687.227,20.023,0.68,0.60,4,150.85,
Player1_Car,9.70,498.077,3.348,696.145,20.022,0.77,0.60,4,141.94,
Player2_Car,9.70,494.067,3.348,686.826,20.023,0.67,0.60,4,151.26,
Player1_Car,9.72,498.077,3.348,695.744,20.022,0.76,0.60,4,142.34,
Player2_Car,9.72,494.067,3.348,686.426,20.023,0.67,0.60,4,151.66,
Player1_Car,9.74,498.076,3.348,695.344,20.022,0.75,0.60,4,142.74,
Player2_Car,9.74,494.067,3.348,686.025,20.023,0.66,0.60,4,152.06,
Player1_Car,9.76,498.076,3.348,694.943,20.022,0.75,0.60,4,143.14,
Player2_Car,9.76,494.066,3.348,685.625,20.023,0.66,0.60,4,152.46,
Player1_Car,9.78,498.075,3.348,694.543,20.022,0.74,0.60,4,143.54,
Player2_Car,9.78,494.066,3.348,685.224,20.023,0.66,0.60,4,152.86,
Player1_Car,9.80,498.075,3.348,694.142,20.022,0.73,0.60,4,143.94,
Player2_Car,9.80,494.065,3.348,684.824,20.023,0.65,0.60,4,153.26,
Player1_Car,9.82,498.075,3.348,693.742,20.022,0.73,0.60,4,144.34,
Player2_Car,9.82,494.065,3.348,684.423,20.024,0.65,0.60,4,153.66,
Player1_Car,9.84,498.074,3.348,693.341,20.022,0.72,0.60,4,144.74,
Player2_Car,9.84,494.065,3.348,684.023,20.024,0.64,0.60,4,154.06,
Player1_Car,9.86,498.074,3.348,692.941,20.023,0.71,0.60,4,145.14,
Player2_Car,9.86,494.064,3.348,683.622,20.024,0.64,0.60,4,154.46,
Player1_Car,9.88,498.073,3.348,692.541,20.023,0.71,0.60,4,145.54,
Player2_Car,9.88,494.064,3.348,683.222,20.024,0.63,0.60,4,154.86,
Player1_Car,9.90,498.073,3.348,692.140,20.023,0.70,0.60,4,145.94,
Player2_Car,9.90,494.063,3.348,682.822,20.024,0.63,0.60,4,155.26,
Player1_Car,9.92,498.072,3.348,691.740,20.023,0.69,0.60,4,146.34,
Player2_Car,9.92,494.063,3.348,682.421,20.024,0.62,0.60,4,155.66,
Player1_Car,9.94,498.072,3.348,691.339,20.023,0.69,0.60,4,146.74,
Player2_Car,9.94,494.063,3.348,682.021,20.024,0.62,0.60,4,156.06,
Player1_Car,9.96,498.071,3.348,690.939,20.023,0.68,0.60,4,147.14,
Player2_Car,9.96,494.062,3.348,681.620,20.024,0.61,0.60,4,156.46,
Player1_Car,9.98,498.071,3.348,690.538,20.023,0.67,0.60,4,147.54,
Player2_Car,9.98,494.062,3.348,681.220,20.024,0.61,0.60,4,156.86,
Player1_Car,10.00,498.070,3.348,690.138,20.023,0.67,0.60,4,147.94,
Player2_Car,10.00,494.062,3.348,680.819,20.024,0.61,0.60,4,157.26,
Player1_Car,10.02,498.070,3.348,689.737,20.023,0.66,0.60,4,148.34,
Player2_Car,10.02,494.061,3.348,680.419,20.024,0.60,0.60,4,157.66,
Player1_Car,10.04,498.069,3.348,689.337,20.023,0.66,0.60,4,148.74,
Player2_Car,10.04,494.061,3.348,680.018,20.024,0.60,0.60,4,158.06,
Player1_Car,10.06,498.069,3.348,688.937,20.023,0.65,0.60,4,149.14,
Player2_Car,10.06,494.061,3.348,679.618,20.024,0.59,0.60,4,158.46,
Player1_Car,10.08,498.069,3.348,688.536,20.023,0.64,0.60,4,149.54,
Player2_Car,10.08,494.060,3.348,679.218,20.024,0.59,0.60,4,158.86,
Player1_Car,10.10,498.068,3.348,688.136,20.023,0.64,0.60,4,149.95,
Player2_Car,10.10,494.060,3.348,678.817,20.024,0.58,0.60,4,159.26,
Player1_Car,10.12,498.068,3.348,687.735,20.024,0.63,0.60,4,150.35,
Player2_Car,10.12,494.059,3.348,678.417,20.024,0.58,0.60,4,159.66,
Player1_Car,10.14,498.067,3.348,687.335,20.024,0.62,0.60,4,150.75,
Player2_Car,10.14,494.059,3.348,678.016,20.024,0.58,0.60,4,160.06,
Player1_Car,10.16,498.067,3.348,686.934,20.024,0.62,0.60,4,151.15,
Player2_Car,10.16,494.059,3.348,677.616,20.024,0.57,0.60,4,160.47,
Player1_Car,10.18,498.066,3.348,686.534,20.024,0.61,0.60,4,151.55,
Player2_Car,10.18,494.058,3.348,677.215,20.024,0.57,0.60,4,160.87,
Player1_Car,10.20,498.066,3.348,686.133,20.024,0.60,0.60,4,151.95,
Player2_Car,10.20,494.058,3.348,676.815,20.024,0.56,0.60,4,161.27,
Player1_Car,10.22,498.065,3.348,685.733,20.024,0.60,0.60,4,152.35,
Player2_Car,10.22,494.058,3.348,676.414,20.024,0.56,0.60,4,161.67,
Player1_Car,10.24,498.065,3.348,685.332,20.024,0.59,0.60,4,152.75,
Player2_Car,10.24,494.057,3.348,676.014,20.024,0.56,0.60,4,162.07,
Player1_Car,10.26,498.064,3.348,684.932,20.024,0.58,0.60,4,153.15,
Player2_Car,10.26,494.057,3.348,675.613,20.024,0.55,0.60,4,162.47,
Player1_Car,10.28,498.064,3.348,684.532,20.024,0.58,0.60,4,153.55,
Player2_Car,10.28,494.057,3.348,675.213,20.025,0.55,0.60,4,162.87,
Player1_Car,10.30,498.063,3.348,684.131,20.024,0.57,0.60,4,153.95,
Player2_Car,10.30,494.056,3.348,674.812,20.025,0.54,0.60,4,163.27,
Player1_Car,10.32,498.063,3.348,683.731,20.024,0.57,0.60,4,154.35,
Player2_Car,10.32,494.056,3.348,674.412,20.025,0.54,0.60,4,163.67,
Player1_Car,10.34,498.062,3.348,683.330,20.024,0.56,0.60,4,154.75,
Player2_Car,10.34,494.055,3.348,674.011,20.025,0.53,0.60,4,164.07,
Player1_Car,10.36,498.062,3.348,682.930,20.024,0.55,0.60,4,155.15,
Player2_Car,10.36,494.055,3.348,673.611,20.025,0.53,0.60,4,164.47,
Player1_Car,10.38,498.061,3.348,682.529,20.024,0.55,0.60,4,155.55,
Player2_Car,10.38,494.055,3.348,673.210,20.025,0.53,0.60,4,164.87,
Player1_Car,10.40,498.061,3.348,682.129,20.024,0.54,0.60,4,155.95,
Player2_Car,10.40,494.054,3.348,672.810,20.025,0.52,0.60,4,165.27,
Player1_Car,10.42,498.060,3.348,681.728,20.024,0.53,0.60,4,156.35,
Player2_Car,10.42,494.054,3.348,672.409,20.025,0.52,0.60,4,165.67,
Player1_Car,10.44,498.060,3.348,681.328,20.024,0.53,0.60,4,156.75,
Player2_Car,10.44,494.054,3.348,672.009,20.025,0.51,0.60,4,166.07,
Player1_Car,10.46,498.059,3.348,680.927,20.025,0.52,0.60,4,157.15,
Player2_Car,10.46,494.053,3.348,671.608,20.025,0.51,0.60,4,166.47,
Player1_Car,10.48,498.059,3.348,680.527,20.025,0.52,0.60,4,157.55,
Player2_Car,10.48,494.053,3.348,671.208,20.025,0.51,0.60,4,166.87,
Player1_Car,10.50,498.058,3.348,680.126,20.025,0.51,0.60,4,157.95,
Player2_Car,10.50,494.053,3.348,670.807,20.025,0.50,0.60,4,167.27,
Player1_Car,10.52,498.058,3.348,679.726,20.025,0.50,0.60,4,158.36,
Player2_Car,10.52,494.052,3.348,670.407,20.025,0.50,0.60,4,167.67,
Player1_Car,10.54,498.057,3.348,679.325,20.025,0.50,0.60,4,158.76,
Player2_Car,10.54,494.052,3.348,670.006,20.025,0.50,0.60,4,168.07,
Player1_Car,10.56,498.057,3.348,678.925,20.025,0.49,0.60,4,159.16,
Player2_Car,10.56,494.051,3.348,669.606,20.025,0.49,0.60,4,168.48,
Player1_Car,10.58,498.056,3.348,678.524,20.025,0.49,0.60,4,159.56,
Player2_Car,10.58,494.051,3.348,669.205,20.025,0.49,0.60,4,168.88,
Player1_Car,10.60,498.056,3.348,678.124,20.025,0.48,0.60,4,159.96,
Player2_Car,10.60,494.051,3.348,668.805,20.025,0.48,0.60,4,169.28,
Player1_Car,10.62,498.055,3.348,677.723,20.025,0.48,0.60,4,160.36,
Player2_Car,10.62,494.050,3.348,668.404,20.025,0.48,0.60,4,169.68,
Player1_Car,10.64,498.055,3.348,677.323,20.025,0.47,0.60,4,160.76,
Player2_Car,10.64,494.050,3.348,668.004,20.025,0.48,0.60,4,170.08,
Player1_Car,10.66,498.054,3.348,676.922,20.025,0.46,0.60,4,161.16,
Player2_Car,10.66,494.050,3.348,667.603,20.025,0.47,0.60,4,170.48,
Player1_Car,10.68,498.054,3.348,676.522,20.025,0.46,0.60,4,161.56,
Player2_Car,10.68,494.049,3.348,667.203,20.025,0.47,0.60,4,170.88,
Player1_Car,10.70,498.053,3.348,676.121,20.025,0.45,0.60,4,161.96,
Player2_Car,10.70,494.049,3.348,666.802,20.025,0.46,0.60,4,171.28,
Player1_Car,10.72,498.053,3.348,675.721,20.025,0.45,0.60,4,162.36,
Player2_Car,10.72,494.049,3.348,666.402,20.025,0.43,0.60,4,171.68,
Player1_Car,10.74,498.052,3.348,675.320,20.025,0.44,0.60,4,162.76,
Player2_Car,10.74,494.048,3.348,666.001,20.025,0.38,0.60,4,172.08,
Player1_Car,10.76,498.052,3.348,674.920,20.025,0.43,0.60,4,163.16,
Player2_Car,10.76,494.048,3.348,665.601,20.025,0.34,0.60,4,172.48,
Player1_Car,10.78,498.051,3.348,674.519,20.025,0.43,0.60,4,163.56,
Player2_Car,10.78,494.048,3.348,665.200,20.025,0.29,0.60,4,172.88,
Player1_Car,10.80,498.051,3.348,674.119,20.025,0.42,0.60,4,163.96,
Player2_Car,10.80,494.048,3.348,664.800,20.025,0.19,0.60,4,173.28,
Player1_Car,10.82,498.050,3.348,673.718,20.025,0.42,0.60,4,164.36,
Player2_Car,10.82,494.048,3.348,664.399,20.026,0.08,0.60,4,173.68,
Player1_Car,10.84,498.050,3.348,673.318,20.025,0.41,0.60,4,164.76,
Player2_Car,10.84,494.048,3.348,663.999,20.026,-0.02,-0.72,4,174.08,
Player1_Car,10.86,498.049,3.348,672.917,20.025,0.41,0.60,4,165.16,
Player2_Car,10.86,494.048,3.348,663.598,20.026,-0.15,-0.72,4,174.48,
Player1_Car,10.88,498.049,3.348,672.517,20.026,0.40,0.60,4,165.56,
Player2_Car,10.88,494.049,3.348,663.213,19.234,-0.18,-0.63,4,174.87,
Player1_Car,10.90,498.049,3.348,672.116,20.026,0.40,0.60,4,165.96,
Player2_Car,10.90,494.050,3.348,662.844,18.452,-0.20,-0.53,4,175.24,
Player1_Car,10.92,498.048,3.348,671.716,20.026,0.39,0.60,4,166.37,
Player2_Car,10.92,494.051,3.348,662.490,17.736,-0.23,-0.45,4,175.59,
Player1_Car,10.94,498.048,3.348,671.315,20.026,0.38,0.60,4,166.77,
Player2_Car,10.94,494.052,3.348,662.148,17.084,-0.27,-0.37,4,175.93,
Player1_Car,10.96,498.047,3.348,670.915,20.026,0.38,0.60,4,167.17,
Player2_Car,10.96,494.053,3.348,661.818,16.493,-0.31,-0.30,4,176.26,
Player1_Car,10.98,498.047,3.348,670.514,20.026,0.37,0.60,4,167.57,
Player2_Car,10.98,494.054,3.348,661.499,15.955,-0.36,-0.23,4,176.58,
Player1_Car,11.00,498.046,3.348,670.114,20.026,0.37,0.60,4,167.97,
Player2_Car,11.00,494.055,3.348,661.190,15.466,-0.41,-0.18,4,176.89,
Player1_Car,11.02,498.046,3.348,669.713,20.026,0.36,0.60,4,168.37,
Player2_Car,11.02,494.056,3.348,660.889,15.022,-0.47,-0.12,4,177.19,
Player1_Car,11.04,498.045,3.348,669.313,20.026,0.36,0.60,4,168.77,
Player2_Car,11.04,494.057,3.348,660.597,14.618,-0.53,-0.07,4,177.48,
Player1_Car,11.06,498.045,3.348,668.912,20.026,0.35,0.60,4,169.17,
Player2_Car,11.06,494.059,3.348,660.312,14.252,-0.59,-0.03,4,177.77,
Player1_Car,11.08,498.044,3.348,668.512,20.026,0.35,0.60,4,169.57,
Player2_Car,11.08,494.060,3.348,660.034,13.918,-0.66,0.01,4,178.05,
Player1_Car,11.10,498.044,3.348,668.111,20.026,0.34,0.60,4,169.97,
Player2_Car,11.10,494.062,3.348,659.761,13.615,-0.75,0.05,4,178.32,
Player1_Car,11.12,498.043,3.348,667.710,20.026,0.33,0.60,4,170.37,
Player2_Car,11.12,494.063,3.348,659.495,13.339,-0.86,0.08,4,178.59,
Player1_Car,11.14,498.043,3.348,667.310,20.026,0.33,0.60,4,170.77,
Player2_Car,11.14,494.065,3.348,659.233,13.089,-0.96,0.11,4,178.85,
Player1_Car,11.16,498.042,3.348,666.909,20.026,0.32,0.60,4,171.17,
Player2_Car,11.16,494.067,3.348,658.976,12.861,-1.08,0.14,4,179.11,
Player1_Car,11.18,498.042,3.348,666.509,20.026,0.30,0.60,4,171.57,
Player2_Car,11.18,494.070,3.348,658.723,12.654,-1.19,0.16,4,179.36,
Player1_Car,11.20,498.041,3.348,666.108,20.026,0.25,0.60,4,171.97,
Player2_Car,11.20,494.072,3.348,658.473,12.466,-1.30,0.18,4,179.61,
Player1_Car,11.22,498.041,3.348,665.708,20.026,0.21,0.60,4,172.37,
Player2_Car,11.22,494.075,3.348,658.227,12.294,-1.42,0.20,4,179.85,
Player1_Car,11.24,498.041,3.348,665.307,20.026,0.17,-0.72,4,172.77,
Player2_Car,11.24,494.077,3.348,657.985,12.138,-1.54,0.22,4,180.10,
Player1_Car,11.26,498.040,3.348,664.907,20.026,0.08,0.60,4,173.17,
Player2_Car,11.26,494.080,3.348,657.745,11.996,-1.64,0.24,4,180.34,
Player1_Car,11.28,498.040,3.348,664.522,19.234,0.06,0.69,4,173.56,
Player2_Car,11.28,494.084,3.348,657.507,11.868,-1.73,0.26,4,180.57,
Player1_Car,11.30,498.040,3.348,664.137,19.244,-0.04,-0.63,4,173.94,
Player2_Car,11.30,494.087,3.348,657.273,11.750,-1.81,0.27,4,180.81,
Player1_Car,11.32,498.040,3.348,663.751,19.310,-0.14,-0.64,4,174.33,
Player2_Car,11.32,494.091,3.348,657.040,11.643,-1.89,0.28,4,181.04,
Player1_Car,11.34,498.040,3.348,663.380,18.583,-0.16,-0.55,4,174.70,
Player2_Car,11.34,494.095,3.348,656.809,11.545,-1.95,0.29,4,181.27,
Player1_Car,11.36,498.041,3.348,663.022,17.860,-0.18,-0.46,4,175.06,
Player2_Car,11.36,494.099,3.348,656.580,11.457,-2.01,0.31,4,181.50,
Player1_Car,11.38,498.041,3.348,662.678,17.198,-0.20,-0.38,4,175.40,
Player2_Car,11.38,494.103,3.348,656.352,11.376,-2.07,0.31,4,181.73,
Player1_Car,11.40,498.042,3.348,662.346,16.596,-0.24,-0.31,4,175.73,
Player2_Car,11.40,494.108,3.348,656.126,11.303,-2.14,0.32,4,181.95,
Player1_Car,11.42,498.042,3.348,662.026,16.049,-0.29,-0.25,4,176.06,
Player2_Car,11.42,494.112,3.348,655.902,11.236,-2.24,0.33,4,182.18,
Player1_Car,11.44,498.043,3.348,661.714,15.552,-0.34,-0.19,4,176.37,
Player2_Car,11.44,494.118,3.348,655.678,11.176,-2.32,0.34,4,182.40,
Player1_Car,11.46,498.044,3.348,661.412,15.100,-0.40,-0.13,4,176.67,
Player2_Car,11.46,494.123,3.348,655.456,11.121,-2.38,0.35,4,182.63,
Player1_Car,11.48,498.044,3.348,661.119,14.689,-0.46,-0.08,4,176.96,
Player2_Car,11.48,494.129,3.348,655.234,11.070,-2.43,0.35,4,182.85,
Player1_Car,11.50,498.045,3.348,660.832,14.316,-0.53,-0.04,4,177.25,
Player2_Car,11.50,494.135,3.348,655.014,11.025,-2.48,0.36,4,183.07,
Player1_Car,11.52,498.046,3.348,660.553,13.977,-0.59,0.00,4,177.53,
Player2_Car,11.52,494.142,3.348,654.795,10.983,-2.52,0.36,4,183.29,
Player1_Car,11.54,498.047,3.348,660.279,13.668,-0.66,0.04,4,177.80,
Player2_Car,11.54,494.149,3.348,654.576,10.946,-2.61,0.37,4,183.50,
Player1_Car,11.56,498.049,3.348,660.012,13.388,-0.74,0.07,4,178.07,
Player2_Car,11.56,494.156,3.348,654.358,10.911,-2.69,0.37,4,183.72,
Player1_Car,11.58,498.050,3.348,659.749,13.133,-0.81,0.10,4,178.33,
Player2_Car,11.58,494.164,3.348,654.140,10.880,-2.75,0.37,4,183.94,
Player1_Car,11.60,498.051,3.348,659.491,12.901,-0.90,0.13,4,178.59,
Player2_Car,11.60,494.172,3.348,653.923,10.851,-2.79,0.38,4,184.16,
Player1_Car,11.62,498.053,3.348,659.237,12.691,-1.02,0.16,4,178.84,
Player2_Car,11.62,494.181,3.348,653.707,10.825,-2.82,0.38,4,184.36,
Player1_Car,11.64,498.055,3.348,658.987,12.499,-1.13,0.18,4,179.09,
Player2_Car,11.64,494.191,3.348,653.491,10.801,-2.84,0.38,4,184.56,
Player1_Car,11.66,498.057,3.348,658.741,12.325,-1.25,0.20,4,179.34,
Player2_Car,11.66,494.200,3.348,653.276,10.780,-2.91,0.39,4,184.78,
Player1_Car,11.68,498.059,3.348,658.498,12.167,-1.37,0.22,4,179.58,
Player2_Car,11.68,494.210,3.348,653.061,10.760,-3.00,0.39,4,184.99,
Player1_Car,11.70,498.061,3.348,658.257,12.022,-1.49,0.24,4,179.82,
Player2_Car,11.70,494.221,3.348,652.846,10.742,-3.07,0.39,4,185.21,
Player1_Car,11.72,498.064,3.348,658.019,11.891,-1.59,0.25,4,180.06,
Player2_Car,11.72,494.233,3.348,652.632,10.726,-3.10,0.39,4,185.42,
Player1_Car,11.74,498.066,3.348,657.784,11.771,-1.65,0.27,4,180.30,
Player2_Car,11.74,494.244,3.348,652.418,10.711,-3.13,0.39,4,185.64,
Player1_Car,11.76,498.069,3.348,657.551,11.663,-1.72,0.28,4,180.53,
Player2_Car,11.76,494.257,3.348,652.205,10.697,-3.15,0.40,4,185.84,
Player1_Car,11.78,498.073,3.348,657.319,11.564,-1.82,0.29,4,180.76,
Player2_Car,11.78,494.270,3.348,651.991,10.685,-3.17,0.40,4,186.02,
Player1_Car,11.80,498.076,3.348,657.090,11.474,-1.90,0.30,4,180.99,
Player2_Car,11.80,494.283,3.348,651.778,10.674,-3.26,0.40,4,186.24,
Player1_Car,11.82,498.079,3.348,656.862,11.392,-1.96,0.31,4,181.22,
Player2_Car,11.82,494.298,3.348,651.565,10.664,-3.34,0.40,4,186.45,
Player1_Car,11.84,498.083,3.348,656.636,11.318,-2.02,0.32,4,181.44,
Player2_Car,11.84,494.312,3.348,651.353,10.654,-3.38,0.40,4,186.66,
Player1_Car,11.86,498.087,3.348,656.411,11.250,-2.07,0.33,4,181.67,
Player2_Car,11.86,494.328,3.348,651.140,10.646,-3.40,0.40,4,186.88,
Player1_Car,11.88,498.092,3.348,656.187,11.188,-2.12,0.34,4,181.89,
Player2_Car,11.88,494.344,3.348,650.928,10.638,-3.43,0.40,4,187.09,
Player1_Car,11.90,498.096,3.348,655.965,11.132,-2.21,0.34,4,182.12,
Player2_Car,11.90,494.361,3.348,650.716,10.631,-3.45,0.40,4,187.28,
Player1_Car,11.92,498.101,3.348,655.743,11.081,-2.30,0.35,4,182.34,
Player2_Car,11.92,494.378,3.348,650.505,10.624,-3.51,0.41,4,187.47,
Player1_Car,11.94,498.106,3.348,655.522,11.035,-2.36,0.36,4,182.56,
Player2_Car,11.94,494.396,3.348,650.293,10.618,-3.59,0.41,4,187.69,
Player1_Car,11.96,498.112,3.348,655.303,10.993,-2.41,0.36,4,182.78,
Player2_Car,11.96,494.415,3.348,650.081,10.613,-3.63,0.41,4,187.90,
Player1_Car,11.98,498.118,3.348,655.084,10.954,-2.46,0.37,4,183.00,
Player2_Car,11.98,494.434,3.348,649.870,10.607,-3.66,0.41,4,188.11,
Player1_Car,12.00,498.124,3.348,654.865,10.919,-2.50,0.37,4,183.22,
Player2_Car,12.00,494.454,3.348,649.659,10.603,-3.67,0.41,4,188.32,
Player1_Car,12.02,498.131,3.348,654.648,10.887,-2.56,0.37,4,183.43,
Player2_Car,12.02,494.475,3.348,649.448,10.599,-3.73,0.41,4,188.53,
Player1_Car,12.04,498.138,3.348,654.431,10.858,-2.65,0.38,4,183.65,
Player2_Car,12.04,494.497,3.348,649.237,10.595,-3.75,0.41,4,188.70,
Player1_Car,12.06,498.146,3.348,654.214,10.832,-2.72,0.38,4,183.87,
Player2_Car,12.06,494.519,3.348,649.027,10.591,-3.81,0.41,4,188.92,
Player1_Car,12.08,498.154,3.348,653.998,10.808,-2.76,0.38,4,184.08,
Player2_Car,12.08,494.542,3.348,648.816,10.588,-3.87,0.41,4,189.13,
Player1_Car,12.10,498.162,3.348,653.783,10.786,-2.80,0.39,4,184.30,
Player2_Car,12.10,494.566,3.348,648.606,10.585,-3.90,0.41,4,189.34,
Player1_Car,12.12,498.171,3.348,653.568,10.766,-2.86,0.39,4,184.55,
Player2_Car,12.12,494.591,3.348,648.396,10.582,-3.91,0.41,4,189.55,
Player1_Car,12.14,498.181,3.348,653.353,10.748,-2.92,0.39,4,184.76,
Player2_Car,12.14,494.616,3.348,648.186,10.579,-3.98,0.41,4,189.76,
Player1_Car,12.16,498.191,3.348,653.138,10.731,-2.99,0.39,4,184.97,
Player2_Car,12.16,494.642,3.348,647.976,10.577,-4.05,0.41,4,189.97,
Player1_Car,12.18,498.201,3.348,652.924,10.716,-3.05,0.39,4,185.19,
Player2_Car,12.18,494.669,3.348,647.766,10.575,-4.03,0.41,4,190.14,
Player1_Car,12.20,498.212,3.348,652.711,10.702,-3.09,0.40,4,185.40,
Player2_Car,12.20,494.697,3.348,647.556,10.573,-4.05,0.41,4,190.35,
Player1_Car,12.22,498.224,3.348,652.497,10.689,-3.12,0.40,4,185.62,
Player2_Car,12.22,494.726,3.348,647.347,10.571,-4.10,0.41,4,190.57,
Player1_Car,12.24,498.236,3.348,652.284,10.678,-3.20,0.40,4,185.88,
Player2_Car,12.24,494.756,3.348,647.138,10.569,-4.15,0.41,4,190.78,
Player1_Car,12.26,498.249,3.348,652.071,10.667,-3.26,0.40,4,186.09,
Player2_Car,12.26,494.786,3.348,646.928,10.568,-4.21,0.41,4,190.99,
Player1_Car,12.28,498.263,3.348,651.858,10.658,-3.31,0.40,4,186.31,
Player2_Car,12.28,494.817,3.348,646.719,10.566,-4.25,0.41,4,191.20,
Player1_Car,12.30,498.277,3.348,651.646,10.649,-3.36,0.40,4,186.52,
Player2_Car,12.30,494.850,3.348,646.511,10.565,-4.25,0.41,4,191.40,
Player1_Car,12.32,498.292,3.348,651.434,10.641,-3.39,0.40,4,186.73,
Player2_Car,12.32,494.883,3.348,646.302,10.564,-4.22,0.41,4,191.58,
Player1_Car,12.34,498.307,3.348,651.221,10.634,-3.42,0.40,4,186.94,
Player2_Car,12.34,494.917,3.348,646.094,10.563,-4.24,0.41,4,191.79,
Player1_Car,12.36,498.323,3.348,651.010,10.627,-3.44,0.40,4,187.16,
Player2_Car,12.36,494.952,3.348,645.885,10.562,-4.31,0.41,4,192.00,
Player1_Car,12.38,498.340,3.348,650.798,10.621,-3.58,0.41,4,187.42,
Player2_Car,12.38,494.987,3.348,645.677,10.561,-4.36,0.41,4,192.21,
Player1_Car,12.40,498.357,3.348,650.586,10.615,-3.65,0.41,4,187.63,
Player2_Car,12.40,495.024,3.348,645.469,10.560,-4.38,0.41,4,192.42,
Player1_Car,12.42,498.375,3.348,650.375,10.610,-3.66,0.41,4,187.85,
Player2_Car,12.42,495.062,3.348,645.261,10.559,-4.39,0.41,4,192.63,
Player1_Car,12.44,498.394,3.348,650.164,10.605,-3.66,0.41,4,188.06,
Player2_Car,12.44,495.100,3.348,645.054,10.560,-4.32,0.41,4,192.80,
Player1_Car,12.46,498.414,3.348,649.952,10.601,-3.69,0.41,4,188.27,
Player2_Car,12.46,495.139,3.349,644.846,10.560,-4.34,0.41,4,193.01,
Player1_Car,12.48,498.434,3.348,649.742,10.597,-3.73,0.41,4,188.48,
Player2_Car,12.48,495.180,3.349,644.639,10.559,-4.43,0.41,4,193.22,
Player1_Car,12.50,498.456,3.348,649.531,10.594,-3.90,0.41,4,188.75,
Player2_Car,12.50,495.221,3.349,644.432,10.559,-4.48,0.41,4,193.43,
Player1_Car,12.52,498.477,3.348,649.320,10.590,-3.95,0.41,4,188.96,
Player2_Car,12.52,495.263,3.349,644.225,10.558,-4.48,0.41,4,193.64,
Player1_Car,12.54,498.500,3.348,649.109,10.587,-3.93,0.41,4,189.17,
Player2_Car,12.54,495.306,3.349,644.019,10.558,-4.47,0.41,4,193.86,
Player1_Car,12.56,498.524,3.348,648.899,10.584,-3.92,0.41,4,189.39,
Player2_Car,12.56,495.350,3.350,643.813,10.557,-4.42,0.41,4,194.02,
Player1_Car,12.58,498.548,3.348,648.689,10.581,-3.95,0.41,4,189.60,
Player2_Car,12.58,495.395,3.350,643.607,10.559,-4.44,0.41,4,194.23,
Player1_Car,12.60,498.574,3.348,648.479,10.579,-4.04,0.41,4,189.81,
Player2_Car,12.60,495.440,3.350,643.401,10.558,-4.53,0.41,4,194.44,
Player1_Car,12.62,498.600,3.348,648.269,10.577,-4.12,0.41,4,190.02,
Player2_Car,12.62,495.487,3.351,643.195,10.558,-4.57,0.41,4,194.65,
Player1_Car,12.64,498.627,3.348,648.059,10.575,-4.23,0.41,4,190.29,
Player2_Car,12.64,495.534,3.351,642.989,10.557,-4.56,0.41,4,194.86,
Player1_Car,12.66,498.655,3.348,647.850,10.573,-4.24,0.41,4,190.50,
Player2_Car,12.66,495.583,3.351,642.784,10.557,-4.54,0.41,4,195.08,
Player1_Car,12.68,498.683,3.348,647.640,10.571,-4.20,0.41,4,190.71,
Player2_Car,12.68,495.632,3.352,642.580,10.542,-4.56,0.41,4,195.24,
Player1_Car,12.70,498.713,3.348,647.431,10.569,-4.25,0.41,4,190.93,
Player2_Car,12.70,495.682,3.353,642.375,10.543,-4.57,0.41,4,195.45,
Player1_Car,12.72,498.744,3.348,647.222,10.568,-4.33,0.41,4,191.14,
Player2_Car,12.72,495.734,3.354,642.171,10.550,-4.57,0.41,4,195.66,
Player1_Car,12.74,498.775,3.348,647.013,10.566,-4.37,0.41,4,191.35,
Player2_Car,12.74,495.786,3.355,641.967,10.550,-4.60,0.41,4,195.87,
Player1_Car,12.76,498.808,3.348,646.804,10.565,-4.47,0.41,4,191.62,
Player2_Car,12.76,495.839,3.355,641.763,10.550,-4.62,0.41,4,196.08,
Player1_Car,12.78,498.841,3.348,646.596,10.564,-4.47,0.41,4,191.84,
Player2_Car,12.78,495.893,3.356,641.559,10.551,-4.61,0.41,4,196.29,
Player1_Car,12.80,498.876,3.348,646.387,10.562,-4.47,0.41,4,192.05,
Player2_Car,12.80,495.947,3.358,641.356,10.528,-4.67,0.42,4,196.46,
Player1_Car,12.82,498.911,3.348,646.179,10.561,-4.50,0.41,4,192.26,
Player2_Car,12.82,496.003,3.359,641.154,10.523,-4.68,0.42,4,196.67,
Player1_Car,12.84,498.948,3.348,645.971,10.561,-4.53,0.41,4,192.47,
Player2_Car,12.84,496.060,3.360,640.951,10.540,-4.57,0.42,4,196.88,
Player1_Car,12.86,498.985,3.348,645.763,10.562,-4.63,0.41,4,192.75,
Player2_Car,12.86,496.117,3.361,640.748,10.544,-4.57,0.41,4,197.09,
Player1_Car,12.88,499.023,3.349,645.556,10.562,-4.64,0.41,4,192.96,
Player2_Car,12.88,496.176,3.362,640.546,10.545,-4.65,0.41,4,197.30,
Player1_Car,12.90,499.063,3.349,645.348,10.561,-4.62,0.41,4,193.17,
Player2_Car,12.90,496.235,3.363,640.344,10.535,-4.73,0.42,4,197.51,
Player1_Car,12.92,499.103,3.349,645.141,10.559,-4.64,0.41,4,193.38,
Player2_Car,12.92,496.295,3.366,640.143,10.500,-4.80,0.42,4,197.67,
Player1_Car,12.94,499.145,3.349,644.934,10.559,-4.66,0.41,4,193.59,
Player2_Car,12.94,496.357,3.368,639.942,10.504,-4.67,0.42,4,197.88,
Player1_Car,12.96,499.187,3.349,644.728,10.560,-4.66,0.41,4,193.80,
Player2_Car,12.96,496.419,3.369,639.741,10.540,-4.43,0.42,4,198.09,
Player1_Car,12.98,499.230,3.350,644.521,10.560,-4.77,0.41,4,194.09,
Player2_Car,12.98,496.482,3.370,639.540,10.537,-4.57,0.42,4,198.30,
Player1_Car,13.00,499.275,3.350,644.315,10.560,-4.80,0.41,4,194.30,
Player2_Car,13.00,496.546,3.371,639.339,10.542,-4.69,0.41,4,198.51,
Player1_Car,13.02,499.320,3.351,644.109,10.558,-4.79,0.41,4,194.51,
Player2_Car,13.02,496.611,3.374,639.139,10.531,-4.78,0.42,4,198.72,
Player1_Car,13.04,499.367,3.351,643.903,10.557,-4.77,0.41,4,194.72,
Player2_Car,13.04,496.677,3.377,638.941,10.484,-4.87,0.42,4,198.88,
Player1_Car,13.06,499.414,3.351,643.698,10.558,-4.75,0.41,4,194.93,
Player2_Car,13.06,496.744,3.379,638.741,10.529,-4.49,0.42,4,199.09,
Player1_Car,13.08,499.463,3.352,643.493,10.562,-4.74,0.41,4,195.14,
Player2_Car,13.08,496.812,3.381,638.542,10.532,-4.49,0.42,4,199.30,
Player1_Car,13.10,499.512,3.353,643.288,10.546,-4.99,0.41,4,195.43,
Player2_Car,13.10,496.880,3.382,638.343,10.535,-4.66,0.42,4,199.51,
Player1_Car,13.12,499.562,3.354,643.084,10.544,-5.00,0.41,4,195.64,
Player2_Car,13.12,496.950,3.384,638.144,10.534,-4.74,0.42,4,199.72,
Player1_Car,13.14,499.614,3.355,642.880,10.542,-4.88,0.41,4,195.85,
Player2_Car,13.14,497.020,3.387,637.946,10.531,-4.74,0.42,4,199.93,
Player1_Car,13.16,499.666,3.355,642.676,10.550,-4.77,0.41,4,196.06,
Player2_Car,13.16,497.091,3.391,637.750,10.476,-4.89,0.42,4,200.10,
Player1_Car,13.18,499.720,3.356,642.472,10.554,-4.80,0.41,4,196.27,
Player2_Car,13.18,497.164,3.393,637.552,10.528,-4.50,0.42,4,200.31,
Player1_Car,13.20,499.774,3.358,642.268,10.558,-5.00,0.41,4,196.56,
Player2_Car,13.20,497.237,3.395,637.355,10.530,-4.50,0.42,4,200.52,
Player1_Car,13.22,499.830,3.360,642.066,10.529,-5.18,0.42,4,196.77,
Player2_Car,13.22,497.311,3.397,637.158,10.533,-4.67,0.42,4,200.73,
Player1_Car,13.24,499.886,3.361,641.864,10.526,-5.04,0.42,4,196.98,
Player2_Car,13.24,497.386,3.400,636.962,10.529,-4.78,1.00,4,200.94,
Player1_Car,13.26,499.944,3.362,641.661,10.526,-4.87,0.42,4,197.19,
Player2_Car,13.26,497.462,3.403,636.766,10.529,-4.70,1.00,4,201.12,
Player1_Car,13.28,500.003,3.364,641.459,10.533,-4.83,0.42,4,197.41,
Player2_Car,13.28,497.541,3.408,636.565,10.823,-4.95,1.00,4,201.33,
Player1_Car,13.30,500.062,3.365,641.257,10.541,-5.02,0.42,4,197.70,
Player2_Car,13.30,497.625,3.410,636.357,11.225,-4.65,0.33,4,201.56,
Player1_Car,13.32,500.123,3.368,641.057,10.516,-5.20,0.42,4,197.91,
Player2_Car,13.32,497.712,3.413,636.143,11.564,-4.75,1.00,4,201.79,
Player1_Car,13.34,500.184,3.370,640.856,10.509,-5.10,0.42,4,198.12,
Player2_Car,13.34,497.796,3.425,635.933,11.285,-6.43,1.00,4,202.02,
Player1_Car,13.36,500.248,3.372,640.655,10.510,-4.90,0.42,4,198.33,
Player2_Car,13.36,497.886,3.435,635.717,11.710,-5.22,1.00,4,202.23,
Player1_Car,13.38,500.312,3.373,640.455,10.540,-4.73,0.42,4,198.54,
Player2_Car,13.38,497.983,3.442,635.495,12.106,-3.67,1.00,4,202.46,
Player1_Car,13.40,500.376,3.375,640.255,10.536,-4.91,0.42,4,198.75,
Player2_Car,13.40,498.082,3.447,635.265,12.524,-3.73,0.18,4,202.71,
Player1_Car,13.42,500.442,3.378,640.056,10.500,-5.32,0.42,4,199.05,
Player2_Car,13.42,498.184,3.449,635.027,12.966,-4.57,0.12,4,202.97,
Player1_Car,13.44,500.508,3.381,639.857,10.497,-5.19,0.42,4,199.26,
Player2_Car,13.44,498.287,3.448,634.791,12.867,-4.69,0.14,4,203.22,
Player1_Car,13.46,500.577,3.384,639.658,10.499,-4.90,0.42,4,199.47,
Player2_Car,13.46,498.392,3.447,634.560,12.688,-4.55,1.00,4,203.44,
Player1_Car,13.48,500.646,3.385,639.459,10.544,-4.63,0.41,4,199.68,
Player2_Car,13.48,498.495,3.450,634.336,12.333,-5.48,1.00,4,203.69,
Player1_Car,13.50,500.716,3.387,639.261,10.536,-4.91,0.42,4,199.89,
Player2_Car,13.50,498.603,3.453,634.106,12.699,-5.07,0.16,4,203.94,
Player1_Car,13.52,500.787,3.391,639.064,10.492,-5.39,0.42,4,200.18,
Player2_Car,13.52,498.716,3.456,633.872,12.988,-4.73,0.12,4,204.20,
Player1_Car,13.54,500.858,3.394,638.867,10.487,-5.21,0.42,4,200.39,
Player2_Car,13.54,498.827,3.461,633.643,12.800,-4.74,0.14,4,204.46,
Player1_Car,13.56,500.932,3.398,638.670,10.491,-4.86,0.42,4,200.60,
Player2_Car,13.56,498.936,3.470,633.419,12.496,-5.24,0.18,4,204.67,
Player1_Car,13.58,501.007,3.399,638.473,10.545,-4.56,0.41,4,200.81,
Player2_Car,13.58,499.046,3.475,633.198,12.326,-4.88,0.20,4,204.92,
Player1_Car,13.60,501.082,3.402,638.277,10.534,-4.91,1.00,4,201.02,
Player2_Car,13.60,499.156,3.478,632.979,12.268,-3.93,0.21,4,205.16,
Player1_Car,13.62,501.157,3.406,638.082,10.485,-5.41,1.00,4,201.29,
Player2_Car,13.62,499.266,3.482,632.764,12.081,-4.35,0.23,4,205.41,
Player1_Car,13.64,501.237,3.410,637.880,10.834,-5.21,0.38,4,201.51,
Player2_Car,13.64,499.374,3.488,632.552,11.933,-4.77,0.25,4,205.61,
Player1_Car,13.66,501.321,3.414,637.673,11.180,-4.90,1.00,4,201.73,
Player2_Car,13.66,499.481,3.496,632.346,11.700,-5.14,0.28,4,205.84,
Player1_Car,13.68,501.406,3.416,637.466,11.202,-4.74,1.00,4,201.96,
Player2_Car,13.68,499.590,3.501,632.139,11.668,-4.21,0.28,4,206.07,
Player1_Car,13.70,501.494,3.420,637.253,11.533,-5.09,1.00,4,202.19,
Player2_Car,13.70,499.700,3.505,631.936,11.573,-3.98,0.29,4,206.31,
Player1_Car,13.72,501.585,3.425,637.036,11.818,-5.63,1.00,4,202.49,
Player2_Car,13.72,499.808,3.510,631.734,11.474,-4.38,0.30,4,206.53,
Player1_Car,13.74,501.681,3.430,636.813,12.150,-5.47,0.22,4,202.73,
Player2_Car,13.74,499.915,3.517,631.535,11.389,-4.56,0.31,4,206.73,
Player1_Car,13.76,501.782,3.435,636.585,12.476,-5.15,0.18,4,202.98,
Player2_Car,13.76,500.023,3.527,631.340,11.204,-4.96,0.34,4,206.95,
Player1_Car,13.78,501.883,3.438,636.358,12.407,-4.81,0.19,4,203.23,
Player2_Car,13.78,500.131,3.534,631.145,11.156,-4.47,0.34,4,207.17,
Player1_Car,13.80,501.983,3.443,636.136,12.225,-5.22,0.21,4,203.54,
Player2_Car,13.80,500.241,3.537,630.950,11.211,-3.56,0.33,4,207.40,
Player1_Car,13.82,502.082,3.449,635.918,11.996,-5.69,1.00,4,203.77,
Player2_Car,13.82,500.348,3.548,630.757,11.048,-4.01,0.35,4,207.62,
Player1_Car,13.84,502.182,3.455,635.703,11.865,-5.25,0.26,4,204.01,
Player2_Car,13.84,500.455,3.556,630.564,11.033,-4.39,0.36,4,207.83,
Player1_Car,13.86,502.288,3.459,635.482,12.265,-4.51,0.21,4,204.26,
Player2_Car,13.86,500.564,3.564,630.374,10.993,-4.38,0.36,4,208.02,
Player1_Car,13.88,502.393,3.463,635.264,12.131,-4.97,0.22,4,204.56,
Player2_Car,13.88,500.675,3.571,630.185,10.958,-4.08,0.37,4,208.24,
Player1_Car,13.90,502.497,3.471,635.050,11.909,-5.65,0.25,4,204.80,
Player2_Car,13.90,500.787,3.575,629.995,11.025,-3.50,0.36,4,208.46,
Player1_Car,13.92,502.601,3.477,634.839,11.788,-5.21,0.27,4,205.04,
Player2_Car,13.92,500.896,3.587,629.808,10.862,-3.91,0.38,4,208.68,
Player1_Car,13.94,502.707,3.483,634.631,11.667,-4.71,0.28,4,205.27,
Player2_Car,13.94,501.004,3.598,629.621,10.833,-4.40,0.38,4,208.90,
Player1_Car,13.96,502.813,3.486,634.424,11.648,-4.28,0.28,4,205.50,
Player2_Car,13.96,501.116,3.608,629.435,10.814,-4.31,0.38,4,209.08,
Player1_Car,13.98,502.917,3.494,634.221,11.440,-5.25,0.31,4,205.80,
Player2_Car,13.98,501.229,3.618,629.252,10.771,-3.96,0.39,4,209.30,
Player1_Car,14.00,503.022,3.500,634.020,11.360,-5.22,0.32,4,206.02,
Player2_Car,14.00,501.344,3.625,629.067,10.862,-3.33,0.38,4,209.51,
Player1_Car,14.02,503.128,3.506,633.821,11.282,-4.67,0.33,4,206.25,
Player2_Car,14.02,501.458,3.631,628.883,10.881,-3.51,0.37,4,209.73,
Player1_Car,14.04,503.235,3.511,633.623,11.282,-4.16,0.33,4,206.47,
Player2_Car,14.04,501.566,3.648,628.704,10.572,-5.06,0.41,4,209.94,
Player1_Car,14.06,503.341,3.518,633.427,11.208,-4.65,0.34,4,206.76,
Player2_Car,14.06,501.678,3.662,628.526,10.547,-4.78,0.41,4,210.12,
Player1_Car,14.08,503.446,3.527,633.234,11.061,-5.35,0.35,4,206.98,
Player2_Car,14.08,501.793,3.675,628.350,10.512,-3.82,0.42,4,210.33,
Player1_Car,14.10,503.553,3.534,633.042,11.003,-4.99,0.36,4,207.20,
Player2_Car,14.10,501.909,3.685,628.172,10.629,-3.02,0.40,4,210.54,
Player1_Car,14.12,503.661,3.542,632.851,10.951,-4.48,0.37,4,207.42,
Player2_Car,14.12,502.025,3.693,627.992,10.721,-3.13,0.39,4,210.76,
Player1_Car,14.14,503.765,3.552,632.662,10.872,-4.74,0.38,4,207.64,
Player2_Car,14.14,502.137,3.712,627.816,10.460,-4.95,0.42,4,210.97,
Player1_Car,14.16,503.872,3.560,632.473,10.851,-4.75,0.38,4,207.92,
Player2_Car,14.16,502.253,3.729,627.640,10.507,-4.22,0.42,4,211.18,
Player1_Car,14.18,503.980,3.567,632.286,10.821,-4.70,0.38,4,208.14,
Player2_Car,14.18,502.369,3.747,627.468,10.464,-3.38,0.42,4,211.35,
Player1_Car,14.20,504.089,3.575,632.100,10.801,-4.45,0.38,4,208.35,
Player2_Car,14.20,502.486,3.765,627.295,10.458,-3.60,0.43,4,211.56,
Player1_Car,14.22,504.197,3.588,631.915,10.687,-4.38,0.40,4,208.57,
Player2_Car,14.22,502.604,3.778,627.119,10.586,-3.38,0.41,4,211.77,
Player1_Car,14.24,504.305,3.599,631.731,10.712,-4.25,0.39,4,208.78,
Player2_Car,14.24,502.724,3.789,626.942,10.712,-3.08,0.39,4,211.99,
Player1_Car,14.26,504.415,3.608,631.546,10.734,-4.39,0.39,4,209.07,
Player2_Car,14.26,502.845,3.800,626.765,10.704,-3.08,0.40,4,212.20,
Player1_Car,14.28,504.526,3.617,631.363,10.727,-4.56,0.39,4,209.28,
Player2_Car,14.28,502.963,3.819,626.593,10.421,-4.93,0.43,4,212.38,
Player1_Car,14.30,504.639,3.627,631.181,10.683,-4.43,0.40,4,209.49,
Player2_Car,14.30,503.081,3.838,626.422,10.378,-4.57,0.43,4,212.59,
Player1_Car,14.32,504.749,3.642,631.000,10.609,-4.57,0.41,4,209.71,
Player2_Car,14.32,503.203,3.854,626.252,10.496,-2.94,0.42,4,212.80,
Player1_Car,14.34,504.862,3.653,630.820,10.674,-3.91,0.40,4,209.92,
Player2_Car,14.34,503.327,3.867,626.079,10.628,-2.39,0.40,4,213.01,
Player1_Car,14.36,504.977,3.664,630.639,10.695,-3.82,0.40,4,210.20,
Player2_Car,14.36,503.445,3.888,625.906,10.480,-4.22,0.42,4,213.22,
Player1_Car,14.38,505.090,3.679,630.462,10.547,-4.85,0.41,4,210.41,
Player2_Car,14.38,503.567,3.906,625.735,10.535,-3.92,0.42,4,213.43,
Player1_Car,14.40,505.205,3.693,630.284,10.572,-4.54,0.41,4,210.62,
Player2_Car,14.40,503.688,3.931,625.568,10.370,-3.83,0.44,4,213.61,
Player1_Car,14.42,505.319,3.709,630.107,10.542,-4.05,0.42,4,210.84,
Player2_Car,14.42,503.811,3.953,625.401,10.372,-3.60,0.44,4,213.82,
Player1_Car,14.44,505.436,3.722,629.930,10.614,-3.48,0.41,4,211.05,
Player2_Car,14.44,503.935,3.971,625.232,10.504,-2.94,0.42,4,214.03,
Player1_Car,14.46,505.552,3.742,629.756,10.472,-3.37,0.42,4,211.33,
Player2_Car,14.46,504.061,3.987,625.060,10.638,-2.69,0.40,4,214.25,
Player1_Car,14.48,505.668,3.761,629.582,10.474,-4.22,0.42,4,211.54,
Player2_Car,14.48,504.183,4.004,624.889,10.527,-3.75,0.42,4,214.46,
Player1_Car,14.50,505.786,3.778,629.406,10.557,-4.17,0.41,4,211.75,
Player2_Car,14.50,504.306,4.027,624.722,10.338,-4.87,0.44,4,214.65,
Player1_Car,14.52,505.907,3.791,629.230,10.678,-3.38,0.40,4,211.96,
Player2_Car,14.52,504.430,4.050,624.558,10.300,-4.17,0.44,4,214.85,
Player1_Car,14.54,506.024,3.807,629.054,10.578,-4.32,0.41,4,212.17,
Player2_Car,14.54,504.557,4.069,624.393,10.427,-2.70,0.43,4,215.06,
Player1_Car,14.56,506.142,3.822,628.879,10.583,-4.32,0.41,4,212.45,
Player2_Car,14.56,504.685,4.087,624.226,10.519,-2.46,0.42,4,215.27,
Player1_Car,14.58,506.263,3.840,628.708,10.448,-4.67,0.43,4,212.66,
Player2_Car,14.58,504.808,4.112,624.060,10.364,-3.45,0.44,4,215.48,
Player1_Car,14.60,506.383,3.859,628.539,10.393,-4.15,0.43,4,212.87,
Player2_Car,14.60,504.933,4.136,623.894,10.393,-3.78,0.43,4,215.69,
Player1_Car,14.62,506.505,3.878,628.369,10.450,-2.95,0.43,4,213.08,
Player2_Car,14.62,505.059,4.162,623.731,10.300,-4.11,0.44,4,215.88,
Player1_Car,14.64,506.626,3.895,628.197,10.499,-3.15,0.42,4,213.29,
Player2_Car,14.64,505.186,4.188,623.570,10.303,-3.53,0.44,4,216.09,
Player1_Car,14.66,506.746,3.918,628.029,10.345,-3.87,0.44,4,213.55,
Player2_Car,14.66,505.316,4.210,623.406,10.439,-2.65,0.43,4,216.30,
Player1_Car,14.68,506.867,3.941,627.861,10.362,-4.23,0.44,4,213.76,
Player2_Car,14.68,505.447,4.229,623.241,10.563,-2.52,0.41,4,216.51,
Player1_Car,14.70,506.991,3.962,627.693,10.448,-3.72,0.43,4,213.97,
Player2_Car,14.70,505.571,4.257,623.078,10.287,-4.13,0.45,4,216.72,
Player1_Car,14.72,507.116,3.982,627.525,10.474,-2.74,0.42,4,214.18,
Player2_Car,14.72,505.698,4.292,622.922,10.072,-5.13,0.47,4,216.90,
Player1_Car,14.74,507.239,4.003,627.356,10.420,-3.65,0.43,4,214.39,
Player2_Car,14.74,505.827,4.323,622.765,10.183,-3.58,0.46,4,217.11,
Player1_Car,14.76,507.362,4.024,627.187,10.442,-4.05,0.43,4,214.63,
Player2_Car,14.76,505.958,4.353,622.607,10.287,-2.16,0.45,4,217.31,
Player1_Car,14.78,507.487,4.045,627.022,10.395,-4.17,0.43,4,214.84,
Player2_Car,14.78,506.090,4.378,622.445,10.438,-2.35,0.43,4,217.52,
Player1_Car,14.80,507.613,4.068,626.858,10.331,-3.84,0.44,4,215.05,
Player2_Car,14.80,506.221,4.406,622.281,10.472,-2.61,0.42,4,217.74,
Player1_Car,14.82,507.740,4.092,626.694,10.327,-3.47,0.44,4,215.26,
Player2_Car,14.82,506.354,4.431,622.117,10.572,-2.60,0.41,4,217.95,
Player1_Car,14.84,507.864,4.116,626.530,10.320,-3.32,0.44,4,215.47,
Player2_Car,14.84,506.490,4.454,621.954,10.626,-2.30,0.40,4,218.14,
Player1_Car,14.86,507.989,4.140,626.366,10.339,-3.65,0.44,4,215.67,
Player2_Car,14.86,506.624,4.482,621.793,10.453,-3.85,0.43,4,218.35,
Player1_Car,14.88,508.116,4.164,626.203,10.324,-4.04,0.44,4,215.92,
Player2_Car,14.88,506.760,4.506,621.631,10.566,-3.43,0.41,4,218.57,
Player1_Car,14.90,508.243,4.189,626.042,10.262,-4.02,0.45,4,216.13,
Player2_Car,14.90,506.897,4.531,621.471,10.559,-3.07,0.41,4,218.78,
Player1_Car,14.92,508.371,4.215,625.881,10.273,-3.46,0.45,4,216.33,
Player2_Car,14.92,507.030,4.564,621.314,10.344,-3.28,0.44,4,218.99,
Player1_Car,14.94,508.500,4.240,625.720,10.339,-2.49,0.44,4,216.54,
Player2_Car,14.94,507.162,4.598,621.157,10.321,-3.93,0.44,4,219.19,
Player1_Car,14.96,508.628,4.265,625.557,10.358,-3.18,0.44,4,216.75,
Player2_Car,14.96,507.297,4.631,621.001,10.298,-4.05,0.44,4,219.38,
Player1_Car,14.98,508.756,4.293,625.397,10.258,-4.04,0.45,4,216.99,
Player2_Car,14.98,507.433,4.663,620.847,10.310,-3.50,0.44,4,219.59,
Player1_Car,15.00,508.885,4.322,625.238,10.268,-4.14,0.45,4,217.20,
Player2_Car,15.00,507.572,4.692,620.690,10.446,-2.83,0.43,4,219.80,
Player1_Car,15.02,509.015,4.350,625.080,10.267,-3.49,0.45,4,217.41,
Player2_Car,15.02,507.712,4.718,620.532,10.571,-2.82,0.41,4,220.02,
Player1_Car,15.04,509.144,4.381,624.922,10.199,-2.45,0.46,4,217.61,
Player2_Car,15.04,507.845,4.750,620.375,10.387,-3.92,0.43,4,220.23,
Player1_Car,15.06,509.276,4.411,624.764,10.299,-2.46,0.44,4,217.82,
Player2_Car,15.06,507.980,4.785,620.224,10.178,-5.10,0.46,4,220.41,
Player1_Car,15.08,509.409,4.438,624.603,10.402,-3.23,0.43,4,218.07,
Player2_Car,15.08,508.117,4.822,620.074,10.146,-4.27,0.46,4,220.62,
Player1_Car,15.10,509.541,4.467,624.444,10.400,-4.28,0.43,4,218.28,
Player2_Car,15.10,508.256,4.856,619.925,10.192,-3.10,0.46,4,220.83,
Player1_Car,15.12,509.674,4.497,624.286,10.334,-4.21,0.44,4,218.48,
Player2_Car,15.12,508.396,4.887,619.773,10.342,-2.75,1.00,4,221.03,
Player1_Car,15.14,509.809,4.527,624.130,10.304,-3.47,0.44,4,218.69,
Player2_Car,15.14,508.532,4.923,619.621,10.219,-2.33,1.00,4,221.24,
Player1_Car,15.16,509.942,4.559,623.974,10.294,-3.15,0.44,4,218.90,
Player2_Car,15.16,508.677,4.961,619.465,10.621,-3.31,1.00,4,221.46,
Player1_Car,15.18,510.077,4.589,623.816,10.387,-2.94,0.43,4,219.11,
Player2_Car,15.18,508.825,5.002,619.306,10.909,-5.56,1.00,4,221.66,
Player1_Car,15.20,510.213,4.620,623.659,10.384,-3.51,0.43,4,219.36,
Player2_Car,15.20,508.981,5.041,619.142,11.311,-5.05,1.00,4,221.89,
Player1_Car,15.22,510.347,4.654,623.504,10.251,-4.33,0.45,4,219.56,
Player2_Car,15.22,509.145,5.078,618.974,11.751,-3.40,1.00,4,222.13,
Player1_Car,15.24,510.483,4.687,623.350,10.273,-3.80,0.45,4,219.77,
Player2_Car,15.24,509.316,5.114,618.800,12.200,-3.07,1.00,4,222.37,
Player1_Car,15.26,510.620,4.721,623.196,10.279,-2.31,0.45,4,219.98,
Player2_Car,15.26,509.483,5.156,618.620,12.267,-5.11,1.00,4,222.62,
Player1_Car,15.28,510.759,4.754,623.043,10.359,-2.49,0.44,4,220.19,
Player2_Car,15.28,509.657,5.202,618.442,12.444,-6.16,1.00,4,222.86,
Player1_Car,15.30,510.895,4.795,622.893,10.113,-5.53,0.47,4,220.43,
Player2_Car,15.30,509.837,5.252,618.265,12.621,-5.18,1.00,4,223.12,
Player1_Car,15.32,511.031,4.835,622.742,10.197,-4.90,0.46,4,220.64,
Player2_Car,15.32,510.025,5.300,618.084,13.045,-3.46,1.00,4,223.38,
Player1_Car,15.34,511.172,4.872,622.591,10.320,-2.95,0.44,4,220.85,
Player2_Car,15.34,510.219,5.346,617.897,13.480,-3.37,1.00,4,223.65,
Player1_Car,15.36,511.315,4.907,622.438,10.445,-2.39,1.00,4,221.06,
Player2_Car,15.36,510.408,5.400,617.705,13.523,-5.37,1.00,4,223.94,
Player1_Car,15.38,511.456,4.943,622.283,10.485,-2.66,1.00,4,221.27,
Player2_Car,15.38,510.606,5.456,617.514,13.731,-6.45,1.00,4,224.19,
Player1_Car,15.40,511.603,4.978,622.123,10.899,-3.32,1.00,4,221.49,
Player2_Car,15.40,510.813,5.510,617.322,14.141,-4.70,1.00,4,224.48,
Player1_Car,15.42,511.756,5.014,621.957,11.265,-3.96,1.00,4,221.76,
Player2_Car,15.42,511.029,5.562,617.126,14.552,-3.42,1.00,4,224.77,
Player1_Car,15.44,511.913,5.055,621.793,11.377,-5.14,1.00,4,221.99,
Player2_Car,15.44,511.247,5.619,616.926,14.793,-3.13,1.00,4,225.08,
Player1_Car,15.46,512.077,5.094,621.623,11.824,-4.13,1.00,4,222.23,
Player2_Car,15.46,511.459,5.694,616.731,14.534,-6.15,1.00,4,225.35,
Player1_Car,15.48,512.247,5.136,621.450,12.108,-4.90,1.00,4,222.47,
Player2_Car,15.48,511.681,5.764,616.531,14.948,-5.99,1.00,4,225.66,
Player1_Car,15.50,512.422,5.179,621.272,12.473,-4.32,1.00,4,222.76,
Player2_Car,15.50,511.914,5.833,616.331,15.341,-4.05,1.00,2,225.97,
Player1_Car,15.52,512.597,5.232,621.098,12.411,-4.81,1.00,4,223.01,
Player2_Car,15.52,512.145,5.897,616.134,15.158,-3.88,1.00,4,226.28,
Player1_Car,15.54,512.780,5.282,620.918,12.847,-4.15,1.00,4,223.27,
Player2_Car,15.54,512.381,5.968,615.937,15.375,-6.18,1.00,3,226.55,
Player1_Car,15.56,512.970,5.330,620.733,13.280,-3.59,1.00,4,223.54,
Player2_Car,15.56,512.617,6.040,615.741,15.340,-6.14,1.00,3,226.87,
Player1_Car,15.58,513.159,5.384,620.543,13.357,-5.38,1.00,4,223.82,
Player2_Car,15.58,512.856,6.110,615.545,15.441,-6.39,1.00,2,227.19,
Player1_Car,15.60,513.350,5.446,620.358,13.319,-6.90,1.00,4,224.12,
Player2_Car,15.60,513.091,6.175,615.351,15.255,-6.25,1.00,3,227.50,
Player1_Car,15.62,513.549,5.509,620.172,13.638,-5.20,1.00,4,224.40,
Player2_Car,15.62,513.330,6.238,615.159,15.345,-6.42,1.00,3,227.76,
Player1_Car,15.64,513.757,5.569,619.983,14.048,-3.35,1.00,4,224.69,
Player2_Car,15.64,513.572,6.301,614.968,15.380,-6.15,1.00,3,228.07,
Player1_Car,15.66,513.971,5.629,619.788,14.458,-3.58,1.00,4,224.98,
Player2_Car,15.66,513.816,6.361,614.778,15.481,-6.45,1.00,4,228.39,
Player1_Car,15.68,514.184,5.694,619.588,14.602,-5.62,1.00,4,225.32,
Player2_Car,15.68,514.068,6.419,614.585,15.870,-4.78,1.00,4,228.71,
Player1_Car,15.70,514.406,5.757,619.387,15.002,-5.62,1.00,4,225.63,
Player2_Car,15.70,514.304,6.506,614.412,14.639,-9.19,1.00,4,228.97,
Player1_Car,15.72,514.638,5.818,619.184,15.402,-4.40,1.00,4,225.94,
Player2_Car,15.72,514.545,6.590,614.231,15.035,-7.47,1.00,4,229.28,
Player1_Car,15.74,514.878,5.880,618.980,15.754,-4.28,1.00,4,226.26,
Player2_Car,15.74,514.796,6.673,614.054,15.394,-2.51,1.00,1,229.60,
Player1_Car,15.76,515.105,5.966,618.789,14.955,-8.54,1.00,4,226.65,
Player2_Car,15.76,515.049,6.754,613.874,15.507,-3.37,1.00,2,229.92,
Player1_Car,15.78,515.339,6.050,618.593,15.315,-7.45,1.00,4,226.97,
Player2_Car,15.78,515.303,6.834,613.684,15.893,-5.13,1.00,3,230.20,
Player1_Car,15.80,515.585,6.131,618.398,15.679,-2.76,1.00,4,227.29,
Player2_Car,15.80,515.567,6.913,613.492,16.288,-5.47,1.00,2,230.54,
Player1_Car,15.82,515.838,6.212,618.200,16.062,-2.70,1.00,4,227.72,
Player2_Car,15.82,515.840,6.990,613.300,16.665,-3.91,1.00,2,230.88,
Player1_Car,15.84,516.092,6.297,617.995,16.324,-7.84,1.00,3,228.05,
Player2_Car,15.84,516.120,7.066,613.106,17.044,-2.68,0.95,2,231.23,
Player1_Car,15.86,516.348,6.378,617.789,16.423,-9.35,1.00,3,228.39,
Player2_Car,15.86,516.395,7.155,612.910,16.977,-0.38,0.96,3,231.53,
Player1_Car,15.88,516.608,6.457,617.587,16.483,-7.48,1.00,4,228.73,
Player2_Car,15.88,516.681,7.241,612.714,17.329,-2.53,0.92,3,231.89,
Player1_Car,15.90,516.877,6.542,617.391,16.615,-2.31,1.00,3,229.17,
Player2_Car,15.90,516.974,7.326,612.515,17.685,-5.41,0.88,2,232.25,
Player1_Car,15.92,517.142,6.635,617.210,16.046,-5.54,1.00,3,229.50,
Player2_Car,15.92,517.270,7.407,612.319,17.736,-4.17,0.87,3,232.57,
Player1_Car,15.94,517.403,6.726,617.020,16.123,-7.44,1.00,3,229.84,
Player2_Car,15.94,517.567,7.500,612.133,17.651,-6.27,0.88,2,232.94,
Player1_Car,15.96,517.666,6.816,616.831,16.204,-7.42,1.00,4,230.27,
Player2_Car,15.96,517.868,7.588,611.947,17.691,-4.37,0.88,2,233.30,
Player1_Car,15.98,517.939,6.904,616.643,16.569,-3.98,1.00,3,230.61,
Player2_Car,15.98,518.172,7.674,611.764,17.729,-1.93,0.87,2,233.66,
Player1_Car,16.00,518.215,6.989,616.456,16.665,-4.92,1.00,4,230.96,
Player2_Car,16.00,518.468,7.772,611.602,16.953,-8.33,0.97,2,233.97,
Player1_Car,16.02,518.490,7.081,616.264,16.794,-4.93,0.98,4,231.40,
Player2_Car,16.02,518.756,7.870,611.438,16.589,-5.85,1.00,2,234.32,
Player1_Car,16.04,518.774,7.175,616.074,17.068,-3.93,0.95,4,231.75,
Player2_Car,16.04,519.042,7.963,611.276,16.390,-5.55,1.00,1,234.66,
Player1_Car,16.06,519.065,7.267,615.882,17.442,-4.52,0.91,4,232.11,
Player2_Car,16.06,519.323,8.053,611.117,16.194,-5.43,1.00,2,234.99,
Player1_Car,16.08,519.363,7.360,615.689,17.770,-5.17,0.87,4,232.48,
Player2_Car,16.08,519.605,8.149,610.966,15.949,-2.08,1.00,2,235.28,
Player1_Car,16.10,519.656,7.468,615.511,17.180,-11.35,0.94,4,232.93,
Player2_Car,16.10,519.888,8.243,610.816,16.049,-2.68,1.00,2,235.61,
Player1_Car,16.12,519.952,7.575,615.328,17.418,-8.29,0.91,4,233.30,
Player2_Car,16.12,520.173,8.334,610.664,16.151,-4.69,1.00,1,235.95,
Player1_Car,16.14,520.258,7.681,615.151,17.680,-1.52,0.88,4,233.67,
Player2_Car,16.14,520.455,8.421,610.513,15.957,-4.67,1.00,2,236.28,
Player1_Car,16.16,520.564,7.795,614.973,17.695,-0.47,0.88,4,234.13,
Player2_Car,16.16,520.739,8.506,610.364,16.041,-4.26,1.00,2,236.57,
Player1_Car,16.18,520.872,7.906,614.787,18.006,-6.28,0.84,3,234.51,
Player2_Car,16.18,521.026,8.589,610.216,16.136,-4.12,1.00,2,236.90,
Player1_Car,16.20,521.182,8.015,614.601,18.047,-8.79,0.83,2,234.88,
Player2_Car,16.20,521.315,8.669,610.069,16.232,-4.25,1.00,2,237.23,
Player1_Car,16.22,521.494,8.122,614.421,18.047,-6.98,0.83,3,235.35,
Player2_Car,16.22,521.606,8.746,609.921,16.327,-4.37,1.00,2,237.57,
Player1_Car,16.24,521.810,8.226,614.247,18.038,-4.56,0.84,3,235.72,
Player2_Car,16.24,521.899,8.821,609.773,16.412,-4.30,1.00,2,237.86,
Player1_Car,16.26,522.127,8.328,614.074,18.061,-4.20,0.83,2,236.10,
Player2_Car,16.26,522.193,8.896,609.626,16.445,-3.94,1.00,2,238.19,
Player1_Car,16.28,522.445,8.427,613.902,18.082,-5.03,0.83,3,236.56,
Player2_Car,16.28,522.489,8.968,609.479,16.536,-3.99,1.00,2,238.53,
Player1_Car,16.30,522.761,8.530,613.734,17.885,-3.57,0.85,3,236.93,
Player2_Car,16.30,522.787,9.037,609.331,16.620,-4.16,1.00,2,238.87,
Player1_Car,16.32,523.077,8.633,613.568,17.810,-2.99,0.86,3,237.30,
Player2_Car,16.32,523.080,9.114,609.184,16.396,-2.08,1.00,2,239.16,
Player1_Car,16.34,523.393,8.733,613.403,17.840,-4.18,0.86,3,237.75,
Player2_Car,16.34,523.375,9.190,609.038,16.473,-2.50,1.00,4,239.50,
Player1_Car,16.36,523.709,8.831,613.237,17.871,-4.87,0.86,4,238.12,
Player2_Car,16.36,523.677,9.263,608.889,16.859,-2.71,0.98,4,239.84,
Player1_Car,16.38,524.027,8.938,613.078,17.766,-6.92,0.87,3,238.49,
Player2_Car,16.38,523.987,9.335,608.737,17.238,-2.34,0.93,4,240.19,
Player1_Car,16.40,524.344,9.042,612.916,17.795,-5.61,0.86,3,238.86,
Player2_Car,16.40,524.303,9.407,608.584,17.598,-1.83,0.89,4,240.51,
Player1_Car,16.42,524.663,9.144,612.757,17.816,-4.02,0.86,3,239.30,
Player2_Car,16.42,524.617,9.489,608.435,17.504,-5.41,0.90,4,240.86,
Player1_Car,16.44,524.983,9.243,612.599,17.848,-3.79,0.86,4,239.67,
Player2_Car,16.44,524.935,9.569,608.281,17.752,-4.44,0.87,4,241.22,
Player1_Car,16.46,525.309,9.341,612.440,18.136,-3.08,0.82,2,240.05,
Player2_Car,16.46,525.259,9.653,608.133,17.989,-1.18,0.84,4,241.59,
Player1_Car,16.48,525.635,9.436,612.281,18.168,-3.76,0.82,3,240.49,
Player2_Car,16.48,525.568,9.754,607.991,17.277,-4.48,0.93,4,241.94,
Player1_Car,16.50,525.968,9.529,612.121,18.427,-3.11,0.79,4,240.86,
Player2_Car,16.50,525.885,9.849,607.840,17.557,-4.37,0.89,4,242.30,
Player1_Car,16.52,526.305,9.623,611.963,18.645,-1.96,0.76,3,241.25,
Player2_Car,16.52,526.210,9.943,607.692,17.867,-1.75,0.86,4,242.67,
Player1_Car,16.54,526.646,9.717,611.804,18.787,-1.42,0.75,3,241.63,
Player2_Car,16.54,526.542,10.036,607.544,18.168,-0.59,0.82,4,243.04,
Player1_Car,16.56,526.990,9.811,611.643,18.992,-1.86,0.72,4,242.03,
Player2_Car,16.56,526.878,10.127,607.391,18.451,-1.61,0.79,4,243.43,
Player1_Car,16.58,527.338,9.904,611.483,19.167,-2.29,0.70,4,242.42,
Player2_Car,16.58,527.218,10.217,607.235,18.696,-2.65,0.76,4,243.81,
Player1_Car,16.60,527.688,9.997,611.323,19.262,-2.22,0.69,4,242.81,
Player2_Car,16.60,527.561,10.308,607.082,18.791,-3.37,0.75,4,244.19,
Player1_Car,16.62,528.041,10.090,611.165,19.322,-2.66,0.68,4,243.21,
Player2_Car,16.62,527.906,10.400,606.931,18.841,-2.51,0.74,4,244.59,
Player1_Car,16.64,528.396,10.183,611.007,19.417,-2.41,0.67,4,243.60,
Player2_Car,16.64,528.252,10.495,606.783,18.837,-1.66,0.74,4,244.97,
Player1_Car,16.66,528.753,10.276,610.851,19.512,-1.67,0.66,4,244.00,
Player2_Car,16.66,528.596,10.595,606.635,18.763,-2.09,0.75,4,245.36,
Player1_Car,16.68,529.111,10.369,610.694,19.546,-1.76,0.65,4,244.41,
Player2_Car,16.68,528.943,10.694,606.486,18.880,-2.05,0.73,4,245.75,
Player1_Car,16.70,529.473,10.460,610.539,19.695,-1.63,0.64,4,244.80,
Player2_Car,16.70,529.294,10.791,606.336,19.087,-1.29,0.71,4,246.15,
Player1_Car,16.72,529.833,10.555,610.385,19.572,-2.26,0.65,4,245.21,
Player2_Car,16.72,529.647,10.889,606.188,19.130,-1.49,0.70,4,246.54,
Player1_Car,16.74,530.188,10.655,610.235,19.287,-2.96,0.69,4,245.60,
Player2_Car,16.74,530.000,10.988,606.039,19.160,-1.96,0.70,4,246.94,
Player1_Car,16.76,530.546,10.754,610.085,19.426,-1.22,0.67,4,246.00,
Player2_Car,16.76,530.357,11.086,605.889,19.339,-1.43,0.68,4,247.34,
Player1_Car,16.78,530.907,10.852,609.937,19.529,-0.50,0.66,4,246.40,
Player2_Car,16.78,530.714,11.185,605.742,19.332,-1.63,0.68,4,247.74,
Player1_Car,16.80,531.268,10.951,609.787,19.545,-1.69,0.65,4,246.80,
Player2_Car,16.80,531.072,11.285,605.594,19.374,-1.73,0.68,4,248.14,
Player1_Car,16.82,531.626,11.054,609.638,19.466,-2.44,0.66,4,247.20,
Player2_Car,16.82,531.432,11.385,605.447,19.416,-1.62,0.67,4,248.55,
Player1_Car,16.84,531.989,11.153,609.489,19.611,-1.07,0.65,4,247.60,
Player2_Car,16.84,531.794,11.483,605.300,19.576,-1.05,0.65,4,248.95,
Player1_Car,16.86,532.355,11.250,609.342,19.755,-0.13,0.63,4,248.01,
Player2_Car,16.86,532.158,11.582,605.153,19.608,-1.39,0.65,4,249.35,
Player1_Car,16.88,532.719,11.351,609.195,19.680,-1.78,0.64,4,248.42,
Player2_Car,16.88,532.521,11.681,605.006,19.602,-1.89,0.65,4,249.76,
Player1_Car,16.90,533.086,11.448,609.045,19.811,-2.11,0.62,4,248.82,
Player2_Car,16.90,532.888,11.778,604.859,19.744,-1.34,0.63,4,250.17,
Player1_Car,16.92,533.456,11.544,608.898,19.943,-0.77,0.61,4,249.23,
Player2_Car,16.92,533.257,11.874,604.713,19.859,-0.98,0.62,4,250.57,
Player1_Car,16.94,533.823,11.644,608.753,19.890,-1.04,0.61,4,249.63,
Player2_Car,16.94,533.626,11.971,604.568,19.788,-1.70,0.63,4,250.98,
Player1_Car,16.96,534.194,11.739,608.605,20.005,-1.58,0.60,4,250.04,
Player2_Car,16.96,533.996,12.067,604.422,19.911,-1.58,0.61,4,251.39,
Player1_Car,16.98,534.565,11.834,608.458,20.120,-1.49,0.59,4,250.45,
Player2_Car,16.98,534.370,12.159,604.277,20.034,-1.03,0.60,4,251.80,
Player1_Car,17.00,534.936,11.930,608.313,20.114,-1.67,0.59,4,250.86,
Player2_Car,17.00,534.742,12.254,604.133,19.970,-1.61,0.60,4,252.22,
Player1_Car,17.02,535.304,12.030,608.169,19.983,-2.30,0.60,4,251.27,
Player2_Car,17.02,535.114,12.349,603.990,19.929,-2.06,0.61,4,252.62,
Player1_Car,17.04,535.678,12.122,608.023,20.085,-1.57,0.59,4,251.67,
Player2_Car,17.04,535.489,12.441,603.847,20.042,-1.36,0.59,4,253.04,
Player1_Car,17.06,536.053,12.214,607.879,20.195,-0.89,0.58,4,252.08,
Player2_Car,17.06,535.866,12.531,603.705,20.157,-0.77,0.58,4,253.45,
Player1_Car,17.08,536.425,12.309,607.736,20.184,-1.60,0.58,4,252.49,
Player2_Car,17.08,536.244,12.620,603.563,20.185,-1.54,0.58,4,253.86,
Player1_Car,17.10,536.802,12.397,607.589,20.281,-1.91,0.57,4,252.90,
Player2_Car,17.10,536.623,12.707,603.420,20.285,-1.81,0.57,4,254.28,
Player1_Car,17.12,537.179,12.486,607.445,20.325,-1.93,0.56,4,253.31,
Player2_Car,17.12,537.003,12.794,603.279,20.250,-1.73,0.57,4,254.70,
Player1_Car,17.14,537.553,12.578,607.304,20.197,-2.41,0.58,4,253.72,
Player2_Car,17.14,537.382,12.882,603.141,20.159,-1.87,0.58,4,255.11,
Player1_Car,17.16,537.931,12.667,607.161,20.279,-1.92,0.57,4,254.13,
Player2_Car,17.16,537.763,12.968,603.002,20.251,-1.38,0.57,4,255.52,
Player1_Car,17.18,538.310,12.752,607.020,20.373,-1.37,0.56,4,254.54,
Player2_Car,17.18,538.144,13.052,602.864,20.295,-1.40,0.44,4,255.94,
Player1_Car,17.20,538.689,12.839,606.879,20.363,-1.89,0.44,4,254.95,
Player2_Car,17.20,538.525,13.137,602.727,20.247,-2.00,0.45,4,256.35,
Player1_Car,17.22,539.064,12.928,606.739,20.262,-2.78,0.45,4,255.36,
Player2_Car,17.22,538.907,13.218,602.591,20.266,-1.76,0.45,4,256.76,
Player1_Car,17.24,539.441,13.012,606.599,20.225,-2.45,0.45,4,255.77,
Player2_Car,17.24,539.288,13.299,602.457,20.192,-1.57,0.46,4,257.18,
Player1_Car,17.26,539.818,13.096,606.463,20.127,-2.03,0.46,4,256.18,
Player2_Car,17.26,539.667,13.380,602.324,20.062,-2.05,0.47,4,257.58,
Player1_Car,17.28,540.196,13.176,606.326,20.152,-1.68,0.46,4,256.59,
Player2_Car,17.28,540.045,13.460,602.192,20.014,-2.16,0.48,4,257.99,
Player1_Car,17.30,540.568,13.261,606.192,19.978,-2.56,0.48,4,256.99,
Player2_Car,17.30,540.424,13.537,602.062,20.033,-1.61,0.48,4,258.38,
Player1_Car,17.32,540.942,13.342,606.058,19.842,-2.99,0.50,4,257.39,
Player2_Car,17.32,540.803,13.612,601.933,20.067,-1.28,0.47,4,258.78,
Player1_Car,17.34,541.317,13.421,605.925,19.886,-2.01,0.49,4,257.80,
Player2_Car,17.34,541.184,13.683,601.803,20.101,-1.49,0.47,4,259.19,
Player1_Car,17.36,541.690,13.500,605.796,19.879,-1.76,0.49,4,258.22,
Player2_Car,17.36,541.558,13.761,601.677,19.760,-2.94,0.51,4,259.56,
Player1_Car,17.38,542.064,13.578,605.666,19.833,-2.34,0.50,4,258.62,
Player2_Car,17.38,541.933,13.835,601.551,19.798,-2.31,0.50,4,259.97,
Player1_Car,17.40,542.436,13.656,605.537,19.703,-2.94,0.52,4,259.02,
Player2_Car,17.40,542.311,13.906,601.428,19.858,-1.14,0.50,4,260.37,
Player1_Car,17.42,542.804,13.741,605.415,19.410,-5.78,0.55,4,259.45,
Player2_Car,17.42,542.690,13.974,601.304,19.919,-1.09,0.49,4,260.77,
Player1_Car,17.44,543.170,13.828,605.292,19.302,-3.59,0.56,4,259.84,
Player2_Car,17.44,543.064,14.045,601.182,19.702,-2.72,0.52,4,261.15,
Player1_Car,17.46,543.539,13.912,605.175,19.370,-0.76,0.56,4,260.24,
Player2_Car,17.46,543.440,14.113,601.059,19.756,-2.53,0.51,4,261.55,
Player1_Car,17.48,543.910,13.993,605.055,19.474,-0.97,0.54,2,260.63,
Player2_Car,17.48,543.818,14.178,600.940,19.821,-1.44,0.50,4,261.95,
Player1_Car,17.50,544.278,14.071,604.934,19.405,-2.35,0.55,2,261.06,
Player2_Car,17.50,544.197,14.242,600.822,19.856,-1.45,0.50,4,262.32,
Player1_Car,17.52,544.646,14.146,604.814,19.333,-3.31,0.56,2,261.45,
Player2_Car,17.52,544.577,14.302,600.703,19.916,-1.92,0.49,4,262.72,
Player1_Car,17.54,545.013,14.217,604.696,19.263,-3.63,0.57,2,261.84,
Player2_Car,17.54,544.959,14.359,600.584,19.966,-2.12,0.48,4,263.13,
Player1_Car,17.56,545.378,14.285,604.581,19.158,-3.54,0.58,2,262.26,
Player2_Car,17.56,545.332,14.425,600.470,19.533,-3.46,0.54,4,263.49,
Player1_Car,17.58,545.742,14.352,604.469,19.023,-3.28,0.60,2,262.64,
Player2_Car,17.58,545.707,14.487,600.357,19.582,-2.53,0.53,4,263.89,
Player1_Car,17.60,546.104,14.416,604.358,18.924,-3.20,0.61,2,263.03,
Player2_Car,17.60,546.085,14.546,600.246,19.661,-1.29,0.52,4,264.29,
Player1_Car,17.62,546.465,14.477,604.249,18.872,-3.41,0.62,2,263.41,
Player2_Car,17.62,546.463,14.603,600.135,19.741,-1.43,0.51,4,264.69,
Player1_Car,17.64,546.825,14.534,604.140,18.824,-3.67,0.62,2,263.82,
Player2_Car,17.64,546.838,14.662,600.025,19.546,-3.65,0.53,4,265.05,
Player1_Car,17.66,547.184,14.590,604.033,18.716,-3.62,0.63,2,264.20,
Player2_Car,17.66,547.215,14.719,599.915,19.614,-3.31,0.53,4,265.45,
Player1_Car,17.68,547.542,14.642,603.927,18.673,-3.68,0.64,2,264.57,
Player2_Car,17.68,547.594,14.772,599.810,19.675,-1.79,0.52,4,265.85,
Player1_Car,17.70,547.898,14.692,603.823,18.596,-3.70,0.65,2,264.97,
Player2_Car,17.70,547.971,14.827,599.706,19.579,-1.53,0.53,4,266.22,
Player1_Car,17.72,548.252,14.742,603.719,18.513,-3.59,0.66,2,265.35,
Player2_Car,17.72,548.350,14.879,599.601,19.644,-2.12,0.52,4,266.61,
Player1_Car,17.74,548.604,14.789,603.616,18.422,-3.40,0.67,2,265.72,
Player2_Car,17.74,548.729,14.929,599.496,19.667,-2.92,0.52,4,267.01,
Player1_Car,17.76,548.958,14.831,603.515,18.394,-3.59,0.67,4,266.09,
Player2_Car,17.76,549.108,14.978,599.394,19.632,-3.11,0.52,4,267.40,
Player1_Car,17.78,549.313,14.873,603.415,18.526,-2.32,0.66,4,266.49,
Player2_Car,17.78,549.481,15.035,599.297,19.323,-3.83,0.56,4,267.77,
Player1_Car,17.80,549.671,14.914,603.317,18.646,-1.45,0.64,4,266.86,
Player2_Car,17.80,549.857,15.087,599.200,19.398,-2.63,0.55,4,268.16,
Player1_Car,17.82,550.032,14.952,603.217,18.733,-2.66,0.63,4,267.24,
Player2_Car,17.82,550.235,15.137,599.105,19.496,-1.64,0.54,4,268.55,
Player1_Car,17.84,550.385,15.002,603.118,18.342,-4.70,0.68,4,267.63,
Player2_Car,17.84,550.615,15.183,599.009,19.578,-2.07,0.53,4,268.92,
Player1_Car,17.86,550.737,15.054,603.023,18.351,-4.09,0.68,4,268.00,
Player2_Car,17.86,550.996,15.226,598.913,19.666,-2.76,0.52,4,269.31,
Player1_Car,17.88,551.093,15.105,602.933,18.399,-2.75,0.67,4,268.37,
Player2_Car,17.88,551.378,15.268,598.819,19.669,-3.17,0.52,4,269.71,
Player1_Car,17.90,551.453,15.152,602.841,18.580,-2.02,0.65,4,268.75,
Player2_Car,17.90,551.760,15.311,598.729,19.585,-3.24,0.53,4,270.10,
Player1_Car,17.92,551.815,15.197,602.748,18.725,-2.83,0.63,4,269.15,
Player2_Car,17.92,552.135,15.360,598.642,19.331,-3.82,0.56,4,270.47,
Player1_Car,17.94,552.177,15.244,602.656,18.775,-3.92,0.63,4,269.53,
Player2_Car,17.94,552.514,15.404,598.555,19.411,-2.78,0.55,4,270.86,
Player1_Car,17.96,552.544,15.285,602.565,18.925,-3.34,0.61,4,269.91,
Player2_Car,17.96,552.895,15.445,598.471,19.509,-1.94,0.54,4,271.25,
Player1_Car,17.98,552.911,15.328,602.477,18.937,-3.10,0.61,4,270.32,
Player2_Car,17.98,553.277,15.484,598.386,19.557,-2.59,0.53,4,271.62,
Player1_Car,18.00,553.278,15.374,602.391,18.922,-3.53,0.61,4,270.70,
Player2_Car,18.00,553.655,15.527,598.303,19.388,-4.03,0.55,4,272.01,
Player1_Car,18.02,553.644,15.419,602.306,18.943,-3.82,0.61,4,271.08,
Player2_Car,18.02,554.036,15.566,598.221,19.471,-3.29,0.54,4,272.40,
Player1_Car,18.04,554.016,15.458,602.222,19.077,-3.10,0.59,4,271.46,
Player2_Car,18.04,554.420,15.601,598.144,19.562,-2.07,0.53,4,272.79,
Player1_Car,18.06,554.388,15.499,602.140,19.151,-3.12,0.58,4,271.87,
Player2_Car,18.06,554.802,15.638,598.067,19.492,-2.78,0.54,4,273.16,
Player1_Car,18.08,554.759,15.541,602.059,19.120,-3.91,0.59,4,272.25,
Player2_Car,18.08,555.186,15.671,597.990,19.577,-3.14,0.65,4,273.55,
Player1_Car,18.10,555.135,15.576,601.978,19.237,-3.54,0.69,4,272.64,
Player2_Car,18.10,555.570,15.704,597.916,19.556,-3.20,0.65,4,273.94,
Player1_Car,18.12,555.509,15.614,601.901,19.255,-3.44,0.69,4,273.05,
Player2_Car,18.12,555.954,15.737,597.844,19.561,-3.35,0.65,4,274.33,
Player1_Car,18.14,555.884,15.654,601.825,19.253,-4.00,0.69,4,273.44,
Player2_Car,18.14,556.336,15.776,597.774,19.435,-3.98,0.67,4,274.69,
Player1_Car,18.16,556.260,15.693,601.750,19.309,-4.15,0.68,4,273.82,
Player2_Car,18.16,556.721,15.810,597.705,19.589,-3.05,0.65,4,275.08,
Player1_Car,18.18,556.643,15.726,601.676,19.486,-3.24,0.66,4,274.21,
Player2_Car,18.18,557.111,15.841,597.639,19.750,-2.21,0.63,4,275.48,
Player1_Car,18.20,557.026,15.760,601.605,19.606,-3.20,0.65,4,274.65,
Player2_Car,18.20,557.502,15.870,597.572,19.827,-2.88,0.62,4,275.84,
Player1_Car,18.22,557.409,15.796,601.534,19.655,-3.98,0.64,4,275.04,
Player2_Car,18.22,557.895,15.897,597.506,19.959,-3.25,0.60,4,276.24,
Player1_Car,18.24,557.799,15.824,601.464,19.806,-3.75,0.62,4,275.43,
Player2_Car,18.24,558.290,15.921,597.442,20.016,-3.07,0.60,4,276.64,
Player1_Car,18.26,558.187,15.856,601.398,19.841,-3.77,0.62,4,275.87,
Player2_Car,18.26,558.676,15.966,597.387,19.491,-5.66,0.66,4,277.03,
Player1_Car,18.28,558.574,15.889,601.333,19.806,-4.23,0.62,4,276.27,
Player2_Car,18.28,559.063,16.009,597.329,19.546,-4.28,0.65,4,277.39,
Player1_Car,18.30,558.966,15.916,601.269,19.937,-3.69,0.61,4,276.67,
Player2_Car,18.30,559.453,16.048,597.276,19.691,-1.89,0.64,3,277.79,
Player1_Car,18.32,559.359,15.943,601.207,20.047,-3.33,0.59,4,277.11,
Player2_Car,18.32,559.847,16.084,597.222,19.848,-1.66,0.62,2,278.19,
Player1_Car,18.34,559.750,15.973,601.147,19.966,-4.33,0.60,4,277.51,
Player2_Car,18.34,560.239,16.116,597.168,19.802,-2.84,0.62,2,278.55,
Player1_Car,18.36,560.142,16.003,601.088,19.970,-4.64,0.60,4,277.90,
Player2_Car,18.36,560.630,16.144,597.114,19.750,-3.79,0.63,2,278.94,
Player1_Car,18.38,560.538,16.025,601.032,20.086,-3.52,0.59,4,278.30,
Player2_Car,18.38,561.020,16.170,597.062,19.682,-4.13,0.64,2,279.34,
Player1_Car,18.40,560.932,16.052,600.978,20.028,-3.73,0.60,4,278.75,
Player2_Car,18.40,561.409,16.194,597.012,19.596,-4.08,0.65,2,279.73,
Player1_Car,18.42,561.326,16.079,600.925,19.980,-4.36,0.60,4,279.14,
Player2_Car,18.42,561.796,16.216,596.964,19.502,-3.94,0.66,2,280.09,
Player1_Car,18.44,561.724,16.100,600.873,20.095,-3.63,0.59,4,279.55,
Player2_Car,18.44,562.182,16.236,596.919,19.439,-3.89,0.67,2,280.48,
Player1_Car,18.46,562.120,16.125,600.825,20.008,-3.87,0.60,4,279.99,
Player2_Car,18.46,562.568,16.252,596.874,19.400,-3.96,0.67,2,280.87,
Player1_Car,18.48,562.515,16.150,600.778,19.964,-4.09,0.60,4,280.39,
Player2_Car,18.48,562.953,16.265,596.832,19.363,-4.04,0.68,2,281.26,
Player1_Car,18.50,562.912,16.173,600.732,19.969,-3.76,0.60,4,280.79,
Player2_Car,18.50,563.335,16.277,596.790,19.271,-4.00,0.69,2,281.61,
Player1_Car,18.52,563.311,16.193,600.689,20.088,-2.80,0.59,4,281.19,
Player2_Car,18.52,563.718,16.286,596.749,19.218,-3.97,0.69,3,281.99,
Player1_Car,18.54,563.709,16.216,600.648,19.991,-3.51,0.60,4,281.64,
Player2_Car,18.54,564.104,16.292,596.712,19.392,-2.51,0.67,4,282.38,
Player1_Car,18.56,564.106,16.239,600.608,19.967,-3.90,0.60,4,282.04,
Player2_Car,18.56,564.494,16.294,596.675,19.573,-1.69,0.65,4,282.74,
Player1_Car,18.58,564.506,16.259,600.570,20.084,-2.87,0.59,4,282.44,
Player2_Car,18.58,564.882,16.299,596.638,19.536,-1.66,0.66,4,283.13,
Player1_Car,18.60,564.905,16.280,600.535,20.018,-2.96,0.60,4,282.88,
Player2_Car,18.60,565.265,16.314,596.601,19.240,-4.44,0.69,4,283.52,
Player1_Car,18.62,565.303,16.303,600.501,19.965,-3.48,0.60,4,283.28,
Player2_Car,18.62,565.648,16.331,596.566,19.206,-4.72,0.70,4,283.90,
Player1_Car,18.64,565.701,16.325,600.468,19.979,-3.21,0.60,4,283.68,
Player2_Car,18.64,566.031,16.350,596.536,19.220,-2.96,0.69,4,284.26,
Player1_Car,18.66,566.102,16.344,600.438,20.098,-2.19,0.59,4,284.09,
Player2_Car,18.66,566.411,16.374,596.509,19.145,-2.56,0.70,4,284.64,
Player1_Car,18.68,566.500,16.366,600.409,19.981,-2.99,0.60,4,284.53,
Player2_Car,18.68,566.797,16.393,596.480,19.330,-2.18,0.68,4,285.03,
Player1_Car,18.70,566.898,16.389,600.380,19.959,-3.37,0.60,4,284.93,
Player2_Car,18.70,567.186,16.409,596.451,19.494,-2.18,0.66,4,285.42,
Player1_Car,18.72,567.299,16.408,600.353,20.077,-2.30,0.59,4,285.33,
Player2_Car,18.72,567.574,16.428,596.422,19.484,-3.01,0.66,4,285.78,
Player1_Car,18.74,567.698,16.429,600.329,20.011,-2.39,0.60,4,285.77,
Player2_Car,18.74,567.960,16.452,596.396,19.408,-3.65,0.67,4,286.16,
Player1_Car,18.76,568.096,16.451,600.304,19.969,-2.92,0.60,4,286.17,
Player2_Car,18.76,568.350,16.470,596.371,19.567,-2.27,0.65,4,286.55,
Player1_Car,18.78,568.495,16.473,600.281,19.979,-2.73,0.60,4,286.57,
Player2_Car,18.78,568.742,16.487,596.348,19.641,-1.68,0.64,4,286.95,
Player1_Car,18.80,568.889,16.506,600.261,19.709,-0.80,0.63,4,286.97,
Player2_Car,18.80,569.132,16.509,596.325,19.569,-2.80,0.65,4,287.31,
Player1_Car,18.82,569.283,16.538,600.242,19.742,-1.65,0.63,4,287.40,
Player2_Car,18.82,569.523,16.529,596.302,19.607,-3.04,0.65,4,287.70,
Player1_Car,18.84,569.680,16.568,600.220,19.870,-2.34,0.62,4,287.80,
Player2_Car,18.84,569.917,16.547,596.281,19.719,-2.02,0.63,4,288.09,
Player1_Car,18.86,570.080,16.593,600.201,20.008,-1.82,0.60,3,288.20,
Player2_Car,18.86,570.311,16.565,596.262,19.728,-1.88,0.63,4,288.49,
Player1_Car,18.88,570.481,16.618,600.184,20.066,-1.83,0.59,3,288.63,
Player2_Car,18.88,570.704,16.586,596.242,19.706,-2.53,0.64,4,288.86,
Player1_Car,18.90,570.884,16.639,600.167,20.166,-1.68,0.58,2,289.04,
Player2_Car,18.90,571.099,16.606,596.223,19.737,-2.54,0.63,4,289.25,
Player1_Car,18.92,571.285,16.657,600.151,20.096,-0.76,0.59,2,289.44,
Player2_Car,18.92,571.494,16.625,596.206,19.777,-2.04,0.63,4,289.65,
Player1_Car,18.94,571.684,16.672,600.136,19.975,-0.55,0.60,3,289.84,
Player2_Car,18.94,571.889,16.644,596.190,19.797,-1.88,0.62,4,290.05,
Player1_Car,18.96,572.084,16.688,600.121,19.987,-1.97,0.60,4,290.24,
Player2_Car,18.96,572.285,16.664,596.174,19.790,-2.16,0.63,4,290.44,
Player1_Car,18.98,572.484,16.701,600.108,20.052,-2.22,0.59,4,290.64,
Player2_Car,18.98,572.681,16.683,596.158,19.817,-2.15,0.62,4,290.84,
Player1_Car,19.00,572.887,16.711,600.097,20.141,-1.55,0.58,4,291.04,
Player2_Car,19.00,573.077,16.703,596.144,19.838,-1.95,0.62,4,291.23,
Player1_Car,19.02,573.291,16.720,600.088,20.194,-1.43,0.58,4,291.45,
Player2_Car,19.02,573.474,16.722,596.131,19.846,-1.87,0.62,4,291.63,
Player1_Car,19.04,573.690,16.734,600.079,20.002,-2.02,0.60,4,291.85,
Player2_Car,19.04,573.871,16.742,596.118,19.851,-1.92,0.62,4,292.03,
Player1_Car,19.06,574.087,16.753,600.070,19.829,-2.23,0.62,4,292.24,
Player2_Car,19.06,574.268,16.762,596.106,19.863,-1.90,0.62,4,292.42,
Player1_Car,19.08,574.483,16.773,600.062,19.804,-1.76,0.62,4,292.64,
Player2_Car,19.08,574.665,16.782,596.094,19.874,-1.81,0.62,4,292.82,
Player1_Car,19.10,574.879,16.792,600.055,19.806,-1.37,0.62,4,293.04,
Player2_Car,19.10,575.063,16.802,596.083,19.884,-1.75,0.61,4,293.22,
Player1_Car,19.12,575.275,16.812,600.047,19.821,-1.41,0.62,4,293.43,
Player2_Car,19.12,575.460,16.821,596.073,19.893,-1.73,0.61,4,293.62,
Player1_Car,19.14,575.672,16.832,600.039,19.836,-1.60,0.62,4,293.83,
Player2_Car,19.14,575.858,16.841,596.063,19.902,-1.71,0.61,4,294.02,
Player1_Car,19.16,576.069,16.852,600.031,19.850,-1.62,0.62,4,294.23,
Player2_Car,19.16,576.256,16.861,596.054,19.910,-1.68,0.61,4,294.42,
Player1_Car,19.18,576.466,16.872,600.025,19.863,-1.49,0.62,4,294.63,
Player2_Car,19.18,576.655,16.881,596.046,19.917,-1.64,0.61,4,294.81,
Player1_Car,19.20,576.863,16.892,600.018,19.874,-1.41,0.62,4,295.02,
Player2_Car,19.20,577.053,16.901,596.037,19.923,-1.60,0.61,4,295.21,
Player1_Car,19.22,577.261,16.912,600.012,19.885,-1.42,0.61,4,295.42,
Player2_Car,19.22,577.451,16.921,596.030,19.930,-1.58,0.61,4,295.61,
Player1_Car,19.24,577.659,16.931,600.006,19.894,-1.45,0.61,4,295.82,
Player2_Car,19.24,577.850,16.941,596.022,19.935,-1.55,0.61,4,296.01,
Player1_Car,19.26,578.057,16.951,600.001,19.903,-1.43,0.61,4,296.22,
Player2_Car,19.26,578.249,16.961,596.015,19.940,-1.53,0.61,4,296.41,
Player1_Car,19.28,578.455,16.971,599.996,19.911,-1.38,0.61,4,296.62,
Player2_Car,19.28,578.648,16.981,596.009,19.945,-1.50,0.61,4,296.81,
Player1_Car,19.30,578.853,16.991,599.991,19.918,-1.35,0.61,4,297.02,
Player2_Car,19.30,579.047,17.001,596.003,19.949,-1.47,0.61,4,297.21,
Player1_Car,19.32,579.252,17.011,599.986,19.925,-1.35,0.61,4,297.41,
Player2_Car,19.32,579.446,17.021,595.997,19.953,-1.45,0.61,4,297.61,
Player1_Car,19.34,579.650,17.031,599.981,19.931,-1.34,0.61,4,297.81,
Player2_Car,19.34,579.845,17.041,595.991,19.956,-1.43,0.61,4,298.01,
Player1_Car,19.36,580.049,17.051,599.977,19.937,-1.32,0.61,4,298.21,
Player2_Car,19.36,580.244,17.061,595.986,19.959,-1.41,0.60,4,298.41,
Player1_Car,19.38,580.448,17.071,599.973,19.942,-1.30,0.61,4,298.61,
Player2_Car,19.38,580.643,17.081,595.981,19.962,-1.39,0.60,4,298.81,
Player1_Car,19.40,580.846,17.091,599.970,19.946,-1.29,0.61,4,299.01,
Player2_Car,19.40,581.042,17.101,595.977,19.965,-1.37,0.60,4,299.21,
Player1_Car,19.42,581.245,17.111,599.966,19.950,-1.28,0.61,4,299.41,
Player2_Car,19.42,581.442,17.121,595.973,19.967,-1.35,0.60,4,299.61,
Player1_Car,19.44,581.644,17.131,599.963,19.954,-1.27,0.61,4,299.81,
Player2_Car,19.44,581.841,17.140,595.969,19.969,-1.33,0.60,4,300.01,
Player1_Car,19.46,582.044,17.151,599.960,19.958,-1.25,0.61,4,300.21,
Player2_Car,19.46,582.240,17.160,595.965,19.972,-1.32,0.60,4,300.41,
Player1_Car,19.48,582.443,17.171,599.957,19.961,-1.24,0.60,4,300.61,
Player2_Car,19.48,582.640,17.180,595.962,19.973,-1.30,0.60,4,300.81,
Player1_Car,19.50,582.842,17.191,599.954,19.964,-1.23,0.60,4,301.01,
Player2_Car,19.50,583.039,17.200,595.958,19.975,-1.29,0.60,4,301.21,
Player1_Car,19.52,583.241,17.211,599.952,19.966,-1.22,0.60,4,301.41,
Player2_Car,19.52,583.439,17.220,595.955,19.977,-1.27,0.60,4,301.61,
Player1_Car,19.54,583.641,17.231,599.949,19.969,-1.21,0.60,4,301.81,
Player2_Car,19.54,583.838,17.240,595.952,19.978,-1.26,0.60,4,302.01,
Player1_Car,19.56,584.040,17.250,599.947,19.971,-1.20,0.60,4,302.21,
Player2_Car,19.56,584.238,17.260,595.950,19.979,-1.24,0.60,4,302.41,
Player1_Car,19.58,584.439,17.270,599.945,19.973,-1.19,0.60,4,302.61,
Player2_Car,19.58,584.638,17.280,595.947,19.980,-1.23,0.60,4,302.81,
Player1_Car,19.60,584.839,17.290,599.943,19.975,-1.18,0.60,4,303.01,
Player2_Car,19.60,585.037,17.300,595.945,19.982,-1.22,0.60,4,303.21,
Player1_Car,19.62,585.238,17.310,599.941,19.976,-1.17,0.60,4,303.41,
Player2_Car,19.62,585.437,17.320,595.943,19.983,-1.21,0.60,4,303.61,
Player1_Car,19.64,585.638,17.330,599.939,19.978,-1.17,0.60,4,303.81,
Player2_Car,19.64,585.837,17.340,595.940,19.983,-1.20,0.60,4,304.01,
Player1_Car,19.66,586.037,17.350,599.937,19.979,-1.16,0.60,4,304.21,
Player2_Car,19.66,586.236,17.360,595.939,19.984,-1.19,0.60,4,304.41,
Player1_Car,19.68,586.437,17.370,599.936,19.980,-1.15,0.60,4,304.61,
Player2_Car,19.68,586.636,17.380,595.937,19.985,-1.18,0.60,4,304.81,
Player1_Car,19.70,586.837,17.390,599.934,19.981,-1.14,0.60,4,305.01,
Player2_Car,19.70,587.036,17.400,595.935,19.986,-1.17,0.60,4,305.21,
Player1_Car,19.72,587.236,17.410,599.933,19.982,-1.14,0.60,4,305.41,
Player2_Car,19.72,587.435,17.420,595.934,19.986,-1.16,0.60,4,305.61,
Player1_Car,19.74,587.636,17.430,599.932,19.983,-1.13,0.60,4,305.81,
Player2_Car,19.74,587.835,17.440,595.932,19.987,-1.15,0.60,4,306.01,
Player1_Car,19.76,588.036,17.450,599.931,19.984,-1.12,0.60,4,306.21,
Player2_Car,19.76,588.235,17.460,595.931,19.988,-1.15,0.60,4,306.41,
Player1_Car,19.78,588.435,17.470,599.929,19.985,-1.12,0.60,4,306.61,
Player2_Car,19.78,588.635,17.480,595.930,19.988,-1.14,0.60,4,306.81,
Player1_Car,19.80,588.835,17.490,599.928,19.986,-1.11,0.60,4,307.01,
Player2_Car,19.80,589.034,17.500,595.928,19.988,-1.13,0.60,4,307.21,
Player1_Car,19.82,589.235,17.510,599.927,19.986,-1.11,0.60,4,307.41,
Player2_Car,19.82,589.434,17.520,595.927,19.989,-1.13,0.60,4,307.61,
Player1_Car,19.84,589.634,17.530,599.927,19.987,-1.10,0.60,4,307.81,
Player2_Car,19.84,589.834,17.540,595.926,19.989,-1.12,0.60,4,308.01,
Player1_Car,19.86,590.034,17.550,599.926,19.987,-1.10,0.60,4,308.21,
Player2_Car,19.86,590.234,17.560,595.925,19.990,-1.11,0.60,4,308.41,
Player1_Car,19.88,590.434,17.570,599.925,19.988,-1.09,0.60,4,308.61,
Player2_Car,19.88,590.633,17.580,595.925,19.990,-1.11,0.60,4,308.81,
Player1_Car,19.90,590.834,17.590,599.924,19.988,-1.09,0.60,4,309.01,
Player2_Car,19.90,591.033,17.600,595.924,19.990,-1.10,0.60,4,309.21,
Player1_Car,19.92,591.233,17.610,599.924,19.989,-1.09,0.60,4,309.41,
Player2_Car,19.92,591.433,17.620,595.923,19.990,-1.10,0.60,4,309.61,
Player1_Car,19.94,591.633,17.630,599.923,19.989,-1.08,0.60,4,309.81,
Player2_Car,19.94,591.833,17.640,595.922,19.991,-1.09,0.60,4,310.01,
Player1_Car,19.96,592.033,17.650,599.922,19.990,-1.08,0.60,4,310.21,
Player2_Car,19.96,592.233,17.660,595.922,19.991,-1.09,0.60,4,310.41,
Player1_Car,19.98,592.433,17.670,599.922,19.990,-1.07,0.60,4,310.61,
Player2_Car,19.98,592.633,17.680,595.921,19.991,-1.09,0.60,4,310.81,
Player1_Car,20.00,592.832,17.690,599.921,19.990,-1.07,0.60,4,311.01,
Player2_Car,20.00,593.032,17.700,595.921,19.991,-1.08,0.60,4,311.21,
Player1_Car,20.02,593.232,17.710,599.921,19.991,-1.07,0.60,4,311.41,
Player2_Car,20.02,593.432,17.720,595.920,19.992,-1.08,0.60,4,311.61,
Player1_Car,20.04,593.632,17.730,599.920,19.991,-1.07,0.60,4,311.81,
Player2_Car,20.04,593.832,17.740,595.920,19.992,-1.08,0.60,4,312.01,
Player1_Car,20.06,594.032,17.750,599.920,19.991,-1.06,0.60,4,312.21,
Player2_Car,20.06,594.232,17.760,595.919,19.992,-1.07,0.60,4,312.41,
Player1_Car,20.08,594.432,17.770,599.920,19.991,-1.06,0.60,4,312.61,
Player2_Car,20.08,594.632,17.780,595.919,19.992,-1.07,0.60,4,312.81,
Player1_Car,20.10,594.831,17.790,599.919,19.992,-1.06,0.60,4,313.01,
Player2_Car,20.10,595.032,17.800,595.919,19.992,-1.07,0.60,4,313.21,
Player1_Car,20.12,595.231,17.810,599.919,19.992,-1.06,0.60,4,313.41,
Player2_Car,20.12,595.431,17.820,595.918,19.992,-1.06,0.60,4,313.61,
Player1_Car,20.14,595.631,17.830,599.919,19.992,-1.06,0.60,4,313.81,
Player2_Car,20.14,595.831,17.840,595.918,19.992,-1.06,0.60,4,314.02,
Player1_Car,20.16,596.031,17.850,599.919,19.992,-1.05,0.60,4,314.21,
Player2_Car,20.16,596.231,17.860,595.918,19.992,-1.06,0.60,4,314.42,
Player1_Car,20.18,596.431,17.870,599.918,19.992,-1.05,0.60,4,314.62,
Player2_Car,20.18,596.631,17.880,595.918,19.993,-1.06,0.60,4,314.82,
Player1_Car,20.20,596.831,17.890,599.918,19.992,-1.05,0.60,4,315.02,
Player2_Car,20.20,597.031,17.900,595.917,19.993,-1.06,0.60,4,315.22,
Player1_Car,20.22,597.230,17.910,599.918,19.992,-1.05,0.60,4,315.42,
Player2_Car,20.22,597.431,17.920,595.917,19.993,-1.06,0.60,4,315.62,
Player1_Car,20.24,597.630,17.930,599.918,19.993,-1.05,0.60,4,315.82,
Player2_Car,20.24,597.830,17.940,595.917,19.993,-1.05,0.60,4,316.02,
Player1_Car,20.26,598.030,17.950,599.918,19.993,-1.04,0.60,4,316.22,
Player2_Car,20.26,598.230,17.960,595.917,19.993,-1.05,0.60,4,316.42,
Player1_Car,20.28,598.430,17.970,599.918,19.993,-1.04,0.60,4,316.62,
Player2_Car,20.28,598.630,17.980,595.917,19.993,-1.05,0.60,4,316.82,
Player1_Car,20.30,598.830,17.990,599.917,19.993,-1.04,0.60,4,317.02,
Player2_Car,20.30,599.030,18.000,595.917,19.993,-1.05,0.60,4,317.22,
Player1_Car,20.32,599.230,18.010,599.917,19.993,-1.04,0.60,4,317.42,
Player2_Car,20.32,599.430,18.020,595.917,19.993,-1.05,0.60,4,317.62,
Player1_Car,20.34,599.630,18.030,599.917,19.993,-1.04,0.60,4,317.82,
Player2_Car,20.34,599.830,18.040,595.917,19.993,-1.05,0.60,4,318.02,
Player1_Car,20.36,600.029,18.050,599.917,19.993,-1.04,0.60,4,318.22,
Player2_Car,20.36,600.230,18.060,595.917,19.993,-1.05,0.60,4,318.42,
Player1_Car,20.38,600.429,18.070,599.917,19.993,-1.04,0.60,4,318.62,
Player2_Car,20.38,600.629,18.080,595.916,19.993,-1.05,0.60,4,318.82,
Player1_Car,20.40,600.829,18.090,599.917,19.993,-1.03,0.60,4,319.02,
Player2_Car,20.40,601.029,18.100,595.916,19.993,-1.04,0.60,4,319.22,
Player1_Car,20.42,601.229,18.110,599.917,19.993,-1.03,0.60,4,319.42,
Player2_Car,20.42,601.429,18.120,595.916,19.993,-1.04,0.60,4,319.62,
Player1_Car,20.44,601.629,18.130,599.917,19.993,-1.03,0.60,4,319.82,
Player2_Car,20.44,601.829,18.140,595.916,19.993,-1.04,0.60,4,320.02,
Player1_Car,20.46,602.029,18.150,599.917,19.993,-1.03,0.60,4,320.22,
Player2_Car,20.46,602.229,18.160,595.916,19.993,-1.04,0.60,4,320.42,
Player1_Car,20.48,602.428,18.170,599.917,19.993,-1.02,0.60,4,320.62,
Player2_Car,20.48,602.629,18.180,595.916,19.993,-1.04,0.60,4,320.82,
Player1_Car,20.50,602.828,18.190,599.917,19.993,-1.02,0.60,4,321.02,
Player2_Car,20.50,603.028,18.200,595.916,19.993,-1.04,0.60,4,321.22,
Player1_Car,20.52,603.228,18.210,599.917,19.994,-1.02,0.60,4,321.42,
Player2_Car,20.52,603.428,18.220,595.916,19.993,-1.04,0.60,4,321.62,
Player1_Car,20.54,603.628,18.230,599.917,19.993,-1.02,0.60,4,321.82,
Player2_Car,20.54,603.828,18.240,595.917,19.993,-1.04,0.60,4,322.02,
Player1_Car,20.56,604.028,18.250,599.917,19.994,-1.01,0.60,4,322.22,
Player2_Car,20.56,604.228,18.260,595.917,19.993,-1.03,0.60,4,322.42,
Player1_Car,20.58,604.428,18.270,599.917,19.994,-1.01,0.60,2,322.62,
Player2_Car,20.58,604.628,18.280,595.917,19.993,-1.03,0.60,2,322.82,
Player1_Car,20.60,604.821,18.288,599.916,19.675,-0.87,0.64,2,323.02,
Player2_Car,20.60,605.021,18.298,595.916,19.675,-0.89,0.64,2,323.22,
Player1_Car,20.62,605.208,18.305,599.915,19.360,-0.84,0.68,2,323.40,
Player2_Car,20.62,605.408,18.315,595.915,19.360,-0.85,0.68,2,323.60,
Player1_Car,20.64,605.589,18.320,599.915,19.047,-0.82,0.71,2,323.78,
Player2_Car,20.64,605.789,18.330,595.914,19.047,-0.83,0.71,2,323.99,
Player1_Car,20.66,605.964,18.334,599.914,18.737,-0.81,0.75,2,324.16,
Player2_Car,20.66,606.164,18.344,595.914,18.737,-0.83,0.75,2,324.28,
Player1_Car,20.68,606.333,18.346,599.913,18.429,-0.81,0.79,2,324.45,
Player2_Car,20.68,606.533,18.357,595.913,18.429,-0.82,0.79,2,324.65,
Player1_Car,20.70,606.695,18.357,599.913,18.124,-0.80,0.83,2,324.81,
Player2_Car,20.70,606.895,18.367,595.913,18.124,-0.81,0.83,2,325.00,
Player1_Car,20.72,607.052,18.367,599.912,17.822,0.00,0.00,0,325.16,
Player2_Car,20.72,607.252,18.377,595.912,17.822,0.00,0.00,0,325.35,
Player1_Car,20.74,607.408,18.373,599.912,17.811,0.00,0.00,0,325.51,
Player2_Car,20.74,607.608,18.383,595.912,17.811,0.00,0.00,0,325.70,
Player1_Car,20.76,607.764,18.374,599.911,17.800,0.00,0.00,0,325.86,
Player2_Car,20.76,607.964,18.384,595.911,17.801,0.00,0.00,0,326.05,
Player1_Car,20.78,608.119,18.372,599.911,17.789,0.00,0.00,0,326.21,
Player2_Car,20.78,608.320,18.382,595.911,17.790,0.00,0.00,0,326.40,
Player1_Car,20.80,608.475,18.366,599.910,17.779,0.00,0.00,0,326.56,
Player2_Car,20.80,608.675,18.376,595.910,17.779,0.00,0.00,0,326.76,
Player1_Car,20.82,608.830,18.356,599.910,17.768,0.00,0.00,0,326.91,
Player2_Car,20.82,609.031,18.366,595.910,17.769,0.00,0.00,0,327.11,
Player1_Car,20.84,609.186,18.342,599.909,17.757,0.00,0.00,0,327.26,
Player2_Car,20.84,609.386,18.352,595.909,17.758,0.00,0.00,0,327.46,
Player1_Car,20.86,609.541,18.324,599.909,17.747,0.00,0.00,0,327.62,
Player2_Car,20.86,609.741,18.334,595.909,17.747,0.00,0.00,0,327.81,
Player1_Car,20.88,609.895,18.302,599.908,17.736,0.00,0.00,0,327.97,
Player2_Car,20.88,610.095,18.312,595.908,17.737,0.00,0.00,0,328.17,
Player1_Car,20.90,610.250,18.276,599.908,17.726,0.00,0.00,0,328.33,
Player2_Car,20.90,610.450,18.286,595.908,17.726,0.00,0.00,0,328.52,
Player1_Car,20.92,610.604,18.247,599.908,17.715,0.00,0.00,0,328.68,
Player2_Car,20.92,610.804,18.257,595.907,17.715,0.00,0.00,0,328.88,
Player1_Car,20.94,610.958,18.213,599.907,17.704,0.00,0.00,0,329.03,
Player2_Car,20.94,611.158,18.223,595.907,17.705,0.00,0.00,0,329.23,
Player1_Car,20.96,611.312,18.175,599.907,17.694,0.00,0.00,0,329.39,
Player2_Car,20.96,611.512,18.185,595.906,17.694,0.00,0.00,0,329.59,
Player1_Car,20.98,611.666,18.134,599.906,17.683,0.00,0.00,0,329.75,
Player2_Car,20.98,611.866,18.144,595.906,17.683,0.00,0.00,0,329.94,
Player1_Car,21.00,612.019,18.089,599.906,17.672,0.00,0.00,0,330.10,
Player2_Car,21.00,612.219,18.099,595.905,17.673,0.00,0.00,0,330.30,
Player1_Car,21.02,612.372,18.039,599.905,17.662,0.00,0.00,0,330.46,
Player2_Car,21.02,612.573,18.049,595.905,17.662,0.00,0.00,0,330.65,
Player1_Car,21.04,612.725,17.986,599.905,17.651,0.00,0.00,0,330.82,
Player2_Car,21.04,612.926,17.996,595.904,17.652,0.00,0.00,0,331.01,
Player1_Car,21.06,613.078,17.929,599.904,17.641,0.00,0.00,0,331.17,
Player2_Car,21.06,613.278,17.939,595.904,17.641,0.00,0.00,0,331.37,
Player1_Car,21.08,613.431,17.868,599.904,17.630,0.00,0.00,0,331.53,
Player2_Car,21.08,613.631,17.878,595.903,17.630,0.00,0.00,0,331.73,
Player1_Car,21.10,613.783,17.803,599.904,17.619,0.00,0.00,0,331.89,
Player2_Car,21.10,613.983,17.813,595.903,17.620,0.00,0.00,0,332.08,
Player1_Car,21.12,614.135,17.734,599.903,17.609,0.00,0.00,0,332.25,
Player2_Car,21.12,614.336,17.744,595.902,17.609,0.00,0.00,0,332.44,
Player1_Car,21.14,614.487,17.661,599.903,17.598,0.00,0.00,0,332.61,
Player2_Car,21.14,614.688,17.671,595.902,17.599,0.00,0.00,0,332.80,
Player1_Car,21.16,614.839,17.584,599.902,17.588,0.00,0.00,0,332.97,
Player2_Car,21.16,615.039,17.594,595.901,17.588,0.00,0.00,0,333.16,
Player1_Car,21.18,615.191,17.503,599.902,17.577,0.00,0.00,0,333.33,
Player2_Car,21.18,615.391,17.514,595.901,17.578,0.00,0.00,0,333.52,
Player1_Car,21.20,615.542,17.419,599.901,17.567,0.00,0.00,0,333.69,
Player2_Car,21.20,615.742,17.429,595.900,17.567,0.00,0.00,0,333.88,
Player1_Car,21.22,615.893,17.330,599.901,17.556,0.00,0.00,0,334.05,
Player2_Car,21.22,616.093,17.340,595.900,17.557,0.00,0.00,0,334.24,
Player1_Car,21.24,616.244,17.238,599.901,17.546,0.00,0.00,0,334.41,
Player2_Car,21.24,616.444,17.248,595.899,17.546,0.00,0.00,0,334.61,
Player1_Car,21.26,616.595,17.141,599.900,17.535,0.00,0.00,0,334.77,
Player2_Car,21.26,616.795,17.151,595.899,17.535,0.00,0.00,0,334.97,
Player1_Car,21.28,616.945,17.041,599.900,17.525,0.00,0.00,0,335.13,
Player2_Car,21.28,617.145,17.051,595.898,17.525,0.00,0.00,0,335.33,
Player1_Car,21.30,617.295,16.937,599.899,17.514,0.00,0.00,0,335.50,
Player2_Car,21.30,617.496,16.947,595.898,17.514,0.00,0.00,0,335.69,
Player1_Car,21.32,617.645,16.829,599.899,17.504,0.00,0.00,0,335.86,
Player2_Car,21.32,617.846,16.839,595.897,17.504,0.00,0.00,0,336.05,
Player1_Car,21.34,617.995,16.716,599.898,17.493,0.00,0.00,0,336.22,
Player2_Car,21.34,618.196,16.727,595.897,17.493,0.00,0.00,0,336.54,
Player1_Car,21.36,618.345,16.600,599.898,17.483,0.00,0.00,0,336.69,
Player2_Car,21.36,618.545,16.611,595.896,17.483,0.00,0.00,0,336.89,
Player1_Car,21.38,618.694,16.480,599.898,17.472,0.00,0.00,0,337.04,
Player2_Car,21.38,618.895,16.491,595.896,17.472,0.00,0.00,0,337.24,
Player1_Car,21.40,619.044,16.357,599.897,17.462,-0.16,0.90,4,337.39,
Player2_Car,21.40,619.244,16.367,595.895,17.462,-0.15,0.90,4,337.59,
Player1_Car,21.42,619.346,16.301,599.898,15.383,-0.32,1.00,4,337.69,
Player2_Car,21.42,619.548,16.307,595.897,15.385,-0.19,1.00,4,337.89,
Player1_Car,21.44,619.595,16.340,599.901,13.680,-1.18,1.00,4,337.94,
Player2_Car,21.44,619.801,16.341,595.898,13.676,0.41,1.00,4,338.15,
Player1_Car,21.46,619.871,16.347,599.903,14.001,-0.43,1.00,4,338.22,
Player2_Car,21.46,620.077,16.348,595.900,14.002,-0.19,1.00,4,338.42,
Player1_Car,21.48,620.156,16.348,599.907,14.309,-0.20,1.00,4,338.50,
Player2_Car,21.48,620.362,16.348,595.900,14.321,-0.31,1.00,4,338.71,
Player1_Car,21.50,620.448,16.348,599.910,14.603,-0.17,1.00,4,338.79,
Player2_Car,21.50,620.654,16.348,595.902,14.607,-0.31,1.00,4,339.00,
Player1_Car,21.52,620.746,16.348,599.912,14.906,-0.14,1.00,4,339.09,
Player2_Car,21.52,620.952,16.348,595.904,14.909,-0.29,1.00,4,339.30,
Player1_Car,21.54,621.050,16.348,599.915,15.210,-0.11,1.00,4,339.39,
Player2_Car,21.54,621.257,16.348,595.907,15.212,-0.27,1.00,4,339.60,
Player1_Car,21.56,621.360,16.348,599.917,15.509,-0.08,1.00,4,339.70,
Player2_Car,21.56,621.567,16.348,595.909,15.511,-0.24,1.00,4,339.91,
Player1_Car,21.58,621.676,16.348,599.919,15.805,-0.05,1.00,4,340.02,
Player2_Car,21.58,621.883,16.348,595.911,15.807,-0.22,1.00,4,340.23,
Player1_Car,21.60,621.998,16.348,599.921,16.098,-0.03,1.00,4,340.34,
Player2_Car,21.60,622.205,16.348,595.914,16.100,-0.20,1.00,4,340.55,
Player1_Car,21.62,622.326,16.348,599.924,16.387,0.00,1.00,4,340.67,
Player2_Car,21.62,622.533,16.348,595.916,16.389,-0.17,1.00,4,340.88,
Player1_Car,21.64,622.659,16.348,599.926,16.673,0.02,1.00,4,341.00,
Player2_Car,21.64,622.866,16.348,595.918,16.675,-0.15,-0.32,4,341.21,
Player1_Car,21.66,622.998,16.348,599.928,16.955,0.04,-0.35,4,341.34,
Player2_Car,21.66,623.205,16.348,595.920,16.957,-0.13,-0.35,4,341.55,
Player1_Car,21.68,623.343,16.348,599.931,17.233,0.07,-0.39,4,341.69,
Player2_Car,21.68,623.534,16.348,595.922,16.443,-0.13,-0.29,4,341.88,
Player1_Car,21.70,623.677,16.348,599.933,16.696,0.07,-0.32,4,342.02,
Player2_Car,21.70,623.852,16.348,595.924,15.915,-0.13,-0.23,4,342.20,
Player1_Car,21.72,624.000,16.348,599.935,16.145,0.08,-0.26,4,342.34,
Player2_Car,21.72,624.161,16.348,595.926,15.431,-0.12,-0.17,4,342.51,
Player1_Car,21.74,624.312,16.348,599.937,15.640,0.09,-0.20,4,342.66,
Player2_Car,21.74,624.461,16.348,595.928,14.990,-0.12,-0.12,4,342.81,
Player1_Car,21.76,624.616,16.348,599.939,15.180,0.10,-0.14,4,342.96,
Player2_Car,21.76,624.753,16.348,595.929,14.589,-0.12,-0.07,4,343.10,
Player1_Car,21.78,624.911,16.348,599.940,14.762,0.11,-0.09,4,343.26,
Player2_Car,21.78,625.037,16.348,595.931,14.225,-0.11,-0.03,4,343.38,
Player1_Car,21.80,625.199,16.348,599.942,14.382,0.11,-0.05,4,343.54,
Player2_Car,21.80,625.315,16.348,595.933,13.894,-0.11,0.01,4,343.66,
Player1_Car,21.82,625.480,16.348,599.944,14.037,0.12,0.00,4,343.82,
Player2_Car,21.82,625.587,16.348,595.934,13.594,-0.10,0.05,4,343.93,
Player1_Car,21.84,625.754,16.348,599.945,13.723,0.13,0.03,4,344.10,
Player2_Car,21.84,625.853,16.348,595.936,13.320,-0.10,0.08,4,344.20,
Player1_Car,21.86,626.023,16.348,599.947,13.438,0.14,0.07,4,344.37,
Player2_Car,21.86,626.115,16.348,595.937,13.072,-0.09,0.11,4,344.46,
Player1_Car,21.88,626.286,16.348,599.949,13.179,0.15,0.10,4,344.63,
Player2_Car,21.88,626.372,16.348,595.939,12.846,-0.08,0.14,4,344.72,
Player1_Car,21.90,626.545,16.348,599.950,12.944,0.16,0.13,4,344.89,
Player2_Car,21.90,626.624,16.348,595.940,12.641,-0.08,0.16,4,344.97,
Player1_Car,21.92,626.800,16.348,599.952,12.730,0.17,0.15,4,345.14,
Player2_Car,21.92,626.873,16.348,595.942,12.455,-0.07,0.19,4,345.22,
Player1_Car,21.94,627.050,16.348,599.953,12.535,0.18,0.18,4,345.40,
Player2_Car,21.94,627.119,16.348,595.943,12.286,-0.06,0.21,4,345.46,
Player1_Car,21.96,627.298,16.348,599.954,12.358,0.19,0.20,4,345.64,
Player2_Car,21.96,627.362,16.348,595.944,12.132,-0.06,0.22,4,345.71,
Player1_Car,21.98,627.542,16.348,599.956,12.198,0.20,0.22,4,345.89,
Player2_Car,21.98,627.602,16.348,595.946,11.992,-0.05,0.24,4,345.95,
Player1_Car,22.00,627.783,16.348,599.957,12.052,0.21,0.23,4,346.13,
Player2_Car,22.00,627.839,16.348,595.947,11.865,-0.04,0.26,4,346.18,
Player1_Car,22.02,628.021,16.348,599.958,11.919,0.22,0.25,4,346.37,
Player2_Car,22.02,628.074,16.348,595.948,11.749,-0.04,0.27,4,346.42,
Player1_Car,22.04,628.257,16.348,599.960,11.799,0.23,0.26,4,346.60,
Player2_Car,22.04,628.307,16.348,595.949,11.644,-0.03,0.28,4,346.65,
Player1_Car,22.06,628.491,16.348,599.961,11.689,0.24,0.28,4,346.84,
Player2_Car,22.06,628.538,16.348,595.951,11.549,-0.02,0.29,4,346.88,
Player1_Car,22.08,628.722,16.348,599.962,11.590,0.25,0.29,4,347.07,
Player2_Car,22.08,628.767,16.348,595.952,11.462,-0.01,0.30,4,347.11,
Player1_Car,22.10,628.952,16.348,599.963,11.499,0.27,0.30,4,347.30,
Player2_Car,22.10,628.995,16.348,595.953,11.383,-0.01,0.31,4,347.34,
Player1_Car,22.12,629.181,16.348,599.964,11.417,0.28,0.31,4,347.53,
Player2_Car,22.12,629.221,16.348,595.954,11.312,0.00,0.32,4,347.57,
Player1_Car,22.14,629.408,16.348,599.966,11.342,0.28,0.32,4,347.75,
Player2_Car,22.14,629.446,16.348,595.955,11.247,0.01,0.33,4,347.79,
Player1_Car,22.16,629.633,16.348,599.967,11.274,0.29,0.33,4,347.98,
Player2_Car,22.16,629.669,16.348,595.956,11.188,0.02,0.34,4,348.01,
Player1_Car,22.18,629.857,16.348,599.968,11.213,0.30,0.33,4,348.20,
Player2_Car,22.18,629.892,16.348,595.957,11.134,0.02,0.34,4,348.24,
Player1_Car,22.20,630.080,16.348,599.969,11.157,0.31,0.34,4,348.43,
Player2_Car,22.20,630.114,16.348,595.958,11.085,0.03,0.35,4,348.46,
Player1_Car,22.22,630.302,16.348,599.970,11.106,0.32,0.35,4,348.65,
Player2_Car,22.22,630.335,16.348,595.959,11.041,0.04,0.36,4,348.68,
Player1_Car,22.24,630.524,16.348,599.971,11.059,0.33,0.35,4,348.87,
Player2_Car,22.24,630.555,16.348,595.960,11.000,0.04,0.36,4,348.90,
Player1_Car,22.26,630.744,16.348,599.972,11.017,0.34,0.36,4,349.09,
Player2_Car,22.26,630.774,16.348,595.961,10.964,0.05,0.36,4,349.12,
Player1_Car,22.28,630.964,16.348,599.973,10.979,0.35,0.36,4,349.31,
Player2_Car,22.28,630.992,16.348,595.962,10.930,0.05,0.37,4,349.34,
Player1_Car,22.30,631.182,16.348,599.974,10.944,0.36,0.37,4,349.53,
Player2_Car,22.30,631.210,16.348,595.963,10.900,0.06,0.37,4,349.56,
Player1_Car,22.32,631.401,16.348,599.975,10.912,0.37,0.37,4,349.75,
Player2_Car,22.32,631.428,16.348,595.964,10.873,0.07,0.38,4,349.77,
Player1_Car,22.34,631.618,16.348,599.976,10.884,0.38,0.37,4,349.96,
Player2_Car,22.34,631.645,16.348,595.965,10.848,0.07,0.38,4,349.99,
Player1_Car,22.36,631.835,16.348,599.976,10.858,0.39,0.38,4,350.18,
Player2_Car,22.36,631.861,16.348,595.966,10.825,0.08,0.38,4,350.21,
Player1_Car,22.38,632.052,16.348,599.977,10.834,0.40,0.38,4,350.40,
Player2_Car,22.38,632.077,16.348,595.967,10.804,0.08,0.38,4,350.42,
Player1_Car,22.40,632.268,16.348,599.978,10.812,0.40,0.38,4,350.61,
Player2_Car,22.40,632.293,16.348,595.968,10.785,0.09,0.39,4,350.64,
Player1_Car,22.42,632.484,16.348,599.979,10.793,0.41,0.38,4,350.83,
Player2_Car,22.42,632.508,16.348,595.968,10.768,0.10,0.39,4,350.85,
Player1_Car,22.44,632.700,16.348,599.980,10.775,0.42,0.39,4,351.04,
Player2_Car,22.44,632.723,16.348,595.969,10.753,0.10,0.39,4,351.07,
Player1_Car,22.46,632.915,16.348,599.981,10.759,0.43,0.39,4,351.26,
Player2_Car,22.46,632.938,16.348,595.970,10.739,0.11,0.39,4,351.28,
Player1_Car,22.48,633.130,16.348,599.981,10.744,0.44,0.39,4,351.47,
Player2_Car,22.48,633.153,16.348,595.971,10.726,0.11,0.39,4,351.50,
Player1_Car,22.50,633.344,16.348,599.982,10.730,0.44,0.39,4,351.69,
Player2_Car,22.50,633.367,16.348,595.972,10.714,0.12,0.39,4,351.71,
Player1_Car,22.52,633.559,16.348,599.983,10.718,0.45,0.39,4,351.90,
Player2_Car,22.52,633.581,16.348,595.972,10.704,0.12,0.40,4,351.93,
Player1_Car,22.54,633.773,16.348,599.984,10.707,0.46,0.40,4,352.12,
Player2_Car,22.54,633.795,16.348,595.973,10.694,0.12,0.40,4,352.14,
Player1_Car,22.56,633.987,16.348,599.985,10.697,0.47,0.40,4,352.33,
Player2_Car,22.56,634.009,16.348,595.974,10.686,0.13,0.40,4,352.35,
Player1_Car,22.58,634.200,16.348,599.985,10.688,0.47,0.40,4,352.55,
Player2_Car,22.58,634.222,16.348,595.974,10.678,0.13,0.40,4,352.57,
Player1_Car,22.60,634.414,16.348,599.986,10.680,0.48,0.40,4,352.76,
Player2_Car,22.60,634.435,16.348,595.975,10.670,0.14,0.40,4,352.78,
Player1_Car,22.62,634.627,16.348,599.987,10.672,0.49,0.40,4,352.97,
Player2_Car,22.62,634.649,16.348,595.976,10.664,0.14,0.40,4,352.99,
Player1_Car,22.64,634.841,16.348,599.988,10.665,0.50,0.40,4,353.19,
Player2_Car,22.64,634.862,16.348,595.976,10.658,0.15,0.40,4,353.21,
Player1_Car,22.66,635.054,16.348,599.988,10.659,0.51,0.40,4,353.40,
Player2_Car,22.66,635.075,16.348,595.977,10.652,0.15,0.40,4,353.42,
Player1_Car,22.68,635.267,16.348,599.989,10.653,0.52,0.40,4,353.61,
Player2_Car,22.68,635.288,16.348,595.978,10.648,0.16,0.40,4,353.63,
Player1_Car,22.70,635.480,16.348,599.990,10.648,0.53,0.40,4,353.82,
Player2_Car,22.70,635.501,16.348,595.978,10.643,0.16,0.40,4,353.85,
Player1_Car,22.72,635.693,16.348,599.990,10.643,0.54,0.40,4,354.04,
Player2_Car,22.72,635.713,16.348,595.979,10.639,0.17,0.40,4,354.06,
Player1_Car,22.74,635.906,16.348,599.991,10.639,0.55,0.40,4,354.25,
Player2_Car,22.74,635.926,16.348,595.980,10.635,0.17,0.40,4,354.27,
Player1_Car,22.76,636.118,16.348,599.991,10.635,0.69,0.40,4,354.46,
Player2_Car,22.76,636.139,16.348,595.980,10.632,0.30,0.40,4,354.48,
Player1_Car,22.78,636.331,16.348,599.992,10.632,0.84,0.40,4,354.68,
Player2_Car,22.78,636.351,16.348,595.981,10.629,0.43,0.40,4,354.70,
Player1_Car,22.80,636.544,16.348,599.992,10.628,1.00,0.40,4,354.89,
Player2_Car,22.80,636.564,16.348,595.981,10.626,0.55,0.40,4,354.91,
Player1_Car,22.82,636.756,16.348,599.992,10.625,1.15,0.41,4,355.10,
Player2_Car,22.82,636.776,16.348,595.981,10.623,0.67,0.41,4,355.12,
Player1_Car,22.84,636.968,16.348,599.992,10.622,1.30,0.41,4,355.31,
Player2_Car,22.84,636.989,16.348,595.981,10.621,0.78,0.41,4,355.33,
Player1_Car,22.86,637.181,16.348,599.992,10.619,1.46,0.41,4,355.53,
Player2_Car,22.86,637.201,16.348,595.981,10.619,0.89,0.41,4,355.55,
Player1_Car,22.88,637.393,16.348,599.991,10.616,1.67,0.41,4,355.74,
Player2_Car,22.88,637.413,16.348,595.980,10.617,1.07,0.41,4,355.76,
Player1_Car,22.90,637.605,16.348,599.990,10.613,2.02,0.41,4,355.95,
Player2_Car,22.90,637.626,16.348,595.980,10.614,1.38,0.41,4,355.97,
Player1_Car,22.92,637.817,16.348,599.989,10.609,2.29,0.41,4,356.16,
Player2_Car,22.92,637.838,16.348,595.979,10.612,1.68,0.41,4,356.18,
Player1_Car,22.94,638.030,16.348,599.987,10.605,2.44,0.41,4,356.37,
Player2_Car,22.94,638.050,16.348,595.977,10.610,1.97,0.41,4,356.40,
Player1_Car,22.96,638.242,16.348,599.985,10.602,2.57,0.41,4,356.59,
Player2_Car,22.96,638.262,16.348,595.975,10.607,2.11,0.41,4,356.61,
Player1_Car,22.98,638.454,16.348,599.982,10.598,2.71,0.41,4,356.80,
Player2_Car,22.98,638.474,16.348,595.973,10.603,2.20,0.41,4,356.82,
Player1_Car,23.00,638.665,16.348,599.979,10.595,2.90,0.41,4,357.01,
Player2_Car,23.00,638.686,16.348,595.970,10.599,2.35,0.41,4,357.03,
Player1_Car,23.02,638.877,16.348,599.975,10.592,3.24,0.41,4,357.22,
Player2_Car,23.02,638.898,16.348,595.967,10.597,2.68,0.41,4,357.24,
Player1_Car,23.04,639.089,16.348,599.970,10.589,3.54,0.41,4,357.43,
Player2_Car,23.04,639.110,16.348,595.963,10.594,2.96,0.41,4,357.45,
Player1_Car,23.06,639.301,16.348,599.965,10.586,3.73,0.41,4,357.65,
Player2_Car,23.06,639.322,16.348,595.959,10.591,3.13,0.41,4,357.67,
Player1_Car,23.08,639.512,16.348,599.959,10.582,3.88,0.41,4,357.86,
Player2_Car,23.08,639.533,16.348,595.954,10.587,3.24,0.41,4,357.88,
Player1_Car,23.10,639.724,16.348,599.951,10.579,4.04,0.41,4,358.07,
Player2_Car,23.10,639.745,16.348,595.948,10.585,3.37,0.41,4,358.09,
Player1_Car,23.12,639.935,16.348,599.943,10.576,4.29,0.41,4,358.28,
Player2_Car,23.12,639.957,16.348,595.942,10.582,3.64,0.41,4,358.30,
Player1_Car,23.14,640.146,16.348,599.934,10.573,4.63,0.41,4,358.49,
Player2_Car,23.14,640.168,16.348,595.934,10.580,3.97,0.41,4,358.51,
Player1_Car,23.16,640.357,16.348,599.924,10.570,4.88,0.41,4,358.70,
Player2_Car,23.16,640.379,16.348,595.926,10.577,4.21,0.41,4,358.72,
Player1_Car,23.18,640.568,16.348,599.913,10.566,5.05,0.41,4,358.91,
Player2_Car,23.18,640.591,16.348,595.917,10.574,4.36,0.41,4,358.94,
Player1_Car,23.20,640.779,16.348,599.900,10.563,5.20,0.41,4,359.12,
Player2_Car,23.20,640.802,16.348,595.907,10.571,4.49,0.41,4,359.15,
Player1_Car,23.22,640.990,16.348,599.886,10.560,5.35,0.41,4,359.33,
Player2_Car,23.22,641.013,16.348,595.895,10.568,4.74,0.41,4,359.36,
Player1_Car,23.24,641.201,16.348,599.871,10.557,5.53,0.41,4,359.55,
Player2_Car,23.24,641.224,16.348,595.883,10.566,5.27,0.41,4,359.57,
Player1_Car,23.26,641.411,16.348,599.854,10.555,5.68,0.41,4,359.76,
Player2_Car,23.26,641.435,16.348,595.869,10.563,5.72,0.41,4,359.78,
Player1_Car,23.28,641.621,16.348,599.836,10.552,5.79,0.41,4,359.97,
Player2_Car,23.28,641.645,16.348,595.854,10.559,5.97,0.41,4,359.99,
Player1_Car,23.30,641.831,16.348,599.816,10.550,5.89,0.41,4,360.18,
Player2_Car,23.30,641.856,16.348,595.836,10.554,6.14,0.41,4,360.20,
Player1_Car,23.32,642.041,16.348,599.796,10.547,5.97,0.41,4,360.39,
Player2_Car,23.32,642.066,16.348,595.817,10.550,6.30,0.41,4,360.41,
Player1_Car,23.34,642.251,16.348,599.773,10.546,5.73,0.41,4,360.60,
Player2_Car,23.34,642.276,16.348,595.797,10.547,6.21,0.41,4,360.62,
Player1_Car,23.36,642.461,16.348,599.749,10.544,5.46,0.41,4,360.81,
Player2_Car,23.36,642.485,16.348,595.775,10.545,6.08,0.41,4,360.83,
Player1_Car,23.38,642.670,16.348,599.724,10.544,5.34,0.41,4,361.01,
Player2_Car,23.38,642.695,16.348,595.751,10.544,6.04,0.41,4,361.04,
Player1_Car,23.40,642.879,16.348,599.699,10.545,5.30,0.41,4,361.22,
Player2_Car,23.40,642.904,16.348,595.726,10.544,6.04,0.41,4,361.25,
Player1_Car,23.42,643.088,16.348,599.672,10.546,5.23,0.41,4,361.43,
Player2_Car,23.42,643.114,16.348,595.700,10.544,6.00,0.41,4,361.46,
Player1_Car,23.44,643.298,16.348,599.644,10.546,5.13,0.41,4,361.64,
Player2_Car,23.44,643.323,16.348,595.673,10.544,5.86,0.41,4,361.67,
Player1_Car,23.46,643.506,16.348,599.614,10.546,5.03,0.41,4,361.85,
Player2_Car,23.46,643.532,16.348,595.644,10.543,5.68,0.41,4,361.88,
Player1_Car,23.48,643.715,16.348,599.584,10.547,4.94,0.41,4,362.06,
Player2_Car,23.48,643.740,16.348,595.613,10.544,5.55,0.41,4,362.09,
Player1_Car,23.50,643.924,16.348,599.553,10.547,4.85,0.41,4,362.27,
Player2_Car,23.50,643.949,16.348,595.582,10.545,5.45,0.41,4,362.30,
Player1_Car,23.52,644.132,16.348,599.520,10.548,4.77,0.41,4,362.47,
Player2_Car,23.52,644.157,16.348,595.549,10.546,5.34,0.41,4,362.51,
Player1_Car,23.54,644.341,16.348,599.487,10.548,4.69,0.41,4,362.68,
Player2_Car,23.54,644.365,16.348,595.516,10.546,5.23,0.41,4,362.71,
Player1_Car,23.56,644.549,16.348,599.453,10.548,4.66,0.41,4,362.89,
Player2_Car,23.56,644.573,16.348,595.481,10.547,5.17,0.41,4,362.92,
Player1_Car,23.58,644.757,16.348,599.418,10.549,4.65,0.41,4,363.10,
Player2_Car,23.58,644.781,16.348,595.445,10.548,5.12,0.41,4,363.13,
Player1_Car,23.60,644.965,16.348,599.382,10.549,4.62,0.41,4,363.31,
Player2_Car,23.60,644.989,16.347,595.407,10.564,4.97,0.41,4,363.34,
Player1_Car,23.62,645.172,16.348,599.344,10.549,4.57,0.41,4,363.52,
Player2_Car,23.62,645.197,16.347,595.369,10.563,5.14,0.41,4,363.73,
Player1_Car,23.64,645.380,16.348,599.306,10.564,4.34,0.41,4,363.63,
Player2_Car,23.64,645.404,16.347,595.330,10.563,5.12,0.41,4,363.94,
Player1_Car,23.66,645.588,16.347,599.267,10.564,4.34,0.41,4,363.84,
Player2_Car,23.66,645.611,16.347,595.289,10.559,5.02,0.41,4,364.15,
Player1_Car,23.68,645.795,16.347,599.227,10.564,4.46,0.41,4,364.05,
Player2_Car,23.68,645.821,16.342,595.247,10.675,4.37,0.40,4,364.36,
Player1_Car,23.70,646.002,16.347,599.187,10.564,4.52,0.41,4,364.26,
Player2_Car,23.70,646.027,16.343,595.204,10.606,5.01,0.41,4,364.57,
Player1_Car,23.72,646.209,16.347,599.145,10.563,4.48,0.41,4,364.47,
Player2_Car,23.72,646.233,16.343,595.161,10.594,5.27,0.41,4,364.78,
Player1_Car,23.74,646.416,16.347,599.103,10.561,4.44,0.41,4,364.68,
Player2_Car,23.74,646.439,16.342,595.117,10.586,5.46,0.41,4,365.29,
Player1_Car,23.76,646.625,16.342,599.058,10.678,3.83,0.40,4,364.89,
Player2_Car,23.76,646.645,16.342,595.071,10.578,5.27,0.41,4,365.50,
Player1_Car,23.78,646.830,16.343,599.014,10.604,4.39,0.41,4,364.97,
Player2_Car,23.78,646.852,16.339,595.023,10.640,4.76,0.40,4,365.71,
Player1_Car,23.80,647.036,16.343,598.970,10.594,4.72,0.41,4,365.18,
Player2_Car,23.80,647.059,16.335,594.974,10.680,4.69,0.40,4,365.93,
Player1_Car,23.82,647.242,16.343,598.924,10.589,4.61,0.41,4,365.39,
Player2_Car,23.82,647.264,16.333,594.926,10.596,5.94,0.41,4,366.45,
Player1_Car,23.84,647.448,16.342,598.877,10.584,4.47,0.41,4,365.60,
Player2_Car,23.84,647.469,16.332,594.876,10.565,5.99,0.41,4,366.66,
Player1_Car,23.86,647.653,16.341,598.829,10.582,4.48,0.41,4,365.81,
Player2_Car,23.86,647.673,16.331,594.823,10.557,5.28,0.41,4,366.87,
Player1_Car,23.88,647.860,16.339,598.780,10.618,4.38,0.41,4,366.03,
Player2_Car,23.88,647.876,16.329,594.767,10.572,4.66,0.41,4,367.08,
Player1_Car,23.90,648.065,16.338,598.731,10.614,4.53,0.41,4,366.21,
Player2_Car,23.90,648.081,16.325,594.711,10.610,5.19,0.41,4,367.59,
Player1_Car,23.92,648.271,16.336,598.680,10.651,4.35,0.40,4,366.32,
Player2_Car,23.92,648.288,16.317,594.656,10.730,5.18,0.39,4,367.80,
Player1_Car,23.94,648.476,16.333,598.629,10.636,4.56,0.40,4,366.53,
Player2_Car,23.94,648.493,16.310,594.599,10.657,5.58,0.40,4,368.02,
Player1_Car,23.96,648.681,16.332,598.577,10.596,4.90,0.41,4,366.75,
Player2_Car,23.96,648.696,16.307,594.541,10.549,5.95,0.41,4,368.23,
Player1_Car,23.98,648.885,16.330,598.524,10.590,4.81,0.41,4,366.96,
Player2_Car,23.98,648.900,16.300,594.481,10.623,5.44,0.41,4,368.71,
Player1_Car,24.00,649.089,16.329,598.470,10.588,4.60,0.41,4,367.17,
Player2_Car,24.00,649.104,16.292,594.420,10.651,5.28,0.40,4,368.92,
Player1_Car,24.02,649.293,16.326,598.415,10.587,4.62,0.41,4,367.38,
Player2_Car,24.02,649.307,16.284,594.358,10.635,5.34,0.40,4,369.13,
Player1_Car,24.04,649.497,16.324,598.357,10.598,4.32,0.41,4,367.46,
Player2_Car,24.04,649.511,16.277,594.294,10.630,5.45,0.40,4,369.33,
Player1_Car,24.06,649.701,16.319,598.298,10.632,4.26,0.40,4,367.67,
Player2_Car,24.06,649.712,16.270,594.230,10.586,5.60,0.41,4,369.54,
Player1_Car,24.08,649.906,16.312,598.239,10.667,4.37,0.40,4,367.88,
Player2_Car,24.08,649.913,16.265,594.165,10.549,5.40,0.41,4,369.61,
Player1_Car,24.10,650.110,16.307,598.180,10.620,4.89,0.41,4,368.09,
Player2_Car,24.10,650.114,16.258,594.098,10.577,4.69,0.41,4,369.61,
Player1_Car,24.12,650.312,16.303,598.121,10.548,5.19,0.41,4,368.30,
Player2_Car,24.12,650.316,16.247,594.030,10.694,4.11,0.40,4,369.77,
Player1_Car,24.14,650.516,16.295,598.059,10.651,4.29,0.40,4,368.51,
Player2_Car,24.14,650.521,16.232,593.960,10.813,4.22,0.38,4,369.99,
Player1_Car,24.16,650.722,16.283,597.996,10.768,3.56,0.39,4,368.59,
Player2_Car,24.16,650.727,16.214,593.890,10.878,4.48,0.37,4,370.21,
Player1_Car,24.18,650.926,16.273,597.933,10.689,4.71,0.40,4,368.79,
Player2_Car,24.18,650.932,16.195,593.818,10.893,4.86,0.37,4,370.43,
Player1_Car,24.20,651.128,16.268,597.870,10.547,5.78,0.41,4,369.00,
Player2_Car,24.20,651.132,16.186,593.747,10.666,6.28,0.40,4,370.64,
Player1_Car,24.22,651.328,16.263,597.806,10.519,5.24,0.42,4,369.21,
Player2_Car,24.22,651.334,16.172,593.672,10.740,5.15,0.39,4,370.79,
Player1_Car,24.24,651.528,16.257,597.739,10.541,4.40,0.42,4,369.41,
Player2_Car,24.24,651.531,16.164,593.597,10.514,5.51,0.42,4,371.00,
Player1_Car,24.26,651.729,16.249,597.672,10.588,4.84,0.41,4,369.87,
Player2_Car,24.26,651.726,16.156,593.520,10.500,5.16,0.42,4,371.21,
Player1_Car,24.28,651.932,16.237,597.604,10.709,4.83,0.39,4,370.08,
Player2_Car,24.28,651.921,16.148,593.442,10.529,4.76,0.42,4,371.42,
Player1_Car,24.30,652.136,16.222,597.534,10.789,4.71,0.39,4,370.30,
Player2_Car,24.30,652.117,16.137,593.363,10.570,4.74,0.41,4,371.64,
Player1_Car,24.32,652.339,16.206,597.462,10.786,5.11,0.39,4,370.52,
Player2_Car,24.32,652.314,16.126,593.283,10.611,4.95,0.41,4,371.85,
Player1_Car,24.34,652.540,16.196,597.391,10.649,5.98,0.40,4,370.73,
Player2_Car,24.34,652.513,16.109,593.203,10.727,4.99,0.39,4,372.14,
Player1_Car,24.36,652.739,16.186,597.318,10.600,5.91,0.41,4,370.97,
Player2_Car,24.36,652.714,16.089,593.121,10.839,4.78,0.38,4,372.36,
Player1_Car,24.38,652.939,16.172,597.242,10.700,4.72,0.40,4,371.19,
Player2_Car,24.38,652.914,16.066,593.035,10.874,4.91,0.38,4,372.58,
Player1_Car,24.40,653.141,16.153,597.164,10.813,4.26,0.38,4,371.41,
Player2_Car,24.40,653.109,16.054,592.952,10.598,6.80,0.41,4,372.79,
Player1_Car,24.42,653.339,16.140,597.084,10.688,5.06,0.40,4,371.62,
Player2_Car,24.42,653.303,16.040,592.868,10.620,6.09,0.41,4,373.00,
Player1_Car,24.44,653.539,16.123,597.006,10.750,5.50,0.39,4,371.83,
Player2_Car,24.44,653.497,16.026,592.780,10.612,5.35,0.41,4,373.30,
Player1_Car,24.46,653.736,16.110,596.927,10.670,5.84,0.40,4,371.99,
Player2_Car,24.46,653.690,16.009,592.691,10.666,4.96,0.40,4,373.51,
Player1_Car,24.48,653.933,16.098,596.846,10.629,5.62,0.40,4,372.20,
Player2_Car,24.48,653.883,15.993,592.600,10.654,5.44,0.40,4,373.73,
Player1_Car,24.50,654.128,16.085,596.764,10.626,5.25,0.40,4,372.42,
Player2_Car,24.50,654.078,15.971,592.509,10.764,5.47,0.39,4,373.94,
Player1_Car,24.52,654.324,16.073,596.681,10.624,5.24,0.41,4,372.63,
Player2_Car,24.52,654.274,15.947,592.416,10.854,5.29,0.38,4,374.16,
Player1_Car,24.54,654.520,16.057,596.596,10.696,5.03,0.40,4,372.84,
Player2_Car,24.54,654.466,15.931,592.322,10.721,5.80,0.39,4,374.46,
Player1_Car,24.56,654.717,16.038,596.510,10.761,5.14,0.39,4,373.06,
Player2_Car,24.56,654.661,15.910,592.226,10.814,5.57,0.38,4,374.68,
Player1_Car,24.58,654.913,16.022,596.424,10.750,5.53,0.39,4,373.22,
Player2_Car,24.58,654.853,15.887,592.128,10.834,5.49,0.38,4,374.90,
Player1_Car,24.60,655.107,16.008,596.337,10.670,6.04,0.40,4,373.43,
Player2_Car,24.60,655.048,15.860,592.028,10.931,5.38,0.37,4,375.12,
Player1_Car,24.62,655.300,15.994,596.248,10.644,5.80,0.40,4,373.64,
Player2_Car,24.62,655.243,15.830,591.927,10.990,5.72,0.36,4,375.43,
Player1_Car,24.64,655.489,15.982,596.155,10.628,5.31,0.40,4,373.86,
Player2_Car,24.64,655.431,15.815,591.828,10.630,7.85,0.40,4,375.65,
Player1_Car,24.66,655.683,15.963,596.062,10.737,5.01,0.39,4,374.07,
Player2_Car,24.66,655.619,15.795,591.727,10.680,6.50,0.40,4,375.86,
Player1_Car,24.68,655.879,15.939,595.969,10.843,4.96,0.38,4,374.24,
Player2_Car,24.68,655.806,15.772,591.621,10.759,5.10,0.39,4,376.08,
Player1_Car,24.70,656.073,15.919,595.875,10.771,5.94,0.39,4,374.45,
Player2_Car,24.70,655.995,15.745,591.514,10.871,5.17,0.38,4,376.30,
Player1_Car,24.72,656.264,15.903,595.781,10.669,6.50,0.40,4,374.66,
Player2_Car,24.72,656.187,15.715,591.408,10.962,6.20,0.36,4,376.61,
Player1_Car,24.74,656.453,15.887,595.684,10.639,6.01,0.40,4,374.88,
Player2_Car,24.74,656.379,15.680,591.298,11.049,6.21,0.35,4,376.84,
Player1_Car,24.76,656.643,15.867,595.585,10.726,5.15,0.39,4,375.09,
Player2_Car,24.76,656.565,15.648,591.183,10.935,6.42,0.37,4,377.06,
Player1_Car,24.78,656.835,15.843,595.485,10.837,4.94,0.38,4,375.31,
Player2_Car,24.78,656.750,15.618,591.071,10.848,7.58,0.38,4,377.28,
Player1_Car,24.80,657.026,15.820,595.385,10.788,5.90,0.39,4,375.47,
Player2_Car,24.80,656.936,15.587,590.959,10.840,6.92,0.38,4,377.50,
Player1_Car,24.82,657.215,15.802,595.284,10.662,6.84,0.40,4,375.69,
Player2_Car,24.82,657.120,15.555,590.843,10.889,6.11,0.37,4,377.82,
Player1_Car,24.84,657.401,15.785,595.182,10.612,6.38,0.41,4,375.90,
Player2_Car,24.84,657.298,15.527,590.722,10.781,6.27,0.39,4,378.03,
Player1_Car,24.86,657.586,15.764,595.077,10.664,5.30,0.40,4,376.11,
Player2_Car,24.86,657.475,15.501,590.603,10.701,6.89,0.40,4,378.25,
Player1_Car,24.88,657.773,15.740,594.970,10.777,5.00,0.39,4,376.33,
Player2_Car,24.88,657.656,15.471,590.485,10.782,6.68,0.39,4,378.47,
Player1_Car,24.90,657.962,15.712,594.862,10.863,5.44,0.38,4,376.50,
Player2_Car,24.90,657.837,15.440,590.365,10.843,6.58,0.38,4,378.79,
Player1_Car,24.92,658.149,15.686,594.754,10.804,6.30,0.38,4,376.71,
Player2_Car,24.92,658.017,15.405,590.242,10.929,5.97,0.37,4,379.01,
Player1_Car,24.94,658.332,15.665,594.646,10.630,6.93,0.40,4,376.93,
Player2_Car,24.94,658.197,15.369,590.116,10.973,6.00,0.36,4,379.23,
Player1_Car,24.96,658.513,15.644,594.534,10.626,5.98,0.40,4,377.14,
Player2_Car,24.96,658.375,15.333,589.988,10.960,6.78,0.36,4,379.45,
Player1_Car,24.98,658.695,15.618,594.421,10.729,5.17,0.39,4,377.36,
Player2_Car,24.98,658.555,15.300,589.862,10.980,7.62,0.36,4,379.68,
Player1_Car,25.00,658.879,15.588,594.307,10.843,5.17,0.38,4,377.57,
Player2_Car,25.00,658.733,15.262,589.732,11.042,6.61,0.35,4,380.01,
Player1_Car,25.02,659.063,15.558,594.192,10.840,5.92,0.38,4,377.74,
Player2_Car,25.02,658.909,15.223,589.597,11.082,5.92,0.35,4,380.23,
Player1_Car,25.04,659.243,15.536,594.078,10.637,7.22,0.40,4,377.96,
Player2_Car,25.04,659.085,15.184,589.462,11.122,6.23,0.35,4,380.46,
Player1_Car,25.06,659.420,15.515,593.963,10.566,6.85,0.41,4,378.17,
Player2_Car,25.06,659.263,15.146,589.327,11.156,7.15,0.34,4,380.68,
Player1_Car,25.08,659.596,15.491,593.843,10.635,5.55,0.40,4,378.38,
Player2_Car,25.08,659.440,15.106,589.189,11.191,6.98,0.34,4,381.02,
Player1_Car,25.10,659.774,15.462,593.723,10.750,5.15,0.39,4,378.60,
Player2_Car,25.10,659.614,15.062,589.047,11.238,5.86,0.33,4,381.25,
Player1_Car,25.12,659.954,15.429,593.601,10.867,5.36,0.38,4,378.77,
Player2_Car,25.12,659.785,15.023,588.903,11.221,5.81,0.33,4,381.48,
Player1_Car,25.14,660.134,15.395,593.478,10.886,6.44,0.37,4,378.99,
Player2_Car,25.14,659.958,14.980,588.758,11.284,6.33,0.33,4,381.71,
Player1_Car,25.16,660.310,15.368,593.355,10.725,7.28,0.39,4,379.20,
Player2_Car,25.16,660.132,14.940,588.614,11.290,7.14,0.33,3,382.05,
Player1_Car,25.18,660.479,15.344,593.228,10.628,6.58,0.40,4,379.42,
Player2_Car,25.18,660.304,14.895,588.468,11.239,6.25,0.33,3,382.27,
Player1_Car,25.20,660.651,15.314,593.100,10.721,5.53,0.39,4,379.63,
Player2_Car,25.20,660.467,14.854,588.320,11.020,6.11,0.36,4,382.50,
Player1_Car,25.22,660.825,15.280,592.972,10.829,5.17,0.38,4,379.80,
Player2_Car,25.22,660.630,14.814,588.172,11.040,6.00,0.36,3,382.72,
Player1_Car,25.24,661.000,15.246,592.843,10.840,6.35,0.38,4,380.02,
Player2_Car,25.24,660.794,14.769,588.025,11.009,5.20,0.36,3,383.06,
Player1_Car,25.26,661.171,15.216,592.714,10.728,7.03,0.39,4,380.24,
Player2_Car,25.26,660.957,14.719,587.877,10.978,4.58,0.36,3,383.28,
Player1_Car,25.28,661.339,15.186,592.581,10.704,6.28,0.40,4,380.45,
Player2_Car,25.28,661.116,14.668,587.728,10.927,4.34,0.37,4,383.51,
Player1_Car,25.30,661.508,15.151,592.447,10.801,5.42,0.38,4,380.67,
Player2_Car,25.30,661.276,14.618,587.577,10.975,5.27,0.36,4,383.73,
Player1_Car,25.32,661.679,15.115,592.312,10.878,5.54,0.37,4,380.84,
Player2_Car,25.32,661.436,14.576,587.427,10.981,6.08,0.36,4,384.07,
Player1_Car,25.34,661.850,15.078,592.177,10.914,5.97,0.37,4,381.06,
Player2_Car,25.34,661.595,14.527,587.273,11.038,4.73,0.36,4,384.29,
Player1_Car,25.36,662.017,15.048,592.042,10.721,6.97,0.39,4,381.28,
Player2_Car,25.36,661.752,14.473,587.117,11.110,4.12,0.35,4,384.52,
Player1_Car,25.38,662.180,15.019,591.903,10.691,6.25,0.40,4,381.49,
Player2_Car,25.38,661.908,14.426,586.958,11.110,5.02,0.35,4,384.75,
Player1_Car,25.40,662.343,14.988,591.764,10.754,5.38,0.39,4,381.71,
Player2_Car,25.40,662.067,14.380,586.802,11.146,6.05,0.34,3,384.98,
Player1_Car,25.42,662.509,14.952,591.623,10.858,4.78,0.38,4,381.88,
Player2_Car,25.42,662.224,14.332,586.646,11.085,5.52,0.35,3,385.31,
Player1_Car,25.44,662.676,14.913,591.482,10.952,4.92,0.37,4,382.10,
Player2_Car,25.44,662.378,14.280,586.488,11.038,4.62,0.36,3,385.54,
Player1_Car,25.46,662.844,14.872,591.339,11.015,5.27,0.36,4,382.33,
Player2_Car,25.46,662.529,14.230,586.328,10.959,4.33,0.36,4,385.77,
Player1_Car,25.48,663.008,14.835,591.192,11.022,5.05,0.36,4,382.55,
Player2_Car,25.48,662.681,14.176,586.169,11.038,4.69,0.36,3,385.99,
Player1_Car,25.50,663.174,14.796,591.045,11.081,5.12,0.35,4,382.78,
Player2_Car,25.50,662.832,14.120,586.009,10.995,4.53,0.36,3,386.33,
Player1_Car,25.52,663.340,14.756,590.897,11.129,5.17,0.34,4,382.95,
Player2_Car,25.52,662.982,14.060,585.849,10.962,4.07,0.36,3,386.55,
Player1_Car,25.54,663.506,14.717,590.749,11.106,5.31,0.35,4,383.18,
Player2_Car,25.54,663.121,14.009,585.688,10.658,4.55,0.40,3,386.77,
Player1_Car,25.56,663.668,14.679,590.600,11.015,5.41,0.36,4,383.40,
Player2_Car,25.56,663.262,13.958,585.529,10.599,4.13,0.41,3,386.99,
Player1_Car,25.58,663.828,14.643,590.448,11.031,4.83,0.36,4,383.63,
Player2_Car,25.58,663.403,13.903,585.371,10.587,3.58,0.41,4,387.32,
Player1_Car,25.60,663.989,14.602,590.295,11.110,4.50,0.35,4,383.85,
Player2_Car,25.60,663.545,13.843,585.211,10.697,3.87,0.40,4,387.54,
Player1_Car,25.62,664.152,14.558,590.142,11.175,4.55,0.34,4,384.03,
Player2_Car,25.62,663.689,13.777,585.049,10.808,4.36,0.38,4,387.76,
Player1_Car,25.64,664.314,14.514,589.987,11.220,4.66,0.33,4,384.26,
Player2_Car,25.64,663.833,13.711,584.886,10.901,4.58,0.37,4,387.99,
Player1_Car,25.66,664.473,14.472,589.832,11.117,5.18,0.35,4,384.48,
Player2_Car,25.66,663.978,13.654,584.727,10.824,6.41,0.38,4,388.21,
Player1_Car,25.68,664.628,14.433,589.675,11.008,5.29,0.36,4,384.71,
Player2_Car,25.68,664.120,13.595,584.564,10.845,6.40,0.38,4,388.53,
Player1_Car,25.70,664.782,14.395,589.517,11.036,4.97,0.36,4,384.93,
Player2_Car,25.70,664.256,13.548,584.398,10.726,6.31,0.39,4,388.75,
Player1_Car,25.72,664.939,14.352,589.359,11.109,4.12,0.35,4,385.11,
Player2_Car,25.72,664.391,13.502,584.229,10.776,5.43,0.39,4,388.97,
Player1_Car,25.74,665.096,14.308,589.200,11.164,4.07,0.34,4,385.33,
Player2_Car,25.74,664.524,13.455,584.058,10.843,4.92,0.38,4,389.19,
Player1_Car,25.76,665.253,14.261,589.041,11.214,4.23,0.33,4,385.56,
Player2_Car,25.76,664.660,13.402,583.887,10.934,4.72,0.37,4,389.41,
Player1_Car,25.78,665.408,14.216,588.878,11.226,4.41,0.33,4,385.79,
Player2_Car,25.78,664.797,13.345,583.714,11.024,4.88,0.36,4,389.64,
Player1_Car,25.80,665.564,14.166,588.715,11.290,4.47,0.33,4,386.02,
Player2_Car,25.80,664.933,13.283,583.539,11.106,5.03,0.35,4,389.87,
Player1_Car,25.82,665.720,14.116,588.551,11.330,4.46,0.32,4,386.20,
Player2_Car,25.82,665.069,13.215,583.361,11.179,5.09,1.00,4,390.10,
Player1_Car,25.84,665.876,14.063,588.386,11.362,4.34,0.32,4,386.44,
Player2_Car,25.84,665.205,13.147,583.184,11.185,5.82,1.00,4,390.34,
Player1_Car,25.86,666.026,14.025,588.223,11.044,6.53,0.35,4,386.66,
Player2_Car,25.86,665.344,13.077,582.999,11.551,6.43,1.00,4,390.55,
Player1_Car,25.88,666.174,13.985,588.059,11.063,5.74,0.35,4,386.88,
Player2_Car,25.88,665.484,12.999,582.804,11.974,5.87,1.00,4,390.80,
Player1_Car,25.90,666.321,13.940,587.892,11.123,4.33,0.35,4,387.11,
Player2_Car,25.90,665.618,12.927,582.601,12.205,6.91,1.00,4,391.05,
Player1_Car,25.92,666.470,13.889,587.725,11.196,3.93,0.34,4,387.29,
Player2_Car,25.92,665.758,12.863,582.396,12.417,8.84,1.00,4,391.31,
Player1_Car,25.94,666.620,13.835,587.557,11.263,4.45,0.33,4,387.52,
Player2_Car,25.94,665.899,12.799,582.184,12.732,8.40,1.00,4,391.57,
Player1_Car,25.96,666.770,13.780,587.388,11.309,4.99,0.32,3,387.75,
Player2_Car,25.96,666.039,12.727,581.962,13.115,6.25,1.00,4,391.84,
Player1_Car,25.98,666.912,13.731,587.218,11.036,5.37,0.36,3,387.97,
Player2_Car,25.98,666.177,12.660,581.732,13.435,7.05,1.00,4,392.12,
Player1_Car,26.00,667.054,13.679,587.051,10.991,4.58,0.36,4,388.20,
Player2_Car,26.00,666.324,12.589,581.497,13.853,8.80,1.00,4,392.40,
Player1_Car,26.02,667.196,13.621,586.881,11.061,4.13,0.35,4,388.37,
Player2_Car,26.02,666.471,12.517,581.254,14.178,9.71,1.00,4,392.72,
Player1_Car,26.04,667.339,13.558,586.710,11.141,4.43,0.34,4,388.60,
Player2_Car,26.04,666.615,12.437,581.001,14.545,8.82,1.00,4,393.02,
Player1_Car,26.06,667.475,13.507,586.538,10.981,5.87,0.36,4,388.83,
Player2_Car,26.06,666.757,12.349,580.739,14.917,8.29,1.00,4,393.33,
Player1_Car,26.08,667.613,13.453,586.366,11.010,5.46,0.36,4,389.05,
Player2_Car,26.08,666.900,12.254,580.468,15.334,9.13,1.00,4,393.65,
Player1_Car,26.10,667.750,13.394,586.192,11.072,4.47,0.35,4,389.28,
Player2_Car,26.10,667.042,12.150,580.188,15.697,9.94,1.00,3,394.04,
Player1_Car,26.12,667.889,13.333,586.019,11.105,5.01,0.35,4,389.51,
Player2_Car,26.12,667.170,12.055,579.904,15.568,9.23,1.00,4,394.36,
Player1_Car,26.14,668.028,13.273,585.846,11.109,6.49,0.35,4,389.74,
Player2_Car,26.14,667.301,11.953,579.613,15.965,8.70,1.00,4,394.70,
Player1_Car,26.16,668.161,13.222,585.672,10.946,7.63,0.37,4,389.96,
Player2_Car,26.16,667.434,11.864,579.316,16.293,8.87,1.00,3,395.14,
Player1_Car,26.18,668.291,13.167,585.495,10.983,6.25,1.00,4,390.19,
Player2_Car,26.18,667.557,11.775,579.014,16.313,9.43,1.00,4,395.47,
Player1_Car,26.20,668.420,13.109,585.316,11.023,5.17,1.00,4,390.42,
Player2_Car,26.20,667.682,11.679,578.703,16.719,9.86,0.99,2,395.82,
Player1_Car,26.22,668.553,13.046,585.130,11.439,5.78,1.00,4,390.66,
Player2_Car,26.22,667.804,11.583,578.390,16.804,8.13,0.98,1,396.33,
Player1_Car,26.24,668.691,12.977,584.937,11.857,6.66,1.00,4,390.91,
Player2_Car,26.24,667.923,11.482,578.080,16.607,8.00,1.00,2,396.67,
Player1_Car,26.26,668.831,12.904,584.735,12.279,7.31,1.00,4,391.17,
Player2_Car,26.26,668.037,11.377,577.766,16.696,7.18,1.00,1,397.23,
Player1_Car,26.28,668.970,12.840,584.528,12.478,9.03,1.00,4,391.42,
Player2_Car,26.28,668.150,11.265,577.451,16.741,5.45,0.99,1,397.58,
Player1_Car,26.30,669.109,12.777,584.313,12.801,8.85,1.00,4,391.68,
Player2_Car,26.30,668.262,11.148,577.134,16.834,3.16,0.98,2,397.94,
Player1_Car,26.32,669.247,12.708,584.090,13.146,7.12,1.00,4,391.95,
Player2_Car,26.32,668.372,11.053,576.818,16.758,3.01,0.99,1,398.55,
Player1_Car,26.34,669.387,12.631,583.858,13.549,6.87,1.00,4,392.23,
Player2_Car,26.34,668.480,10.946,576.500,16.798,1.45,0.98,2,398.90,
Player1_Car,26.36,669.529,12.558,583.621,13.814,9.79,1.00,4,392.52,
Player2_Car,26.36,668.584,10.835,576.178,16.884,5.87,0.97,2,399.25,
Player1_Car,26.38,669.672,12.487,583.378,14.076,10.31,1.00,4,392.79,
Player2_Car,26.38,668.684,10.718,575.855,16.934,9.03,0.97,2,399.90,
Player1_Car,26.40,669.809,12.415,583.126,14.381,8.09,1.00,4,393.08,
Player2_Car,26.40,668.774,10.628,575.532,16.770,11.61,0.99,2,400.25,
Player1_Car,26.42,669.945,12.335,582.864,14.746,6.70,1.00,4,393.39,
Player2_Car,26.42,668.854,10.534,575.205,16.809,9.79,0.98,2,400.90,
Player1_Car,26.44,670.085,12.249,582.594,15.173,8.29,1.00,4,393.70,
Player2_Car,26.44,668.928,10.452,574.874,16.969,5.51,0.96,2,401.25,
Player1_Car,26.46,670.227,12.158,582.317,15.577,9.60,1.00,4,393.99,
Player2_Car,26.46,668.998,10.365,574.536,17.258,3.51,0.93,2,401.60,
Player1_Car,26.48,670.363,12.081,582.035,15.701,10.97,1.00,4,394.31,
Player2_Car,26.48,669.077,10.290,574.195,17.549,5.76,0.89,2,402.24,
Player1_Car,26.50,670.494,11.993,581.743,16.022,8.43,1.00,4,394.64,
Player2_Car,26.50,669.157,10.203,573.846,17.889,5.26,0.85,2,402.60,
Player1_Car,26.52,670.623,11.899,581.441,16.408,6.64,1.00,4,394.93,
Player2_Car,26.52,669.231,10.112,573.490,18.167,2.55,0.82,2,402.97,
Player1_Car,26.54,670.751,11.815,581.136,16.557,9.74,1.00,4,395.27,
Player2_Car,26.54,669.304,10.018,573.130,18.385,1.16,0.79,2,403.34,
Player1_Car,26.56,670.878,11.741,580.829,16.615,11.65,1.00,3,395.60,
Player2_Car,26.56,669.382,9.926,572.768,18.492,1.37,0.78,2,403.78,
Player1_Car,26.58,671.004,11.660,580.520,16.688,8.27,1.00,3,395.94,
Player2_Car,26.58,669.459,9.833,572.403,18.655,0.18,0.76,2,404.15,
Player1_Car,26.60,671.122,11.575,580.206,16.765,5.26,0.99,4,396.24,
Player2_Car,26.60,669.532,9.738,572.035,18.802,-1.73,0.74,2,404.53,
Player1_Car,26.62,671.242,11.490,579.885,17.140,6.85,0.94,3,396.59,
Player2_Car,26.62,669.605,9.640,571.663,18.948,-3.08,0.73,4,404.91,
Player1_Car,26.64,671.358,11.397,579.561,17.193,6.87,0.94,2,396.94,
Player2_Car,26.64,669.666,9.540,571.287,19.038,0.44,0.72,4,405.30,
Player1_Car,26.66,671.472,11.300,579.235,17.269,5.86,0.93,3,397.25,
Player2_Car,26.66,669.710,9.488,570.927,18.343,4.31,0.80,4,405.66,
Player1_Car,26.68,671.584,11.197,578.901,17.618,6.18,0.89,4,397.62,
Player2_Car,26.68,669.737,9.426,570.560,18.404,4.35,0.79,4,406.04,
Player1_Car,26.70,671.690,11.135,578.565,17.670,9.92,0.88,2,397.98,
Player2_Car,26.70,669.754,9.361,570.189,18.560,1.57,0.77,4,406.41,
Player1_Car,26.72,671.796,11.064,578.226,17.715,8.03,0.87,2,398.29,
Player2_Car,26.72,669.769,9.295,569.815,18.716,0.90,0.75,4,406.79,
Player1_Car,26.74,671.893,10.988,577.880,17.984,4.92,0.84,3,398.65,
Player2_Car,26.74,669.787,9.230,569.439,18.840,2.89,0.74,4,407.17,
Player1_Car,26.76,671.991,10.907,577.528,18.292,4.86,0.81,2,399.03,
Player2_Car,26.76,669.805,9.165,569.061,18.955,3.69,0.73,4,407.56,
Player1_Car,26.78,672.089,10.821,577.174,18.328,4.79,0.80,0,399.40,
Player2_Car,26.78,669.820,9.100,568.681,19.048,2.31,0.71,4,407.94,
Player1_Car,26.80,672.187,10.731,576.822,18.317,4.20,0.80,3,399.73,
Player2_Car,26.80,669.832,9.031,568.298,19.191,0.91,0.70,4,408.33,
Player1_Car,26.82,672.282,10.636,576.462,18.572,5.05,0.77,3,400.11,
Player2_Car,26.82,669.845,8.964,567.914,19.271,1.96,0.69,4,408.72,
Player1_Car,26.84,672.373,10.534,576.097,18.805,5.63,0.74,2,400.50,
Player2_Car,26.84,669.860,8.896,567.529,19.340,3.15,0.68,4,409.11,
Player1_Car,26.86,672.462,10.426,575.728,19.010,4.68,0.72,3,400.84,
Player2_Car,26.86,669.872,8.828,567.143,19.398,2.60,0.67,4,409.50,
Player1_Car,26.88,672.552,10.342,575.367,18.627,7.58,0.76,4,401.21,
Player2_Car,26.88,669.882,8.756,566.754,19.501,1.13,0.66,4,409.90,
Player1_Car,26.90,672.631,10.292,575.017,18.000,10.91,0.84,4,401.57,
Player2_Car,26.90,669.892,8.685,566.364,19.542,1.59,0.65,4,410.29,
Player1_Car,26.92,672.697,10.234,574.659,18.180,5.90,0.82,2,401.94,
Player2_Car,26.92,669.903,8.614,565.974,19.584,2.70,0.65,4,410.69,
Player1_Car,26.94,672.758,10.171,574.301,18.183,1.83,0.82,2,402.24,
Player2_Car,26.94,669.914,8.540,565.582,19.675,2.16,0.64,4,411.09,
Player1_Car,26.96,672.819,10.103,573.942,18.215,1.08,0.81,3,402.60,
Player2_Car,26.96,669.922,8.466,565.189,19.707,1.53,0.64,4,411.49,
Player1_Car,26.98,672.870,10.055,573.584,18.107,4.27,0.83,2,402.97,
Player2_Car,26.98,669.930,8.392,564.796,19.735,1.80,0.63,4,411.89,
Player1_Car,27.00,672.928,9.996,573.227,18.129,4.39,0.82,1,403.33,
Player2_Car,27.00,669.939,8.317,564.402,19.764,2.31,0.63,4,412.29,
Player1_Car,27.02,672.985,9.932,572.873,17.911,4.47,0.85,1,403.67,
Player2_Car,27.02,669.948,8.239,564.006,19.834,1.81,0.62,4,412.69,
Player1_Car,27.04,673.041,9.864,572.523,17.697,4.63,0.88,1,404.03,
Player2_Car,27.04,669.955,8.162,563.610,19.851,1.60,0.62,4,413.09,
Player1_Car,27.06,673.095,9.793,572.178,17.484,4.84,0.90,1,404.38,
Player2_Car,27.06,669.962,8.085,563.214,19.869,1.94,0.62,4,413.49,
Player1_Car,27.08,673.148,9.717,571.836,17.275,4.97,0.93,2,404.73,
Player2_Car,27.08,669.969,8.008,562.817,19.886,2.14,0.61,4,413.90,
Player1_Car,27.10,673.198,9.638,571.499,17.067,5.40,0.95,2,405.08,
Player2_Car,27.10,669.975,7.927,562.419,19.937,1.58,0.61,4,414.30,
Player1_Car,27.12,673.246,9.555,571.165,16.862,5.73,0.98,4,405.42,
Player2_Car,27.12,669.981,7.847,562.022,19.944,1.55,0.61,4,414.71,
Player1_Car,27.14,673.278,9.489,570.832,16.737,4.05,0.99,4,405.76,
Player2_Car,27.14,669.987,7.768,561.624,19.956,1.94,0.61,4,415.12,
Player1_Car,27.16,673.314,9.418,570.492,17.097,2.55,0.95,4,406.10,
Player2_Car,27.16,669.993,7.687,561.225,19.965,2.01,0.60,4,415.52,
Player1_Car,27.18,673.350,9.356,570.151,17.181,4.94,0.94,4,406.45,
Player2_Car,27.18,669.997,7.604,560.826,20.009,1.37,0.60,4,415.93,
Player1_Car,27.20,673.388,9.296,569.805,17.372,5.60,0.92,4,406.80,
Player2_Car,27.20,670.001,7.522,560.426,20.009,1.44,0.60,4,416.34,
Player1_Car,27.22,673.420,9.236,569.455,17.597,3.38,0.89,4,407.16,
Player2_Car,27.22,670.006,7.440,560.027,20.016,1.90,0.60,4,416.74,
Player1_Car,27.24,673.450,9.175,569.100,17.815,2.21,0.86,4,407.52,
Player2_Car,27.24,670.010,7.355,559.626,20.049,1.68,0.59,4,417.15,
Player1_Car,27.26,673.483,9.113,568.740,18.038,3.33,0.84,4,407.88,
Player2_Car,27.26,670.014,7.272,559.226,20.047,1.47,0.59,4,417.56,
Player1_Car,27.28,673.515,9.051,568.377,18.232,4.29,0.81,4,408.25,
Player2_Car,27.28,670.017,7.188,558.826,20.049,1.56,0.59,4,417.97,
Player1_Car,27.30,673.545,8.987,568.010,18.414,3.41,0.79,4,408.62,
Player2_Car,27.30,670.020,7.104,558.425,20.053,1.70,0.59,4,418.38,
Player1_Car,27.32,673.571,8.923,567.640,18.570,2.40,0.77,4,409.00,
Player2_Car,27.32,670.023,7.018,558.024,20.076,1.44,0.59,4,418.79,
Player1_Car,27.34,673.597,8.854,567.265,18.769,2.29,0.75,4,409.37,
Player2_Car,27.34,670.025,6.933,557.623,20.077,1.40,0.59,4,419.20,
Player1_Car,27.36,673.623,8.787,566.889,18.882,3.34,0.73,4,409.76,
Player2_Car,27.36,670.028,6.847,557.222,20.079,1.56,0.59,4,419.61,
Player1_Car,27.38,673.648,8.718,566.509,19.005,3.35,0.72,4,410.14,
Player2_Car,27.38,670.030,6.761,556.821,20.080,1.59,0.59,4,420.02,
Player1_Car,27.40,673.670,8.649,566.128,19.110,2.47,0.71,4,410.53,
Player2_Car,27.40,670.032,6.674,556.419,20.101,1.26,0.59,4,420.43,
Player1_Car,27.42,673.691,8.576,565.743,19.274,1.63,0.69,4,410.92,
Player2_Car,27.42,670.033,6.587,556.018,20.101,1.28,0.59,4,420.84,
Player1_Car,27.44,673.711,8.503,565.356,19.343,2.54,0.68,4,411.31,
Player2_Car,27.44,670.035,6.501,555.616,20.103,1.51,0.59,4,421.25,
Player1_Car,27.46,673.732,8.431,564.969,19.419,3.17,0.67,4,411.71,
Player2_Car,27.46,670.036,6.413,555.214,20.121,1.39,0.59,4,421.66,
Player1_Car,27.48,673.750,8.357,564.579,19.487,2.50,0.66,4,412.10,
Player2_Car,27.48,670.037,6.325,554.812,20.120,1.27,0.59,4,422.07,
Player1_Car,27.50,673.766,8.280,564.188,19.610,1.32,0.65,4,412.50,
Player2_Car,27.50,670.037,6.237,554.410,20.120,1.33,0.59,4,422.48,
Player1_Car,27.52,673.782,8.204,563.795,19.650,1.99,0.64,4,412.90,
Player2_Car,27.52,670.038,6.149,554.008,20.120,1.42,0.59,4,422.89,
Player1_Car,27.54,673.799,8.128,563.401,19.698,2.82,0.64,4,413.30,
Player2_Car,27.54,670.039,6.060,553.606,20.143,1.16,0.58,4,423.31,
Player1_Car,27.56,673.813,8.051,563.007,19.738,2.43,0.63,4,413.70,
Player2_Car,27.56,670.039,5.971,553.203,20.141,1.20,0.58,4,423.72,
Player1_Car,27.58,673.826,7.971,562.610,19.845,1.09,0.62,4,414.11,
Player2_Car,27.58,670.039,5.882,552.801,20.141,1.39,0.58,4,424.13,
Player1_Car,27.60,673.837,7.891,562.213,19.864,1.59,0.62,4,414.51,
Player2_Car,27.60,670.040,5.793,552.399,20.139,1.38,0.58,4,424.54,
Player1_Car,27.62,673.850,7.811,561.815,19.887,2.58,0.61,4,414.92,
Player2_Car,27.62,670.040,5.701,551.996,20.168,0.96,0.58,4,424.95,
Player1_Car,27.64,673.862,7.729,561.416,19.963,1.91,0.60,4,415.32,
Player2_Car,27.64,670.039,5.611,551.593,20.163,1.12,0.58,4,425.37,
Player1_Car,27.66,673.871,7.647,561.017,19.971,1.39,0.60,4,415.73,
Player2_Car,27.66,670.040,5.521,551.190,20.163,1.37,0.58,4,425.78,
Player1_Car,27.68,673.881,7.565,560.617,19.995,1.61,0.60,4,416.14,
Player2_Car,27.68,670.040,5.428,550.787,20.191,1.08,0.58,4,426.19,
Player1_Car,27.70,673.890,7.483,560.217,20.015,2.04,0.60,4,416.55,
Player2_Car,27.70,670.039,5.337,550.384,20.189,1.07,0.58,4,426.61,
Player1_Car,27.72,673.899,7.399,559.816,20.077,1.72,0.59,4,416.96,
Player2_Car,27.72,670.039,5.245,549.981,20.187,1.27,0.58,4,427.02,
Player1_Car,27.74,673.906,7.315,559.414,20.078,1.70,0.59,4,417.37,
Player2_Car,27.74,670.038,5.154,549.578,20.184,1.29,0.58,4,427.43,
Player1_Car,27.76,673.913,7.231,559.012,20.090,1.80,0.59,4,417.78,
Player2_Car,27.76,670.038,5.059,549.174,20.214,0.87,0.57,4,427.85,
Player1_Car,27.78,673.920,7.147,558.611,20.100,1.82,0.59,4,418.19,
Player2_Car,27.78,670.037,4.966,548.770,20.209,1.04,0.57,4,428.26,
Player1_Car,27.80,673.926,7.060,558.208,20.154,1.39,0.58,4,418.60,
Player2_Car,27.80,670.037,4.873,548.367,20.206,1.23,0.58,4,428.67,
Player1_Car,27.82,673.932,6.974,557.805,20.148,1.60,0.58,4,419.01,
Player2_Car,27.82,670.036,4.779,547.964,20.202,1.22,0.58,4,429.09,
Player1_Car,27.84,673.938,6.888,557.402,20.151,1.85,0.58,4,419.42,
Player2_Car,27.84,670.035,4.682,547.559,20.236,0.78,0.57,4,429.50,
Player1_Car,27.86,673.943,6.801,556.998,20.187,1.53,0.58,4,419.84,
Player2_Car,27.86,670.034,4.587,547.156,20.228,1.02,0.57,4,429.92,
Player1_Car,27.88,673.948,6.714,556.594,20.183,1.52,0.58,4,420.25,
Player2_Car,27.88,670.034,4.492,546.752,20.225,1.14,0.57,4,430.33,
Player1_Car,27.90,673.952,6.627,556.191,20.188,1.62,0.58,4,420.66,
Player2_Car,27.90,670.033,4.394,546.347,20.252,0.91,0.57,4,430.75,
Player1_Car,27.92,673.957,6.540,555.787,20.188,1.68,0.58,4,421.08,
Player2_Car,27.92,670.032,4.297,545.943,20.248,1.02,0.57,4,431.16,
Player1_Car,27.94,673.961,6.451,555.383,20.217,1.40,0.57,4,421.49,
Player2_Car,27.94,670.031,4.200,545.539,20.244,1.10,0.57,4,431.58,
Player1_Car,27.96,673.964,6.363,554.978,20.214,1.46,0.57,4,421.90,
Player2_Car,27.96,670.031,4.102,545.135,20.238,1.09,0.57,4,431.99,
Player1_Car,27.98,673.968,6.275,554.574,20.215,1.60,0.57,4,422.31,
Player2_Car,27.98,670.029,4.002,544.730,20.269,0.77,0.57,4,432.41,
Player1_Car,28.00,673.971,6.187,554.170,20.217,1.60,0.57,4,422.73,
Player2_Car,28.00,670.028,3.903,544.326,20.263,0.99,0.57,4,432.83,
Player1_Car,28.02,673.974,6.097,553.765,20.242,1.31,0.57,4,423.14,
Player2_Car,28.02,670.028,3.804,543.921,20.258,1.03,0.57,4,433.24,
Player1_Car,28.04,673.977,6.008,553.360,20.238,1.39,0.57,4,423.56,
Player2_Car,28.04,670.027,3.704,543.517,20.251,1.02,0.57,4,433.66,
Player1_Car,28.06,673.979,5.918,552.955,20.239,1.55,0.57,4,423.97,
Player2_Car,28.06,670.025,3.601,543.112,20.286,0.71,0.57,4,434.08,
Player1_Car,28.08,673.982,5.828,552.550,20.256,1.41,0.57,4,424.39,
Player2_Car,28.08,670.024,3.500,542.707,20.277,0.96,0.57,4,434.49,
Player1_Car,28.10,673.984,5.738,552.145,20.251,1.42,0.57,4,424.80,
Player2_Car,28.10,670.023,3.399,542.302,20.272,0.96,0.57,4,434.91,
Player1_Car,28.12,673.986,5.647,551.740,20.253,1.44,0.57,4,425.22,
Player2_Car,28.12,670.022,3.295,541.897,20.301,0.73,0.56,4,435.33,
Player1_Car,28.14,673.988,5.557,551.335,20.252,1.46,0.57,4,425.63,
Player2_Car,28.14,670.021,3.191,541.492,20.296,0.92,0.56,4,435.74,
Player1_Car,28.16,673.990,5.464,550.930,20.279,1.21,0.57,4,426.05,
Player2_Car,28.16,670.020,3.088,541.087,20.291,0.92,0.57,4,436.16,
Player1_Car,28.18,673.991,5.373,550.524,20.272,1.34,0.57,4,426.46,
Player2_Car,28.18,670.019,2.985,540.682,20.284,0.91,0.57,4,436.58,
Player1_Car,28.20,673.993,5.281,550.119,20.270,1.48,0.57,4,426.88,
Player2_Car,28.20,670.018,2.877,540.276,20.319,0.68,0.56,4,437.00,
Player1_Car,28.22,673.995,5.189,549.713,20.267,1.47,0.57,4,427.29,
Player2_Car,28.22,670.016,2.772,539.871,20.311,0.87,0.56,4,437.42,
Player1_Car,28.24,673.996,5.094,549.307,20.302,1.06,0.56,4,427.71,
Player2_Car,28.24,670.015,2.667,539.466,20.305,0.86,0.56,4,437.84,
Player1_Car,28.26,673.997,5.000,548.902,20.291,1.24,0.57,4,428.12,
Player2_Car,28.26,670.014,2.560,539.060,20.297,0.86,0.56,4,438.25,
Player1_Car,28.28,673.998,4.907,548.496,20.284,1.39,0.57,4,428.54,
Player2_Car,28.28,670.013,2.451,538.654,20.337,0.62,0.56,4,438.67,
Player1_Car,28.30,673.999,4.811,548.090,20.316,1.13,0.56,4,428.96,
Player2_Car,28.30,670.012,2.343,538.248,20.326,0.82,0.56,4,439.09,
Player1_Car,28.32,674.000,4.716,547.683,20.303,1.28,0.56,4,429.37,
Player2_Car,28.32,670.011,2.235,537.843,20.318,0.81,0.56,4,439.51,
Player1_Car,28.34,674.001,4.620,547.277,20.301,1.33,0.56,4,429.79,
Player2_Car,28.34,670.010,2.123,537.436,20.350,0.66,0.56,4,439.93,
Player1_Car,28.36,674.001,4.525,546.872,20.297,1.33,0.56,4,430.21,
Player2_Car,28.36,670.009,2.013,537.030,20.343,0.79,0.56,4,440.35,
Player1_Car,28.38,674.002,4.426,546.465,20.335,0.96,0.56,4,430.62,
Player2_Car,28.38,670.008,1.903,536.625,20.336,0.78,0.56,4,440.77,
Player1_Car,28.40,674.002,4.329,546.058,20.320,1.21,0.56,4,431.04,
Player2_Car,28.40,670.007,1.792,536.219,20.328,0.78,0.56,4,441.19,
Player1_Car,28.42,674.003,4.231,545.652,20.314,1.26,0.56,4,431.46,
Player2_Car,28.42,670.005,1.678,535.812,20.365,0.61,0.56,4,441.62,
Player1_Car,28.44,674.003,4.132,545.245,20.342,1.02,0.56,4,431.88,
Player2_Car,28.44,670.004,1.565,535.406,20.354,0.75,0.56,4,442.04,
Player1_Car,28.46,674.003,4.033,544.839,20.328,1.21,0.56,4,432.30,
Player2_Car,28.46,670.003,1.452,535.000,20.347,0.74,0.56,4,442.46,
Player1_Car,28.48,674.004,3.934,544.432,20.328,1.21,0.56,4,432.71,
Player2_Car,28.48,670.002,1.336,534.593,20.377,0.64,0.55,4,442.88,
Player1_Car,28.50,674.004,3.834,544.026,20.324,1.20,0.56,4,433.13,
Player2_Car,28.50,670.001,1.221,534.186,20.370,0.72,0.56,4,443.30,
Player1_Car,28.52,674.004,3.732,543.619,20.358,0.92,0.56,4,433.55,
Player2_Car,28.52,670.000,1.106,533.780,20.363,0.71,0.56,4,443.72,
Player1_Car,28.54,674.004,3.631,543.212,20.343,1.14,0.56,4,433.97,
Player2_Car,28.54,669.999,0.991,533.373,20.356,0.70,0.56,4,444.15,
Player1_Car,28.56,674.004,3.529,542.805,20.338,1.14,0.56,4,434.39,
Player2_Car,28.56,669.998,0.871,532.966,20.392,0.58,0.55,4,444.57,
Player1_Car,28.58,674.004,3.428,542.398,20.332,1.13,0.56,4,434.81,
Player2_Car,28.58,669.997,0.754,532.559,20.381,0.68,0.55,4,444.99,
Player1_Car,28.60,674.004,3.324,541.991,20.374,0.82,0.56,4,435.23,
Player2_Car,28.60,669.996,0.636,532.153,20.374,0.67,0.56,4,445.42,
Player1_Car,28.62,674.003,3.220,541.584,20.358,1.06,0.56,4,435.65,
Player2_Car,28.62,669.995,0.515,531.745,20.403,0.61,0.55,4,445.84,
Player1_Car,28.64,674.003,3.116,541.177,20.348,1.06,0.56,4,436.07,
Player2_Car,28.64,669.993,0.395,531.338,20.396,0.65,0.55,4,446.26,
Player1_Car,28.66,674.003,3.010,540.769,20.379,0.87,0.55,4,436.49,
Player2_Car,28.66,669.992,0.275,530.931,20.389,0.64,0.55,4,446.69,
Player1_Car,28.68,674.003,2.905,540.362,20.363,1.01,0.56,4,436.91,
Player2_Car,28.68,669.991,0.155,530.524,20.382,0.64,0.55,4,447.11,
Player1_Car,28.70,674.002,2.799,539.955,20.361,1.01,0.56,4,437.33,
Player2_Car,28.70,669.990,0.030,530.116,20.416,0.55,0.55,4,447.54,
Player1_Car,28.72,674.002,2.693,539.547,20.355,1.00,0.56,4,437.75,
Player2_Car,28.72,669.989,-0.093,529.709,20.406,0.61,0.55,4,447.96,
Player1_Car,28.74,674.001,2.585,539.140,20.396,0.75,0.55,4,438.17,
Player2_Car,28.74,669.988,-0.215,529.302,20.398,0.61,0.55,4,448.39,
Player1_Car,28.76,674.001,2.476,538.732,20.378,0.94,0.55,4,438.59,
Player2_Car,28.76,669.987,-0.341,528.894,20.426,0.59,0.55,4,448.81,
Player1_Car,28.78,674.001,2.368,538.325,20.370,0.94,0.56,4,439.01,
Player2_Car,28.78,669.986,-0.467,528.486,20.420,0.59,0.55,4,449.24,
Player1_Car,28.80,674.000,2.258,537.917,20.401,0.80,0.55,4,439.44,
Player2_Car,28.80,669.985,-0.591,528.079,20.412,0.58,0.55,4,449.67,
Player1_Car,28.82,673.999,2.148,537.509,20.385,0.90,0.55,4,439.86,
Player2_Car,28.82,669.984,-0.717,527.671,20.405,0.58,0.55,4,450.09,
Player1_Car,28.84,673.999,2.038,537.101,20.383,0.89,0.55,4,440.28,
Player2_Car,28.84,669.983,-0.847,527.263,20.438,0.53,0.55,4,450.52,
Player1_Car,28.86,673.998,1.927,536.694,20.377,0.88,0.55,4,440.70,
Player2_Car,28.86,669.982,-0.974,526.855,20.428,0.55,0.55,4,450.95,
Player1_Car,28.88,673.997,1.814,536.285,20.416,0.71,0.55,4,441.12,
Player2_Car,28.88,669.981,-1.102,526.448,20.420,0.55,0.55,4,451.37,
Player1_Car,28.90,673.997,1.701,535.877,20.399,0.83,0.55,4,441.55,
Player2_Car,28.90,669.980,-1.234,526.039,20.448,0.54,0.55,4,451.80,
Player1_Car,28.92,673.996,1.588,535.470,20.392,0.83,0.55,4,441.97,
Player2_Car,28.92,669.979,-1.364,525.631,20.441,0.53,0.55,4,452.23,
Player1_Car,28.94,673.995,1.475,535.062,20.384,0.82,0.55,4,442.39,
Player2_Car,28.94,669.978,-1.494,525.223,20.433,0.52,0.55,4,452.66,
Player1_Car,28.96,673.994,1.359,534.653,20.431,0.59,0.55,4,442.82,
Player2_Car,28.96,669.977,-1.628,524.815,20.462,0.52,0.54,4,453.08,
Player1_Car,28.98,673.993,1.243,534.245,20.410,0.76,0.55,4,443.24,
Player2_Car,28.98,669.976,-1.760,524.407,20.457,0.50,0.55,4,453.51,
Player1_Car,29.00,673.993,1.128,533.837,20.398,0.75,0.55,4,443.66,
Player2_Car,29.00,669.975,-1.893,523.998,20.450,0.49,0.55,4,453.94,
Player1_Car,29.02,673.992,1.010,533.428,20.433,0.66,0.55,4,444.09,
Player2_Car,29.02,669.974,-2.026,523.590,20.444,0.49,0.55,4,454.37,
Player1_Car,29.04,673.991,0.892,533.020,20.417,0.72,0.55,4,444.51,
Player2_Car,29.04,669.973,-2.165,523.181,20.494,0.32,0.54,4,454.80,
Player1_Car,29.06,673.990,0.775,532.612,20.410,0.71,0.55,4,444.94,
Player2_Car,29.06,669.972,-2.302,522.772,20.493,0.46,0.54,4,455.23,
Player1_Car,29.08,673.989,0.657,532.204,20.403,0.70,0.55,4,445.36,
Player2_Car,29.08,669.972,-2.438,522.363,20.482,0.46,0.54,4,455.66,
Player1_Car,29.10,673.988,0.536,531.795,20.449,0.54,0.55,4,445.79,
Player2_Car,29.10,669.971,-2.580,521.954,20.528,0.32,0.54,4,456.09,
Player1_Car,29.12,673.987,0.415,531.386,20.429,0.65,0.55,4,446.21,
Player2_Car,29.12,669.970,-2.720,521.544,20.521,0.44,0.54,4,456.53,
Player1_Car,29.14,673.986,0.295,530.978,20.417,0.64,0.55,4,446.64,
Player2_Car,29.14,669.970,-2.860,521.136,20.513,0.43,0.54,4,456.96,
Player1_Car,29.16,673.985,0.172,530.569,20.452,0.61,0.55,4,447.06,
Player2_Car,29.16,669.969,-3.000,520.726,20.504,0.44,0.54,4,457.39,
Player1_Car,29.18,673.984,0.049,530.160,20.437,0.62,0.55,4,447.49,
Player2_Car,29.18,669.968,-3.148,520.316,20.548,0.32,0.53,4,457.82,
Player1_Car,29.20,673.983,-0.074,529.752,20.429,0.61,0.55,4,447.92,
Player2_Car,29.20,669.967,-3.293,519.906,20.548,0.41,0.53,4,458.26,
Player1_Car,29.22,673.982,-0.196,529.343,20.422,0.60,0.55,4,448.34,
Player2_Car,29.22,669.967,-3.438,519.497,20.534,0.41,0.54,4,458.69,
Player1_Car,29.24,673.981,-0.323,528.934,20.468,0.47,0.54,4,448.77,
Player2_Car,29.24,669.966,-3.590,519.086,20.574,0.31,0.53,4,459.13,
Player1_Car,29.26,673.980,-0.449,528.525,20.447,0.56,0.55,4,449.20,
Player2_Car,29.26,669.965,-3.739,518.676,20.565,0.40,0.53,4,459.56,
Player1_Car,29.28,673.979,-0.574,528.116,20.435,0.55,0.55,4,449.62,
Player2_Car,29.28,669.965,-3.888,518.266,20.556,0.39,0.53,4,460.00,
Player1_Car,29.30,673.978,-0.702,527.707,20.470,0.54,0.54,4,450.05,
Player2_Car,29.30,669.964,-4.043,517.855,20.590,0.35,0.53,4,460.44,
Player1_Car,29.32,673.977,-0.830,527.298,20.455,0.53,0.55,4,450.48,
Player2_Car,29.32,669.963,-4.197,517.444,20.583,0.39,0.53,4,460.88,
Player1_Car,29.34,673.976,-0.958,526.889,20.447,0.52,0.55,4,450.91,
Player2_Car,29.34,669.963,-4.350,517.034,20.575,0.38,0.53,4,461.31,
Player1_Car,29.36,673.975,-1.088,526.479,20.474,0.51,0.54,4,451.34,
Player2_Car,29.36,669.962,-4.504,516.623,20.566,0.39,0.53,4,461.75,
Player1_Car,29.38,673.974,-1.218,526.070,20.461,0.50,0.54,4,451.77,
Player2_Car,29.38,669.961,-4.665,516.212,20.603,0.32,0.53,4,462.19,
Player1_Car,29.40,673.973,-1.348,525.661,20.458,0.49,0.55,4,452.20,
Player2_Car,29.40,669.960,-4.824,515.801,20.599,0.37,0.53,4,462.63,
Player1_Car,29.42,673.972,-1.479,525.252,20.452,0.48,0.55,4,452.62,
Player2_Car,29.42,669.960,-4.983,515.390,20.587,0.37,0.53,4,463.07,
Player1_Car,29.44,673.971,-1.612,524.842,20.487,0.47,0.54,4,453.05,
Player2_Car,29.44,669.959,-5.148,514.978,20.618,0.34,0.53,4,463.51,
Player1_Car,29.46,673.970,-1.745,524.432,20.474,0.46,0.54,4,453.48,
Player2_Car,29.46,669.958,-5.310,514.567,20.609,0.35,0.53,4,463.96,
Player1_Car,29.48,673.969,-1.878,524.023,20.464,0.45,0.54,4,453.91,
Player2_Car,29.48,669.958,-5.472,514.156,20.601,0.35,0.53,4,464.40,
Player1_Car,29.50,673.968,-2.014,523.613,20.492,0.44,0.54,4,454.34,
Player2_Car,29.50,669.957,-5.641,513.744,20.628,0.35,0.52,4,464.84,
Player1_Car,29.52,673.967,-2.150,523.204,20.484,0.43,0.54,4,454.78,
Player2_Car,29.52,669.956,-5.808,513.332,20.622,0.34,0.53,4,465.28,
Player1_Car,29.54,673.966,-2.286,522.794,20.481,0.42,0.54,4,455.21,
Player2_Car,29.54,669.956,-5.974,512.921,20.615,0.34,0.53,4,465.73,
Player1_Car,29.56,673.965,-2.422,522.385,20.474,0.41,0.54,4,455.64,
Player2_Car,29.56,669.955,-6.142,512.509,20.608,0.34,0.53,4,466.17,
Player1_Car,29.58,673.964,-2.563,521.974,20.518,0.35,0.54,4,456.07,
Player2_Car,29.58,669.954,-6.315,512.097,20.637,0.33,0.52,4,466.62,
Player1_Car,29.60,673.963,-2.703,521.564,20.502,0.39,0.54,4,456.50,
Player2_Car,29.60,669.954,-6.487,511.685,20.632,0.33,0.52,4,467.06,
Player1_Car,29.62,673.962,-2.842,521.154,20.490,0.38,0.54,4,456.94,
Player2_Car,29.62,669.953,-6.658,511.273,20.623,0.32,0.53,4,467.51,
Player1_Car,29.64,673.961,-2.988,520.744,20.544,0.21,0.53,4,457.37,
Player2_Car,29.64,669.952,-6.835,510.861,20.647,0.33,0.52,4,467.95,
Player1_Car,29.66,673.959,-3.132,520.333,20.530,0.33,0.54,4,457.80,
Player2_Car,29.66,669.952,-7.010,510.448,20.640,0.31,0.52,4,468.40,
Player1_Car,29.68,673.959,-3.276,519.923,20.516,0.32,0.54,4,458.24,
Player2_Car,29.68,669.951,-7.184,510.036,20.634,0.31,0.52,4,468.85,
Player1_Car,29.70,673.958,-3.426,519.511,20.562,0.24,0.53,4,458.67,
Player2_Car,29.70,669.950,-7.363,509.624,20.647,0.32,0.52,4,469.30,
Player1_Car,29.72,673.956,-3.574,519.100,20.544,0.29,0.53,4,459.11,
Player2_Car,29.72,669.950,-7.541,509.212,20.642,0.31,0.52,4,469.75,
Player1_Car,29.74,673.955,-3.723,518.690,20.538,0.28,0.54,4,459.55,
Player2_Car,29.74,669.949,-7.719,508.799,20.637,0.30,0.52,4,470.19,
Player1_Car,29.76,673.954,-3.872,518.279,20.530,0.27,0.54,4,459.98,
Player2_Car,29.76,669.949,-7.899,508.387,20.644,0.31,0.52,4,470.64,
Player1_Car,29.78,673.953,-4.027,517.867,20.581,0.13,0.53,4,460.42,
Player2_Car,29.78,669.948,-8.080,507.974,20.641,0.31,0.52,4,471.09,
Player1_Car,29.80,673.952,-4.181,517.456,20.572,0.23,0.53,4,460.86,
Player2_Car,29.80,669.947,-8.260,507.562,20.637,0.30,0.52,4,471.54,
Player1_Car,29.82,673.951,-4.335,517.045,20.552,0.22,0.53,4,461.30,
Player2_Car,29.82,669.947,-8.442,507.150,20.634,0.30,0.52,4,471.99,
Player1_Car,29.84,673.950,-4.494,516.633,20.597,0.15,0.53,4,461.74,
Player2_Car,29.84,669.946,-8.625,506.737,20.642,0.31,0.52,4,472.44,
Player1_Car,29.86,673.949,-4.652,516.221,20.581,0.19,0.53,4,462.18,
Player2_Car,29.86,669.945,-8.808,506.324,20.638,0.30,0.52,4,472.90,
Player1_Car,29.88,673.948,-4.810,515.810,20.569,0.18,0.53,4,462.62,
Player2_Car,29.88,669.945,-8.991,505.912,20.634,0.29,0.52,4,473.35,
Player1_Car,29.90,673.947,-4.973,515.398,20.607,0.17,0.53,4,463.06,
Player2_Car,29.90,669.944,-9.174,505.499,20.633,0.29,0.52,4,473.80,
Player1_Car,29.92,673.945,-5.135,514.986,20.591,0.16,0.53,4,463.50,
Player2_Car,29.92,669.944,-9.358,505.087,20.630,0.29,0.52,4,474.25,
Player1_Car,29.94,673.944,-5.297,514.574,20.585,0.15,0.53,4,463.94,
Player2_Car,29.94,669.943,-9.541,504.675,20.628,0.29,0.52,4,474.70,
Player1_Car,29.96,673.943,-5.459,514.163,20.577,0.15,0.53,4,464.39,
Player2_Car,29.96,669.942,-9.725,504.262,20.620,0.29,0.53,4,475.15,
Player1_Car,29.98,673.942,-5.628,513.750,20.621,0.08,0.53,4,464.83,
Player2_Car,29.98,669.942,-9.909,503.850,20.620,0.29,0.53,4,475.60,
Player1_Car,30.00,673.941,-5.795,513.338,20.611,0.12,0.53,4,465.27,
Player2_Car,30.00,669.941,-10.093,503.437,20.620,0.29,0.53,4,476.05,
Player1_Car,30.02,673.940,-5.962,512.926,20.595,0.11,0.53,4,465.72,
Player2_Car,30.02,669.940,-10.275,503.025,20.607,0.28,0.53,4,476.51,
Player1_Car,30.04,673.939,-6.134,512.514,20.631,0.10,0.52,4,466.16,
Player2_Car,30.04,669.940,-10.458,502.613,20.611,0.28,0.53,4,476.96,
Player1_Car,30.06,673.938,-6.305,512.101,20.616,0.10,0.53,4,466.61,
Player2_Car,30.06,669.939,-10.642,502.201,20.612,0.27,0.53,4,477.41,
Player1_Car,30.08,673.936,-6.475,511.689,20.607,0.08,0.53,4,467.05,
Player2_Car,30.08,669.939,-10.825,501.789,20.610,0.27,0.53,4,477.86,
Player1_Car,30.10,673.935,-6.651,511.277,20.638,0.07,0.52,4,467.50,
Player2_Car,30.10,669.938,-11.005,501.377,20.593,0.26,0.53,4,478.31,
Player1_Car,30.12,673.934,-6.825,510.864,20.625,0.07,0.52,4,467.95,
Player2_Car,30.12,669.937,-11.187,500.965,20.598,0.26,0.53,4,478.76,
Player1_Car,30.14,673.933,-6.999,510.452,20.619,0.06,0.53,4,468.39,
Player2_Car,30.14,669.937,-11.369,500.553,20.598,0.26,0.53,4,479.21,
Player1_Car,30.16,673.932,-7.178,510.039,20.645,0.05,0.52,4,468.84,
Player2_Car,30.16,669.936,-11.547,500.142,20.569,0.25,0.53,4,479.66,
Player1_Car,30.18,673.931,-7.355,509.626,20.634,0.05,0.52,4,469.29,
Player2_Car,30.18,669.936,-11.726,499.730,20.578,0.25,0.53,4,480.11,
Player1_Car,30.20,673.930,-7.533,509.213,20.630,0.03,0.52,4,469.74,
Player2_Car,30.20,669.935,-11.906,499.318,20.580,0.24,0.53,4,480.56,
Player1_Car,30.22,673.929,-7.711,508.801,20.625,0.03,0.52,4,470.19,
Player2_Car,30.22,669.935,-12.080,498.908,20.544,0.24,0.53,4,481.01,
Player1_Car,30.24,673.928,-7.893,508.388,20.657,0.02,0.52,4,470.64,
Player2_Car,30.24,669.934,-12.257,498.497,20.555,0.24,0.53,4,481.45,
Player1_Car,30.26,673.927,-8.075,507.975,20.643,0.01,0.52,4,471.09,
Player2_Car,30.26,669.933,-12.434,498.085,20.559,0.23,0.53,4,481.90,
Player1_Car,30.28,673.926,-8.255,507.562,20.635,0.00,0.52,4,471.54,
Player2_Car,30.28,669.933,-12.610,497.674,20.553,0.23,0.53,4,482.35,
Player1_Car,30.30,673.925,-8.439,507.149,20.653,0.00,0.52,4,471.99,
Player2_Car,30.30,669.932,-12.779,497.264,20.515,0.21,0.54,4,482.80,
Player1_Car,30.32,673.924,-8.622,506.736,20.645,-0.01,0.52,4,472.44,
Player2_Car,30.32,669.932,-12.952,496.854,20.528,0.22,0.54,4,483.24,
Player1_Car,30.34,673.923,-8.805,506.323,20.641,-0.02,0.52,4,472.90,
Player2_Car,30.34,669.931,-13.125,496.443,20.529,0.22,0.54,4,483.69,
Player1_Car,30.36,673.922,-8.989,505.910,20.651,-0.03,0.52,4,473.35,
Player2_Car,30.36,669.931,-13.291,496.033,20.484,0.21,0.54,4,484.13,
Player1_Car,30.38,673.921,-9.173,505.498,20.646,-0.03,0.52,4,473.80,
Player2_Car,30.38,669.931,-13.459,495.624,20.499,0.22,0.54,4,484.57,
Player1_Car,30.40,673.920,-9.357,505.085,20.643,-0.04,0.52,4,474.25,
Player2_Car,30.40,669.930,-13.629,495.213,20.505,0.21,0.54,4,485.02,
Player1_Car,30.42,673.919,-9.541,504.672,20.641,-0.05,0.52,4,474.70,
Player2_Car,30.42,669.930,-13.791,494.805,20.451,0.21,0.55,4,485.46,
Player1_Car,30.44,673.918,-9.726,504.259,20.653,-0.05,0.52,4,475.16,
Player2_Car,30.44,669.929,-13.955,494.395,20.468,0.21,0.54,4,485.90,
Player1_Car,30.46,673.917,-9.911,503.846,20.647,-0.06,0.52,4,475.61,
Player2_Car,30.46,669.929,-14.120,493.986,20.476,0.21,0.54,4,486.34,
Player1_Car,30.48,673.916,-10.095,503.433,20.645,-0.06,0.52,4,476.06,
Player2_Car,30.48,669.928,-14.279,493.577,20.424,0.20,0.55,4,486.78,
Player1_Car,30.50,673.915,-10.280,503.020,20.647,-0.07,0.52,4,476.51,
Player2_Car,30.50,669.928,-14.439,493.168,20.439,0.20,0.55,4,487.22,
Player1_Car,30.52,673.914,-10.464,502.607,20.648,-0.08,0.52,4,476.96,
Player2_Car,30.52,669.927,-14.600,492.760,20.447,0.20,0.55,4,487.66,
Player1_Car,30.54,673.914,-10.648,502.195,20.648,-0.09,0.52,4,477.42,
Player2_Car,30.54,669.927,-14.760,492.351,20.444,0.20,0.55,4,488.11,
Player1_Car,30.56,673.913,-10.830,501.782,20.642,-0.09,0.52,4,477.87,
Player2_Car,30.56,669.927,-14.913,491.943,20.388,0.18,0.55,4,488.54,
Player1_Car,30.58,673.912,-11.013,501.369,20.643,-0.10,0.52,4,478.32,
Player2_Car,30.58,669.926,-15.068,491.535,20.410,0.19,0.55,4,488.98,
Player1_Car,30.60,673.911,-11.195,500.957,20.644,-0.11,0.52,4,478.77,
Player2_Car,30.60,669.926,-15.224,491.127,20.419,0.19,0.55,4,489.42,
Player1_Car,30.62,673.910,-11.376,500.544,20.632,-0.11,0.52,4,479.22,
Player2_Car,30.62,669.926,-15.373,490.720,20.355,0.18,0.56,4,489.85,
Player1_Car,30.64,673.909,-11.557,500.132,20.633,-0.12,0.52,4,479.67,
Player2_Car,30.64,669.925,-15.524,490.312,20.378,0.19,0.55,4,490.29,
Player1_Car,30.66,673.909,-11.737,499.719,20.635,-0.13,0.52,4,480.12,
Player2_Car,30.66,669.925,-15.675,489.904,20.390,0.18,0.55,4,490.72,
Player1_Car,30.68,673.908,-11.917,499.307,20.636,-0.13,0.52,4,480.57,
Player2_Car,30.68,669.924,-15.821,489.498,20.328,0.18,0.56,4,491.16,
Player1_Car,30.70,673.907,-12.094,498.895,20.625,-0.13,0.53,4,481.02,
Player2_Car,30.70,669.924,-15.967,489.091,20.348,0.18,0.56,4,491.59,
Player1_Car,30.72,673.906,-12.271,498.483,20.627,-0.15,0.52,4,481.47,
Player2_Car,30.72,669.924,-16.114,488.684,20.360,0.18,0.56,4,492.02,
Player1_Car,30.74,673.906,-12.448,498.071,20.629,-0.15,0.52,4,481.92,
Player2_Car,30.74,669.924,-16.261,488.277,20.358,0.18,0.56,4,492.46,
Player1_Car,30.76,673.905,-12.621,497.659,20.607,-0.15,0.53,4,482.37,
Player2_Car,30.76,669.923,-16.399,487.871,20.292,0.16,0.56,4,492.89,
Player1_Car,30.78,673.904,-12.795,497.248,20.609,-0.16,0.53,4,482.82,
Player2_Car,30.78,669.923,-16.541,487.465,20.321,0.18,0.56,4,493.32,
Player1_Car,30.80,673.903,-12.969,496.836,20.611,-0.17,0.53,4,483.26,
Player2_Car,30.80,669.923,-16.683,487.058,20.335,0.17,0.56,4,493.75,
Player1_Car,30.82,673.903,-13.138,496.425,20.582,-0.17,0.53,4,483.71,
Player2_Car,30.82,669.922,-16.818,486.653,20.257,0.17,0.57,4,494.18,
Player1_Car,30.84,673.902,-13.308,496.014,20.583,-0.18,0.53,4,484.16,
Player2_Car,30.84,669.922,-16.955,486.247,20.287,0.17,0.57,4,494.61,
Player1_Car,30.86,673.901,-13.478,495.603,20.587,-0.19,0.53,4,484.60,
Player2_Car,30.86,669.922,-17.093,485.841,20.304,0.17,0.56,4,495.03,
Player1_Car,30.88,673.901,-13.643,495.192,20.556,-0.19,0.53,4,485.05,
Player2_Car,30.88,669.922,-17.224,485.437,20.232,0.17,0.57,4,495.46,
Player1_Car,30.90,673.900,-13.809,494.782,20.556,-0.19,0.53,4,485.49,
Player2_Car,30.90,669.921,-17.356,485.032,20.256,0.17,0.57,4,495.89,
Player1_Car,30.92,673.899,-13.975,494.371,20.562,-0.20,0.53,4,485.93,
Player2_Car,30.92,669.921,-17.489,484.626,20.271,0.17,0.57,4,496.32,
Player1_Car,30.94,673.899,-14.140,493.960,20.566,-0.20,0.53,4,486.37,
Player2_Car,30.94,669.921,-17.622,484.221,20.274,0.17,0.57,4,496.75,
Player1_Car,30.96,673.898,-14.300,493.551,20.535,-0.19,0.54,4,486.82,
Player2_Car,30.96,669.921,-17.746,483.817,20.193,0.15,0.58,4,497.17,
Player1_Car,30.98,673.897,-14.461,493.141,20.537,-0.21,0.54,4,487.26,
Player2_Car,30.98,669.920,-17.873,483.412,20.228,0.16,0.57,4,497.59,
Player1_Car,31.00,673.897,-14.622,492.731,20.542,-0.22,0.53,4,487.70,
Player2_Car,31.00,669.920,-18.001,483.008,20.247,0.16,0.57,4,498.02,
Player1_Car,31.02,673.896,-14.778,492.321,20.505,-0.21,0.54,4,488.14,
Player2_Car,31.02,669.920,-18.122,482.604,20.164,0.16,0.58,4,498.44,
Player1_Car,31.04,673.895,-14.934,491.912,20.508,-0.22,0.54,4,488.58,
Player2_Car,31.04,669.920,-18.245,482.201,20.194,0.16,0.58,4,498.86,
Player1_Car,31.06,673.895,-15.091,491.503,20.514,-0.23,0.54,4,489.02,
Player2_Car,31.06,669.919,-18.368,481.796,20.214,0.16,0.57,4,499.29,
Player1_Car,31.08,673.894,-15.243,491.094,20.475,-0.23,0.54,4,489.46,
Player2_Car,31.08,669.919,-18.490,481.392,20.214,0.16,0.57,4,499.71,
Player1_Car,31.10,673.894,-15.396,490.685,20.478,-0.24,0.54,4,489.89,
Player2_Car,31.10,669.919,-18.605,480.990,20.132,0.15,0.58,4,500.13,
Player1_Car,31.12,673.893,-15.548,490.276,20.485,-0.24,0.54,4,490.33,
Player2_Car,31.12,669.919,-18.722,480.586,20.171,0.16,0.58,4,500.55,
Player1_Car,31.14,673.893,-15.700,489.867,20.492,-0.25,0.54,4,490.76,
Player2_Car,31.14,669.919,-18.841,480.183,20.193,0.16,0.58,4,500.97,
Player1_Car,31.16,673.892,-15.846,489.459,20.452,-0.23,0.55,4,491.20,
Player2_Car,31.16,669.918,-18.951,479.781,20.100,0.15,0.59,4,501.39,
Player1_Car,31.18,673.891,-15.993,489.051,20.456,-0.25,0.55,4,491.63,
Player2_Car,31.18,669.918,-19.064,479.378,20.138,0.16,0.58,4,501.81,
Player1_Car,31.20,673.891,-16.140,488.643,20.463,-0.26,0.54,4,492.07,
Player2_Car,31.20,669.918,-19.178,478.975,20.160,0.15,0.58,4,502.23,
Player1_Car,31.22,673.895,-16.260,488.236,20.335,1.31,0.56,4,492.50,
Player2_Car,31.22,669.918,-19.291,478.572,20.159,0.15,0.58,4,502.65,
Player1_Car,31.24,673.896,-16.388,487.829,20.392,1.20,0.55,4,492.92,
Player2_Car,31.24,669.918,-19.395,478.170,20.074,0.14,0.59,4,503.07,
Player1_Car,31.26,673.892,-16.521,487.419,20.468,-0.09,0.54,3,493.35,
Player2_Car,31.26,669.917,-19.504,477.768,20.117,0.15,0.59,4,503.48,
Player1_Car,31.28,673.888,-16.655,487.012,20.387,-1.09,0.55,3,493.79,
Player2_Car,31.28,669.917,-19.612,477.365,20.142,0.15,0.58,4,503.90,
Player1_Car,31.30,673.883,-16.792,486.606,20.301,-1.56,0.56,3,494.21,
Player2_Car,31.30,669.917,-19.714,476.965,20.043,0.15,0.59,4,504.32,
Player1_Car,31.32,673.880,-16.933,486.201,20.218,-1.67,0.57,3,494.64,
Player2_Car,31.32,669.917,-19.817,476.563,20.084,0.15,0.59,4,504.73,
Player1_Car,31.34,673.877,-17.076,485.798,20.138,-1.67,0.58,4,495.07,
Player2_Car,31.34,669.917,-19.921,476.161,20.109,0.15,0.59,4,505.15,
Player1_Car,31.36,673.876,-17.222,485.394,20.228,-0.66,0.57,4,495.50,
Player2_Car,31.36,669.917,-20.025,475.759,20.110,0.15,0.59,4,505.57,
Player1_Car,31.38,673.876,-17.372,484.987,20.322,-0.27,0.56,4,495.94,
Player2_Car,31.38,669.916,-20.120,475.359,20.021,0.14,0.60,4,505.98,
Player1_Car,31.40,673.876,-17.513,484.583,20.237,-0.35,0.57,4,496.37,
Player2_Car,31.40,669.916,-20.219,474.957,20.066,0.15,0.59,4,506.39,
Player1_Car,31.42,673.876,-17.641,484.181,20.132,-0.30,0.58,4,496.79,
Player2_Car,31.42,669.916,-20.319,474.556,20.093,0.15,0.59,4,506.81,
Player1_Car,31.44,673.876,-17.769,483.778,20.155,-0.26,0.58,4,497.21,
Player2_Car,31.44,669.916,-20.411,474.156,19.994,0.15,0.60,4,507.22,
Player1_Car,31.46,673.875,-17.896,483.376,20.184,-0.25,0.58,4,497.64,
Player2_Car,31.46,669.916,-20.505,473.755,20.035,0.15,0.60,4,507.63,
Player1_Car,31.48,673.875,-18.024,482.972,20.209,-0.25,0.57,4,498.06,
Player2_Car,31.48,669.916,-20.600,473.354,20.062,0.15,0.59,4,508.04,
Player1_Car,31.50,673.875,-18.144,482.571,20.163,-0.30,0.58,4,498.48,
Player2_Car,31.50,669.916,-20.695,472.953,20.067,0.15,0.59,4,508.46,
Player1_Car,31.52,673.875,-18.266,482.168,20.188,-0.26,0.58,4,498.90,
Player2_Car,31.52,669.916,-20.782,472.553,19.971,0.14,0.60,4,508.87,
Player1_Car,31.54,673.874,-18.389,481.765,20.213,-0.26,0.57,4,499.32,
Player2_Car,31.54,669.915,-20.871,472.153,20.019,0.15,0.60,4,509.28,
Player1_Car,31.56,673.874,-18.506,481.363,20.163,-0.29,0.58,4,499.75,
Player2_Car,31.56,669.915,-20.962,471.752,20.047,0.15,0.59,4,509.69,
Player1_Car,31.58,673.874,-18.624,480.960,20.184,-0.27,0.58,4,500.17,
Player2_Car,31.58,669.915,-21.046,471.353,19.949,0.15,0.61,4,510.10,
Player1_Car,31.60,673.874,-18.742,480.557,20.207,-0.27,0.58,4,500.59,
Player2_Car,31.60,669.915,-21.132,470.953,19.989,0.15,0.60,4,510.51,
Player1_Car,31.62,673.873,-18.855,480.155,20.157,-0.27,0.58,4,501.00,
Player2_Car,31.62,669.915,-21.218,470.553,20.015,0.15,0.60,4,510.92,
Player1_Car,31.64,673.873,-18.970,479.753,20.174,-0.29,0.58,4,501.43,
Player2_Car,31.64,669.915,-21.303,470.152,20.030,0.15,0.60,4,511.33,
Player1_Car,31.66,673.873,-19.084,479.350,20.196,-0.27,0.58,4,501.84,
Player2_Car,31.66,669.915,-21.382,469.754,19.924,0.14,0.61,4,511.74,
Player1_Car,31.68,673.873,-19.197,478.946,20.216,-0.27,0.57,4,502.26,
Player2_Car,31.68,669.915,-21.463,469.355,19.973,0.15,0.60,4,512.15,
Player1_Car,31.70,673.872,-19.305,478.545,20.156,-0.31,0.58,4,502.68,
Player2_Car,31.70,669.915,-21.545,468.955,20.002,0.15,0.60,4,512.55,
Player1_Car,31.72,673.872,-19.414,478.142,20.175,-0.29,0.58,4,503.10,
Player2_Car,31.72,669.914,-21.625,468.555,20.001,0.15,0.60,4,512.97,
Player1_Car,31.74,673.872,-19.523,477.740,20.195,-0.28,0.58,4,503.52,
Player2_Car,31.74,669.914,-21.699,468.157,19.907,0.14,0.61,4,513.37,
Player1_Car,31.76,673.872,-19.626,477.338,20.138,-0.29,0.58,4,503.93,
Player2_Car,31.76,669.914,-21.776,467.758,19.960,0.15,0.60,4,513.78,
Player1_Car,31.78,673.871,-19.732,476.936,20.152,-0.31,0.58,4,504.35,
Player2_Car,31.78,669.914,-21.853,467.358,19.991,0.15,0.60,4,514.18,
Player1_Car,31.80,673.871,-19.836,476.534,20.173,-0.29,0.58,4,504.77,
Player2_Car,31.80,669.914,-21.924,466.960,19.885,0.15,0.61,4,514.59,
Player1_Car,31.82,673.871,-19.940,476.131,20.192,-0.29,0.58,4,505.18,
Player2_Car,31.82,669.914,-21.997,466.562,19.931,0.15,0.61,4,515.00,
Player1_Car,31.84,673.871,-20.039,475.730,20.126,-0.32,0.58,4,505.60,
Player2_Car,31.84,669.914,-22.070,466.163,19.961,0.15,0.60,4,515.40,
Player1_Car,31.86,673.870,-20.138,475.328,20.144,-0.31,0.58,4,506.01,
Player2_Car,31.86,669.914,-22.142,465.763,19.974,0.15,0.60,4,515.81,
Player1_Car,31.88,673.870,-20.238,474.926,20.164,-0.30,0.58,4,506.43,
Player2_Car,31.88,669.914,-22.208,465.366,19.867,0.14,0.62,4,516.22,
Player1_Car,31.90,673.870,-20.338,474.524,20.182,-0.30,0.58,4,506.84,
Player2_Car,31.90,669.914,-22.276,464.968,19.919,0.15,0.61,4,516.62,
Player1_Car,31.92,673.870,-20.430,474.123,20.112,-0.34,0.59,4,507.26,
Player2_Car,31.92,669.914,-22.345,464.569,19.951,0.15,0.61,4,517.02,
Player1_Car,31.94,673.870,-20.524,473.722,20.133,-0.32,0.58,4,507.67,
Player2_Car,31.94,669.914,-22.413,464.170,19.949,0.15,0.61,4,517.43,
Player1_Car,31.96,673.869,-20.619,473.320,20.153,-0.31,0.58,4,508.08,
Player2_Car,31.96,669.914,-22.475,463.773,19.854,0.14,0.62,4,517.83,
Player1_Car,31.98,673.869,-20.709,472.920,20.086,-0.33,0.59,4,508.49,
Player2_Car,31.98,669.913,-22.539,463.375,19.909,0.15,0.61,4,518.24,
Player1_Car,32.00,673.869,-20.799,472.519,20.104,-0.33,0.59,4,508.91,
Player2_Car,32.00,669.913,-22.603,462.976,19.941,0.15,0.61,4,518.64,
Player1_Car,32.02,673.869,-20.890,472.118,20.125,-0.32,0.59,4,509.32,
Player2_Car,32.02,669.913,-22.666,462.578,19.926,0.15,0.61,4,519.05,
Player1_Car,32.04,673.869,-20.981,471.716,20.143,-0.32,0.58,4,509.73,
Player2_Car,32.04,669.913,-22.723,462.181,19.840,0.13,0.62,4,519.45,
Player1_Car,32.06,673.868,-21.065,471.317,20.071,-0.35,0.59,4,510.14,
Player2_Car,32.06,669.913,-22.783,461.784,19.899,0.15,0.61,4,519.85,
Player1_Car,32.08,673.868,-21.150,470.916,20.092,-0.33,0.59,4,510.55,
Player2_Car,32.08,669.913,-22.844,461.385,19.926,0.15,0.61,4,520.25,
Player1_Car,32.10,673.868,-21.237,470.515,20.113,-0.33,0.59,4,510.96,
Player2_Car,32.10,669.913,-22.898,460.989,19.817,0.15,0.62,4,520.66,
Player1_Car,32.12,673.868,-21.318,470.116,20.045,-0.34,0.59,4,511.37,
Player2_Car,32.12,669.913,-22.954,460.591,19.871,0.15,0.62,4,521.06,
Player1_Car,32.14,673.868,-21.400,469.716,20.062,-0.35,0.59,4,511.78,
Player2_Car,32.14,669.913,-23.011,460.193,19.904,0.15,0.61,4,521.46,
Player1_Car,32.16,673.868,-21.482,469.316,20.084,-0.33,0.59,4,512.19,
Player2_Car,32.16,669.913,-23.067,459.795,19.909,0.15,0.61,4,521.87,
Player1_Car,32.18,673.867,-21.564,468.915,20.103,-0.33,0.59,4,512.60,
Player2_Car,32.18,669.913,-23.117,459.399,19.806,0.14,0.62,4,522.27,
Player1_Car,32.20,673.867,-21.639,468.516,20.028,-0.35,0.60,4,513.01,
Player2_Car,32.20,669.913,-23.169,459.002,19.862,0.15,0.62,4,522.67,
Player1_Car,32.22,673.867,-21.717,468.116,20.049,-0.35,0.59,4,513.41,
Player2_Car,32.22,669.913,-23.222,458.604,19.896,0.15,0.61,4,523.07,
Player1_Car,32.24,673.867,-21.794,467.716,20.071,-0.34,0.59,4,513.82,
Player2_Car,32.24,669.913,-23.273,458.207,19.889,0.15,0.61,4,523.47,
Player1_Car,32.26,673.867,-21.872,467.316,20.090,-0.34,0.59,4,514.23,
Player2_Car,32.26,669.913,-23.319,457.811,19.795,0.14,0.62,4,523.87,
Player1_Car,32.28,673.867,-21.942,466.918,20.012,-0.36,0.60,4,514.64,
Player2_Car,32.28,669.913,-23.367,457.414,19.854,0.15,0.62,4,524.27,
Player1_Car,32.30,673.867,-22.015,466.519,20.035,-0.35,0.60,4,515.04,
Player2_Car,32.30,669.915,-23.400,457.021,19.655,-0.21,0.64,4,524.66,
Player1_Car,32.32,673.867,-22.088,466.119,20.058,-0.35,0.59,4,515.45,
Player2_Car,32.32,669.916,-23.436,456.626,19.741,0.24,0.63,4,525.06,
Player1_Car,32.34,673.866,-22.156,465.721,19.985,-0.36,0.60,4,515.86,
Player2_Car,32.34,669.916,-23.475,456.229,19.862,0.46,0.62,4,525.46,
Player1_Car,32.36,673.866,-22.225,465.322,20.004,-0.36,0.60,4,516.26,
Player2_Car,32.36,669.916,-23.518,455.829,19.987,0.16,0.60,4,525.86,
Player1_Car,32.38,673.866,-22.294,464.923,20.027,-0.35,0.60,4,516.67,
Player2_Car,32.38,669.915,-23.564,455.427,20.100,-0.09,0.59,4,526.27,
Player1_Car,32.40,673.866,-22.363,464.523,20.048,-0.35,0.59,4,517.07,
Player2_Car,32.40,669.913,-23.612,455.024,20.155,-0.04,0.58,4,526.68,
Player1_Car,32.42,673.866,-22.427,464.125,19.970,-0.37,0.60,4,517.48,
Player2_Car,32.42,669.911,-23.662,454.620,20.211,0.20,0.57,4,527.09,
Player1_Car,32.44,673.866,-22.491,463.727,19.992,-0.36,0.60,4,517.88,
Player2_Car,32.44,669.909,-23.714,454.215,20.241,0.27,0.57,4,527.49,
Player1_Car,32.46,673.866,-22.556,463.328,20.016,-0.36,0.60,4,518.29,
Player2_Car,32.46,669.908,-23.759,453.814,20.053,0.04,0.59,4,527.90,
Player1_Car,32.48,673.865,-22.621,462.929,20.036,-0.36,0.60,4,518.69,
Player2_Car,32.48,669.908,-23.795,453.418,19.841,0.14,0.62,4,528.30,
Player1_Car,32.50,673.865,-22.679,462.532,19.956,-0.37,0.61,4,519.10,
Player2_Car,32.50,669.908,-23.833,453.020,19.877,0.16,0.61,4,528.70,
Player1_Car,32.52,673.865,-22.740,462.134,19.981,-0.37,0.60,4,519.50,
Player2_Car,32.52,669.908,-23.871,452.622,19.903,0.17,0.61,4,529.10,
Player1_Car,32.54,673.865,-22.800,461.735,20.005,-0.37,0.60,4,519.90,
Player2_Car,32.54,669.908,-23.908,452.224,19.889,0.18,0.61,4,529.50,
Player1_Car,32.56,673.865,-22.856,461.338,19.932,-0.37,0.61,4,520.31,
Player2_Car,32.56,669.909,-23.939,451.829,19.786,0.17,0.63,4,529.90,
Player1_Car,32.58,673.865,-22.914,460.940,19.950,-0.38,0.61,4,520.71,
Player2_Car,32.58,669.909,-23.973,451.432,19.848,0.18,0.62,4,530.30,
Player1_Car,32.60,673.865,-22.971,460.542,19.976,-0.37,0.60,4,521.11,
Player2_Car,32.60,669.909,-24.007,451.034,19.881,0.19,0.61,4,530.69,
Player1_Car,32.62,673.865,-23.028,460.144,19.998,-0.37,0.60,4,521.51,
Player2_Car,32.62,669.909,-24.036,450.639,19.765,0.20,0.63,4,531.09,
Player1_Car,32.64,673.865,-23.079,459.747,19.920,-0.38,0.61,4,521.92,
Player2_Car,32.64,669.910,-24.067,450.243,19.816,0.19,0.62,4,531.49,
Player1_Car,32.66,673.865,-23.132,459.350,19.941,-0.38,0.61,4,522.32,
Player2_Car,32.66,669.910,-24.098,449.846,19.847,0.20,0.62,4,531.89,
Player1_Car,32.68,673.864,-23.185,458.952,19.966,-0.37,0.60,4,522.72,
Player2_Car,32.68,669.910,-24.129,449.449,19.862,0.20,0.62,4,532.29,
Player1_Car,32.70,673.864,-23.238,458.553,19.988,-0.37,0.60,4,523.12,
Player2_Car,32.70,669.910,-24.154,449.054,19.750,0.20,0.63,4,532.69,
Player1_Car,32.72,673.864,-23.285,458.157,19.906,-0.38,0.61,4,523.52,
Player2_Car,32.72,669.910,-24.181,448.658,19.803,0.20,0.62,4,533.08,
Player1_Car,32.74,673.864,-23.334,457.760,19.931,-0.38,0.61,4,523.92,
Player2_Car,32.74,669.911,-24.209,448.261,19.835,0.21,0.62,4,533.48,
Player1_Car,32.76,673.864,-23.383,457.362,19.956,-0.38,0.61,4,524.32,
Player2_Car,32.76,669.911,-24.236,447.864,19.840,0.21,0.62,4,533.88,
Player1_Car,32.78,673.864,-23.428,456.966,19.884,-0.38,0.61,4,524.72,
Player2_Car,32.78,669.911,-24.258,447.470,19.736,0.21,0.63,4,534.28,
Player1_Car,32.80,673.864,-23.474,456.569,19.901,-0.39,0.61,4,525.12,
Player2_Car,32.80,669.911,-24.281,447.074,19.793,0.22,0.62,4,534.67,
Player1_Car,32.82,673.864,-23.519,456.172,19.928,-0.38,0.61,4,525.52,
Player2_Car,32.82,669.911,-24.305,446.677,19.826,0.22,0.62,4,535.07,
Player1_Car,32.84,673.864,-23.565,455.775,19.951,-0.38,0.61,4,525.92,
Player2_Car,32.84,669.912,-24.329,446.281,19.823,0.23,0.62,4,535.47,
Player1_Car,32.86,673.864,-23.605,455.379,19.874,-0.38,0.62,4,526.33,
Player2_Car,32.86,669.912,-24.347,445.887,19.726,0.22,0.63,4,535.87,
Player1_Car,32.88,673.864,-23.647,454.982,19.894,-0.39,0.61,4,526.72,
Player2_Car,32.88,669.912,-24.368,445.491,19.788,0.23,0.63,4,536.26,
Player1_Car,32.90,673.864,-23.689,454.585,19.920,-0.39,0.61,4,527.12,
Player2_Car,32.90,669.912,-24.389,445.095,19.822,0.24,0.62,4,536.66,
Player1_Car,32.92,673.864,-23.731,454.188,19.943,-0.39,0.61,4,527.52,
Player2_Car,32.92,669.913,-24.408,444.698,19.809,0.24,0.62,4,537.06,
Player1_Car,32.94,673.864,-23.767,453.792,19.866,-0.39,0.62,4,527.92,
Player2_Car,32.94,669.913,-24.423,444.304,19.717,0.23,0.63,4,537.45,
Player1_Car,32.96,673.864,-23.806,453.396,19.888,-0.39,0.61,4,528.32,
Player2_Car,32.96,669.913,-24.441,443.909,19.783,0.24,0.63,4,537.85,
Player1_Car,32.98,673.864,-23.844,452.999,19.914,-0.39,0.61,4,528.72,
Player2_Car,32.98,669.913,-24.459,443.513,19.816,0.25,0.62,4,538.25,
Player1_Car,33.00,673.863,-23.882,452.601,19.937,-0.39,0.61,4,529.12,
Player2_Car,33.00,669.914,-24.472,443.118,19.714,0.25,0.63,4,538.64,
Player1_Car,33.02,673.863,-23.915,452.206,19.857,-0.39,0.62,4,529.52,
Player2_Car,33.02,669.914,-24.486,442.723,19.765,0.25,0.63,4,539.04,
Player1_Car,33.04,673.863,-23.949,451.810,19.882,-0.39,0.61,4,529.92,
Player2_Car,33.04,669.914,-24.501,442.327,19.797,0.26,0.62,4,539.43,
Player1_Car,33.06,673.863,-23.983,451.414,19.908,-0.39,0.61,4,530.31,
Player2_Car,33.06,669.914,-24.516,441.931,19.809,0.26,0.62,4,539.83,
Player1_Car,33.08,673.863,-24.018,451.016,19.930,-0.39,0.61,4,530.71,
Player2_Car,33.08,669.914,-24.526,441.537,19.718,0.26,0.63,4,540.23,
Player1_Car,33.10,673.863,-24.047,450.622,19.848,-0.39,0.62,4,531.11,
Player2_Car,33.10,669.915,-24.538,441.141,19.767,0.26,0.63,4,540.62,
Player1_Car,33.12,673.863,-24.077,450.226,19.875,-0.39,0.61,4,531.51,
Player2_Car,33.12,669.915,-24.550,440.745,19.797,0.27,0.62,4,541.02,
Player1_Car,33.14,673.863,-24.108,449.829,19.901,-0.39,0.61,4,531.91,
Player2_Car,33.14,669.915,-24.561,440.349,19.801,0.27,0.62,4,541.42,
Player1_Car,33.16,673.863,-24.135,449.434,19.827,-0.39,0.62,4,532.30,
Player2_Car,33.16,669.915,-24.569,439.955,19.719,0.27,0.63,4,541.81,
Player1_Car,33.18,673.863,-24.163,449.039,19.846,-0.41,0.62,4,532.70,
Player2_Car,33.18,669.915,-24.578,439.560,19.771,0.27,0.63,4,542.21,
Player1_Car,33.20,673.863,-24.190,448.643,19.874,-0.40,0.62,4,533.10,
Player2_Car,33.20,669.916,-24.587,439.164,19.802,0.28,0.62,4,542.60,
Player1_Car,33.22,673.863,-24.218,448.246,19.897,-0.40,0.61,4,533.50,
Player2_Car,33.22,669.916,-24.596,438.768,19.799,0.28,0.62,4,543.00,
Player1_Car,33.24,673.863,-24.241,447.851,19.819,-0.39,0.62,4,533.90,
Player2_Car,33.24,669.916,-24.601,438.374,19.724,0.28,0.63,4,543.40,
Player1_Car,33.26,673.863,-24.266,447.456,19.841,-0.40,0.62,4,534.29,
Player2_Car,33.26,669.916,-24.607,437.978,19.779,0.28,0.63,4,543.79,
Player1_Car,33.28,673.863,-24.290,447.060,19.868,-0.40,0.62,4,534.69,
Player2_Car,33.28,669.917,-24.614,437.582,19.809,0.29,0.62,4,544.19,
Player1_Car,33.30,673.863,-24.314,446.663,19.891,-0.40,0.61,4,535.09,
Player2_Car,33.30,669.917,-24.618,437.187,19.753,0.29,0.63,4,544.58,
Player1_Car,33.32,673.863,-24.334,446.269,19.817,-0.39,0.62,4,535.48,
Player2_Car,33.32,669.917,-24.623,436.791,19.782,0.29,0.63,4,544.98,
Player1_Car,33.34,673.863,-24.355,445.873,19.841,-0.40,0.62,4,535.88,
Player2_Car,33.34,669.917,-24.628,436.395,19.805,0.30,0.62,4,545.38,
Player1_Car,33.36,673.863,-24.376,445.477,19.867,-0.40,0.62,4,536.28,
Player2_Car,33.36,669.917,-24.633,435.999,19.820,0.30,0.62,4,545.77,
Player1_Car,33.38,673.863,-24.397,445.081,19.890,-0.40,0.61,4,536.67,
Player2_Car,33.38,669.918,-24.635,435.603,19.769,0.30,0.63,4,546.17,
Player1_Car,33.40,673.863,-24.414,444.687,19.813,-0.39,0.62,4,537.07,
Player2_Car,33.40,669.918,-24.638,435.207,19.796,0.30,0.62,4,546.57,
Player1_Car,33.42,673.863,-24.431,444.291,19.839,-0.40,0.62,4,537.47,
Player2_Car,33.42,669.918,-24.641,434.811,19.817,0.30,0.62,4,546.96,
Player1_Car,33.44,673.863,-24.449,443.896,19.865,-0.40,0.62,4,537.86,
Player2_Car,33.44,669.918,-24.644,434.415,19.828,0.31,0.62,4,547.36,
Player1_Car,33.46,673.863,-24.464,443.501,19.797,-0.40,0.62,4,538.26,
Player2_Car,33.46,669.918,-24.644,434.019,19.794,0.31,0.62,4,547.76,
Player1_Car,33.48,673.863,-24.479,443.106,19.816,-0.41,0.62,4,538.65,
Player2_Car,33.48,669.919,-24.646,433.622,19.822,0.31,0.62,4,548.15,
Player1_Car,33.50,673.863,-24.494,442.710,19.842,-0.40,0.62,4,539.05,
Player2_Car,33.50,669.919,-24.648,433.226,19.842,0.31,0.62,4,548.55,
Player1_Car,33.52,673.863,-24.509,442.314,19.866,-0.40,0.62,4,539.45,
Player2_Car,33.52,669.919,-24.649,432.829,19.848,0.32,0.62,4,548.95,
Player1_Car,33.54,673.863,-24.520,441.920,19.793,-0.40,0.62,4,539.84,
Player2_Car,33.54,669.919,-24.650,432.432,19.844,0.32,0.62,4,549.34,
Player1_Car,33.56,673.863,-24.533,441.525,19.813,-0.41,0.62,4,540.24,
Player2_Car,33.56,669.919,-24.650,432.035,19.859,0.32,0.62,4,549.74,
Player1_Car,33.58,673.863,-24.545,441.129,19.839,-0.41,0.62,4,540.63,
Player2_Car,33.58,669.920,-24.651,431.637,19.872,0.32,0.62,4,550.14,
Player1_Car,33.60,673.863,-24.557,440.733,19.862,-0.40,0.62,4,541.03,
Player2_Car,33.60,669.920,-24.651,431.240,19.871,0.32,0.62,4,550.54,
Player1_Car,33.62,673.863,-24.565,440.339,19.796,-0.40,0.62,4,541.43,
Player2_Car,33.62,669.920,-24.652,430.842,19.876,0.32,0.61,4,550.93,
Player1_Car,33.64,673.863,-24.575,439.944,19.818,-0.41,0.62,4,541.82,
Player2_Car,33.64,669.920,-24.652,430.444,19.885,0.33,0.61,4,551.33,
Player1_Car,33.66,673.863,-24.584,439.548,19.843,-0.41,0.62,4,542.22,
Player2_Car,33.66,669.920,-24.652,430.047,19.895,0.33,0.61,4,551.73,
Player1_Car,33.68,673.863,-24.594,439.152,19.865,-0.40,0.62,4,542.62,
Player2_Car,33.68,669.920,-24.652,429.649,19.901,0.33,0.61,4,552.13,
Player1_Car,33.70,673.863,-24.600,438.757,19.805,-0.40,0.62,4,543.01,
Player2_Car,33.70,669.921,-24.652,429.250,19.909,0.33,0.61,4,552.52,
Player1_Car,33.72,673.863,-24.607,438.362,19.828,-0.40,0.62,4,543.41,
Player2_Car,33.72,669.921,-24.652,428.852,19.917,0.33,0.61,4,552.92,
Player1_Car,33.74,673.863,-24.613,437.966,19.851,-0.40,0.62,4,543.80,
Player2_Car,33.74,669.921,-24.652,428.454,19.924,0.33,0.61,4,553.32,
Player1_Car,33.76,673.861,-24.601,437.578,19.467,0.70,0.66,4,544.19,
Player2_Car,33.76,669.921,-24.652,428.055,19.931,0.34,0.61,4,553.72,
Player1_Car,33.78,673.859,-24.591,437.188,19.541,0.25,0.66,4,544.58,
Player2_Car,33.78,669.921,-24.652,427.656,19.937,0.34,0.61,4,554.12,
Player1_Car,33.80,673.858,-24.585,436.794,19.693,-0.58,0.64,4,544.98,
Player2_Car,33.80,669.922,-24.652,427.257,19.942,0.34,0.61,4,554.52,
Player1_Car,33.82,673.857,-24.582,436.397,19.835,-0.69,0.62,3,545.37,
Player2_Car,33.82,669.922,-24.652,426.859,19.947,0.34,0.61,4,554.92,
Player1_Car,33.84,673.858,-24.583,435.998,19.964,-0.32,0.60,3,545.77,
Player2_Car,33.84,669.922,-24.652,426.460,19.952,0.34,0.61,4,555.32,
Player1_Car,33.86,673.859,-24.586,435.596,20.076,-0.21,0.59,3,546.18,
Player2_Car,33.86,669.922,-24.652,426.060,19.956,0.34,0.61,4,555.71,
Player1_Car,33.88,673.860,-24.592,435.193,20.181,-0.18,0.58,3,546.58,
Player2_Car,33.88,669.922,-24.652,425.661,19.959,0.35,0.60,4,556.11,
Player1_Car,33.90,673.861,-24.600,434.787,20.275,-0.16,0.57,4,546.99,
Player2_Car,33.90,669.922,-24.652,425.262,19.963,0.35,0.60,4,556.51,
Player1_Car,33.92,673.861,-24.611,434.380,20.361,-0.13,0.56,4,547.39,
Player2_Car,33.92,669.923,-24.652,424.863,19.966,0.35,0.60,4,556.91,
Player1_Car,33.94,673.863,-24.625,433.972,20.406,-0.29,0.55,4,547.80,
Player2_Car,33.94,669.923,-24.652,424.463,19.968,0.35,0.60,4,557.31,
Player1_Car,33.96,673.865,-24.639,433.564,20.409,-0.58,0.55,4,548.21,
Player2_Car,33.96,669.923,-24.652,424.064,19.971,0.35,0.60,4,557.71,
Player1_Car,33.98,673.867,-24.646,433.161,20.153,-0.31,0.58,4,548.61,
Player2_Car,33.98,669.923,-24.652,423.665,19.973,0.35,0.60,4,558.11,
Player1_Car,34.00,673.868,-24.649,432.761,19.982,-0.30,0.60,4,549.01,
Player2_Car,34.00,669.923,-24.652,423.265,19.975,0.35,0.60,4,558.51,
Player1_Car,34.02,673.869,-24.650,432.363,19.931,-0.30,0.61,4,549.41,
Player2_Car,34.02,669.924,-24.652,422.865,19.977,0.36,0.60,4,558.91,
Player1_Car,34.04,673.869,-24.650,431.964,19.933,-0.30,0.61,4,549.81,
Player2_Car,34.04,669.924,-24.652,422.466,19.978,0.36,0.60,4,559.31,
Player1_Car,34.06,673.869,-24.651,431.565,19.940,-0.30,0.61,4,550.21,
Player2_Car,34.06,669.924,-24.652,422.066,19.980,0.36,0.60,4,559.71,
Player1_Car,34.08,673.869,-24.652,431.166,19.933,-0.30,0.61,4,550.61,
Player2_Car,34.08,669.924,-24.652,421.667,19.981,0.36,0.60,4,560.11,
Player1_Car,34.10,673.869,-24.652,430.768,19.936,-0.30,0.61,4,551.01,
Player2_Car,34.10,669.924,-24.652,421.267,19.982,0.36,0.60,4,560.51,
Player1_Car,34.12,673.870,-24.652,430.369,19.943,-0.30,0.61,4,551.41,
Player2_Car,34.12,669.924,-24.652,420.867,19.983,0.36,0.60,4,560.91,
Player1_Car,34.14,673.870,-24.652,429.970,19.950,-0.30,0.61,4,551.81,
Player2_Car,34.14,669.925,-24.652,420.468,19.984,0.37,0.60,4,561.31,
Player1_Car,34.16,673.870,-24.652,429.571,19.954,-0.30,0.61,4,552.20,
Player2_Car,34.16,669.925,-24.652,420.068,19.985,0.37,0.60,4,561.71,
Player1_Car,34.18,673.870,-24.652,429.172,19.960,-0.30,0.60,4,552.60,
Player2_Car,34.18,669.925,-24.652,419.668,19.986,0.37,0.60,4,562.11,
Player1_Car,34.20,673.870,-24.652,428.772,19.966,-0.30,0.60,4,553.00,
Player2_Car,34.20,669.925,-24.652,419.269,19.987,0.37,0.60,4,562.51,
Player1_Car,34.22,673.871,-24.652,428.373,19.971,-0.30,0.60,4,553.40,
Player2_Car,34.22,669.925,-24.652,418.869,19.987,0.37,0.60,4,562.91,
Player1_Car,34.24,673.871,-24.652,427.973,19.976,-0.30,0.60,4,553.80,
Player2_Car,34.24,669.925,-24.652,418.469,19.988,0.37,0.60,4,563.31,
Player1_Car,34.26,673.871,-24.652,427.574,19.981,-0.30,0.60,4,554.20,
Player2_Car,34.26,669.926,-24.652,418.069,19.988,0.37,0.60,4,563.71,
Player1_Car,34.28,673.871,-24.652,427.174,19.985,-0.30,0.60,4,554.60,
Player2_Car,34.28,669.926,-24.652,417.670,19.989,0.37,0.60,4,564.11,
Player1_Car,34.30,673.871,-24.652,426.774,19.989,-0.30,0.60,4,555.00,
Player2_Car,34.30,669.926,-24.652,417.270,19.989,0.37,0.60,4,564.51,
Player1_Car,34.32,673.871,-24.652,426.374,19.992,-0.30,0.60,4,555.40,
Player2_Car,34.32,669.926,-24.652,416.870,19.989,0.38,0.60,4,564.91,
Player1_Car,34.34,673.871,-24.652,425.975,19.995,-0.30,0.60,4,555.80,
Player2_Car,34.34,669.926,-24.652,416.470,19.990,0.38,0.60,4,565.30,
Player1_Car,34.36,673.872,-24.652,425.575,19.998,-0.30,0.60,4,556.20,
Player2_Car,34.36,669.926,-24.652,416.070,19.990,0.38,0.60,4,565.70,
Player1_Car,34.38,673.872,-24.652,425.175,20.001,-0.30,0.60,4,556.60,
Player2_Car,34.38,669.926,-24.652,415.671,19.990,0.38,0.60,4,566.10,
Player1_Car,34.40,673.872,-24.652,424.775,20.003,-0.30,0.60,4,557.00,
Player2_Car,34.40,669.926,-24.652,415.271,19.990,0.38,0.60,4,566.50,
Player1_Car,34.42,673.872,-24.652,424.374,20.005,-0.30,0.60,4,557.40,
Player2_Car,34.42,669.927,-24.652,414.871,19.991,0.38,0.60,4,566.90,
Player1_Car,34.44,673.872,-24.652,423.974,20.007,-0.30,0.60,4,557.80,
Player2_Car,34.44,669.927,-24.652,414.471,19.991,0.38,0.60,4,567.30,
Player1_Car,34.46,673.872,-24.652,423.574,20.009,-0.30,0.60,4,558.20,
Player2_Car,34.46,669.927,-24.652,414.071,19.991,0.38,0.60,4,567.70,
Player1_Car,34.48,673.872,-24.652,423.174,20.011,-0.30,0.60,4,558.60,
Player2_Car,34.48,669.927,-24.652,413.672,19.991,0.38,0.60,4,568.10,
Player1_Car,34.50,673.872,-24.652,422.774,20.012,-0.30,0.60,4,559.00,
Player2_Car,34.50,669.927,-24.652,413.272,19.991,0.39,0.60,4,568.50,
Player1_Car,34.52,673.872,-24.652,422.373,20.013,-0.30,0.60,4,559.40,
Player2_Car,34.52,669.927,-24.652,412.872,19.991,0.39,0.60,4,568.90,
Player1_Car,34.54,673.873,-24.652,421.973,20.015,-0.30,0.60,4,559.80,
Player2_Car,34.54,669.927,-24.652,412.472,19.991,0.39,0.60,4,569.30,
Player1_Car,34.56,673.873,-24.652,421.573,20.016,-0.30,0.60,4,560.20,
Player2_Car,34.56,669.927,-24.652,412.072,19.991,0.39,0.60,4,569.70,
Player1_Car,34.58,673.873,-24.652,421.173,20.017,-0.30,0.60,4,560.60,
Player2_Car,34.58,669.927,-24.652,411.673,19.991,0.39,0.60,4,570.10,
Player1_Car,34.60,673.873,-24.652,420.772,20.017,-0.31,0.60,4,561.00,
Player2_Car,34.60,669.928,-24.652,411.273,19.991,0.39,0.60,4,570.50,
Player1_Car,34.62,673.873,-24.652,420.372,20.018,-0.31,0.60,4,561.40,
Player2_Car,34.62,669.928,-24.652,410.873,19.991,0.39,0.60,4,570.90,
Player1_Car,34.64,673.873,-24.652,419.971,20.019,-0.31,0.60,4,561.80,
Player2_Car,34.64,669.928,-24.652,410.473,19.991,0.39,0.60,4,571.30,
Player1_Car,34.66,673.873,-24.652,419.571,20.020,-0.31,0.60,4,562.20,
Player2_Car,34.66,669.928,-24.652,410.073,19.991,0.39,0.60,4,571.70,
Player1_Car,34.68,673.873,-24.652,419.171,20.020,-0.31,0.60,4,562.60,
Player2_Car,34.68,669.928,-24.652,409.673,19.991,0.39,0.60,4,572.10,
Player1_Car,34.70,673.873,-24.652,418.770,20.021,-0.31,0.60,4,563.00,
Player2_Car,34.70,669.928,-24.652,409.274,19.991,0.40,0.60,4,572.50,
Player1_Car,34.72,673.873,-24.652,418.370,20.021,-0.31,0.60,4,563.41,
Player2_Car,34.72,669.928,-24.652,408.874,19.991,0.40,0.60,4,572.90,
Player1_Car,34.74,673.873,-24.652,417.969,20.022,-0.31,0.60,4,563.81,
Player2_Car,34.74,669.928,-24.652,408.474,19.991,0.40,0.60,4,573.30,
Player1_Car,34.76,673.873,-24.652,417.569,20.022,-0.31,0.60,4,564.21,
Player2_Car,34.76,669.929,-24.652,408.074,19.991,0.40,0.60,4,573.70,
Player1_Car,34.78,673.873,-24.652,417.169,20.023,-0.31,0.60,4,564.61,
Player2_Car,34.78,669.929,-24.652,407.674,19.991,0.40,0.60,4,574.10,
Player1_Car,34.80,673.873,-24.652,416.768,20.023,-0.31,0.60,4,565.01,
Player2_Car,34.80,669.929,-24.652,407.275,19.991,0.40,0.60,4,574.50,
Player1_Car,34.82,673.873,-24.652,416.368,20.023,-0.31,0.60,4,565.41,
Player2_Car,34.82,669.929,-24.652,406.875,19.991,0.40,0.60,4,574.90,
Player1_Car,34.84,673.873,-24.652,415.967,20.024,-0.31,0.60,4,565.81,
Player2_Car,34.84,669.929,-24.652,406.475,19.991,0.40,0.60,4,575.30,
Player1_Car,34.86,673.874,-24.652,415.567,20.024,-0.31,0.60,4,566.21,
Player2_Car,34.86,669.929,-24.652,406.075,19.991,0.40,0.60,4,575.70,
Player1_Car,34.88,673.874,-24.652,415.166,20.024,-0.31,0.60,4,566.61,
Player2_Car,34.88,669.929,-24.652,405.675,19.991,0.40,0.60,4,576.10,
Player1_Car,34.90,673.874,-24.652,414.766,20.024,-0.31,0.60,4,567.01,
Player2_Car,34.90,669.929,-24.652,405.276,19.991,0.40,0.60,4,576.50,
Player1_Car,34.92,673.874,-24.652,414.365,20.025,-0.31,0.60,4,567.41,
Player2_Car,34.92,669.930,-24.652,404.876,19.991,0.41,0.60,4,576.90,
Player1_Car,34.94,673.874,-24.652,413.965,20.025,-0.32,0.60,4,567.81,
Player2_Car,34.94,669.930,-24.652,404.476,19.991,0.41,0.60,4,577.30,
Player1_Car,34.96,673.874,-24.652,413.564,20.025,-0.32,0.60,4,568.21,
Player2_Car,34.96,669.930,-24.652,404.076,19.990,0.41,0.60,4,577.70,
Player1_Car,34.98,673.874,-24.652,413.164,20.025,-0.32,0.60,4,568.61,
Player2_Car,34.98,669.930,-24.652,403.676,19.990,0.41,0.60,4,578.10,
Player1_Car,35.00,673.874,-24.652,412.763,20.025,-0.32,0.60,4,569.01,
Player2_Car,35.00,669.930,-24.652,403.277,19.990,0.41,0.60,4,578.50,
Player1_Car,35.02,673.874,-24.652,412.363,20.025,-0.32,0.60,4,569.41,
Player2_Car,35.02,669.930,-24.652,402.877,19.990,0.41,0.60,4,578.90,
Player1_Car,35.04,673.874,-24.652,411.962,20.025,-0.32,0.60,4,569.81,
Player2_Car,35.04,669.930,-24.652,402.477,19.990,0.41,0.60,4,579.30,
Player1_Car,35.06,673.874,-24.652,411.562,20.025,-0.32,0.60,4,570.21,
Player2_Car,35.06,669.930,-24.652,402.077,19.990,0.41,0.60,4,579.70,
Player1_Car,35.08,673.874,-24.652,411.161,20.026,-0.32,0.60,4,570.61,
Player2_Car,35.08,669.930,-24.652,401.677,19.990,0.41,0.60,4,580.10,
Player1_Car,35.10,673.874,-24.652,410.761,20.026,-0.32,0.60,4,571.01,
Player2_Car,35.10,669.931,-24.652,401.278,19.990,0.41,0.60,4,580.50,
Player1_Car,35.12,673.874,-24.652,410.360,20.026,-0.32,0.60,4,571.41,
Player2_Car,35.12,669.931,-24.652,400.878,19.990,0.41,0.60,4,580.90,
Player1_Car,35.14,673.874,-24.652,409.960,20.026,-0.32,0.60,4,571.82,
Player2_Car,35.14,669.931,-24.652,400.478,19.990,0.41,0.60,4,581.30,
Player1_Car,35.16,673.874,-24.652,409.559,20.026,-0.33,0.60,4,572.22,
Player2_Car,35.16,669.931,-24.652,400.078,19.990,0.41,0.60,4,581.70,
Player1_Car,35.18,673.874,-24.652,409.159,20.026,-0.33,0.60,4,572.62,
Player2_Car,35.18,669.931,-24.652,399.678,19.990,0.41,0.60,4,582.10,
Player1_Car,35.20,673.874,-24.652,408.758,20.026,-0.33,0.60,4,573.02,
Player2_Car,35.20,669.931,-24.652,399.279,19.990,0.41,0.60,4,582.50,
Player1_Car,35.22,673.874,-24.652,408.358,20.026,-0.33,0.60,4,573.42,
Player2_Car,35.22,669.931,-24.652,398.879,19.990,0.42,0.60,4,582.90,
Player1_Car,35.24,673.874,-24.652,407.957,20.026,-0.33,0.60,4,573.82,
Player2_Car,35.24,669.931,-24.652,398.479,19.989,0.42,0.60,4,583.30,
Player1_Car,35.26,673.874,-24.652,407.557,20.026,-0.33,0.60,4,574.22,
Player2_Car,35.26,669.931,-24.652,398.079,19.989,0.42,0.60,4,583.70,
Player1_Car,35.28,673.874,-24.652,407.156,20.026,-0.33,0.60,4,574.62,
Player2_Car,35.28,669.931,-24.652,397.679,19.989,0.42,0.60,4,584.10,
Player1_Car,35.30,673.874,-24.652,406.756,20.026,-0.33,0.60,4,575.02,
Player2_Car,35.30,669.931,-24.652,397.280,19.989,0.42,0.60,4,584.50,
Player1_Car,35.32,673.874,-24.652,406.355,20.026,-0.33,0.60,4,575.42,
Player2_Car,35.32,669.931,-24.652,396.880,19.989,0.42,0.60,4,584.90,
Player1_Car,35.34,673.874,-24.652,405.955,20.026,-0.33,0.60,4,575.82,
Player2_Car,35.34,669.931,-24.652,396.480,19.989,0.42,0.60,4,585.30,
Player1_Car,35.36,673.874,-24.652,405.554,20.026,-0.33,0.60,4,576.22,
Player2_Car,35.36,669.931,-24.652,396.080,19.989,0.42,0.60,4,585.70,
Player1_Car,35.38,673.874,-24.652,405.154,20.026,-0.34,0.60,4,576.62,
Player2_Car,35.38,669.931,-24.652,395.681,19.989,0.42,0.60,4,586.09,
Player1_Car,35.40,673.874,-24.652,404.753,20.026,-0.34,0.60,4,577.02,
Player2_Car,35.40,669.931,-24.652,395.281,19.989,0.42,0.60,4,586.49,
Player1_Car,35.42,673.874,-24.652,404.353,20.026,-0.34,0.60,4,577.42,
Player2_Car,35.42,669.932,-24.652,394.881,19.989,0.42,0.60,4,586.89,
Player1_Car,35.44,673.874,-24.652,403.952,20.026,-0.34,0.60,4,577.82,
Player2_Car,35.44,669.932,-24.652,394.481,19.989,0.42,0.60,4,587.29,
Player1_Car,35.46,673.874,-24.652,403.552,20.026,-0.34,0.60,4,578.22,
Player2_Car,35.46,669.932,-24.652,394.081,19.989,0.42,0.60,4,587.69,
Player1_Car,35.48,673.873,-24.652,403.151,20.026,-0.34,0.60,4,578.62,
Player2_Car,35.48,669.932,-24.652,393.682,19.989,0.42,0.60,4,588.09,
Player1_Car,35.50,673.873,-24.652,402.751,20.026,-0.34,0.60,4,579.02,
Player2_Car,35.50,669.932,-24.652,393.282,19.989,0.42,0.60,4,588.49,
Player1_Car,35.52,673.873,-24.652,402.350,20.026,-0.34,0.60,4,579.43,
Player2_Car,35.52,669.932,-24.652,392.882,19.989,0.42,0.60,4,588.89,
Player1_Car,35.54,673.873,-24.652,401.949,20.026,-0.34,0.60,4,579.83,
Player2_Car,35.54,669.932,-24.652,392.482,19.989,0.42,0.60,4,589.29,
Player1_Car,35.56,673.873,-24.652,401.549,20.026,-0.35,0.60,4,580.23,
Player2_Car,35.56,669.932,-24.652,392.083,19.989,0.42,0.60,4,589.69,
Player1_Car,35.58,673.873,-24.652,401.148,20.026,-0.35,0.60,4,580.63,
Player2_Car,35.58,669.932,-24.652,391.683,19.989,0.42,0.60,4,590.09,
Player1_Car,35.60,673.873,-24.652,400.748,20.026,-0.35,0.60,4,581.03,
Player2_Car,35.60,669.932,-24.652,391.283,19.989,0.42,0.60,4,590.49,
Player1_Car,35.62,673.873,-24.652,400.347,20.026,-0.35,0.60,4,581.43,
Player2_Car,35.62,669.932,-24.652,390.883,19.989,0.42,0.60,4,590.89,
Player1_Car,35.64,673.873,-24.652,399.947,20.026,-0.35,0.60,4,581.83,
Player2_Car,35.64,669.932,-24.652,390.484,19.988,0.42,0.60,4,591.29,
Player1_Car,35.66,673.873,-24.652,399.546,20.026,-0.35,0.60,4,582.23,
Player2_Car,35.66,669.932,-24.652,390.084,19.988,0.42,0.60,4,591.69,
Player1_Car,35.68,673.873,-24.652,399.146,20.026,-0.35,0.60,4,582.63,
Player2_Car,35.68,669.932,-24.652,389.684,19.988,0.43,0.60,4,592.09,
Player1_Car,35.70,673.873,-24.652,398.745,20.026,-0.35,0.60,4,583.03,
Player2_Car,35.70,669.932,-24.652,389.284,19.988,0.43,0.60,4,592.49,
Player1_Car,35.72,673.873,-24.652,398.345,20.026,-0.35,0.60,4,583.43,
Player2_Car,35.72,669.932,-24.652,388.885,19.988,0.43,0.60,4,592.89,
Player1_Car,35.74,673.873,-24.652,397.944,20.026,-0.36,0.60,4,583.83,
Player2_Car,35.74,669.932,-24.652,388.485,19.988,0.43,0.60,4,593.29,
Player1_Car,35.76,673.873,-24.652,397.544,20.026,-0.36,0.60,4,584.23,
Player2_Car,35.76,669.933,-24.652,388.085,19.988,0.43,0.60,4,593.69,
Player1_Car,35.78,673.873,-24.652,397.143,20.026,-0.36,0.60,4,584.63,
Player2_Car,35.78,669.933,-24.652,387.685,19.988,0.43,0.60,4,594.09,
Player1_Car,35.80,673.872,-24.652,396.743,20.026,-0.36,0.60,4,585.03,
Player2_Car,35.80,669.933,-24.652,387.286,19.988,0.43,0.60,4,594.49,
Player1_Car,35.82,673.872,-24.652,396.342,20.026,-0.36,0.60,4,585.43,
Player2_Car,35.82,669.933,-24.652,386.886,19.988,0.43,0.60,4,594.89,
Player1_Car,35.84,673.872,-24.652,395.942,20.026,-0.36,0.60,4,585.83,
Player2_Car,35.84,669.933,-24.652,386.486,19.988,0.43,0.60,4,595.29,
Player1_Car,35.86,673.872,-24.652,395.541,20.026,-0.36,0.60,4,586.23,
Player2_Car,35.86,669.933,-24.652,386.086,19.988,0.43,0.60,4,595.69,
Player1_Car,35.88,673.872,-24.652,395.141,20.026,-0.36,0.60,4,586.63,
Player2_Car,35.88,669.933,-24.652,385.687,19.988,0.43,0.60,4,596.09,
Player1_Car,35.90,673.872,-24.652,394.740,20.026,-0.37,0.60,4,587.04,
Player2_Car,35.90,669.933,-24.652,385.287,19.988,0.43,0.60,4,596.49,
Player1_Car,35.92,673.872,-24.652,394.340,20.026,-0.37,0.60,4,587.44,
Player2_Car,35.92,669.933,-24.652,384.887,19.988,0.43,0.60,4,596.89,
Player1_Car,35.94,673.872,-24.652,393.939,20.026,-0.37,0.60,4,587.84,
Player2_Car,35.94,669.933,-24.652,384.487,19.988,0.43,0.60,4,597.29,
Player1_Car,35.96,673.872,-24.652,393.539,20.026,-0.37,0.60,4,588.24,
Player2_Car,35.96,669.933,-24.652,384.088,19.988,0.43,0.60,4,597.69,
Player1_Car,35.98,673.872,-24.652,393.138,20.026,-0.37,0.60,4,588.64,
Player2_Car,35.98,669.933,-24.652,383.688,19.988,0.43,0.60,4,598.09,
Player1_Car,36.00,673.872,-24.652,392.738,20.026,-0.37,0.60,4,589.04,
Player2_Car,36.00,669.933,-24.652,383.288,19.988,0.43,0.60,4,598.49,
Player1_Car,36.02,673.872,-24.652,392.337,20.026,-0.37,0.60,4,589.44,
Player2_Car,36.02,669.933,-24.652,382.888,19.988,0.43,0.60,4,598.89,
Player1_Car,36.04,673.872,-24.652,391.937,20.026,-0.37,0.60,4,589.84,
Player2_Car,36.04,669.933,-24.652,382.489,19.988,0.43,0.60,4,599.29,
Player1_Car,36.06,673.872,-24.652,391.536,20.026,-0.37,0.60,4,590.24,
Player2_Car,36.06,669.933,-24.652,382.089,19.988,0.43,0.60,4,599.69,
Player1_Car,36.08,673.872,-24.652,391.136,20.026,-0.38,0.60,4,590.64,
Player2_Car,36.08,669.934,-24.652,381.689,19.988,0.43,0.60,4,600.09,
Player1_Car,36.10,673.872,-24.652,390.735,20.026,-0.38,0.60,4,591.04,
Player2_Car,36.10,669.934,-24.652,381.289,19.988,0.43,0.60,4,600.49,
Player1_Car,36.12,673.872,-24.652,390.335,20.026,-0.38,0.60,4,591.44,
Player2_Car,36.12,669.934,-24.652,380.890,19.988,0.43,0.60,4,600.89,
Player1_Car,36.14,673.871,-24.652,389.934,20.026,-0.38,0.60,4,591.84,
Player2_Car,36.14,669.934,-24.652,380.490,19.988,0.43,0.60,4,601.29,
Player1_Car,36.16,673.871,-24.652,389.534,20.026,-0.38,0.60,4,592.24,
Player2_Car,36.16,669.934,-24.652,380.090,19.987,0.43,0.60,4,601.69,
Player1_Car,36.18,673.871,-24.652,389.133,20.026,-0.38,0.60,4,592.64,
Player2_Car,36.18,669.934,-24.652,379.690,19.987,0.43,0.60,4,602.09,
Player1_Car,36.20,673.871,-24.652,388.733,20.026,-0.38,0.60,4,593.04,
Player2_Car,36.20,669.934,-24.652,379.291,19.987,0.43,0.60,4,602.48,
Player1_Car,36.22,673.871,-24.652,388.332,20.026,-0.38,0.60,4,593.44,
Player2_Car,36.22,669.934,-24.652,378.891,19.987,0.44,0.60,4,602.88,
Player1_Car,36.24,673.871,-24.652,387.932,20.026,-0.38,0.60,4,593.84,
Player2_Car,36.24,669.934,-24.652,378.491,19.987,0.44,0.60,4,603.28,
Player1_Car,36.26,673.871,-24.652,387.531,20.026,-0.38,0.60,4,594.24,
Player2_Car,36.26,669.934,-24.652,378.091,19.987,0.44,0.60,4,603.68,
Player1_Car,36.28,673.871,-24.652,387.131,20.026,-0.39,0.60,4,594.64,
Player2_Car,36.28,669.934,-24.652,377.692,19.987,0.44,0.60,4,604.08,
Player1_Car,36.30,673.871,-24.652,386.730,20.026,-0.39,0.60,4,595.05,
Player2_Car,36.30,669.934,-24.652,377.292,19.987,0.44,0.60,4,604.48,
Player1_Car,36.32,673.871,-24.652,386.329,20.026,-0.39,0.60,4,595.45,
Player2_Car,36.32,669.934,-24.652,376.892,19.987,0.44,0.60,4,604.88,
Player1_Car,36.34,673.871,-24.652,385.929,20.026,-0.39,0.60,4,595.85,
Player2_Car,36.34,669.934,-24.652,376.492,19.987,0.44,0.60,4,605.28,
Player1_Car,36.36,673.871,-24.652,385.528,20.026,-0.39,0.60,4,596.25,
Player2_Car,36.36,669.934,-24.652,376.093,19.987,0.44,0.60,4,605.68,
Player1_Car,36.38,673.871,-24.652,385.128,20.026,-0.39,0.60,4,596.65,
Player2_Car,36.38,669.934,-24.652,375.693,19.987,0.44,0.60,4,606.08,
Player1_Car,36.40,673.871,-24.652,384.727,20.026,-0.39,0.60,4,597.05,
Player2_Car,36.40,669.934,-24.652,375.293,19.987,0.44,0.60,4,606.48,
Player1_Car,36.42,673.871,-24.652,384.327,20.026,-0.39,0.60,4,597.45,
Player2_Car,36.42,669.934,-24.652,374.893,19.987,0.44,0.60,4,606.88,
Player1_Car,36.44,673.871,-24.652,383.926,20.026,-0.39,0.60,4,597.85,
Player2_Car,36.44,669.934,-24.652,374.494,19.987,0.44,0.60,4,607.28,
Player1_Car,36.46,673.870,-24.652,383.526,20.026,-0.40,0.60,4,598.25,
Player2_Car,36.46,669.934,-24.652,374.094,19.987,0.44,0.60,4,607.68,
Player1_Car,36.48,673.870,-24.652,383.125,20.026,-0.40,0.60,4,598.65,
Player2_Car,36.48,669.934,-24.652,373.694,19.987,0.44,0.60,4,608.08,
Player1_Car,36.50,673.870,-24.652,382.725,20.026,-0.40,0.60,4,599.05,
Player2_Car,36.50,669.934,-24.652,373.294,19.987,0.44,0.60,4,608.48,
Player1_Car,36.52,673.870,-24.652,382.324,20.026,-0.40,0.60,4,599.45,
Player2_Car,36.52,669.934,-24.652,372.895,19.987,0.44,0.60,4,608.88,
Player1_Car,36.54,673.870,-24.652,381.924,20.026,-0.40,0.60,4,599.85,
Player2_Car,36.54,669.934,-24.652,372.495,19.987,0.44,0.60,4,609.28,
Player1_Car,36.56,673.870,-24.652,381.523,20.026,-0.40,0.60,4,600.25,
Player2_Car,36.56,669.934,-24.652,372.095,19.987,0.44,0.60,4,609.68,
Player1_Car,36.58,673.870,-24.652,381.123,20.026,-0.40,0.60,4,600.65,
Player2_Car,36.58,669.934,-24.652,371.696,19.987,0.44,0.60,4,610.08,
Player1_Car,36.60,673.870,-24.652,380.722,20.026,-0.40,0.60,4,601.05,
Player2_Car,36.60,669.934,-24.652,371.296,19.987,0.44,0.60,4,610.48,
Player1_Car,36.62,673.870,-24.652,380.322,20.026,-0.40,0.60,4,601.45,
Player2_Car,36.62,669.934,-24.652,370.896,19.987,0.44,0.60,4,610.88,
Player1_Car,36.64,673.870,-24.652,379.921,20.026,-0.40,0.60,4,601.85,
Player2_Car,36.64,669.934,-24.652,370.496,19.987,0.44,0.60,4,611.28,
Player1_Car,36.66,673.870,-24.652,379.521,20.026,-0.41,0.60,4,602.25,
Player2_Car,36.66,669.934,-24.652,370.097,19.987,0.44,0.60,4,611.68,
Player1_Car,36.68,673.870,-24.652,379.120,20.026,-0.41,0.60,4,602.65,
Player2_Car,36.68,669.934,-24.652,369.697,19.987,0.44,0.60,4,612.08,
Player1_Car,36.70,673.870,-24.652,378.720,20.026,-0.41,0.60,4,603.06,
Player2_Car,36.70,669.934,-24.652,369.297,19.987,0.44,0.60,4,612.48,
Player1_Car,36.72,673.870,-24.652,378.319,20.026,-0.41,0.60,4,603.46,
Player2_Car,36.72,669.934,-24.652,368.897,19.987,0.44,0.60,4,612.88,
Player1_Car,36.74,673.870,-24.652,377.919,20.026,-0.41,0.60,4,603.86,
Player2_Car,36.74,669.934,-24.652,368.498,19.987,0.44,0.60,4,613.28,
Player1_Car,36.76,673.870,-24.652,377.518,20.026,-0.41,0.60,4,604.26,
Player2_Car,36.76,669.934,-24.652,368.098,19.987,0.44,0.60,4,613.68,
Player1_Car,36.78,673.869,-24.652,377.118,20.026,-0.41,0.60,4,604.66,
Player2_Car,36.78,669.934,-24.652,367.698,19.987,0.44,0.60,4,614.08,
Player1_Car,36.80,673.869,-24.652,376.717,20.026,-0.41,0.60,4,605.06,
Player2_Car,36.80,669.934,-24.652,367.299,19.987,0.44,0.60,4,614.48,
Player1_Car,36.82,673.869,-24.652,376.317,20.026,-0.41,0.60,4,605.46,
Player2_Car,36.82,669.934,-24.652,366.899,19.987,0.44,0.60,4,614.88,
Player1_Car,36.84,673.869,-24.652,375.916,20.026,-0.41,0.60,4,605.86,
Player2_Car,36.84,669.934,-24.652,366.499,19.987,0.44,0.60,4,615.28,
Player1_Car,36.86,673.869,-24.652,375.516,20.026,-0.41,0.60,4,606.26,
Player2_Car,36.86,669.934,-24.652,366.099,19.987,0.44,0.60,4,615.68,
Player1_Car,36.88,673.869,-24.652,375.115,20.026,-0.42,0.60,4,606.66,
Player2_Car,36.88,669.934,-24.652,365.700,19.987,0.44,0.60,4,616.08,
Player1_Car,36.90,673.869,-24.652,374.715,20.026,-0.42,0.60,4,607.06,
Player2_Car,36.90,669.934,-24.652,365.300,19.987,0.44,0.60,4,616.48,
Player1_Car,36.92,673.869,-24.652,374.314,20.026,-0.42,0.60,4,607.46,
Player2_Car,36.92,669.934,-24.652,364.900,19.987,0.44,0.60,4,616.88,
Player1_Car,36.94,673.869,-24.652,373.914,20.026,-0.42,0.60,4,607.86,
Player2_Car,36.94,669.934,-24.652,364.501,19.987,0.44,0.60,4,617.27,
Player1_Car,36.96,673.869,-24.652,373.513,20.026,-0.42,0.60,4,608.26,
Player2_Car,36.96,669.934,-24.652,364.101,19.987,0.44,0.60,4,617.67,
Player1_Car,36.98,673.869,-24.652,373.113,20.026,-0.42,0.60,4,608.66,
Player2_Car,36.98,669.934,-24.652,363.701,19.987,0.44,0.60,4,618.07,
Player1_Car,37.00,673.869,-24.652,372.712,20.026,-0.42,0.60,4,609.06,
Player2_Car,37.00,669.934,-24.652,363.301,19.987,0.44,0.60,4,618.47,
Player1_Car,37.02,673.869,-24.652,372.312,20.026,-0.42,0.60,4,609.46,
Player2_Car,37.02,669.934,-24.652,362.902,19.987,0.44,0.60,4,618.87,
Player1_Car,37.04,673.869,-24.652,371.911,20.026,-0.42,0.60,4,609.86,
Player2_Car,37.04,669.934,-24.652,362.502,19.987,0.44,0.60,4,619.27,
Player1_Car,37.06,673.869,-24.652,371.511,20.026,-0.42,0.60,4,610.26,
Player2_Car,37.06,669.934,-24.652,362.102,19.987,0.44,0.60,4,619.67,
Player1_Car,37.08,673.868,-24.652,371.110,20.026,-0.43,0.60,4,610.67,
Player2_Car,37.08,669.934,-24.652,361.703,19.987,0.44,0.60,4,620.07,
Player1_Car,37.10,673.868,-24.652,370.709,20.026,-0.43,0.60,4,611.07,
Player2_Car,37.10,669.934,-24.652,361.303,19.987,0.44,0.60,4,620.47,
Player1_Car,37.12,673.868,-24.652,370.309,20.026,-0.43,0.60,4,611.47,
Player2_Car,37.12,669.934,-24.652,360.903,19.987,0.44,0.60,4,620.87,
Player1_Car,37.14,673.868,-24.652,369.908,20.026,-0.43,0.60,4,611.87,
Player2_Car,37.14,669.934,-24.652,360.503,19.987,0.44,0.60,4,621.27,
Player1_Car,37.16,673.868,-24.652,369.508,20.026,-0.43,0.60,4,612.27,
Player2_Car,37.16,669.934,-24.652,360.104,19.987,0.44,0.60,4,621.67,
Player1_Car,37.18,673.868,-24.652,369.107,20.026,-0.43,0.60,4,612.67,
Player2_Car,37.18,669.934,-24.652,359.704,19.987,0.44,0.60,4,622.07,
Player1_Car,37.20,673.868,-24.652,368.707,20.026,-0.43,0.60,4,613.07,
Player2_Car,37.20,669.934,-24.652,359.304,19.987,0.44,0.60,4,622.47,
Player1_Car,37.22,673.868,-24.652,368.306,20.026,-0.43,0.60,4,613.47,
Player2_Car,37.22,669.934,-24.652,358.904,19.987,0.44,0.60,4,622.87,
Player1_Car,37.24,673.868,-24.652,367.906,20.026,-0.43,0.60,4,613.87,
Player2_Car,37.24,669.934,-24.652,358.505,19.987,0.44,0.60,4,623.27,
Player1_Car,37.26,673.868,-24.652,367.505,20.026,-0.43,0.60,4,614.27,
Player2_Car,37.26,669.934,-24.652,358.105,19.987,0.44,0.60,4,623.67,
Player1_Car,37.28,673.868,-24.652,367.105,20.026,-0.44,0.60,4,614.67,
Player2_Car,37.28,669.934,-24.652,357.705,19.987,0.44,0.60,4,624.07,
Player1_Car,37.30,673.868,-24.652,366.704,20.026,-0.44,0.60,4,615.07,
Player2_Car,37.30,669.934,-24.652,357.306,19.987,0.44,0.60,4,624.47,
Player1_Car,37.32,673.867,-24.652,366.304,20.026,-0.44,0.60,4,615.47,
Player2_Car,37.32,669.934,-24.652,356.906,19.987,0.44,0.60,4,624.87,
Player1_Car,37.34,673.867,-24.652,365.903,20.026,-0.44,0.60,4,615.87,
Player2_Car,37.34,669.934,-24.652,356.506,19.987,0.44,0.60,4,625.27,
Player1_Car,37.36,673.867,-24.652,365.503,20.026,-0.44,0.60,4,616.27,
Player2_Car,37.36,669.934,-24.652,356.106,19.987,0.44,0.60,4,625.67,
Player1_Car,37.38,673.867,-24.652,365.102,20.026,-0.44,0.60,4,616.67,
Player2_Car,37.38,669.934,-24.652,355.707,19.987,0.44,0.60,4,626.07,
Player1_Car,37.40,673.867,-24.652,364.702,20.026,-0.44,0.60,4,617.07,
Player2_Car,37.40,669.934,-24.652,355.307,19.987,0.44,0.60,4,626.47,
Player1_Car,37.42,673.867,-24.652,364.301,20.026,-0.44,0.60,4,617.47,
Player2_Car,37.42,669.934,-24.652,354.907,19.987,0.43,0.60,4,626.87,
Player1_Car,37.44,673.867,-24.652,363.901,20.026,-0.44,0.60,4,617.87,
Player2_Car,37.44,669.934,-24.652,354.508,19.987,0.43,0.60,4,627.27,
Player1_Car,37.46,673.867,-24.652,363.500,20.026,-0.44,0.60,4,618.28,
Player2_Car,37.46,669.934,-24.652,354.108,19.987,0.43,0.60,4,627.67,
Player1_Car,37.48,673.867,-24.652,363.100,20.026,-0.44,0.60,4,618.68,
Player2_Car,37.48,669.934,-24.652,353.708,19.987,0.43,0.60,4,628.07,
Player1_Car,37.50,673.867,-24.652,362.699,20.026,-0.45,0.60,4,619.08,
Player2_Car,37.50,669.934,-24.652,353.308,19.987,0.43,0.60,4,628.47,
Player1_Car,37.52,673.867,-24.652,362.299,20.026,-0.45,0.60,4,619.48,
Player2_Car,37.52,669.934,-24.652,352.909,19.987,0.43,0.60,4,628.87,
Player1_Car,37.54,673.867,-24.652,361.898,20.026,-0.45,0.60,4,619.88,
Player2_Car,37.54,669.934,-24.652,352.509,19.987,0.43,0.60,4,629.27,
Player1_Car,37.56,673.867,-24.652,361.498,20.026,-0.45,0.60,4,620.28,
Player2_Car,37.56,669.934,-24.652,352.109,19.987,0.43,0.60,4,629.67,
Player1_Car,37.58,673.867,-24.652,361.097,20.026,-0.45,0.60,4,620.68,
Player2_Car,37.58,669.934,-24.652,351.710,19.987,0.43,0.60,4,630.07,
Player1_Car,37.60,673.866,-24.652,360.697,20.026,-0.45,0.60,4,621.08,
Player2_Car,37.60,669.934,-24.652,351.310,19.987,0.43,0.60,4,630.47,
Player1_Car,37.62,673.866,-24.652,360.296,20.026,-0.45,0.60,4,621.48,
Player2_Car,37.62,669.934,-24.652,350.910,19.987,0.43,0.60,4,630.87,
Player1_Car,37.64,673.866,-24.652,359.896,20.026,-0.45,0.60,4,621.88,
Player2_Car,37.64,669.934,-24.652,350.510,19.987,0.43,0.60,4,631.27,
Player1_Car,37.66,673.866,-24.652,359.495,20.026,-0.45,0.60,4,622.28,
Player2_Car,37.66,669.934,-24.652,350.111,19.987,0.43,0.60,4,631.66,
Player1_Car,37.68,673.866,-24.652,359.095,20.026,-0.45,0.60,4,622.68,
Player2_Car,37.68,669.934,-24.652,349.711,19.987,0.43,0.60,4,632.06,
Player1_Car,37.70,673.866,-24.652,358.694,20.026,-0.45,0.60,4,623.08,
Player2_Car,37.70,669.934,-24.652,349.311,19.987,0.43,0.60,4,632.46,
Player1_Car,37.72,673.866,-24.652,358.294,20.026,-0.46,0.60,4,623.48,
Player2_Car,37.72,669.934,-24.652,348.911,19.987,0.43,0.60,4,632.86,
Player1_Car,37.74,673.866,-24.652,357.893,20.026,-0.46,0.60,4,623.88,
Player2_Car,37.74,669.934,-24.652,348.512,19.987,0.43,0.60,4,633.26,
Player1_Car,37.76,673.866,-24.652,357.493,20.026,-0.46,0.60,4,624.28,
Player2_Car,37.76,669.934,-24.652,348.112,19.987,0.43,0.60,4,633.66,
Player1_Car,37.78,673.866,-24.652,357.092,20.026,-0.46,0.60,4,624.68,
Player2_Car,37.78,669.934,-24.652,347.712,19.987,0.43,0.60,4,634.06,
Player1_Car,37.80,673.866,-24.652,356.692,20.026,-0.46,0.60,4,625.08,
Player2_Car,37.80,669.934,-24.652,347.313,19.987,0.43,0.60,4,634.46,
Player1_Car,37.82,673.866,-24.652,356.291,20.026,-0.46,0.60,4,625.48,
Player2_Car,37.82,669.934,-24.652,346.913,19.987,0.43,0.60,4,634.86,
Player1_Car,37.84,673.866,-24.652,355.891,20.026,-0.46,0.60,4,625.88,
Player2_Car,37.84,669.934,-24.652,346.513,19.987,0.43,0.60,4,635.26,
Player1_Car,37.86,673.866,-24.652,355.490,20.026,-0.46,0.60,4,626.29,
Player2_Car,37.86,669.934,-24.652,346.113,19.987,0.43,0.60,4,635.66,
Player1_Car,37.88,673.866,-24.652,355.089,20.026,-0.46,0.60,4,626.69,
Player2_Car,37.88,669.934,-24.652,345.714,19.987,0.43,0.60,4,636.06,
Player1_Car,37.90,673.865,-24.652,354.689,20.026,-0.46,0.60,4,627.09,
Player2_Car,37.90,669.934,-24.652,345.314,19.987,0.43,0.60,4,636.46,
Player1_Car,37.92,673.865,-24.652,354.288,20.026,-0.46,0.60,4,627.49,
Player2_Car,37.92,669.934,-24.652,344.914,19.987,0.43,0.60,4,636.86,
Player1_Car,37.94,673.865,-24.652,353.888,20.026,-0.46,0.60,4,627.89,
Player2_Car,37.94,669.934,-24.652,344.514,19.987,0.43,0.60,4,637.26,
Player1_Car,37.96,673.865,-24.652,353.487,20.026,-0.46,0.60,4,628.29,
Player2_Car,37.96,669.934,-24.652,344.115,19.987,0.43,0.60,4,637.66,
Player1_Car,37.98,673.865,-24.652,353.087,20.026,-0.47,0.60,4,628.69,
Player2_Car,37.98,669.934,-24.652,343.715,19.987,0.43,0.60,4,638.06,
Player1_Car,38.00,673.865,-24.652,352.686,20.026,-0.47,0.60,4,629.09,
Player2_Car,38.00,669.934,-24.652,343.315,19.987,0.43,0.60,4,638.46,
Player1_Car,38.02,673.865,-24.652,352.286,20.026,-0.47,0.60,4,629.49,
Player2_Car,38.02,669.934,-24.652,342.915,19.987,0.43,0.60,4,638.86,
Player1_Car,38.04,673.865,-24.652,351.885,20.026,-0.47,0.60,4,629.89,
Player2_Car,38.04,669.934,-24.652,342.516,19.987,0.43,0.60,4,639.26,
Player1_Car,38.06,673.865,-24.652,351.485,20.026,-0.47,0.60,4,630.29,
Player2_Car,38.06,669.934,-24.652,342.116,19.987,0.43,0.60,4,639.66,
Player1_Car,38.08,673.865,-24.652,351.084,20.026,-0.47,0.60,4,630.69,
Player2_Car,38.08,669.934,-24.652,341.716,19.987,0.43,0.60,4,640.06,
Player1_Car,38.10,673.865,-24.652,350.684,20.026,-0.47,0.60,4,631.09,
Player2_Car,38.10,669.934,-24.652,341.316,19.987,0.43,0.60,4,640.46,
Player1_Car,38.12,673.865,-24.652,350.283,20.026,-0.47,0.60,4,631.49,
Player2_Car,38.12,669.934,-24.652,340.917,19.987,0.43,0.60,4,640.86,
Player1_Car,38.14,673.865,-24.652,349.883,20.026,-0.47,0.60,4,631.89,
Player2_Car,38.14,669.934,-24.652,340.517,19.987,0.43,0.60,4,641.26,
Player1_Car,38.16,673.865,-24.652,349.482,20.026,-0.47,0.60,4,632.29,
Player2_Car,38.16,669.934,-24.652,340.117,19.987,0.43,0.60,4,641.66,
Player1_Car,38.18,673.865,-24.652,349.082,20.026,-0.47,0.60,4,632.69,
Player2_Car,38.18,669.934,-24.652,339.717,19.987,0.43,0.60,4,642.06,
Player1_Car,38.20,673.865,-24.652,348.681,20.026,-0.47,0.60,4,633.09,
Player2_Car,38.20,669.934,-24.652,339.318,19.987,0.43,0.60,4,642.46,
Player1_Car,38.22,673.864,-24.652,348.281,20.026,-0.47,0.60,4,633.49,
Player2_Car,38.22,669.934,-24.652,338.918,19.987,0.43,0.60,4,642.86,
Player1_Car,38.24,673.864,-24.652,347.880,20.026,-0.48,0.60,4,633.90,
Player2_Car,38.24,669.934,-24.652,338.518,19.987,0.43,0.60,4,643.26,
Player1_Car,38.26,673.864,-24.652,347.480,20.026,-0.48,0.60,4,634.30,
Player2_Car,38.26,669.934,-24.652,338.118,19.987,0.43,0.60,4,643.66,
Player1_Car,38.28,673.864,-24.652,347.079,20.026,-0.48,0.60,4,634.70,
Player2_Car,38.28,669.934,-24.652,337.719,19.987,0.43,0.60,4,644.06,
Player1_Car,38.30,673.864,-24.652,346.679,20.026,-0.48,0.60,4,635.10,
Player2_Car,38.30,669.934,-24.652,337.319,19.987,0.43,0.60,4,644.46,
Player1_Car,38.32,673.864,-24.652,346.278,20.026,-0.48,0.60,4,635.50,
Player2_Car,38.32,669.934,-24.652,336.919,19.987,0.43,0.60,4,644.86,
Player1_Car,38.34,673.864,-24.652,345.878,20.026,-0.48,0.60,4,635.90,
Player2_Car,38.34,669.934,-24.652,336.519,19.987,0.43,0.60,4,645.26,
Player1_Car,38.36,673.864,-24.652,345.477,20.026,-0.48,0.60,4,636.30,
Player2_Car,38.36,669.934,-24.652,336.120,19.987,0.43,0.60,4,645.66,
Player1_Car,38.38,673.864,-24.652,345.077,20.026,-0.48,0.60,4,636.70,
Player2_Car,38.38,669.934,-24.652,335.720,19.987,0.43,0.60,4,646.06,
Player1_Car,38.40,673.864,-24.652,344.676,20.026,-0.48,0.60,4,637.10,
Player2_Car,38.40,669.934,-24.652,335.320,19.987,0.43,0.60,4,646.46,
Player1_Car,38.42,673.864,-24.652,344.276,20.026,-0.48,0.60,4,637.50,
Player2_Car,38.42,669.934,-24.652,334.920,19.987,0.43,0.60,4,646.85,
Player1_Car,38.44,673.864,-24.652,343.875,20.026,-0.48,0.60,4,637.90,
Player2_Car,38.44,669.934,-24.652,334.521,19.987,0.43,0.60,4,647.25,
Player1_Car,38.46,673.864,-24.652,343.475,20.025,-0.48,0.60,4,638.30,
Player2_Car,38.46,669.934,-24.652,334.121,19.987,0.43,0.60,4,647.65,
Player1_Car,38.48,673.864,-24.652,343.074,20.025,-0.48,0.60,4,638.70,
Player2_Car,38.48,669.934,-24.652,333.721,19.987,0.43,0.60,4,648.05,
Player1_Car,38.50,673.864,-24.652,342.674,20.025,-0.48,0.60,4,639.10,
Player2_Car,38.50,669.934,-24.652,333.321,19.987,0.43,0.60,4,648.45,
Player1_Car,38.52,673.864,-24.652,342.273,20.025,-0.48,0.60,4,639.50,
Player2_Car,38.52,669.934,-24.652,332.922,19.987,0.43,0.60,4,648.85,
Player1_Car,38.54,673.864,-24.652,341.873,20.025,-0.49,0.60,4,639.90,
Player2_Car,38.54,669.934,-24.652,332.522,19.987,0.43,0.60,4,649.25,
Player1_Car,38.56,673.863,-24.652,341.472,20.025,-0.49,0.60,4,640.30,
Player2_Car,38.56,669.934,-24.652,332.122,19.987,0.43,0.60,4,649.65,
Player1_Car,38.58,673.863,-24.652,341.072,20.025,-0.49,0.60,4,640.70,
Player2_Car,38.58,669.934,-24.652,331.722,19.987,0.43,0.60,4,650.05,
Player1_Car,38.60,673.863,-24.652,340.671,20.025,-0.49,0.60,4,641.10,
Player2_Car,38.60,669.934,-24.652,331.323,19.987,0.43,0.60,4,650.45,
Player1_Car,38.62,673.863,-24.652,340.271,20.025,-0.49,0.60,4,641.50,
Player2_Car,38.62,669.934,-24.652,330.923,19.987,0.43,0.60,4,650.85,
Player1_Car,38.64,673.863,-24.652,339.870,20.025,-0.49,0.60,4,641.91,
Player2_Car,38.64,669.934,-24.652,330.523,19.987,0.43,0.60,4,651.25,
Player1_Car,38.66,673.863,-24.652,339.470,20.025,-0.49,0.60,4,642.31,
Player2_Car,38.66,669.934,-24.652,330.123,19.987,0.43,0.60,4,651.65,
Player1_Car,38.68,673.863,-24.652,339.069,20.025,-0.49,0.60,4,642.71,
Player2_Car,38.68,669.934,-24.652,329.724,19.987,0.43,0.60,4,652.05,
Player1_Car,38.70,673.863,-24.652,338.668,20.025,-0.49,0.60,4,643.11,
Player2_Car,38.70,669.934,-24.652,329.324,19.987,0.43,0.60,4,652.45,
Player1_Car,38.72,673.863,-24.652,338.268,20.025,-0.49,0.60,4,643.51,
Player2_Car,38.72,669.934,-24.652,328.924,19.987,0.43,0.60,4,652.85,
Player1_Car,38.74,673.863,-24.652,337.867,20.025,-0.49,0.60,4,643.91,
Player2_Car,38.74,669.934,-24.652,328.524,19.987,0.43,0.60,4,653.25,
Player1_Car,38.76,673.863,-24.652,337.467,20.025,-0.49,0.60,4,644.31,
Player2_Car,38.76,669.934,-24.652,328.125,19.987,0.43,0.60,4,653.65,
Player1_Car,38.78,673.863,-24.652,337.066,20.025,-0.49,0.60,4,644.71,
Player2_Car,38.78,669.934,-24.652,327.725,19.987,0.43,0.60,4,654.05,
Player1_Car,38.80,673.863,-24.652,336.666,20.025,-0.49,0.60,4,645.11,
Player2_Car,38.80,669.934,-24.652,327.325,19.987,0.43,0.60,4,654.45,
Player1_Car,38.82,673.863,-24.652,336.265,20.025,-0.49,0.60,4,645.51,
Player2_Car,38.82,669.934,-24.652,326.925,19.987,0.43,0.60,4,654.85,
Player1_Car,38.84,673.863,-24.652,335.865,20.025,-0.50,0.60,4,645.91,
Player2_Car,38.84,669.934,-24.652,326.526,19.987,0.43,0.60,4,655.25,
Player1_Car,38.86,673.863,-24.652,335.464,20.025,-0.50,0.60,4,646.31,
Player2_Car,38.86,669.934,-24.652,326.126,19.987,0.43,0.60,4,655.65,
Player1_Car,38.88,673.862,-24.652,335.064,20.025,-0.50,0.60,4,646.71,
Player2_Car,38.88,669.934,-24.652,325.726,19.987,0.43,0.60,4,656.05,
Player1_Car,38.90,673.862,-24.652,334.663,20.025,-0.50,0.60,4,647.11,
Player2_Car,38.90,669.934,-24.652,325.326,19.987,0.43,0.60,4,656.45,
Player1_Car,38.92,673.862,-24.652,334.263,20.025,-0.50,0.60,4,647.51,
Player2_Car,38.92,669.934,-24.652,324.927,19.987,0.43,0.60,4,656.85,
Player1_Car,38.94,673.862,-24.652,333.862,20.025,-0.50,0.60,4,647.91,
Player2_Car,38.94,669.934,-24.652,324.527,19.987,0.43,0.60,4,657.25,
Player1_Car,38.96,673.862,-24.652,333.462,20.025,-0.50,0.60,4,648.31,
Player2_Car,38.96,669.934,-24.652,324.127,19.987,0.43,0.60,4,657.65,
Player1_Car,38.98,673.862,-24.652,333.061,20.025,-0.50,0.60,4,648.71,
Player2_Car,38.98,669.934,-24.652,323.727,19.987,0.43,0.60,4,658.05,
Player1_Car,39.00,673.862,-24.652,332.661,20.025,-0.50,0.60,4,649.11,
Player2_Car,39.00,669.934,-24.652,323.328,19.987,0.43,0.60,4,658.45,
Player1_Car,39.02,673.862,-24.652,332.260,20.025,-0.50,0.60,4,649.51,
Player2_Car,39.02,669.934,-24.652,322.928,19.987,0.43,0.60,4,658.85,
Player1_Car,39.04,673.862,-24.652,331.860,20.025,-0.50,0.60,4,649.92,
Player2_Car,39.04,669.934,-24.652,322.528,19.987,0.43,0.60,4,659.25,
Player1_Car,39.06,673.862,-24.652,331.459,20.025,-0.50,0.60,4,650.32,
Player2_Car,39.06,669.934,-24.652,322.128,19.987,0.43,0.60,4,659.65,
Player1_Car,39.08,673.862,-24.652,331.059,20.025,-0.50,0.60,4,650.72,
Player2_Car,39.08,669.934,-24.652,321.729,19.987,0.43,0.60,4,660.05,
Player1_Car,39.10,673.862,-24.652,330.658,20.025,-0.50,0.60,4,651.12,
Player2_Car,39.10,669.934,-24.652,321.329,19.987,0.43,0.60,4,660.45,
Player1_Car,39.12,673.862,-24.652,330.258,20.025,-0.50,0.60,4,651.52,
Player2_Car,39.12,669.934,-24.652,320.929,19.987,0.43,0.60,4,660.85,
Player1_Car,39.14,673.862,-24.652,329.857,20.025,-0.50,0.60,4,651.92,
Player2_Car,39.14,669.934,-24.652,320.529,19.987,0.43,0.60,4,661.25,
Player1_Car,39.16,673.862,-24.652,329.457,20.025,-0.51,0.60,4,652.32,
Player2_Car,39.16,669.934,-24.652,320.130,19.987,0.43,0.60,4,661.65,
Player1_Car,39.18,673.862,-24.652,329.056,20.025,-0.51,0.60,4,652.72,
Player2_Car,39.18,669.934,-24.652,319.730,19.987,0.43,0.60,4,662.05,
Player1_Car,39.20,673.862,-24.652,328.656,20.025,-0.51,0.60,4,653.12,
Player2_Car,39.20,669.934,-24.652,319.330,19.987,0.43,0.60,4,662.44,
Player1_Car,39.22,673.861,-24.652,328.255,20.025,-0.51,0.60,4,653.52,
Player2_Car,39.22,669.934,-24.652,318.930,19.987,0.43,0.60,4,662.84,
Player1_Car,39.24,673.861,-24.652,327.855,20.025,-0.51,0.60,4,653.92,
Player2_Car,39.24,669.934,-24.652,318.531,19.987,0.43,0.60,4,663.24,
Player1_Car,39.26,673.861,-24.652,327.454,20.025,-0.51,0.60,4,654.32,
Player2_Car,39.26,669.934,-24.652,318.131,19.987,0.43,0.60,4,663.64,
Player1_Car,39.28,673.861,-24.652,327.054,20.025,-0.51,0.60,4,654.72,
Player2_Car,39.28,669.934,-24.652,317.731,19.987,0.43,0.60,4,664.04,
Player1_Car,39.30,673.861,-24.652,326.653,20.025,-0.51,0.60,4,655.12,
Player2_Car,39.30,669.934,-24.652,317.331,19.987,0.43,0.60,4,664.44,
Player1_Car,39.32,673.861,-24.652,326.253,20.025,-0.51,0.60,4,655.52,
Player2_Car,39.32,669.934,-24.652,316.932,19.987,0.43,0.60,4,664.84,
Player1_Car,39.34,673.861,-24.652,325.852,20.025,-0.51,0.60,4,655.92,
Player2_Car,39.34,669.934,-24.652,316.532,19.987,0.43,0.60,4,665.24,
Player1_Car,39.36,673.861,-24.652,325.452,20.025,-0.51,0.60,4,656.32,
Player2_Car,39.36,669.934,-24.652,316.132,19.987,0.43,0.60,4,665.64,
Player1_Car,39.38,673.861,-24.652,325.051,20.025,-0.51,0.60,4,656.72,
Player2_Car,39.38,669.934,-24.652,315.732,19.987,0.43,0.60,4,666.04,
Player1_Car,39.40,673.861,-24.652,324.651,20.025,-0.51,0.60,4,657.12,
Player2_Car,39.40,669.934,-24.652,315.333,19.987,0.44,0.60,4,666.44,
Player1_Car,39.42,673.861,-24.652,324.250,20.025,-0.51,0.60,4,657.52,
Player2_Car,39.42,669.934,-24.652,314.933,19.987,0.45,0.60,4,666.84,
Player1_Car,39.44,673.861,-24.652,323.850,20.025,-0.51,0.60,4,657.93,
Player2_Car,39.44,669.934,-24.652,314.533,19.987,0.46,0.60,4,667.24,
Player1_Car,39.46,673.861,-24.652,323.449,20.025,-0.51,0.60,4,658.33,
Player2_Car,39.46,669.934,-24.652,314.133,19.987,0.47,0.60,4,667.64,
Player1_Car,39.48,673.861,-24.652,323.048,20.025,-0.51,0.60,4,658.73,
Player2_Car,39.48,669.934,-24.652,313.734,19.987,0.49,0.60,4,668.04,
Player1_Car,39.50,673.861,-24.652,322.648,20.025,-0.51,0.60,4,659.13,
Player2_Car,39.50,669.934,-24.652,313.334,19.986,0.52,0.60,4,668.44,
Player1_Car,39.52,673.861,-24.652,322.247,20.025,-0.52,0.60,4,659.53,
Player2_Car,39.52,669.934,-24.652,312.934,19.986,0.54,0.60,4,668.84,
Player1_Car,39.54,673.860,-24.652,321.847,20.025,-0.52,0.60,4,659.93,
Player2_Car,39.54,669.934,-24.652,312.535,19.985,0.56,0.60,4,669.24,
Player1_Car,39.56,673.860,-24.652,321.446,20.025,-0.52,0.60,4,660.33,
Player2_Car,39.56,669.934,-24.652,312.135,19.985,0.60,0.60,4,669.64,
Player1_Car,39.58,673.860,-24.652,321.046,20.025,-0.52,0.60,4,660.73,
Player2_Car,39.58,669.933,-24.652,311.735,19.984,0.63,0.60,4,670.04,
Player1_Car,39.60,673.860,-24.652,320.645,20.025,-0.52,0.60,4,661.13,
Player2_Car,39.60,669.933,-24.652,311.335,19.983,0.67,0.60,4,670.44,
Player1_Car,39.62,673.860,-24.652,320.245,20.025,-0.52,0.60,4,661.53,
Player2_Car,39.62,669.933,-24.652,310.936,19.981,0.71,0.60,4,670.84,
Player1_Car,39.64,673.860,-24.652,319.844,20.025,-0.52,0.60,4,661.93,
Player2_Car,39.64,669.932,-24.652,310.536,19.980,0.75,0.60,4,671.24,
Player1_Car,39.66,673.860,-24.652,319.444,20.025,-0.52,0.60,4,662.33,
Player2_Car,39.66,669.932,-24.652,310.137,19.978,0.80,0.60,4,671.64,
Player1_Car,39.68,673.860,-24.652,319.043,20.025,-0.52,0.60,4,662.73,
Player2_Car,39.68,669.931,-24.652,309.737,19.976,0.85,0.60,4,672.04,
Player1_Car,39.70,673.860,-24.652,318.643,20.025,-0.52,0.60,4,663.13,
Player2_Car,39.70,669.930,-24.652,309.338,19.974,0.90,0.60,4,672.44,
Player1_Car,39.72,673.860,-24.652,318.242,20.025,-0.52,0.60,4,663.53,
Player2_Car,39.72,669.929,-24.652,308.938,19.971,0.95,0.60,4,672.84,
Player1_Car,39.74,673.860,-24.652,317.842,20.025,-0.52,0.60,4,663.93,
Player2_Car,39.74,669.928,-24.652,308.539,19.968,0.97,0.60,4,673.24,
Player1_Car,39.76,673.860,-24.652,317.441,20.025,-0.52,0.60,4,664.33,
Player2_Car,39.76,669.927,-24.652,308.140,19.966,0.97,0.60,4,673.64,
Player1_Car,39.78,673.860,-24.652,317.041,20.025,-0.52,0.60,4,664.73,
Player2_Car,39.78,669.925,-24.652,307.740,19.963,1.00,0.60,4,674.03,
Player1_Car,39.80,673.860,-24.652,316.640,20.025,-0.52,0.60,4,665.13,
Player2_Car,39.80,669.924,-24.652,307.341,19.960,1.05,0.60,4,674.43,
Player1_Car,39.82,673.860,-24.652,316.240,20.025,-0.52,0.60,4,665.53,
Player2_Car,39.82,669.922,-24.652,306.942,19.958,1.07,0.61,4,674.83,
Player1_Car,39.84,673.860,-24.652,315.839,20.025,-0.52,0.60,4,665.94,
Player2_Car,39.84,669.921,-24.652,306.543,19.955,1.08,0.61,4,675.23,
Player1_Car,39.86,673.859,-24.652,315.439,20.025,-0.52,0.60,4,666.34,
Player2_Car,39.86,669.919,-24.652,306.144,19.952,1.10,0.61,4,675.63,
Player1_Car,39.88,673.859,-24.652,315.038,20.025,-0.51,0.60,4,666.74,
Player2_Car,39.88,669.916,-24.652,305.745,19.950,1.13,0.61,4,676.03,
Player1_Car,39.90,673.859,-24.652,314.638,20.025,-0.50,0.60,4,667.14,
Player2_Car,39.90,669.914,-24.652,305.346,19.947,1.16,0.61,4,676.43,
Player1_Car,39.92,673.859,-24.652,314.237,20.025,-0.49,0.60,4,667.54,
Player2_Car,39.92,669.911,-24.652,304.947,19.945,1.16,0.61,4,676.83,
Player1_Car,39.94,673.859,-24.652,313.837,20.025,-0.47,0.60,4,667.94,
Player2_Car,39.94,669.909,-24.652,304.548,19.942,1.18,0.61,4,677.23,
Player1_Car,39.96,673.859,-24.652,313.436,20.025,-0.45,0.60,4,668.34,
Player2_Car,39.96,669.906,-24.652,304.149,19.940,1.21,0.61,4,677.63,
Player1_Car,39.98,673.859,-24.652,313.036,20.025,-0.42,0.60,4,668.74,
Player2_Car,39.98,669.902,-24.652,303.751,19.937,1.23,0.61,4,678.02,
Player1_Car,40.00,673.859,-24.652,312.635,20.025,-0.40,0.60,4,669.14,
Player2_Car,40.00,669.898,-24.652,303.352,19.935,1.23,0.61,4,678.42,
Player1_Car,40.02,673.858,-24.652,312.235,20.025,-0.37,0.60,4,669.54,
Player2_Car,40.02,669.895,-24.652,302.953,19.933,1.25,0.61,4,678.82,
Player1_Car,40.04,673.858,-24.652,311.834,20.025,-0.33,0.60,4,669.94,
Player2_Car,40.04,669.890,-24.652,302.555,19.931,1.28,0.61,4,679.22,
Player1_Car,40.06,673.857,-24.652,311.434,20.026,-0.30,0.60,4,670.34,
Player2_Car,40.06,669.886,-24.652,302.156,19.929,1.29,0.61,4,679.63,
Player1_Car,40.08,673.857,-24.652,311.033,20.026,-0.26,0.60,4,670.74,
Player2_Car,40.08,669.881,-24.652,301.758,19.927,1.30,0.61,4,680.03,
Player1_Car,40.10,673.856,-24.652,310.633,20.026,-0.21,0.60,4,671.14,
Player2_Car,40.10,669.875,-24.652,301.359,19.925,1.32,0.61,4,680.42,
Player1_Car,40.12,673.856,-24.652,310.232,20.026,-0.17,0.60,4,671.54,
Player2_Car,40.12,669.870,-24.652,300.961,19.923,1.33,0.61,4,680.83,
Player1_Car,40.14,673.855,-24.652,309.832,20.026,-0.12,0.60,4,671.94,
Player2_Car,40.14,669.864,-24.652,300.562,19.921,1.34,0.61,4,681.23,
Player1_Car,40.16,673.854,-24.652,309.431,20.026,-0.07,0.60,4,672.34,
Player2_Car,40.16,669.857,-24.652,300.164,19.919,1.35,0.61,4,681.63,
Player1_Car,40.18,673.853,-24.652,309.031,20.026,-0.01,0.60,4,672.74,
Player2_Car,40.18,669.851,-24.652,299.766,19.917,1.37,0.61,4,682.03,
Player1_Car,40.20,673.852,-24.652,308.630,20.026,0.04,0.60,4,673.14,
Player2_Car,40.20,669.843,-24.652,299.368,19.916,1.38,0.61,4,682.44,
Player1_Car,40.22,673.851,-24.652,308.230,20.026,0.10,0.60,4,673.54,
Player2_Car,40.22,669.836,-24.652,298.969,19.914,1.38,0.61,4,682.84,
Player1_Car,40.24,673.849,-24.652,307.829,20.026,0.16,0.60,4,673.95,
Player2_Car,40.24,669.828,-24.652,298.571,19.912,1.39,0.61,4,683.23,
Player1_Car,40.26,673.848,-24.652,307.429,20.027,0.23,0.60,4,674.35,
Player2_Car,40.26,669.819,-24.652,298.173,19.911,1.41,0.61,4,683.63,
Player1_Car,40.28,673.846,-24.652,307.028,20.027,0.30,0.60,4,674.75,
Player2_Car,40.28,669.810,-24.652,297.775,19.909,1.42,0.61,4,684.04,
Player1_Car,40.30,673.844,-24.652,306.627,20.027,0.36,0.60,4,675.15,
Player2_Car,40.30,669.801,-24.652,297.377,19.908,1.42,0.61,4,684.44,
Player1_Car,40.32,673.842,-24.652,306.227,20.027,0.43,0.60,4,675.55,
Player2_Car,40.32,669.791,-24.652,296.979,19.906,1.43,0.61,4,684.84,
Player1_Car,40.34,673.840,-24.652,305.826,20.027,0.51,0.60,4,675.95,
Player2_Car,40.34,669.781,-24.652,296.581,19.905,1.44,0.61,4,685.24,
Player1_Car,40.36,673.838,-24.652,305.426,20.027,0.59,0.60,4,676.35,
Player2_Car,40.36,669.771,-24.652,296.183,19.904,1.45,0.61,4,685.64,
Player1_Car,40.38,673.835,-24.652,305.025,20.027,0.66,0.60,4,676.75,
Player2_Car,40.38,669.759,-24.652,295.785,19.903,1.45,0.61,4,686.04,
Player1_Car,40.40,673.833,-24.652,304.625,20.027,0.74,0.60,4,677.15,
Player2_Car,40.40,669.748,-24.652,295.387,19.901,1.46,0.61,4,686.44,
Player1_Car,40.42,673.830,-24.652,304.224,20.026,0.83,0.60,4,677.55,
Player2_Car,40.42,669.736,-24.652,294.990,19.900,1.47,0.61,4,686.85,
Player1_Car,40.44,673.827,-24.652,303.824,20.026,0.91,0.60,4,677.95,
Player2_Car,40.44,669.723,-24.652,294.592,19.899,1.47,0.61,4,687.25,
Player1_Car,40.46,673.824,-24.652,303.423,20.026,0.99,0.60,4,678.35,
Player2_Car,40.46,669.710,-24.652,294.194,19.898,1.48,0.61,4,687.64,
Player1_Car,40.48,673.820,-24.652,303.023,20.025,1.08,0.60,4,678.75,
Player2_Car,40.48,669.697,-24.652,293.796,19.897,1.49,0.61,4,688.04,
Player1_Car,40.50,673.816,-24.652,302.623,20.025,1.18,0.60,4,679.15,
Player2_Car,40.50,669.683,-24.652,293.399,19.896,1.49,0.61,4,688.45,
Player1_Car,40.52,673.812,-24.652,302.222,20.025,1.26,0.60,4,679.54,
Player2_Car,40.52,669.668,-24.652,293.001,19.895,1.49,0.61,4,688.85,
Player1_Car,40.54,673.808,-24.652,301.822,20.024,1.31,0.60,4,679.94,
Player2_Car,40.54,669.653,-24.652,292.603,19.894,1.50,0.61,4,689.25,
Player1_Car,40.56,673.804,-24.652,301.421,20.024,1.34,0.60,4,680.34,
Player2_Car,40.56,669.638,-24.652,292.206,19.893,1.51,0.61,4,689.64,
Player1_Car,40.58,673.800,-24.652,301.021,20.022,1.38,0.60,4,680.75,
Player2_Car,40.58,669.622,-24.652,291.808,19.893,1.51,0.61,4,690.05,
Player1_Car,40.60,673.795,-24.652,300.620,20.022,1.41,0.60,4,681.14,
Player2_Car,40.60,669.606,-24.652,291.411,19.892,1.51,0.61,4,690.45,
Player1_Car,40.62,673.790,-24.652,300.220,20.021,1.45,0.60,4,681.54,
Player2_Car,40.62,669.589,-24.652,291.013,19.891,1.52,0.61,4,690.85,
Player1_Car,40.64,673.785,-24.652,299.820,20.021,1.49,0.60,4,681.94,
Player2_Car,40.64,669.571,-24.652,290.616,19.891,1.52,0.61,4,691.25,
Player1_Car,40.66,673.779,-24.652,299.419,20.020,1.51,0.60,4,682.33,
Player2_Car,40.66,669.553,-24.652,290.218,19.890,1.52,0.61,4,691.66,
Player1_Car,40.68,673.773,-24.652,299.019,20.020,1.53,0.60,4,682.73,
Player2_Car,40.68,669.535,-24.652,289.821,19.889,1.52,0.61,4,692.05,
Player1_Car,40.70,673.767,-24.652,298.619,20.019,1.56,0.60,4,683.13,
Player2_Car,40.70,669.516,-24.652,289.424,19.889,1.53,0.61,4,692.45,
Player1_Car,40.72,673.761,-24.652,298.218,20.018,1.59,0.60,4,683.53,
Player2_Car,40.72,669.496,-24.652,289.027,19.888,1.54,0.61,4,692.86,
Player1_Car,40.74,673.754,-24.652,297.818,20.018,1.61,0.60,4,683.92,
Player2_Car,40.74,669.476,-24.652,288.629,19.887,1.53,0.61,4,693.26,
Player1_Car,40.76,673.747,-24.652,297.418,20.017,1.62,0.60,4,684.32,
Player2_Car,40.76,669.455,-24.652,288.232,19.887,1.54,0.61,4,693.65,
Player1_Car,40.78,673.739,-24.652,297.018,20.017,1.65,0.60,4,684.72,
Player2_Car,40.78,669.434,-24.652,287.835,19.886,1.54,0.61,4,694.05,
Player1_Car,40.80,673.731,-24.652,296.617,20.017,1.67,0.60,4,685.12,
Player2_Car,40.80,669.413,-24.652,287.438,19.886,1.55,0.61,4,694.46,
Player1_Car,40.82,673.722,-24.652,296.217,20.016,1.68,0.60,4,685.51,
Player2_Car,40.82,669.391,-24.652,287.041,19.885,1.54,0.61,4,694.86,
Player1_Car,40.84,673.713,-24.652,295.817,20.016,1.69,0.60,4,685.91,
Player2_Car,40.84,669.368,-24.652,286.644,19.885,1.55,0.61,4,695.26,
Player1_Car,40.86,673.704,-24.652,295.417,20.016,1.71,0.60,4,686.31,
Player2_Car,40.86,669.345,-24.652,286.247,19.885,1.55,0.61,4,695.65,
Player1_Car,40.88,673.694,-24.652,295.017,20.016,1.72,0.60,4,686.71,
Player2_Car,40.88,669.321,-24.652,285.850,19.884,1.55,0.61,4,696.06,
Player1_Car,40.90,673.683,-24.652,294.616,20.015,1.73,0.60,4,687.10,
Player2_Car,40.90,669.297,-24.652,285.453,19.884,1.55,0.61,4,696.46,
Player1_Car,40.92,673.672,-24.652,294.216,20.015,1.74,0.60,4,687.50,
Player2_Car,40.92,669.272,-24.652,285.056,19.883,1.55,0.61,4,696.86,
Player1_Car,40.94,673.661,-24.652,293.816,20.015,1.75,0.60,4,687.90,
Player2_Car,40.94,669.246,-24.652,284.659,19.883,1.56,0.61,4,697.27,
Player1_Car,40.96,673.649,-24.652,293.416,20.015,1.76,0.60,4,688.29,
Player2_Car,40.96,669.220,-24.652,284.262,19.883,1.56,0.61,4,697.66,
Player1_Car,40.98,673.637,-24.652,293.016,20.015,1.76,0.60,4,688.69,
Player2_Car,40.98,669.194,-24.652,283.865,19.883,1.55,0.61,4,698.06,
Player1_Car,41.00,673.624,-24.652,292.616,20.015,1.77,0.60,4,689.09,
Player2_Car,41.00,669.167,-24.652,283.469,19.882,1.55,0.61,4,698.46,
Player1_Car,41.02,673.610,-24.652,292.216,20.015,1.78,0.60,4,689.49,
Player2_Car,41.02,669.139,-24.652,283.072,19.882,1.55,0.61,4,698.87,
Player1_Car,41.04,673.596,-24.652,291.816,20.014,1.79,0.60,4,689.88,
Player2_Car,41.04,669.111,-24.652,282.675,19.882,1.54,0.61,4,699.27,
Player1_Car,41.06,673.581,-24.652,291.416,20.014,1.78,0.60,4,690.28,
Player2_Car,41.06,669.083,-24.652,282.279,19.882,1.53,0.61,4,699.66,
Player1_Car,41.08,673.566,-24.652,291.016,20.014,1.79,0.60,4,690.68,
Player2_Car,41.08,669.054,-24.652,281.882,19.882,1.52,0.61,4,700.06,
Player1_Car,41.10,673.550,-24.652,290.616,20.014,1.80,0.60,4,691.08,
Player2_Car,41.10,669.024,-24.652,281.486,19.882,1.52,0.61,4,700.47,
Player1_Car,41.12,673.534,-24.652,290.216,20.014,1.80,0.60,4,691.47,
Player2_Car,41.12,668.994,-24.652,281.089,19.882,1.51,0.61,4,700.87,
Player1_Car,41.14,673.517,-24.652,289.816,20.014,1.80,0.60,4,691.87,
Player2_Car,41.14,668.963,-24.652,280.693,19.882,1.52,0.61,4,701.26,
Player1_Car,41.16,673.500,-24.652,289.416,20.014,1.81,0.60,4,692.28,
Player2_Car,41.16,668.932,-24.652,280.296,19.882,1.52,0.61,4,701.66,
Player1_Car,41.18,673.482,-24.652,289.016,20.014,1.82,0.60,4,692.68,
Player2_Car,41.18,668.900,-24.652,279.900,19.882,1.52,0.61,4,702.07,
Player1_Car,41.20,673.463,-24.652,288.616,20.014,1.81,0.60,4,693.07,
Player2_Car,41.20,668.868,-24.652,279.504,19.882,1.52,0.61,4,702.47,
Player1_Car,41.22,673.444,-24.652,288.216,20.014,1.81,0.60,4,693.47,
Player2_Car,41.22,668.835,-24.652,279.107,19.882,1.54,0.61,4,702.87,
Player1_Car,41.24,673.425,-24.652,287.817,20.014,1.82,0.60,4,693.87,
Player2_Car,41.24,668.802,-24.652,278.711,19.882,1.56,0.61,4,703.27,
Player1_Car,41.26,673.405,-24.652,287.417,20.014,1.82,0.60,4,694.27,
Player2_Car,41.26,668.769,-24.652,278.315,19.882,1.55,0.61,4,703.67,
Player1_Car,41.28,673.384,-24.652,287.017,20.014,1.82,0.60,4,694.66,
Player2_Car,41.28,668.734,-24.652,277.919,19.882,1.56,0.61,4,704.07,
Player1_Car,41.30,673.362,-24.652,286.617,20.013,1.82,0.60,4,695.06,
Player2_Car,41.30,668.699,-24.652,277.523,19.882,1.60,0.61,4,704.47,
Player1_Car,41.32,673.340,-24.652,286.218,20.013,1.83,0.60,4,695.46,
Player2_Car,41.32,668.664,-24.652,277.126,19.882,1.62,0.61,4,704.88,
Player1_Car,41.34,673.318,-24.652,285.818,20.013,1.83,0.60,4,695.85,
Player2_Car,41.34,668.628,-24.652,276.730,19.881,1.61,0.61,4,705.27,
Player1_Car,41.36,673.295,-24.652,285.419,20.013,1.82,0.60,4,696.25,
Player2_Car,41.36,668.591,-24.652,276.335,19.880,1.63,0.61,4,705.67,
Player1_Car,41.38,673.271,-24.652,285.019,20.013,1.82,0.60,4,696.65,
Player2_Car,41.38,668.554,-24.652,275.939,19.880,1.67,0.61,4,706.07,
Player1_Car,41.40,673.247,-24.652,284.619,20.013,1.83,0.60,4,697.05,
Player2_Car,41.40,668.516,-24.652,275.543,19.879,1.69,0.61,4,706.48,
Player1_Car,41.42,673.222,-24.652,284.220,20.013,1.83,0.60,4,697.44,
Player2_Car,41.42,668.478,-24.652,275.147,19.878,1.69,0.61,4,706.87,
Player1_Car,41.44,673.197,-24.652,283.820,20.013,1.82,0.60,4,697.84,
Player2_Car,41.44,668.439,-24.652,274.752,19.877,1.71,0.61,4,707.27,
Player1_Car,41.46,673.171,-24.652,283.421,20.013,1.82,0.60,4,698.24,
Player2_Car,41.46,668.399,-24.652,274.356,19.876,1.75,0.61,4,707.67,
Player1_Car,41.48,673.144,-24.652,283.022,20.013,1.81,0.60,4,698.64,
Player2_Car,41.48,668.359,-24.652,273.961,19.875,1.76,0.61,4,708.08,
Player1_Car,41.50,673.117,-24.652,282.622,20.013,1.81,0.60,4,699.03,
Player2_Car,41.50,668.318,-24.652,273.565,19.874,1.77,0.62,4,708.47,
Player1_Car,41.52,673.089,-24.652,282.223,20.013,1.80,0.60,4,699.43,
Player2_Car,41.52,668.276,-24.652,273.170,19.873,1.80,0.62,4,708.87,
Player1_Car,41.54,673.061,-24.652,281.824,20.013,1.79,0.60,4,699.83,
Player2_Car,41.54,668.233,-24.652,272.775,19.871,1.83,0.62,4,709.28,
Player1_Car,41.56,673.032,-24.652,281.425,20.013,1.78,0.60,4,700.23,
Player2_Car,41.56,668.190,-24.652,272.380,19.870,1.84,0.62,4,709.68,
Player1_Car,41.58,673.003,-24.652,281.025,20.013,1.77,0.60,4,700.62,
Player2_Car,41.58,668.146,-24.652,271.985,19.868,1.86,0.62,4,710.08,
Player1_Car,41.60,672.973,-24.652,280.626,20.013,1.77,0.60,4,701.02,
Player2_Car,41.60,668.101,-24.652,271.590,19.867,1.89,0.62,4,710.47,
Player1_Car,41.62,672.943,-24.652,280.227,20.013,1.78,0.60,4,701.42,
Player2_Car,41.62,668.056,-24.652,271.196,19.865,1.91,0.62,4,710.88,
Player1_Car,41.64,672.912,-24.652,279.828,20.013,1.78,0.60,4,701.81,
Player2_Car,41.64,668.009,-24.652,270.801,19.864,1.91,0.62,4,711.27,
Player1_Car,41.66,672.880,-24.652,279.429,20.013,1.77,0.60,4,702.21,
Player2_Car,41.66,667.962,-24.652,270.407,19.862,1.94,0.62,4,711.67,
Player1_Car,41.68,672.848,-24.652,279.030,20.013,1.79,0.60,4,702.61,
Player2_Car,41.68,667.914,-24.652,270.012,19.861,1.98,0.62,4,712.07,
Player1_Car,41.70,672.816,-24.652,278.631,20.013,1.81,0.60,4,703.01,
Player2_Car,41.70,667.865,-24.652,269.618,19.859,1.99,0.62,4,712.47,
Player1_Car,41.72,672.783,-24.652,278.232,20.013,1.81,0.60,4,703.40,
Player2_Car,41.72,667.816,-24.652,269.224,19.857,1.99,0.62,4,712.86,
Player1_Car,41.74,672.749,-24.652,277.833,20.013,1.81,0.60,4,703.80,
Player2_Car,41.74,667.765,-24.652,268.830,19.856,2.02,0.62,4,713.26,
Player1_Car,41.76,672.715,-24.652,277.434,20.013,1.84,0.60,4,704.20,
Player2_Car,41.76,667.713,-24.652,268.436,19.854,2.05,0.62,4,713.66,
Player1_Car,41.78,672.680,-24.652,277.036,20.013,1.86,0.60,4,704.60,
Player2_Car,41.78,667.661,-24.652,268.043,19.852,2.06,0.62,4,714.07,
Player1_Car,41.80,672.644,-24.652,276.637,20.013,1.87,0.60,4,704.99,
Player2_Car,41.80,667.608,-24.652,267.649,19.851,2.06,0.62,4,714.47,
Player1_Car,41.82,672.608,-24.652,276.238,20.013,1.87,0.60,4,705.39,
Player2_Car,41.82,667.554,-24.652,267.256,19.849,2.09,0.62,4,714.86,
Player1_Car,41.84,672.572,-24.652,275.840,20.013,1.90,0.60,4,705.79,
Player2_Car,41.84,667.499,-24.652,266.863,19.847,2.12,0.62,4,715.29,
Player1_Car,41.86,672.535,-24.652,275.441,20.013,1.93,0.60,4,706.19,
Player2_Car,41.86,667.443,-24.652,266.470,19.846,2.12,0.62,4,715.68,
Player1_Car,41.88,672.497,-24.652,275.043,20.013,1.93,0.60,4,706.58,
Player2_Car,41.88,667.386,-24.652,266.077,19.844,2.13,0.62,4,716.08,
Player1_Car,41.90,672.458,-24.652,274.644,20.013,1.95,0.60,4,706.98,
Player2_Car,41.90,667.328,-24.652,265.685,19.842,2.16,0.62,4,716.48,
Player1_Car,41.92,672.419,-24.652,274.246,20.013,1.98,0.60,4,707.38,
Player2_Car,41.92,667.269,-24.652,265.292,19.841,2.18,0.62,4,716.90,
Player1_Car,41.94,672.379,-24.652,273.848,20.013,2.00,0.60,4,707.77,
Player2_Car,41.94,667.209,-24.652,264.900,19.839,2.18,0.62,4,717.30,
Player1_Car,41.96,672.338,-24.652,273.450,20.013,2.00,0.60,4,708.17,
Player2_Car,41.96,667.148,-24.652,264.508,19.837,2.19,0.62,4,717.69,
Player1_Car,41.98,672.297,-24.652,273.052,20.012,2.03,0.60,4,708.58,
Player2_Car,41.98,667.086,-24.652,264.116,19.836,2.22,0.62,4,718.09,
Player1_Car,42.00,672.255,-24.652,272.654,20.012,2.06,0.60,4,708.98,
Player2_Car,42.00,667.023,-24.652,263.725,19.834,2.23,0.62,4,718.51,
Player1_Car,42.02,672.212,-24.652,272.256,20.012,2.07,0.60,4,709.37,
Player2_Car,42.02,666.959,-24.652,263.333,19.832,2.24,0.62,4,718.91,
Player1_Car,42.04,672.168,-24.652,271.858,20.012,2.08,0.60,4,709.77,
Player2_Car,42.04,666.894,-24.652,262.942,19.831,2.25,0.62,4,719.30,
Player1_Car,42.06,672.124,-24.652,271.460,20.012,2.11,0.60,4,710.17,
Player2_Car,42.06,666.828,-24.652,262.551,19.829,2.26,0.62,4,719.70,
Player1_Car,42.08,672.079,-24.652,271.062,20.012,2.14,0.60,4,710.57,
Player2_Car,42.08,666.760,-24.652,262.160,19.828,2.27,0.62,4,720.12,
Player1_Car,42.10,672.033,-24.652,270.665,20.012,2.15,0.60,4,710.96,
Player2_Car,42.10,666.692,-24.652,261.769,19.827,2.29,0.62,4,720.52,
Player1_Car,42.12,671.986,-24.652,270.267,20.012,2.16,0.60,4,711.36,
Player2_Car,42.12,666.623,-24.652,261.379,19.825,2.30,0.62,4,720.92,
Player1_Car,42.14,671.938,-24.652,269.870,20.011,2.19,0.60,4,711.76,
Player2_Car,42.14,666.552,-24.652,260.989,19.824,2.31,0.62,4,721.34,
Player1_Car,42.16,671.890,-24.652,269.473,20.011,2.21,0.60,4,712.16,
Player2_Car,42.16,666.481,-24.652,260.599,19.822,2.31,0.62,4,721.73,
Player1_Car,42.18,671.841,-24.652,269.075,20.011,2.21,0.60,4,712.56,
Player2_Car,42.18,666.408,-24.652,260.209,19.821,2.32,0.62,4,722.13,
Player1_Car,42.20,671.790,-24.652,268.678,20.011,2.23,0.60,4,712.96,
Player2_Car,42.20,666.335,-24.652,259.820,19.820,2.34,0.62,4,722.53,
Player1_Car,42.22,671.739,-24.652,268.281,20.011,2.26,0.60,4,713.36,
Player2_Car,42.22,666.260,-24.652,259.430,19.819,2.35,0.62,4,722.95,
Player1_Car,42.24,671.687,-24.652,267.885,20.011,2.27,0.60,4,713.75,
Player2_Car,42.24,666.184,-24.652,259.041,19.817,2.35,0.62,4,723.35,
Player1_Car,42.26,671.634,-24.652,267.488,20.011,2.27,0.60,4,714.15,
Player2_Car,42.26,666.107,-24.652,258.653,19.816,2.36,0.62,4,723.74,
Player1_Car,42.28,671.581,-24.652,267.091,20.010,2.30,0.60,4,714.55,
Player2_Car,42.28,666.029,-24.652,258.264,19.815,2.37,0.62,4,724.14,
Player1_Car,42.30,671.526,-24.652,266.695,20.010,2.33,0.60,4,714.95,
Player2_Car,42.30,665.950,-24.652,257.876,19.814,2.37,0.62,4,724.56,
Player1_Car,42.32,671.470,-24.652,266.299,20.010,2.33,0.60,4,715.32,
Player2_Car,42.32,665.869,-24.652,257.488,19.813,2.38,0.62,4,724.96,
Player1_Car,42.34,671.413,-24.652,265.902,20.010,2.32,0.60,4,715.72,
Player2_Car,42.34,665.788,-24.652,257.100,19.812,2.39,0.62,4,725.35,
Player1_Car,42.36,671.356,-24.652,265.506,20.010,2.35,0.60,4,716.12,
Player2_Car,42.36,665.705,-24.652,256.713,19.811,2.40,0.62,4,725.77,
Player1_Car,42.38,671.297,-24.652,265.111,20.010,2.38,0.60,4,716.52,
Player2_Car,42.38,665.621,-24.652,256.325,19.810,2.39,0.62,4,726.17,
Player1_Car,42.40,671.238,-24.652,264.715,20.010,2.38,0.60,4,716.90,
Player2_Car,42.40,665.536,-24.652,255.938,19.809,2.40,0.62,4,726.57,
Player1_Car,42.42,671.177,-24.652,264.319,20.010,2.38,0.60,4,717.30,
Player2_Car,42.42,665.450,-24.652,255.552,19.808,2.42,0.62,4,726.96,
Player1_Car,42.44,671.115,-24.652,263.924,20.010,2.41,0.60,4,717.70,
Player2_Car,42.44,665.363,-24.652,255.165,19.808,2.42,0.62,4,727.39,
Player1_Car,42.46,671.053,-24.652,263.529,20.009,2.43,0.60,4,718.10,
Player2_Car,42.46,665.274,-24.652,254.779,19.807,2.41,0.62,4,727.78,
Player1_Car,42.48,670.989,-24.652,263.134,20.009,2.42,0.60,4,718.48,
Player2_Car,42.48,665.185,-24.652,254.393,19.806,2.42,0.62,4,728.18,
Player1_Car,42.50,670.924,-24.652,262.739,20.009,2.42,0.60,4,718.88,
Player2_Car,42.50,665.094,-24.652,254.008,19.805,2.43,0.62,4,728.57,
Player1_Car,42.52,670.859,-24.652,262.344,20.009,2.45,0.60,4,719.28,
Player2_Car,42.52,665.002,-24.652,253.623,19.805,2.43,0.62,4,729.00,
Player1_Car,42.54,670.792,-24.652,261.949,20.009,2.47,0.60,4,719.68,
Player2_Car,42.54,664.909,-24.652,253.238,19.804,2.43,0.62,4,729.39,
Player1_Car,42.56,670.724,-24.652,261.555,20.009,2.45,0.60,4,720.06,
Player2_Car,42.56,664.815,-24.652,252.853,19.803,2.44,0.62,4,729.79,
Player1_Car,42.58,670.655,-24.652,261.161,20.009,2.47,0.60,4,720.46,
Player2_Car,42.58,664.719,-24.652,252.469,19.803,2.45,0.62,4,730.21,
Player1_Car,42.60,670.585,-24.652,260.767,20.009,2.49,0.60,4,720.86,
Player2_Car,42.60,664.622,-24.652,252.084,19.802,2.44,0.62,4,730.61,
Player1_Car,42.62,670.514,-24.652,260.373,20.009,2.49,0.60,4,721.24,
Player2_Car,42.62,664.525,-24.652,251.701,19.801,2.46,0.62,4,731.00,
Player1_Car,42.64,670.442,-24.652,259.979,20.009,2.48,0.60,4,721.64,
Player2_Car,42.64,664.426,-24.652,251.317,19.801,2.50,0.62,4,731.40,
Player1_Car,42.66,670.369,-24.652,259.586,20.008,2.51,0.60,4,722.04,
Player2_Car,42.66,664.326,-24.652,250.934,19.800,2.51,0.62,4,731.82,
Player1_Car,42.68,670.295,-24.652,259.193,20.008,2.53,0.60,4,722.44,
Player2_Car,42.68,664.224,-24.652,250.551,19.799,2.50,0.62,4,732.22,
Player1_Car,42.70,670.219,-24.652,258.800,20.008,2.52,0.60,4,722.82,
Player2_Car,42.70,664.122,-24.652,250.169,19.798,2.53,0.62,4,732.61,
Player1_Car,42.72,670.143,-24.652,258.407,20.008,2.51,0.60,4,723.22,
Player2_Car,42.72,664.018,-24.652,249.787,19.798,2.57,0.62,4,733.01,
Player1_Car,42.74,670.065,-24.652,258.014,20.008,2.54,0.60,4,723.62,
Player2_Car,42.74,663.913,-24.652,249.405,19.797,2.59,0.62,4,733.43,
Player1_Car,42.76,669.986,-24.652,257.622,20.008,2.56,0.60,4,724.02,
Player2_Car,42.76,663.806,-24.652,249.024,19.795,2.58,0.62,4,733.83,
Player1_Car,42.78,669.907,-24.652,257.230,20.008,2.54,0.60,4,724.40,
Player2_Car,42.78,663.699,-24.652,248.643,19.794,2.60,0.62,4,734.22,
Player1_Car,42.80,669.826,-24.652,256.838,20.008,2.54,0.60,4,724.80,
Player2_Car,42.80,663.590,-24.652,248.262,19.793,2.64,0.62,4,734.64,
Player1_Car,42.82,669.743,-24.652,256.446,20.008,2.57,0.60,4,725.20,
Player2_Car,42.82,663.479,-24.652,247.882,19.792,2.64,0.62,4,735.04,
Player1_Car,42.84,669.660,-24.652,256.055,20.008,2.58,0.60,4,725.60,
Player2_Car,42.84,663.368,-24.652,247.502,19.790,2.63,0.63,4,735.44,
Player1_Car,42.86,669.576,-24.652,255.664,20.008,2.56,0.60,4,725.98,
Player2_Car,42.86,663.255,-24.652,247.123,19.789,2.65,0.63,4,735.83,
Player1_Car,42.88,669.490,-24.652,255.273,20.008,2.57,0.60,4,726.38,
Player2_Car,42.88,663.141,-24.652,246.744,19.788,2.68,0.63,4,736.25,
Player1_Car,42.90,669.404,-24.652,254.882,20.008,2.59,0.60,4,726.78,
Player2_Car,42.90,663.026,-24.652,246.365,19.787,2.67,0.63,4,736.65,
Player1_Car,42.92,669.316,-24.652,254.492,20.008,2.59,0.60,4,727.17,
Player2_Car,42.92,662.909,-24.652,245.987,19.786,2.67,0.63,4,737.04,
Player1_Car,42.94,669.227,-24.652,254.102,20.008,2.57,0.60,4,727.56,
Player2_Car,42.94,662.791,-24.652,245.610,19.785,2.68,0.63,4,737.44,
Player1_Car,42.96,669.137,-24.652,253.712,20.007,2.59,0.60,4,727.96,
Player2_Car,42.96,662.671,-24.652,245.232,19.784,2.70,0.63,4,737.86,
Player1_Car,42.98,669.046,-24.652,253.322,20.007,2.61,0.60,4,728.36,
Player2_Car,42.98,662.551,-24.652,244.856,19.783,2.69,0.63,4,738.26,
Player1_Car,43.00,668.953,-24.652,252.933,20.007,2.60,0.60,4,728.74,
Player2_Car,43.00,662.429,-24.652,244.479,19.782,2.69,0.63,4,738.65,
Player1_Car,43.02,668.860,-24.652,252.544,20.007,2.59,0.60,4,729.14,
Player2_Car,43.02,662.305,-24.652,244.103,19.781,2.70,0.63,4,739.05,
Player1_Car,43.04,668.765,-24.652,252.155,20.007,2.61,0.60,4,729.54,
Player2_Car,43.04,662.181,-24.652,243.728,19.780,2.71,0.63,4,739.47,
Player1_Car,43.06,668.670,-24.652,251.766,20.007,2.63,0.60,4,729.94,
Player2_Car,43.06,662.055,-24.652,243.353,19.779,2.71,0.63,4,739.87,
Player1_Car,43.08,668.573,-24.652,251.378,20.007,2.61,0.60,4,730.32,
Player2_Car,43.08,661.927,-24.652,242.979,19.778,2.71,0.63,4,740.26,
Player1_Car,43.10,668.474,-24.652,250.990,20.007,2.62,0.60,4,730.72,
Player2_Car,43.10,661.799,-24.652,242.604,19.778,2.72,0.63,4,740.68,
Player1_Car,43.12,668.375,-24.652,250.603,20.007,2.66,0.60,4,731.12,
Player2_Car,43.12,661.668,-24.652,242.231,19.777,2.71,0.63,4,741.08,
Player1_Car,43.14,668.275,-24.652,250.215,20.007,2.69,0.60,4,731.52,
Player2_Car,43.14,661.537,-24.652,241.858,19.776,2.71,0.63,4,741.47,
Player1_Car,43.16,668.173,-24.652,249.828,20.007,2.68,0.60,4,731.90,
Player2_Car,43.16,661.404,-24.652,241.485,19.776,2.72,0.63,4,741.87,
Player1_Car,43.18,668.070,-24.652,249.442,20.007,2.69,0.60,4,732.30,
Player2_Car,43.18,661.270,-24.652,241.113,19.775,2.73,0.63,4,742.29,
Player1_Car,43.20,667.966,-24.652,249.055,20.007,2.73,0.60,4,732.70,
Player2_Car,43.20,661.135,-24.652,240.742,19.775,2.71,0.63,4,742.69,
Player1_Car,43.22,667.861,-24.652,248.669,20.007,2.76,0.60,4,733.10,
Player2_Car,43.22,660.998,-24.652,240.370,19.774,2.71,0.63,4,743.08,
Player1_Car,43.24,667.754,-24.652,248.284,20.007,2.75,0.60,4,733.48,
Player2_Car,43.24,660.860,-24.652,240.000,19.774,2.72,0.63,4,743.48,
Player1_Car,43.26,667.646,-24.652,247.898,20.006,2.76,0.60,4,733.88,
Player2_Car,43.26,660.721,-24.652,239.630,19.774,2.73,0.63,4,743.92,
Player1_Car,43.28,667.537,-24.652,247.513,20.006,2.79,0.60,4,734.28,
Player2_Car,43.28,660.580,-24.652,239.260,19.773,2.72,0.63,4,744.32,
Player1_Car,43.30,667.426,-24.652,247.129,20.006,2.80,0.60,4,734.66,
Player2_Car,43.30,660.438,-24.652,238.891,19.773,2.72,0.63,4,744.71,
Player1_Car,43.32,667.315,-24.652,246.744,20.006,2.79,0.60,4,735.06,
Player2_Car,43.32,660.295,-24.652,238.522,19.772,2.73,0.63,4,745.15,
Player1_Car,43.34,667.202,-24.652,246.361,20.006,2.81,0.60,4,735.46,
Player2_Car,43.34,660.150,-24.652,238.154,19.772,2.72,0.63,4,745.55,
Player1_Car,43.36,667.088,-24.652,245.977,20.006,2.84,0.60,4,735.86,
Player2_Car,43.36,660.004,-24.652,237.787,19.772,2.71,0.63,4,745.94,
Player1_Car,43.38,666.972,-24.652,245.594,20.006,2.83,0.60,4,736.24,
Player2_Car,43.38,659.857,-24.652,237.420,19.772,2.72,0.63,4,746.34,
Player1_Car,43.40,666.855,-24.652,245.212,20.006,2.82,0.60,4,736.64,
Player2_Car,43.40,659.708,-24.652,237.054,19.771,2.73,0.63,4,746.76,
Player1_Car,43.42,666.737,-24.652,244.829,20.006,2.84,0.60,4,737.04,
Player2_Car,43.42,659.558,-24.652,236.688,19.771,2.71,0.63,4,747.16,
Player1_Car,43.44,666.617,-24.652,244.447,20.006,2.86,0.60,4,737.44,
Player2_Car,43.44,659.407,-24.652,236.322,19.771,2.71,0.63,4,747.55,
Player1_Car,43.46,666.496,-24.652,244.066,20.006,2.84,0.60,4,737.82,
Player2_Car,43.46,659.255,-24.652,235.957,19.771,2.71,0.63,4,747.95,
Player1_Car,43.48,666.374,-24.652,243.685,20.005,2.84,0.60,4,738.22,
Player2_Car,43.48,659.101,-24.652,235.593,19.771,2.71,0.63,4,748.37,
Player1_Car,43.50,666.251,-24.652,243.304,20.005,2.86,0.60,4,738.62,
Player2_Car,43.50,658.946,-24.652,235.229,19.771,2.71,0.63,4,748.77,
Player1_Car,43.52,666.126,-24.652,242.924,20.005,2.87,0.60,4,739.02,
Player2_Car,43.52,658.789,-24.652,234.866,19.771,2.71,0.63,4,749.16,
Player1_Car,43.54,666.000,-24.652,242.544,20.005,2.85,0.60,4,739.40,
Player2_Car,43.54,658.632,-24.652,234.504,19.771,2.72,0.63,4,749.59,
Player1_Car,43.56,665.872,-24.652,242.165,20.005,2.85,0.60,4,739.80,
Player2_Car,43.56,658.473,-24.652,234.142,19.771,2.70,0.63,4,749.98,
Player1_Car,43.58,665.744,-24.652,241.786,20.005,2.87,0.60,4,740.20,
Player2_Car,43.58,658.312,-24.652,233.780,19.771,2.70,0.63,4,750.38,
Player1_Car,43.60,665.614,-24.652,241.408,20.005,2.87,0.60,4,740.57,
Player2_Car,43.60,658.151,-24.652,233.419,19.771,2.70,0.63,4,750.77,
Player1_Car,43.62,665.482,-24.652,241.030,20.005,2.85,0.60,4,740.98,
Player2_Car,43.62,657.988,-24.652,233.059,19.771,2.71,0.63,4,751.20,
Player1_Car,43.64,665.350,-24.652,240.653,20.005,2.86,0.60,4,741.38,
Player2_Car,43.64,657.824,-24.652,232.699,19.771,2.69,0.63,4,751.59,
Player1_Car,43.66,665.216,-24.652,240.276,20.005,2.88,0.60,4,741.78,
Player2_Car,43.66,657.658,-24.652,232.340,19.771,2.69,0.63,4,751.99,
Player1_Car,43.68,665.080,-24.652,239.899,20.005,2.87,0.60,4,742.15,
Player2_Car,43.68,657.491,-24.652,231.982,19.771,2.70,0.63,4,752.38,
Player1_Car,43.70,664.944,-24.652,239.523,20.005,2.85,0.60,4,742.55,
Player2_Car,43.70,657.323,-24.652,231.624,19.771,2.70,0.63,4,752.81,
Player1_Car,43.72,664.806,-24.652,239.148,20.005,2.87,0.60,4,742.95,
Player2_Car,43.72,657.154,-24.652,231.266,19.771,2.69,0.63,4,753.20,
Player1_Car,43.74,664.667,-24.652,238.772,20.005,2.89,0.60,4,743.36,
Player2_Car,43.74,656.984,-24.652,230.909,19.771,2.69,0.63,4,753.60,
Player1_Car,43.76,664.526,-24.652,238.398,20.005,2.86,0.60,4,743.72,
Player2_Car,43.76,656.812,-24.652,230.553,19.771,2.69,0.63,4,753.99,
Player1_Car,43.78,664.384,-24.652,238.024,20.005,2.84,0.60,4,744.12,
Player2_Car,43.78,656.639,-24.652,230.198,19.771,2.69,0.63,4,754.42,
Player1_Car,43.80,664.241,-24.652,237.650,20.005,2.87,0.60,4,744.52,
Player2_Car,43.80,656.465,-24.652,229.843,19.772,2.69,0.63,4,754.81,
Player1_Car,43.82,664.097,-24.652,237.277,20.005,2.88,0.60,4,744.92,
Player2_Car,43.82,656.289,-24.652,229.488,19.772,2.69,0.63,4,755.21,
Player1_Car,43.84,663.951,-24.652,236.904,20.005,2.85,0.60,4,745.29,
Player2_Car,43.84,656.112,-24.652,229.135,19.772,2.69,0.63,4,755.63,
Player1_Car,43.86,663.804,-24.652,236.532,20.005,2.84,0.60,4,745.69,
Player2_Car,43.86,655.934,-24.652,228.782,19.772,2.67,0.63,4,756.03,
Player1_Car,43.88,663.655,-24.652,236.161,20.005,2.87,0.60,4,746.09,
Player2_Car,43.88,655.755,-24.652,228.429,19.772,2.68,0.63,4,756.42,
Player1_Car,43.90,663.506,-24.652,235.790,20.005,2.88,0.60,4,746.49,
Player2_Car,43.90,655.575,-24.652,228.077,19.772,2.68,0.63,4,756.82,
Player1_Car,43.92,663.355,-24.652,235.419,20.005,2.85,0.60,4,746.87,
Player2_Car,43.92,655.393,-24.652,227.726,19.772,2.68,0.63,4,757.24,
Player1_Car,43.94,663.203,-24.652,235.049,20.005,2.85,0.60,4,747.27,
Player2_Car,43.94,655.210,-24.652,227.376,19.772,2.68,0.63,4,757.64,
Player1_Car,43.96,663.049,-24.652,234.680,20.005,2.87,0.60,4,747.67,
Player2_Car,43.96,655.026,-24.652,227.026,19.772,2.70,0.63,4,758.03,
Player1_Car,43.98,662.894,-24.652,234.311,20.005,2.86,0.60,4,748.05,
Player2_Car,43.98,654.840,-24.652,226.676,19.772,2.71,0.63,4,758.43,
Player1_Car,44.00,662.738,-24.652,233.942,20.005,2.84,0.60,4,748.44,
Player2_Car,44.00,654.653,-24.652,226.328,19.772,2.71,0.63,4,758.85,
Player1_Car,44.02,662.581,-24.652,233.574,20.005,2.85,0.60,4,748.84,
Player2_Car,44.02,654.466,-24.652,225.980,19.772,2.74,0.63,4,759.25,
Player1_Car,44.04,662.422,-24.652,233.207,20.005,2.87,0.60,4,749.24,
Player2_Car,44.04,654.276,-24.652,225.633,19.772,2.78,0.63,4,759.65,
Player1_Car,44.06,662.263,-24.652,232.840,20.005,2.85,0.60,4,749.62,
Player2_Car,44.06,654.086,-24.652,225.286,19.771,2.81,0.63,4,760.07,
Player1_Car,44.08,662.101,-24.652,232.474,20.005,2.84,0.60,4,750.02,
Player2_Car,44.08,653.894,-24.652,224.940,19.771,2.80,0.63,4,760.46,
Player1_Car,44.10,661.939,-24.652,232.109,20.005,2.85,0.60,4,750.42,
Player2_Car,44.10,653.701,-24.652,224.595,19.770,2.84,0.63,4,760.86,
Player1_Car,44.12,661.775,-24.652,231.743,20.005,2.87,0.60,4,750.82,
Player2_Car,44.12,653.507,-24.652,224.251,19.769,2.91,0.63,4,761.26,
Player1_Car,44.14,661.610,-24.652,231.379,20.005,2.84,0.60,4,751.20,
Player2_Car,44.14,653.311,-24.652,223.907,19.768,2.94,0.63,4,761.68,
Player1_Car,44.16,661.444,-24.652,231.015,20.005,2.83,0.60,4,751.60,
Player2_Car,44.16,653.114,-24.652,223.565,19.766,2.93,0.63,4,762.08,
Player1_Car,44.18,661.276,-24.652,230.652,20.005,2.85,0.60,4,752.00,
Player2_Car,44.18,652.915,-24.652,223.223,19.765,2.97,0.63,4,762.47,
Player1_Car,44.20,661.108,-24.652,230.289,20.005,2.86,0.60,4,752.40,
Player2_Car,44.20,652.715,-24.652,222.882,19.763,3.02,0.63,4,762.87,
Player1_Car,44.22,660.938,-24.652,229.927,20.005,2.84,0.60,4,752.78,
Player2_Car,44.22,652.514,-24.652,222.542,19.761,3.05,0.63,4,763.29,
Player1_Car,44.24,660.767,-24.652,229.565,20.005,2.83,0.60,4,753.18,
Player2_Car,44.24,652.312,-24.652,222.203,19.759,3.05,0.63,4,763.68,
Player1_Car,44.26,660.594,-24.652,229.204,20.005,2.85,0.60,4,753.58,
Player2_Car,44.26,652.107,-24.652,221.864,19.757,3.06,0.63,4,764.08,
Player1_Car,44.28,660.420,-24.652,228.844,20.005,2.86,0.60,4,753.98,
Player2_Car,44.28,651.902,-24.652,221.527,19.756,3.10,0.63,4,764.50,
Player1_Car,44.30,660.245,-24.652,228.484,20.005,2.83,0.60,4,754.36,
Player2_Car,44.30,651.695,-24.652,221.190,19.754,3.10,0.63,4,764.90,
Player1_Car,44.32,660.069,-24.652,228.125,20.005,2.83,0.60,4,754.76,
Player2_Car,44.32,651.487,-24.652,220.855,19.752,3.10,0.63,4,765.29,
Player1_Car,44.34,659.892,-24.652,227.766,20.005,2.85,0.60,4,755.16,
Player2_Car,44.34,651.277,-24.652,220.520,19.750,3.11,0.63,4,765.69,
Player1_Car,44.36,659.713,-24.652,227.408,20.005,2.84,0.60,4,755.54,
Player2_Car,44.36,651.066,-24.652,220.186,19.749,3.14,0.63,4,766.11,
Player1_Car,44.38,659.533,-24.652,227.051,20.005,2.82,0.60,4,755.94,
Player2_Car,44.38,650.853,-24.652,219.853,19.747,3.13,0.63,4,766.51,
Player1_Car,44.40,659.352,-24.652,226.694,20.005,2.84,0.60,4,756.34,
Player2_Car,44.40,650.639,-24.652,219.522,19.745,3.12,0.63,4,766.90,
Player1_Car,44.42,659.170,-24.652,226.338,20.005,2.85,0.60,4,756.74,
Player2_Car,44.42,650.423,-24.652,219.191,19.744,3.12,0.63,4,767.30,
Player1_Car,44.44,658.986,-24.652,225.982,20.005,2.83,0.60,4,757.11,
Player2_Car,44.44,650.206,-24.652,218.861,19.743,3.14,0.63,4,767.72,
Player1_Car,44.46,658.801,-24.652,225.627,20.005,2.83,0.60,4,757.51,
Player2_Car,44.46,649.988,-24.652,218.532,19.742,3.13,0.63,4,768.12,
Player1_Car,44.48,658.615,-24.652,225.273,20.005,2.87,0.60,4,757.91,
Player2_Car,44.48,649.768,-24.652,218.204,19.741,3.12,0.63,4,768.51,
Player1_Car,44.50,658.428,-24.652,224.919,20.005,2.90,0.60,4,758.31,
Player2_Car,44.50,649.547,-24.652,217.877,19.740,3.13,0.63,4,768.94,
Player1_Car,44.52,658.240,-24.652,224.567,20.005,2.88,0.60,4,758.69,
Player2_Car,44.52,649.324,-24.652,217.551,19.739,3.11,0.63,4,769.33,
Player1_Car,44.54,658.050,-24.652,224.214,20.005,2.90,0.60,4,759.09,
Player2_Car,44.54,649.100,-24.652,217.226,19.738,3.10,0.63,4,769.73,
Player1_Car,44.56,657.859,-24.652,223.863,20.005,2.96,0.60,4,759.49,
Player2_Car,44.56,648.874,-24.652,216.902,19.738,3.10,0.63,4,770.12,
Player1_Car,44.58,657.667,-24.652,223.512,20.005,2.99,0.60,4,759.89,
Player2_Car,44.58,648.647,-24.652,216.579,19.737,3.12,0.63,4,770.56,
Player1_Car,44.60,657.473,-24.652,223.162,20.005,2.98,0.60,4,760.27,
Player2_Car,44.60,648.419,-24.652,216.257,19.737,3.09,0.63,4,770.96,
Player1_Car,44.62,657.278,-24.652,222.812,20.004,3.01,0.60,4,760.67,
Player2_Car,44.62,648.190,-24.652,215.936,19.737,3.07,0.63,4,771.35,
Player1_Car,44.64,657.082,-24.652,222.464,20.004,3.08,0.60,4,761.07,
Player2_Car,44.64,647.958,-24.652,215.616,19.736,3.07,0.63,4,771.75,
Player1_Car,44.66,656.885,-24.652,222.116,20.004,3.10,0.60,4,761.45,
Player2_Car,44.66,647.726,-24.652,215.297,19.736,3.09,0.63,4,772.20,
Player1_Car,44.68,656.686,-24.652,221.769,20.004,3.09,0.60,4,761.85,
Player2_Car,44.68,647.492,-24.652,214.979,19.736,3.08,0.63,4,772.60,
Player1_Car,44.70,656.485,-24.652,221.422,20.004,3.14,0.60,4,762.25,
Player2_Car,44.70,647.257,-24.652,214.662,19.736,3.05,0.63,4,772.99,
Player1_Car,44.72,656.284,-24.652,221.077,20.004,3.19,0.60,4,762.65,
Player2_Car,44.72,647.021,-24.652,214.346,19.736,3.06,0.63,4,773.45,
Player1_Car,44.74,656.081,-24.652,220.732,20.003,3.19,0.60,4,763.03,
Player2_Car,44.74,646.783,-24.652,214.031,19.736,3.05,0.63,4,773.84,
Player1_Car,44.76,655.876,-24.652,220.388,20.003,3.19,0.60,4,763.43,
Player2_Car,44.76,646.544,-24.652,213.717,19.736,3.03,0.63,4,774.24,
Player1_Car,44.78,655.670,-24.652,220.045,20.003,3.22,0.60,4,763.83,
Player2_Car,44.78,646.303,-24.652,213.404,19.737,3.02,0.63,4,774.63,
Player1_Car,44.80,655.463,-24.652,219.703,20.003,3.25,0.60,4,764.23,
Player2_Car,44.80,646.061,-24.652,213.092,19.737,3.02,0.63,4,775.07,
Player1_Car,44.82,655.254,-24.652,219.362,20.003,3.24,0.60,4,764.60,
Player2_Car,44.82,645.818,-24.652,212.780,19.737,3.01,0.63,4,775.47,
Player1_Car,44.84,655.044,-24.652,219.021,20.003,3.23,0.60,4,765.00,
Player2_Car,44.84,645.574,-24.652,212.470,19.738,2.99,0.63,4,775.86,
Player1_Car,44.86,654.833,-24.652,218.682,20.002,3.26,0.60,4,765.40,
Player2_Car,44.86,645.328,-24.652,212.161,19.738,2.97,0.63,4,776.26,
Player1_Car,44.88,654.620,-24.652,218.343,20.002,3.27,0.60,4,765.80,
Player2_Car,44.88,645.081,-24.652,211.853,19.739,2.97,0.63,4,776.68,
Player1_Car,44.90,654.405,-24.652,218.005,20.002,3.25,0.60,4,766.18,
Player2_Car,44.90,644.833,-24.652,211.546,19.739,2.97,0.63,4,777.08,
Player1_Car,44.92,654.189,-24.652,217.669,20.002,3.24,0.60,4,766.58,
Player2_Car,44.92,644.584,-24.652,211.240,19.740,2.95,0.63,4,777.47,
Player1_Car,44.94,653.972,-24.652,217.333,20.002,3.27,0.60,4,766.98,
Player2_Car,44.94,644.333,-24.652,210.935,19.741,2.95,0.63,4,777.90,
Player1_Car,44.96,653.753,-24.652,216.998,20.002,3.27,0.60,4,767.39,
Player2_Car,44.96,644.081,-24.652,210.631,19.741,2.92,0.63,4,778.29,
Player1_Car,44.98,653.533,-24.652,216.664,20.002,3.24,0.60,4,767.76,
Player2_Car,44.98,643.828,-24.652,210.328,19.742,2.92,0.63,4,778.69,
Player1_Car,45.00,653.311,-24.652,216.331,20.002,3.24,0.60,4,768.16,
Player2_Car,45.00,643.574,-24.652,210.026,19.743,2.92,0.63,4,779.08,
Player1_Car,45.02,653.088,-24.652,215.999,20.002,3.26,0.60,4,768.56,
Player2_Car,45.02,643.318,-24.652,209.725,19.744,2.91,0.63,4,779.51,
Player1_Car,45.04,652.864,-24.652,215.667,20.002,3.24,0.60,4,768.94,
Player2_Car,45.04,643.062,-24.652,209.425,19.744,2.89,0.63,4,779.90,
Player1_Car,45.06,652.638,-24.652,215.337,20.002,3.22,0.60,4,769.34,
Player2_Car,45.06,642.804,-24.652,209.126,19.745,2.88,0.63,4,780.30,
Player1_Car,45.08,652.411,-24.652,215.008,20.002,3.22,0.60,4,769.74,
Player2_Car,45.08,642.545,-24.652,208.828,19.746,2.88,0.63,4,780.69,
Player1_Car,45.10,652.182,-24.652,214.680,20.002,3.24,0.60,4,770.14,
Player2_Car,45.10,642.284,-24.652,208.531,19.747,2.87,0.63,4,781.12,
Player1_Car,45.12,651.952,-24.652,214.352,20.002,3.20,0.60,4,770.50,
Player2_Car,45.12,642.023,-24.652,208.235,19.747,2.86,0.63,4,781.51,
Player1_Car,45.14,651.721,-24.652,214.026,20.002,3.18,0.60,4,770.90,
Player2_Car,45.14,641.760,-24.652,207.940,19.748,2.85,0.63,4,781.91,
Player1_Car,45.16,651.488,-24.652,213.701,20.002,3.20,0.60,4,771.30,
Player2_Car,45.16,641.497,-24.652,207.646,19.749,2.86,0.63,4,782.33,
Player1_Car,45.18,651.254,-24.652,213.376,20.002,3.21,0.60,4,771.70,
Player2_Car,45.18,641.232,-24.652,207.353,19.750,2.83,0.63,4,782.73,
Player1_Car,45.20,651.019,-24.652,213.053,20.002,3.16,0.60,4,772.06,
Player2_Car,45.20,640.966,-24.652,207.061,19.750,2.84,0.63,4,783.12,
Player1_Car,45.22,650.782,-24.652,212.730,20.002,3.14,0.60,4,772.46,
Player2_Car,45.22,640.699,-24.652,206.770,19.751,2.86,0.63,4,783.52,
Player1_Car,45.24,650.544,-24.652,212.409,20.002,3.16,0.60,4,772.86,
Player2_Car,45.24,640.431,-24.652,206.480,19.752,2.87,0.63,4,783.94,
Player1_Car,45.26,650.305,-24.652,212.088,20.002,3.17,0.60,4,773.26,
Player2_Car,45.26,640.161,-24.652,206.191,19.752,2.86,0.63,4,784.34,
Player1_Car,45.28,650.064,-24.652,211.768,20.002,3.12,0.60,4,773.62,
Player2_Car,45.28,639.891,-24.652,205.903,19.752,2.89,0.63,4,784.73,
Player1_Car,45.30,649.822,-24.652,211.450,20.002,3.11,0.60,4,774.02,
Player2_Car,45.30,639.619,-24.652,205.616,19.753,2.93,0.63,4,785.13,
Player1_Car,45.32,649.579,-24.652,211.132,20.002,3.13,0.60,4,774.42,
Player2_Car,45.32,639.346,-24.652,205.330,19.753,2.94,0.63,4,785.55,
Player1_Car,45.34,649.335,-24.652,210.815,20.003,3.13,0.60,4,774.82,
Player2_Car,45.34,639.073,-24.652,205.045,19.752,2.95,0.63,4,785.95,
Player1_Car,45.36,649.089,-24.652,210.500,20.003,3.09,0.60,4,775.19,
Player2_Car,45.36,638.798,-24.652,204.762,19.752,2.99,0.63,4,786.34,
Player1_Car,45.38,648.842,-24.652,210.185,20.003,3.08,0.60,4,775.59,
Player2_Car,45.38,638.521,-24.652,204.479,19.752,3.04,0.63,4,786.77,
Player1_Car,45.40,648.594,-24.652,209.871,20.003,3.10,0.60,4,775.99,
Player2_Car,45.40,638.244,-24.652,204.198,19.751,3.04,0.63,4,787.16,
Player1_Car,45.42,648.345,-24.652,209.558,20.003,3.09,0.60,4,776.37,
Player2_Car,45.42,637.965,-24.652,203.918,19.750,3.06,0.63,4,787.56,
Player1_Car,45.44,648.094,-24.652,209.247,20.003,3.06,0.60,4,776.77,
Player2_Car,45.44,637.686,-24.652,203.639,19.749,3.12,0.63,4,787.95,
Player1_Car,45.46,647.842,-24.652,208.936,20.003,3.07,0.60,4,777.17,
Player2_Car,45.46,637.405,-24.652,203.361,19.748,3.17,0.63,4,788.38,
Player1_Car,45.48,647.589,-24.652,208.626,20.003,3.08,0.60,4,777.57,
Player2_Car,45.48,637.123,-24.652,203.085,19.746,3.16,0.63,4,788.77,
Player1_Car,45.50,647.335,-24.652,208.317,20.003,3.05,0.60,4,777.95,
Player2_Car,45.50,636.839,-24.652,202.810,19.744,3.19,0.63,4,789.17,
Player1_Car,45.52,647.079,-24.652,208.009,20.003,3.03,0.60,4,778.35,
Player2_Car,45.52,636.555,-24.652,202.536,19.743,3.24,0.63,4,789.56,
Player1_Car,45.54,646.823,-24.652,207.702,20.003,3.05,0.60,4,778.75,
Player2_Car,45.54,636.269,-24.652,202.264,19.741,3.28,0.63,4,789.98,
Player1_Car,45.56,646.565,-24.652,207.396,20.003,3.05,0.60,4,779.15,
Player2_Car,45.56,635.982,-24.652,201.993,19.739,3.28,0.63,4,790.38,
Player1_Car,45.58,646.306,-24.652,207.091,20.003,3.02,0.60,4,779.52,
Player2_Car,45.58,635.694,-24.652,201.723,19.737,3.28,0.63,4,790.77,
Player1_Car,45.60,646.046,-24.652,206.787,20.003,3.01,0.60,4,779.92,
Player2_Car,45.60,635.405,-24.652,201.455,19.735,3.30,0.63,4,791.17,
Player1_Car,45.62,645.784,-24.652,206.485,20.003,3.02,0.60,4,780.32,
Player2_Car,45.62,635.114,-24.652,201.188,19.733,3.33,0.63,4,791.59,
Player1_Car,45.64,645.522,-24.652,206.183,20.003,3.02,0.60,4,780.72,
Player2_Car,45.64,634.822,-24.652,200.922,19.731,3.33,0.63,4,791.99,
Player1_Car,45.66,645.258,-24.652,205.882,20.003,2.99,0.60,4,781.10,
Player2_Car,45.66,634.529,-24.652,200.658,19.730,3.32,0.63,4,792.38,
Player1_Car,45.68,644.994,-24.652,205.582,20.003,2.99,0.60,4,781.50,
Player2_Car,45.68,634.234,-24.652,200.395,19.728,3.33,0.63,4,792.81,
Player1_Car,45.70,644.728,-24.652,205.283,20.003,3.01,0.60,4,781.90,
Player2_Car,45.70,633.939,-24.652,200.134,19.726,3.32,0.63,4,793.20,
Player1_Car,45.72,644.461,-24.652,204.985,20.004,2.99,0.60,4,782.28,
Player2_Car,45.72,633.642,-24.652,199.874,19.725,3.32,0.63,4,793.60,
Player1_Car,45.74,644.193,-24.652,204.688,20.004,2.97,0.60,4,782.68,
Player2_Car,45.74,633.344,-24.652,199.616,19.724,3.32,0.63,4,793.99,
Player1_Car,45.76,643.924,-24.652,204.392,20.004,3.00,0.60,4,783.08,
Player2_Car,45.76,633.045,-24.652,199.359,19.723,3.32,0.63,4,794.42,
Player1_Car,45.78,643.653,-24.652,204.097,20.004,3.04,0.60,4,783.48,
Player2_Car,45.78,632.744,-24.652,199.103,19.722,3.30,0.63,4,794.81,
Player1_Car,45.80,643.382,-24.652,203.803,20.004,3.02,0.60,4,783.86,
Player2_Car,45.80,632.442,-24.652,198.849,19.721,3.29,0.63,4,795.20,
Player1_Car,45.82,643.109,-24.652,203.510,20.004,3.01,0.60,4,784.26,
Player2_Car,45.82,632.140,-24.652,198.597,19.720,3.28,0.63,4,795.60,
Player1_Car,45.84,642.836,-24.652,203.218,20.004,3.07,0.60,4,784.66,
Player2_Car,45.84,631.835,-24.652,198.345,19.720,3.29,0.63,4,796.04,
Player1_Car,45.86,642.561,-24.652,202.927,20.004,3.11,0.60,4,785.06,
Player2_Car,45.86,631.530,-24.652,198.095,19.720,3.28,0.63,4,796.44,
Player1_Car,45.88,642.285,-24.652,202.638,20.003,3.10,0.60,4,785.44,
Player2_Car,45.88,631.224,-24.652,197.847,19.719,3.25,0.63,4,796.83,
Player1_Car,45.90,642.008,-24.652,202.349,20.003,3.11,0.60,4,785.84,
Player2_Car,45.90,630.916,-24.652,197.600,19.719,3.27,0.63,4,797.29,
Player1_Car,45.92,641.730,-24.652,202.062,20.003,3.17,0.60,4,786.24,
Player2_Car,45.92,630.608,-24.652,197.355,19.719,3.25,0.63,4,797.68,
Player1_Car,45.94,641.451,-24.652,201.775,20.003,3.22,0.60,4,786.64,
Player2_Car,45.94,630.298,-24.652,197.110,19.719,3.22,0.63,4,798.08,
Player1_Car,45.96,641.170,-24.652,201.490,20.003,3.20,0.60,4,787.01,
Player2_Car,45.96,629.987,-24.652,196.868,19.719,3.20,0.63,4,798.47,
Player1_Car,45.98,640.888,-24.652,201.206,20.003,3.23,0.60,4,787.41,
Player2_Car,45.98,629.675,-24.652,196.626,19.719,3.22,0.63,4,798.93,
Player1_Car,46.00,640.605,-24.652,200.923,20.003,3.30,0.60,4,787.81,
Player2_Car,46.00,629.362,-24.652,196.387,19.720,3.20,0.63,4,799.32,
Player1_Car,46.02,640.321,-24.652,200.641,20.002,3.34,0.60,4,788.21,
Player2_Car,46.02,629.048,-24.652,196.148,19.720,3.16,0.63,4,799.71,
Player1_Car,46.04,640.036,-24.652,200.361,20.002,3.31,0.60,4,788.59,
Player2_Car,46.04,628.733,-24.652,195.911,19.720,3.17,0.63,4,800.17,
Player1_Car,46.06,639.749,-24.652,200.082,20.002,3.35,0.60,4,788.99,
Player2_Car,46.06,628.417,-24.652,195.675,19.721,3.15,0.63,4,800.56,
Player1_Car,46.08,639.462,-24.652,199.804,20.002,3.41,0.60,4,789.39,
Player2_Car,46.08,628.099,-24.652,195.441,19.722,3.12,0.63,4,800.96,
Player1_Car,46.10,639.173,-24.652,199.528,20.002,3.41,0.60,4,789.77,
Player2_Car,46.10,627.781,-24.652,195.208,19.722,3.10,0.63,4,801.35,
Player1_Car,46.12,638.882,-24.652,199.252,20.001,3.41,0.60,4,790.17,
Player2_Car,46.12,627.462,-24.652,194.977,19.723,3.11,0.63,4,801.80,
Player1_Car,46.14,638.591,-24.652,198.978,20.001,3.43,0.60,4,790.57,
Player2_Car,46.14,627.141,-24.652,194.747,19.724,3.09,0.63,4,802.19,
Player1_Car,46.16,638.298,-24.652,198.706,20.001,3.46,0.60,4,790.97,
Player2_Car,46.16,626.820,-24.652,194.518,19.725,3.06,0.63,4,802.59,
Player1_Car,46.18,638.004,-24.652,198.435,20.001,3.44,0.60,4,791.35,
Player2_Car,46.18,626.498,-24.652,194.290,19.726,3.04,0.63,4,802.98,
Player1_Car,46.20,637.708,-24.652,198.165,20.001,3.43,0.60,4,791.75,
Player2_Car,46.20,626.174,-24.652,194.064,19.727,3.04,0.63,4,803.41,
Player1_Car,46.22,637.412,-24.652,197.896,20.001,3.45,0.60,4,792.15,
Player2_Car,46.22,625.850,-24.652,193.839,19.728,3.02,0.63,4,803.80,
Player1_Car,46.24,637.114,-24.652,197.629,20.001,3.46,0.60,4,792.55,
Player2_Car,46.24,625.525,-24.652,193.616,19.729,3.00,0.63,4,804.20,
Player1_Car,46.26,636.815,-24.652,197.364,20.001,3.43,0.60,4,792.92,
Player2_Car,46.26,625.198,-24.652,193.394,19.730,3.00,0.63,4,804.62,
Player1_Car,46.28,636.515,-24.652,197.099,20.000,3.42,0.60,4,793.32,
Player2_Car,46.28,624.871,-24.652,193.173,19.732,2.97,0.63,4,805.01,
Player1_Car,46.30,636.214,-24.652,196.836,20.000,3.44,0.60,4,793.72,
Player2_Car,46.30,624.543,-24.652,192.954,19.733,2.95,0.63,4,805.41,
Player1_Car,46.32,635.911,-24.652,196.575,20.001,3.44,0.60,4,794.12,
Player2_Car,46.32,624.214,-24.652,192.736,19.734,2.95,0.63,4,805.80,
Player1_Car,46.34,635.607,-24.652,196.315,20.000,3.40,0.60,4,794.50,
Player2_Car,46.34,623.885,-24.652,192.519,19.735,2.95,0.63,4,806.23,
Player1_Car,46.36,635.302,-24.652,196.056,20.000,3.40,0.60,4,794.90,
Player2_Car,46.36,623.554,-24.652,192.304,19.736,2.92,0.63,4,806.62,
Player1_Car,46.38,634.996,-24.652,195.798,20.000,3.41,0.60,4,795.30,
Player2_Car,46.38,623.222,-24.652,192.089,19.737,2.91,0.63,4,807.02,
Player1_Car,46.40,634.688,-24.652,195.542,20.001,3.38,0.60,4,795.67,
Player2_Car,46.40,622.890,-24.652,191.877,19.739,2.91,0.63,4,807.41,
Player1_Car,46.42,634.380,-24.652,195.288,20.000,3.35,0.60,4,796.07,
Player2_Car,46.42,622.556,-24.652,191.665,19.740,2.91,0.63,4,807.84,
Player1_Car,46.44,634.070,-24.652,195.035,20.001,3.36,0.60,4,796.47,
Player2_Car,46.44,622.222,-24.652,191.455,19.741,2.90,0.63,4,808.23,
Player1_Car,46.46,633.759,-24.652,194.783,20.001,3.37,0.60,4,796.87,
Player2_Car,46.46,621.887,-24.652,191.246,19.742,2.92,0.63,4,808.63,
Player1_Car,46.48,633.447,-24.652,194.532,20.001,3.32,0.60,4,797.23,
Player2_Car,46.48,621.551,-24.652,191.038,19.743,2.94,0.63,4,809.02,
Player1_Car,46.50,633.134,-24.652,194.283,20.001,3.29,0.60,4,797.63,
Player2_Car,46.50,621.215,-24.652,190.832,19.744,2.93,0.63,4,809.44,
Player1_Car,46.52,632.820,-24.652,194.036,20.001,3.31,0.60,4,798.03,
Player2_Car,46.52,620.877,-24.652,190.627,19.744,2.95,0.63,4,809.84,
Player1_Car,46.54,632.505,-24.652,193.789,20.001,3.32,0.60,4,798.43,
Player2_Car,46.54,620.539,-24.652,190.423,19.745,2.99,0.63,4,810.23,
Player1_Car,46.56,632.189,-24.652,193.544,20.001,3.27,0.60,4,798.79,
Player2_Car,46.56,620.199,-24.652,190.221,19.745,3.02,0.63,4,810.66,
Player1_Car,46.58,631.872,-24.652,193.301,20.001,3.24,0.60,4,799.19,
Player2_Car,46.58,619.859,-24.652,190.020,19.745,3.00,0.63,4,811.05,
Player1_Car,46.60,631.553,-24.652,193.059,20.001,3.26,0.60,4,799.59,
Player2_Car,46.60,619.519,-24.652,189.821,19.744,3.04,0.63,4,811.45,
Player1_Car,46.62,631.234,-24.652,192.818,20.001,3.26,0.60,4,799.99,
Player2_Car,46.62,619.177,-24.652,189.623,19.744,3.09,0.63,4,811.84,
Player1_Car,46.64,630.913,-24.652,192.578,20.001,3.21,0.60,4,800.35,
Player2_Car,46.64,618.834,-24.652,189.427,19.744,3.12,0.63,4,812.27,
Player1_Car,46.66,630.592,-24.652,192.340,20.001,3.19,0.60,4,800.75,
Player2_Car,46.66,618.491,-24.652,189.232,19.743,3.12,0.63,4,812.66,
Player1_Car,46.68,630.270,-24.652,192.103,20.002,3.20,0.60,4,801.15,
Player2_Car,46.68,618.147,-24.652,189.038,19.742,3.15,0.63,4,813.06,
Player1_Car,46.70,629.946,-24.652,191.868,20.002,3.21,0.60,4,801.55,
Player2_Car,46.70,617.802,-24.652,188.847,19.741,3.20,0.63,4,813.45,
Player1_Car,46.72,629.622,-24.652,191.634,20.002,3.16,0.60,4,801.91,
Player2_Car,46.72,617.456,-24.652,188.656,19.739,3.23,0.63,4,813.88,
Player1_Car,46.74,629.297,-24.652,191.401,20.002,3.14,0.60,4,802.31,
Player2_Car,46.74,617.109,-24.652,188.467,19.738,3.25,0.63,4,814.27,
Player1_Car,46.76,628.970,-24.652,191.169,20.002,3.16,0.60,4,802.71,
Player2_Car,46.76,616.761,-24.652,188.280,19.736,3.28,0.63,4,814.66,
Player1_Car,46.78,628.643,-24.652,190.939,20.002,3.15,0.60,4,803.11,
Player2_Car,46.78,616.413,-24.652,188.095,19.735,3.32,0.63,4,815.09,
Player1_Car,46.80,628.315,-24.652,190.710,20.002,3.11,0.60,4,803.49,
Player2_Car,46.80,616.064,-24.652,187.911,19.733,3.32,0.63,4,815.48,
Player1_Car,46.82,627.986,-24.652,190.483,20.002,3.11,0.60,4,803.89,
Player2_Car,46.82,615.714,-24.652,187.729,19.731,3.32,0.63,4,815.88,
Player1_Car,46.84,627.656,-24.652,190.257,20.002,3.12,0.60,4,804.29,
Player2_Car,46.84,615.363,-24.652,187.549,19.729,3.34,0.63,4,816.27,
Player1_Car,46.86,627.325,-24.652,190.032,20.002,3.10,0.60,4,804.67,
Player2_Car,46.86,615.011,-24.652,187.370,19.728,3.37,0.63,4,816.70,
Player1_Car,46.88,626.994,-24.652,189.808,20.002,3.07,0.60,4,805.07,
Player2_Car,46.88,614.658,-24.652,187.193,19.726,3.36,0.63,4,817.09,
Player1_Car,46.90,626.661,-24.652,189.586,20.003,3.08,0.60,4,805.47,
Player2_Car,46.90,614.305,-24.652,187.018,19.724,3.34,0.63,4,817.48,
Player1_Car,46.92,626.327,-24.652,189.365,20.003,3.08,0.60,4,805.87,
Player2_Car,46.92,613.951,-24.652,186.844,19.723,3.35,0.63,4,817.88,
Player1_Car,46.94,625.993,-24.652,189.145,20.003,3.05,0.60,4,806.25,
Player2_Car,46.94,613.596,-24.652,186.672,19.722,3.36,0.63,4,818.30,
Player1_Car,46.96,625.658,-24.652,188.927,20.003,3.04,0.60,4,806.65,
Player2_Car,46.96,613.240,-24.652,186.502,19.721,3.35,0.63,4,818.70,
Player1_Car,46.98,625.322,-24.652,188.710,20.003,3.06,0.60,4,807.05,
Player2_Car,46.98,612.883,-24.652,186.334,19.720,3.33,0.63,4,819.09,
Player1_Car,47.00,624.985,-24.652,188.494,20.003,3.07,0.60,4,807.45,
Player2_Car,47.00,612.526,-24.652,186.167,19.719,3.34,0.63,4,819.52,
Player1_Car,47.02,624.647,-24.652,188.280,20.003,3.04,0.60,4,807.83,
Player2_Car,47.02,612.168,-24.652,186.002,19.718,3.32,0.63,4,819.92,
Player1_Car,47.04,624.309,-24.652,188.066,20.003,3.05,0.60,4,808.23,
Player2_Car,47.04,611.809,-24.652,185.839,19.717,3.30,0.63,4,820.31,
Player1_Car,47.06,623.969,-24.652,187.855,20.003,3.10,0.60,4,808.63,
Player2_Car,47.06,611.449,-24.652,185.677,19.717,3.29,0.63,4,820.71,
Player1_Car,47.08,623.629,-24.652,187.644,20.003,3.12,0.60,4,809.03,
Player2_Car,47.08,611.089,-24.652,185.517,19.717,3.31,0.63,4,821.16,
Player1_Car,47.10,623.288,-24.652,187.435,20.003,3.08,0.60,4,809.41,
Player2_Car,47.10,610.727,-24.652,185.359,19.717,3.29,0.63,4,821.55,
Player1_Car,47.12,622.946,-24.652,187.227,20.003,3.12,0.60,4,809.81,
Player2_Car,47.12,610.365,-24.652,185.203,19.716,3.25,0.63,4,821.95,
Player1_Car,47.14,622.604,-24.652,187.020,20.003,3.18,0.60,4,810.21,
Player2_Car,47.14,610.003,-24.652,185.048,19.716,3.24,0.63,4,822.34,
Player1_Car,47.16,622.260,-24.652,186.815,20.003,3.18,0.60,4,810.58,
Player2_Car,47.16,609.639,-24.652,184.895,19.717,3.26,0.63,4,822.79,
Player1_Car,47.18,621.916,-24.652,186.612,20.003,3.17,0.60,4,810.98,
Player2_Car,47.18,609.275,-24.652,184.743,19.717,3.24,0.63,4,823.19,
Player1_Car,47.20,621.571,-24.652,186.410,20.003,3.23,0.60,4,811.38,
Player2_Car,47.20,608.910,-24.652,184.593,19.717,3.20,0.63,4,823.58,
Player1_Car,47.22,621.225,-24.652,186.209,20.003,3.28,0.60,4,811.78,
Player2_Car,47.22,608.545,-24.652,184.445,19.717,3.20,0.63,4,824.04,
Player1_Car,47.24,620.878,-24.652,186.009,20.002,3.28,0.60,4,812.16,
Player2_Car,47.24,608.179,-24.652,184.299,19.718,3.18,0.63,4,824.43,
Player1_Car,47.26,620.530,-24.652,185.812,20.002,3.28,0.60,4,812.56,
Player2_Car,47.26,607.812,-24.652,184.154,19.719,3.16,0.63,4,824.83,
Player1_Car,47.28,620.182,-24.652,185.615,20.002,3.34,0.60,4,812.96,
Player2_Car,47.28,607.445,-24.652,184.011,19.719,3.13,0.63,4,825.22,
Player1_Car,47.30,619.832,-24.652,185.420,20.002,3.39,0.60,4,813.36,
Player2_Car,47.30,607.076,-24.652,183.869,19.720,3.14,0.63,4,825.67,
Player1_Car,47.32,619.482,-24.652,185.227,20.002,3.38,0.60,4,813.74,
Player2_Car,47.32,606.708,-24.652,183.729,19.721,3.12,0.63,4,826.07,
Player1_Car,47.34,619.131,-24.652,185.035,20.001,3.39,0.60,4,814.14,
Player2_Car,47.34,606.338,-24.652,183.591,19.722,3.08,0.63,4,826.46,
Player1_Car,47.36,618.779,-24.652,184.845,20.001,3.44,0.60,4,814.54,
Player2_Car,47.36,605.968,-24.652,183.454,19.723,3.06,0.63,4,826.86,
Player1_Car,47.38,618.426,-24.652,184.657,20.001,3.47,0.60,4,814.94,
Player2_Car,47.38,605.598,-24.652,183.318,19.724,3.06,0.63,4,827.30,
Player1_Car,47.40,618.072,-24.652,184.470,20.001,3.45,0.60,4,815.32,
Player2_Car,47.40,605.227,-24.652,183.185,19.725,3.05,0.63,4,827.69,
Player1_Car,47.42,617.718,-24.652,184.285,20.001,3.46,0.60,4,815.72,
Player2_Car,47.42,604.855,-24.652,183.053,19.727,3.02,0.63,4,828.09,
Player1_Car,47.44,617.362,-24.652,184.101,20.001,3.49,0.60,4,816.12,
Player2_Car,47.44,604.483,-24.652,182.922,19.728,3.00,0.63,4,828.51,
Player1_Car,47.46,617.006,-24.652,183.920,20.001,3.48,0.60,4,816.50,
Player2_Car,47.46,604.110,-24.652,182.793,19.729,2.98,0.63,4,828.91,
Player1_Car,47.48,616.649,-24.652,183.739,20.000,3.46,0.60,4,816.90,
Player2_Car,47.48,603.736,-24.652,182.665,19.730,2.97,0.63,4,829.30,
Player1_Car,47.50,616.291,-24.652,183.561,20.000,3.48,0.60,4,817.30,
Player2_Car,47.50,603.362,-24.652,182.539,19.732,2.96,0.63,4,829.70,
Player1_Car,47.52,615.932,-24.652,183.384,20.000,3.49,0.60,4,817.70,
Player2_Car,47.52,602.988,-24.652,182.415,19.733,2.94,0.63,4,830.12,
Player1_Car,47.54,615.572,-24.652,183.209,20.000,3.46,0.60,4,818.08,
Player2_Car,47.54,602.613,-24.652,182.292,19.734,2.92,0.63,4,830.51,
Player1_Car,47.56,615.212,-24.652,183.036,20.000,3.44,0.60,4,818.48,
Player2_Car,47.56,602.237,-24.652,182.170,19.736,2.91,0.63,4,830.91,
Player1_Car,47.58,614.851,-24.652,182.864,20.000,3.45,0.60,4,818.88,
Player2_Car,47.58,601.861,-24.652,182.050,19.737,2.90,0.63,4,831.30,
Player1_Car,47.60,614.489,-24.652,182.694,20.000,3.46,0.60,4,819.28,
Player2_Car,47.60,601.485,-24.652,181.932,19.738,2.89,0.63,4,831.73,
Player1_Car,47.62,614.126,-24.652,182.525,20.000,3.42,0.60,4,819.65,
Player2_Car,47.62,601.108,-24.652,181.814,19.740,2.89,0.63,4,832.12,
Player1_Car,47.64,613.762,-24.652,182.359,20.000,3.40,0.60,4,820.05,
Player2_Car,47.64,600.730,-24.652,181.699,19.741,2.90,0.63,4,832.52,
Player1_Car,47.66,613.398,-24.652,182.194,20.000,3.41,0.60,4,820.45,
Player2_Car,47.66,600.352,-24.652,181.585,19.742,2.92,0.63,4,832.94,
Player1_Car,47.68,613.033,-24.652,182.030,20.000,3.41,0.60,4,820.85,
Player2_Car,47.68,599.974,-24.652,181.472,19.743,2.89,0.63,4,833.33,
Player1_Car,47.70,612.667,-24.652,181.868,20.000,3.36,0.60,4,821.21,
Player2_Car,47.70,599.595,-24.652,181.361,19.744,2.91,0.63,4,833.73,
Player1_Car,47.72,612.300,-24.652,181.708,20.000,3.34,0.60,4,821.61,
Player2_Car,47.72,599.216,-24.652,181.251,19.745,2.96,0.63,4,834.12,
Player1_Car,47.74,611.933,-24.652,181.550,20.001,3.36,0.60,4,822.01,
Player2_Car,47.74,598.836,-24.652,181.143,19.745,2.97,0.63,4,834.55,
Player1_Car,47.76,611.565,-24.652,181.393,20.001,3.35,0.60,4,822.41,
Player2_Car,47.76,598.456,-24.652,181.036,19.745,2.96,0.63,4,834.94,
Player1_Car,47.78,611.196,-24.652,181.238,20.001,3.29,0.60,4,822.77,
Player2_Car,47.78,598.075,-24.652,180.931,19.745,2.99,0.63,4,835.34,
Player1_Car,47.80,610.827,-24.652,181.084,20.001,3.28,0.60,4,823.17,
Player2_Car,47.80,597.694,-24.652,180.827,19.746,3.04,0.63,4,835.73,
Player1_Car,47.82,610.457,-24.652,180.932,20.001,3.30,0.60,4,823.57,
Player2_Car,47.82,597.312,-24.652,180.725,19.745,3.06,0.63,4,836.15,
Player1_Car,47.84,610.086,-24.652,180.782,20.001,3.27,0.60,4,823.93,
Player2_Car,47.84,596.930,-24.652,180.625,19.745,3.06,0.63,4,836.55,
Player1_Car,47.86,609.715,-24.652,180.633,20.001,3.23,0.60,4,824.33,
Player2_Car,47.86,596.548,-24.652,180.527,19.744,3.10,0.63,4,836.94,
Player1_Car,47.88,609.343,-24.652,180.486,20.001,3.23,0.60,4,824.73,
Player2_Car,47.88,596.165,-24.652,180.429,19.743,3.15,0.63,4,837.37,
Player1_Car,47.90,608.971,-24.652,180.340,20.001,3.24,0.60,4,825.13,
Player2_Car,47.90,595.782,-24.652,180.334,19.742,3.15,0.63,4,837.76,
Player1_Car,47.92,608.597,-24.652,180.196,20.001,3.20,0.60,4,825.49,
Player2_Car,47.92,595.398,-24.652,180.241,19.741,3.17,0.63,4,838.16,
Player1_Car,47.94,608.224,-24.652,180.054,20.001,3.17,0.60,4,825.89,
Player2_Car,47.94,595.014,-24.652,180.149,19.740,3.22,0.63,4,838.55,
Player1_Car,47.96,607.849,-24.652,179.913,20.002,3.18,0.60,4,826.29,
Player2_Car,47.96,594.630,-24.652,180.058,19.739,3.27,0.63,4,838.97,
Player1_Car,47.98,607.474,-24.652,179.773,20.002,3.19,0.60,4,826.69,
Player2_Car,47.98,594.245,-24.652,179.970,19.737,3.26,0.63,4,839.37,
Player1_Car,48.00,607.099,-24.652,179.635,20.002,3.14,0.60,4,827.06,
Player2_Car,48.00,593.860,-24.652,179.884,19.735,3.26,0.63,4,839.76,
Player1_Car,48.02,606.723,-24.652,179.499,20.002,3.12,0.60,4,827.46,
Player2_Car,48.02,593.475,-24.652,179.799,19.734,3.29,0.63,4,840.16,
Player1_Car,48.04,606.346,-24.652,179.364,20.002,3.13,0.60,4,827.86,
Player2_Car,48.04,593.089,-24.652,179.716,19.732,3.33,0.63,4,840.58,
Player1_Car,48.06,605.969,-24.652,179.231,20.002,3.13,0.60,4,828.26,
Player2_Car,48.06,592.703,-24.652,179.635,19.730,3.32,0.63,4,840.98,
Player1_Car,48.08,605.591,-24.652,179.099,20.002,3.09,0.60,4,828.64,
Player2_Car,48.08,592.316,-24.652,179.556,19.729,3.31,0.63,4,841.37,
Player1_Car,48.10,605.213,-24.652,178.969,20.002,3.07,0.60,4,829.04,
Player2_Car,48.10,591.929,-24.652,179.478,19.727,3.33,0.63,4,841.79,
Player1_Car,48.12,604.834,-24.652,178.840,20.002,3.08,0.60,4,829.44,
Player2_Car,48.12,591.542,-24.652,179.403,19.726,3.33,0.63,4,842.19,
Player1_Car,48.14,604.455,-24.652,178.712,20.003,3.08,0.60,4,829.84,
Player2_Car,48.14,591.155,-24.652,179.329,19.725,3.31,0.63,4,842.58,
Player1_Car,48.16,604.075,-24.652,178.586,20.003,3.04,0.60,4,830.22,
Player2_Car,48.16,590.767,-24.652,179.257,19.723,3.30,0.63,4,842.98,
Player1_Car,48.18,603.695,-24.652,178.462,20.003,3.04,0.60,4,830.62,
Player2_Car,48.18,590.379,-24.652,179.187,19.723,3.32,0.63,4,843.40,
Player1_Car,48.20,603.315,-24.652,178.339,20.003,3.05,0.60,4,831.02,
Player2_Car,48.20,589.990,-24.652,179.119,19.722,3.30,0.63,4,843.80,
Player1_Car,48.22,602.933,-24.652,178.217,20.003,3.03,0.60,4,831.40,
Player2_Car,48.22,589.601,-24.652,179.052,19.721,3.28,0.63,4,844.19,
Player1_Car,48.24,602.552,-24.652,178.097,20.003,3.01,0.60,4,831.80,
Player2_Car,48.24,589.212,-24.652,178.988,19.720,3.27,0.63,4,844.59,
Player1_Car,48.26,602.170,-24.652,177.979,20.003,3.04,0.60,4,832.20,
Player2_Car,48.26,588.823,-24.652,178.925,19.720,3.29,0.63,4,845.03,
Player1_Car,48.28,601.787,-24.652,177.862,20.003,3.08,0.60,4,832.60,
Player2_Car,48.28,588.433,-24.652,178.864,19.720,3.27,0.63,4,845.43,
Player1_Car,48.30,601.404,-24.652,177.746,20.003,3.06,0.60,4,832.98,
Player2_Car,48.30,588.043,-24.652,178.805,19.719,3.24,0.63,4,845.82,
Player1_Car,48.32,601.021,-24.652,177.632,20.003,3.05,0.60,4,833.38,
Player2_Car,48.32,587.653,-24.652,178.748,19.719,3.22,0.63,4,846.22,
Player1_Car,48.34,600.637,-24.652,177.519,20.003,3.10,0.60,4,833.78,
Player2_Car,48.34,587.263,-24.652,178.692,19.719,3.23,0.63,4,846.67,
Player1_Car,48.36,600.253,-24.652,177.408,20.003,3.14,0.60,4,834.18,
Player2_Car,48.36,586.872,-24.652,178.639,19.720,3.23,0.63,4,847.06,
Player1_Car,48.38,599.868,-24.652,177.298,20.003,3.12,0.60,4,834.56,
Player2_Car,48.38,586.481,-24.652,178.587,19.720,3.19,0.63,4,847.46,
Player1_Car,48.40,599.483,-24.652,177.190,20.003,3.14,0.60,4,834.96,
Player2_Car,48.40,586.090,-24.652,178.536,19.720,3.18,0.63,4,847.91,
Player1_Car,48.42,599.097,-24.652,177.084,20.003,3.19,0.60,4,835.36,
Player2_Car,48.42,585.698,-24.652,178.488,19.721,3.17,0.63,4,848.30,
Player1_Car,48.44,598.711,-24.652,176.979,20.003,3.23,0.60,4,835.76,
Player2_Car,48.44,585.307,-24.652,178.441,19.721,3.14,0.63,4,848.70,
Player1_Car,48.46,598.324,-24.652,176.875,20.003,3.21,0.60,4,836.14,
Player2_Car,48.46,584.915,-24.652,178.396,19.722,3.12,0.63,4,849.09,
Player1_Car,48.48,597.938,-24.652,176.774,20.002,3.24,0.60,4,836.54,
Player2_Car,48.48,584.523,-24.652,178.353,19.722,3.12,0.63,4,849.54,
Player1_Car,48.50,597.550,-24.652,176.674,20.002,3.30,0.60,4,836.94,
Player2_Car,48.50,584.130,-24.652,178.311,19.723,3.10,0.63,4,849.94,
Player1_Car,48.52,597.162,-24.652,176.575,20.002,3.32,0.60,4,837.32,
Player2_Car,48.52,583.738,-24.652,178.272,19.724,3.07,0.63,4,850.33,
Player1_Car,48.54,596.774,-24.652,176.479,20.002,3.31,0.60,4,837.72,
Player2_Car,48.54,583.345,-24.652,178.233,19.725,3.08,0.63,4,850.78,
Player1_Car,48.56,596.386,-24.652,176.384,20.002,3.36,0.60,4,838.12,
Player2_Car,48.56,582.953,-24.652,178.197,19.726,3.05,0.63,4,851.18,
Player1_Car,48.58,595.997,-24.652,176.290,20.002,3.41,0.60,4,838.52,
Player2_Car,48.58,582.560,-24.652,178.162,19.727,3.02,0.63,4,851.57,
Player1_Car,48.60,595.607,-24.652,176.199,20.001,3.41,0.60,4,838.89,
Player2_Car,48.60,582.166,-24.652,178.129,19.728,3.01,0.63,4,851.97,
Player1_Car,48.62,595.217,-24.652,176.109,20.001,3.40,0.60,4,839.29,
Player2_Car,48.62,581.773,-24.652,178.097,19.729,3.00,0.63,4,852.39,
Player1_Car,48.64,594.827,-24.652,176.021,20.001,3.43,0.60,4,839.69,
Player2_Car,48.64,581.380,-24.652,178.067,19.731,2.98,0.63,4,852.79,
Player1_Car,48.66,594.437,-24.652,175.935,20.001,3.46,0.60,4,840.09,
Player2_Car,48.66,580.986,-24.652,178.039,19.732,2.95,0.63,4,853.18,
Player1_Car,48.68,594.046,-24.652,175.850,20.001,3.44,0.60,4,840.47,
Player2_Car,48.68,580.592,-24.652,178.012,19.733,2.94,0.63,4,853.58,
Player1_Car,48.70,593.654,-24.652,175.768,20.001,3.43,0.60,4,840.87,
Player2_Car,48.70,580.198,-24.652,177.987,19.734,2.93,0.63,4,854.00,
Player1_Car,48.72,593.262,-24.652,175.687,20.001,3.45,0.60,4,841.27,
Player2_Car,48.72,579.804,-24.652,177.963,19.736,2.91,0.63,4,854.40,
Player1_Car,48.74,592.870,-24.652,175.608,20.001,3.46,0.60,4,841.67,
Player2_Car,48.74,579.410,-24.652,177.941,19.737,2.89,0.63,4,854.79,
Player1_Car,48.76,592.478,-24.652,175.531,20.000,3.43,0.60,4,842.05,
Player2_Car,48.76,579.016,-24.652,177.921,19.738,2.89,0.63,4,855.21,
Player1_Car,48.78,592.085,-24.652,175.455,20.000,3.43,0.60,4,842.45,
Player2_Car,48.78,578.622,-24.652,177.902,19.740,2.86,0.63,4,855.61,
Player1_Car,48.80,591.692,-24.652,175.382,20.000,3.44,0.60,4,842.85,
Player2_Car,48.80,578.227,-24.652,177.884,19.741,2.86,0.63,4,856.00,
Player1_Car,48.82,591.298,-24.652,175.310,20.000,3.44,0.60,4,843.25,
Player2_Car,48.82,577.833,-24.652,177.868,19.742,2.88,0.63,4,856.40,
Player1_Car,48.84,590.904,-24.652,175.240,20.000,3.40,0.60,4,843.63,
Player2_Car,48.84,577.438,-24.652,177.854,19.744,2.89,0.63,4,856.82,
Player1_Car,48.86,590.510,-24.652,175.172,20.000,3.39,0.60,4,844.03,
Player2_Car,48.86,577.044,-24.652,177.841,19.745,2.86,0.63,4,857.21,
Player1_Car,48.88,590.116,-24.652,175.106,20.000,3.40,0.60,4,844.43,
Player2_Car,48.88,576.649,-24.652,177.830,19.746,2.88,0.63,4,857.61,
Player1_Car,48.90,589.721,-24.652,175.041,20.001,3.37,0.60,4,844.79,
Player2_Car,48.90,576.254,-24.652,177.820,19.747,2.92,0.63,4,858.00,
Player1_Car,48.92,589.326,-24.652,174.979,20.001,3.34,0.60,4,845.19,
Player2_Car,48.92,575.859,-24.652,177.812,19.747,2.93,0.63,4,858.43,
Player1_Car,48.94,588.931,-24.652,174.918,20.001,3.35,0.60,4,845.59,
Player2_Car,48.94,575.464,-24.652,177.805,19.747,2.92,0.63,4,858.82,
Player1_Car,48.96,588.535,-24.652,174.858,20.001,3.35,0.60,4,845.99,
Player2_Car,48.96,575.069,-24.652,177.800,19.748,2.96,0.63,4,859.22,
Player1_Car,48.98,588.139,-24.652,174.801,20.001,3.31,0.60,4,846.35,
Player2_Car,48.98,574.674,-24.652,177.796,19.748,2.99,0.63,4,859.61,
Player1_Car,49.00,587.743,-24.652,174.745,20.001,3.28,0.60,4,846.75,
Player2_Car,49.00,574.279,-24.652,177.795,19.748,3.01,0.63,4,860.03,
Player1_Car,49.02,587.347,-24.652,174.691,20.001,3.29,0.60,4,847.15,
Player2_Car,49.02,573.884,-24.652,177.794,19.747,3.03,0.63,4,860.43,
Player1_Car,49.04,586.950,-24.652,174.639,20.001,3.29,0.60,4,847.55,
Player2_Car,49.04,573.489,-24.652,177.796,19.747,3.07,0.63,4,860.82,
Player1_Car,49.06,586.553,-24.652,174.588,20.001,3.24,0.60,4,847.91,
Player2_Car,49.06,573.095,-24.652,177.799,19.746,3.11,0.63,4,861.25,
Player1_Car,49.08,586.156,-24.652,174.539,20.001,3.22,0.60,4,848.31,
Player2_Car,49.08,572.700,-24.652,177.804,19.745,3.10,0.63,4,861.64,
Player1_Car,49.10,585.759,-24.652,174.492,20.001,3.23,0.60,4,848.72,
Player2_Car,49.10,572.305,-24.652,177.810,19.744,3.14,0.63,4,862.04,
Player1_Car,49.12,585.362,-24.652,174.447,20.001,3.23,0.60,4,849.12,
Player2_Car,49.12,571.910,-24.652,177.819,19.743,3.19,0.63,4,862.43,
Player1_Car,49.14,584.964,-24.652,174.403,20.002,3.18,0.60,4,849.48,
Player2_Car,49.14,571.515,-24.652,177.829,19.742,3.23,0.63,4,862.85,
Player1_Car,49.16,584.566,-24.652,174.360,20.002,3.16,0.60,4,849.88,
Player2_Car,49.16,571.121,-24.652,177.840,19.740,3.22,0.63,4,863.25,
Player1_Car,49.18,584.168,-24.652,174.320,20.002,3.17,0.60,4,850.28,
Player2_Car,49.18,570.726,-24.652,177.854,19.738,3.24,0.63,4,863.64,
Player1_Car,49.20,583.770,-24.652,174.281,20.002,3.17,0.60,4,850.68,
Player2_Car,49.20,570.332,-24.652,177.870,19.737,3.27,0.63,4,864.04,
Player1_Car,49.22,583.372,-24.652,174.243,20.002,3.12,0.60,4,851.04,
Player2_Car,49.22,569.937,-24.652,177.887,19.735,3.30,0.63,4,864.46,
Player1_Car,49.24,582.973,-24.652,174.208,20.002,3.10,0.60,4,851.44,
Player2_Car,49.24,569.543,-24.652,177.906,19.733,3.30,0.63,4,864.85,
Player1_Car,49.26,582.575,-24.652,174.173,20.002,3.12,0.60,4,851.84,
Player2_Car,49.26,569.149,-24.652,177.927,19.732,3.29,0.63,4,865.25,
Player1_Car,49.28,582.176,-24.652,174.141,20.002,3.10,0.60,4,852.22,
Player2_Car,49.28,568.755,-24.652,177.950,19.730,3.32,0.63,4,865.67,
Player1_Car,49.30,581.777,-24.652,174.110,20.002,3.07,0.60,4,852.62,
Player2_Car,49.30,568.361,-24.652,177.975,19.729,3.31,0.63,4,866.07,
Player1_Car,49.32,581.378,-24.652,174.080,20.002,3.07,0.60,4,853.02,
Player2_Car,49.32,567.968,-24.652,178.001,19.727,3.30,0.63,4,866.46,
Player1_Car,49.34,580.979,-24.652,174.052,20.003,3.07,0.60,4,853.42,
Player2_Car,49.34,567.574,-24.652,178.030,19.726,3.30,0.63,4,866.85,
Player1_Car,49.36,580.580,-24.652,174.026,20.003,3.04,0.60,4,853.80,
Player2_Car,49.36,567.181,-24.652,178.060,19.725,3.31,0.63,4,867.28,
Player1_Car,49.38,580.181,-24.652,174.001,20.003,3.02,0.60,4,854.20,
Player2_Car,49.38,566.788,-24.652,178.092,19.724,3.30,0.63,4,867.67,
Player1_Car,49.40,579.781,-24.652,173.978,20.003,3.03,0.60,4,854.60,
Player2_Car,49.40,566.395,-24.652,178.126,19.723,3.28,0.63,4,868.07,
Player1_Car,49.42,579.382,-24.652,173.956,20.003,3.03,0.60,4,855.00,
Player2_Car,49.42,566.002,-24.652,178.162,19.722,3.28,0.63,4,868.46,
Player1_Car,49.44,578.982,-24.652,173.936,20.003,3.00,0.60,4,855.38,
Player2_Car,49.44,565.609,-24.652,178.200,19.722,3.29,0.63,4,868.90,
Player1_Car,49.46,578.583,-24.652,173.917,20.003,3.00,0.60,4,855.78,
Player2_Car,49.46,565.217,-24.652,178.239,19.721,3.28,0.63,4,869.30,
Player1_Car,49.48,578.183,-24.652,173.900,20.003,3.03,0.60,4,856.18,
Player2_Car,49.48,564.825,-24.652,178.281,19.721,3.25,0.63,4,869.69,
Player1_Car,49.50,577.783,-24.652,173.884,20.003,3.05,0.60,4,856.58,
Player2_Car,49.50,564.433,-24.652,178.324,19.720,3.26,0.63,4,870.14,
Player1_Car,49.52,577.383,-24.652,173.870,20.003,3.01,0.60,4,856.96,
Player2_Car,49.52,564.041,-24.652,178.369,19.720,3.24,0.63,4,870.54,
Player1_Car,49.54,576.984,-24.652,173.858,20.003,3.03,0.60,4,857.36,
Player2_Car,49.54,563.649,-24.652,178.416,19.720,3.21,0.63,4,870.93,
Player1_Car,49.56,576.584,-24.652,173.846,20.003,3.08,0.60,4,857.76,
Player2_Car,49.56,563.258,-24.652,178.464,19.720,3.19,0.63,4,871.33,
Player1_Car,49.58,576.184,-24.652,173.837,20.003,3.10,0.60,4,858.15,
Player2_Car,49.58,562.867,-24.652,178.514,19.720,3.21,0.63,4,871.78,
Player1_Car,49.60,575.784,-24.652,173.829,20.003,3.07,0.60,4,858.53,
Player2_Car,49.60,562.476,-24.652,178.567,19.721,3.19,0.63,4,872.17,
Player1_Car,49.62,575.384,-24.652,173.822,20.003,3.11,0.60,4,858.93,
Player2_Car,49.62,562.085,-24.652,178.620,19.721,3.15,0.63,4,872.57,
Player1_Car,49.64,574.984,-24.652,173.818,20.003,3.17,0.60,4,859.33,
Player2_Car,49.64,561.694,-24.652,178.676,19.722,3.13,0.63,4,872.96,
Player1_Car,49.66,574.584,-24.652,173.814,20.003,3.18,0.60,4,859.71,
Player2_Car,49.66,561.304,-24.652,178.733,19.722,3.14,0.63,4,873.42,
Player1_Car,49.68,574.184,-24.652,173.813,20.003,3.17,0.60,4,860.11,
Player2_Car,49.68,560.914,-24.652,178.792,19.723,3.13,0.63,4,873.81,
Player1_Car,49.70,573.784,-24.652,173.813,20.003,3.23,0.60,4,860.51,
Player2_Car,49.70,560.524,-24.652,178.853,19.724,3.09,0.63,4,874.20,
Player1_Car,49.72,573.384,-24.652,173.815,20.003,3.28,0.60,4,860.91,
Player2_Car,49.72,560.135,-24.652,178.915,19.724,3.09,0.63,4,874.66,
Player1_Car,49.74,572.984,-24.652,173.818,20.002,3.27,0.60,4,861.29,
Player2_Car,49.74,559.746,-24.652,178.979,19.725,3.07,0.63,4,875.05,
Player1_Car,49.76,572.584,-24.652,173.823,20.002,3.28,0.60,4,861.69,
Player2_Car,49.76,559.357,-24.652,179.045,19.726,3.05,0.63,4,875.45,
Player1_Car,49.78,572.184,-24.652,173.830,20.002,3.34,0.60,4,862.09,
Player2_Car,49.78,558.968,-24.652,179.112,19.727,3.03,0.63,4,875.84,
Player1_Car,49.80,571.784,-24.652,173.839,20.002,3.39,0.60,4,862.49,
Player2_Car,49.80,558.579,-24.652,179.182,19.728,3.02,0.63,4,876.27,
Player1_Car,49.82,571.384,-24.652,173.849,20.002,3.37,0.60,4,862.87,
Player2_Car,49.82,558.191,-24.652,179.252,19.729,3.00,0.63,4,876.67,
Player1_Car,49.84,570.984,-24.652,173.861,20.001,3.38,0.60,4,863.27,
Player2_Car,49.84,557.803,-24.652,179.324,19.730,2.99,0.63,4,877.06,
Player1_Car,49.86,570.584,-24.652,173.875,20.001,3.42,0.60,4,863.67,
Player2_Car,49.86,557.416,-24.652,179.398,19.732,2.97,0.63,4,877.46,
Player1_Car,49.88,570.184,-24.652,173.891,20.001,3.44,0.60,4,864.07,
Player2_Car,49.88,557.028,-24.652,179.474,19.733,2.96,0.63,4,877.88,
Player1_Car,49.90,569.785,-24.652,173.909,20.001,3.42,0.60,4,864.45,
Player2_Car,49.90,556.641,-24.652,179.551,19.734,2.94,0.63,4,878.27,
Player1_Car,49.92,569.385,-24.652,173.928,20.001,3.42,0.60,4,864.85,
Player2_Car,49.92,556.254,-24.652,179.629,19.735,2.92,0.63,4,878.67,
Player1_Car,49.94,568.986,-24.652,173.950,20.001,3.45,0.60,4,865.25,
Player2_Car,49.94,555.868,-24.652,179.709,19.737,2.91,0.63,4,879.09,
Player1_Car,49.96,568.586,-24.652,173.973,20.001,3.44,0.60,4,865.63,
Player2_Car,49.96,555.482,-24.652,179.791,19.738,2.88,0.63,4,879.49,
Player1_Car,49.98,568.187,-24.652,173.998,20.001,3.42,0.60,4,866.03,
Player2_Car,49.98,555.096,-24.652,179.874,19.739,2.88,0.63,4,879.88,
Player1_Car,50.00,567.788,-24.652,174.025,20.001,3.43,0.60,4,866.43,
Player2_Car,50.00,554.710,-24.652,179.959,19.740,2.89,0.63,4,880.28,
Player1_Car,50.02,567.389,-24.652,174.053,20.001,3.44,0.60,4,866.83,
Player2_Car,50.02,554.325,-24.652,180.045,19.742,2.88,0.63,4,880.70,
Player1_Car,50.04,566.990,-24.652,174.084,20.001,3.42,0.60,4,867.21,
Player2_Car,50.04,553.940,-24.652,180.133,19.743,2.86,0.63,4,881.09,
Player1_Car,50.06,566.591,-24.652,174.116,20.000,3.40,0.60,4,867.61,
Player2_Car,50.06,553.555,-24.652,180.222,19.744,2.89,0.63,4,881.49,
Player1_Car,50.08,566.193,-24.652,174.150,20.000,3.41,0.60,4,868.01,
Player2_Car,50.08,553.171,-24.652,180.312,19.745,2.92,0.63,4,881.88,
Player1_Car,50.10,565.795,-24.652,174.186,20.001,3.41,0.60,4,868.41,
Player2_Car,50.10,552.787,-24.652,180.405,19.746,2.92,0.63,4,882.31,
Player1_Car,50.12,565.396,-24.652,174.224,20.001,3.37,0.60,4,868.78,
Player2_Car,50.12,552.403,-24.652,180.498,19.746,2.92,0.63,4,882.70,
Player1_Car,50.14,564.998,-24.652,174.264,20.001,3.35,0.60,4,869.18,
Player2_Car,50.14,552.020,-24.652,180.594,19.747,2.95,0.63,4,883.10,
Player1_Car,50.16,564.600,-24.652,174.305,20.001,3.36,0.60,4,869.58,
Player2_Car,50.16,551.637,-24.652,180.690,19.747,3.00,0.63,4,883.52,
Player1_Car,50.18,564.203,-24.652,174.348,20.001,3.36,0.60,4,869.98,
Player2_Car,50.18,551.254,-24.652,180.789,19.747,2.98,0.63,4,883.92,
Player1_Car,50.20,563.805,-24.652,174.393,20.001,3.31,0.60,4,870.34,
Player2_Car,50.20,550.872,-24.652,180.889,19.747,3.00,0.63,4,884.31,
Player1_Car,50.22,563.408,-24.652,174.440,20.001,3.29,0.60,4,870.74,
Player2_Car,50.22,550.491,-24.652,180.990,19.746,3.06,0.63,4,884.71,
Player1_Car,50.24,563.011,-24.652,174.488,20.001,3.31,0.60,4,871.14,
Player2_Car,50.24,550.109,-24.652,181.093,19.746,3.09,0.63,4,885.13,
Player1_Car,50.26,562.614,-24.652,174.538,20.001,3.30,0.60,4,871.54,
Player2_Car,50.26,549.729,-24.652,181.198,19.745,3.09,0.63,4,885.52,
Player1_Car,50.28,562.217,-24.652,174.590,20.001,3.25,0.60,4,871.90,
Player2_Car,50.28,549.348,-24.652,181.305,19.744,3.13,0.63,4,885.92,
Player1_Car,50.30,561.821,-24.652,174.644,20.001,3.23,0.60,4,872.30,
Player2_Car,50.30,548.969,-24.652,181.413,19.743,3.19,0.63,4,886.31,
Player1_Car,50.32,561.425,-24.652,174.699,20.001,3.25,0.60,4,872.70,
Player2_Car,50.32,548.589,-24.652,181.522,19.742,3.22,0.63,4,886.74,
Player1_Car,50.34,561.029,-24.652,174.756,20.001,3.22,0.60,4,873.06,
Player2_Car,50.34,548.211,-24.652,181.634,19.740,3.22,0.63,4,887.13,
Player1_Car,50.36,560.633,-24.652,174.814,20.001,3.19,0.60,4,873.46,
Player2_Car,50.36,547.832,-24.652,181.747,19.739,3.24,0.63,4,887.52,
Player1_Car,50.38,560.238,-24.652,174.874,20.002,3.19,0.60,4,873.86,
Player2_Car,50.38,547.455,-24.652,181.862,19.737,3.30,0.63,4,887.95,
Player1_Car,50.40,559.842,-24.652,174.936,20.002,3.20,0.60,4,874.26,
Player2_Car,50.40,547.078,-24.652,181.979,19.735,3.30,0.63,4,888.34,
Player1_Car,50.42,559.447,-24.652,175.000,20.002,3.16,0.60,4,874.62,
Player2_Car,50.42,546.701,-24.652,182.097,19.733,3.29,0.63,4,888.74,
Player1_Car,50.44,559.053,-24.652,175.065,20.002,3.13,0.60,4,875.02,
Player2_Car,50.44,546.325,-24.652,182.217,19.731,3.31,0.63,4,889.13,
Player1_Car,50.46,558.658,-24.652,175.131,20.002,3.14,0.60,4,875.42,
Player2_Car,50.46,545.950,-24.652,182.339,19.730,3.34,0.63,4,889.56,
Player1_Car,50.48,558.264,-24.652,175.200,20.002,3.15,0.60,4,875.82,
Player2_Car,50.48,545.575,-24.652,182.463,19.729,3.33,0.63,4,889.95,
Player1_Car,50.50,557.870,-24.652,175.270,20.002,3.11,0.60,4,876.19,
Player2_Car,50.50,545.201,-24.652,182.589,19.727,3.33,0.63,4,890.34,
Player1_Car,50.52,557.477,-24.652,175.341,20.002,3.08,0.60,4,876.59,
Player2_Car,50.52,544.828,-24.652,182.716,19.726,3.34,0.63,4,890.74,
Player1_Car,50.54,557.083,-24.652,175.414,20.002,3.10,0.60,4,876.99,
Player2_Car,50.54,544.455,-24.652,182.845,19.724,3.35,0.63,4,891.16,
Player1_Car,50.56,556.690,-24.652,175.488,20.002,3.10,0.60,4,877.39,
Player2_Car,50.56,544.083,-24.652,182.976,19.723,3.34,0.63,4,891.55,
Player1_Car,50.58,556.297,-24.652,175.564,20.003,3.06,0.60,4,877.77,
Player2_Car,50.58,543.712,-24.652,183.109,19.722,3.32,0.63,4,891.95,
Player1_Car,50.60,555.905,-24.652,175.642,20.003,3.05,0.60,4,878.17,
Player2_Car,50.60,543.341,-24.652,183.243,19.721,3.31,0.63,4,892.34,
Player1_Car,50.62,555.513,-24.652,175.721,20.003,3.05,0.60,4,878.57,
Player2_Car,50.62,542.971,-24.652,183.379,19.719,3.32,0.63,4,892.77,
Player1_Car,50.64,555.121,-24.652,175.802,20.003,3.05,0.60,4,878.97,
Player2_Car,50.64,542.601,-24.652,183.517,19.719,3.31,0.63,4,893.17,
Player1_Car,50.66,554.729,-24.652,175.884,20.003,3.01,0.60,4,879.35,
Player2_Car,50.66,542.232,-24.652,183.657,19.719,3.29,0.63,4,893.56,
Player1_Car,50.68,554.338,-24.652,175.968,20.003,3.01,0.60,4,879.75,
Player2_Car,50.68,541.864,-24.652,183.798,19.718,3.31,0.63,4,894.02,
Player1_Car,50.70,553.947,-24.652,176.053,20.003,3.04,0.60,4,880.15,
Player2_Car,50.70,541.497,-24.652,183.941,19.719,3.29,0.63,4,894.41,
Player1_Car,50.72,553.557,-24.652,176.139,20.003,3.02,0.60,4,880.53,
Player2_Car,50.72,541.130,-24.652,184.086,19.718,3.26,0.63,4,894.81,
Player1_Car,50.74,553.166,-24.652,176.227,20.003,3.00,0.60,4,880.93,
Player2_Car,50.74,540.764,-24.652,184.233,19.718,3.25,0.63,4,895.20,
Player1_Car,50.76,552.777,-24.652,176.317,20.003,3.05,0.60,4,881.33,
Player2_Car,50.76,540.399,-24.652,184.381,19.718,3.26,0.63,4,895.65,
Player1_Car,50.78,552.387,-24.652,176.408,20.003,3.09,0.60,4,881.73,
Player2_Car,50.78,540.034,-24.652,184.531,19.718,3.24,0.63,4,896.05,
Player1_Car,50.80,551.998,-24.652,176.500,20.003,3.08,0.60,4,882.11,
Player2_Car,50.80,539.670,-24.652,184.682,19.718,3.21,0.63,4,896.44,
Player1_Car,50.82,551.609,-24.652,176.595,20.003,3.08,0.60,4,882.51,
Player2_Car,50.82,539.306,-24.652,184.836,19.718,3.22,0.63,4,896.89,
Player1_Car,50.84,551.220,-24.652,176.690,20.003,3.12,0.60,4,882.91,
Player2_Car,50.84,538.944,-24.652,184.991,19.718,3.20,0.63,4,897.29,
Player1_Car,50.86,550.832,-24.652,176.787,20.003,3.17,0.60,4,883.31,
Player2_Car,50.86,538.582,-24.652,185.147,19.719,3.17,0.63,4,897.68,
Player1_Car,50.88,550.445,-24.652,176.886,20.003,3.15,0.60,4,883.69,
Player2_Car,50.88,538.220,-24.652,185.305,19.719,3.15,0.63,4,898.08,
Player1_Car,50.90,550.057,-24.652,176.986,20.003,3.17,0.60,4,884.09,
Player2_Car,50.90,537.860,-24.652,185.465,19.720,3.17,0.63,4,898.54,
Player1_Car,50.92,549.671,-24.652,177.088,20.003,3.23,0.60,4,884.49,
Player2_Car,50.92,537.500,-24.652,185.626,19.722,3.14,0.63,4,898.93,
Player1_Car,50.94,549.284,-24.652,177.192,20.003,3.27,0.60,4,884.89,
Player2_Car,50.94,537.141,-24.652,185.789,19.722,3.11,0.63,4,899.32,
Player1_Car,50.96,548.898,-24.652,177.297,20.002,3.25,0.60,4,885.27,
Player2_Car,50.96,536.782,-24.652,185.954,19.723,3.09,0.63,4,899.72,
Player1_Car,50.98,548.513,-24.652,177.404,20.002,3.29,0.60,4,885.67,
Player2_Car,50.98,536.424,-24.652,186.120,19.724,3.09,0.63,4,900.16,
Player1_Car,51.00,548.128,-24.652,177.512,20.002,3.36,0.60,4,886.07,
Player2_Car,51.00,536.067,-24.652,186.287,19.725,3.08,0.63,4,900.55,
Player1_Car,51.02,547.743,-24.652,177.622,20.002,3.37,0.60,4,886.45,
Player2_Car,51.02,535.711,-24.652,186.457,19.726,3.05,0.63,4,900.94,
Player1_Car,51.04,547.359,-24.652,177.734,20.002,3.36,0.60,4,886.85,
Player2_Car,51.04,535.355,-24.652,186.627,19.727,3.04,0.63,4,901.37,
Player1_Car,51.06,546.975,-24.652,177.848,20.001,3.40,0.60,4,887.25,
Player2_Car,51.06,535.000,-24.652,186.799,19.727,3.02,0.63,4,901.76,
Player1_Car,51.08,546.592,-24.652,177.963,20.001,3.45,0.60,4,887.65,
Player2_Car,51.08,534.646,-24.652,186.973,19.728,3.00,0.63,4,902.16,
Player1_Car,51.10,546.210,-24.652,178.080,20.001,3.44,0.60,4,888.03,
Player2_Car,51.10,534.292,-24.652,187.148,19.730,2.99,0.63,4,902.55,
Player1_Car,51.12,545.828,-24.652,178.199,20.001,3.43,0.60,4,888.43,
Player2_Car,51.12,533.939,-24.652,187.325,19.731,2.99,0.63,4,902.98,
Player1_Car,51.14,545.446,-24.652,178.319,20.001,3.46,0.60,4,888.83,
Player2_Car,51.14,533.587,-24.652,187.503,19.733,2.95,0.63,4,903.38,
Player1_Car,51.16,545.066,-24.652,178.442,20.001,3.48,0.60,4,889.23,
Player2_Car,51.16,533.236,-24.652,187.682,19.734,2.94,0.63,4,903.77,
Player1_Car,51.18,544.685,-24.652,178.566,20.000,3.45,0.60,4,889.61,
Player2_Car,51.18,532.885,-24.652,187.863,19.735,2.94,0.63,4,904.17,
Player1_Car,51.20,544.306,-24.652,178.692,20.001,3.44,0.60,4,890.01,
Player2_Car,51.20,532.535,-24.652,188.045,19.736,2.93,0.63,4,904.58,
Player1_Car,51.22,543.927,-24.652,178.819,20.001,3.47,0.60,4,890.41,
Player2_Car,51.22,532.185,-24.652,188.229,19.737,2.91,0.63,4,904.98,
Player1_Car,51.24,543.548,-24.652,178.949,20.001,3.48,0.60,4,890.81,
Player2_Car,51.24,531.837,-24.652,188.414,19.739,2.91,0.63,4,905.37,
Player1_Car,51.26,543.170,-24.652,179.080,20.001,3.45,0.60,4,891.19,
Player2_Car,51.26,531.489,-24.652,188.600,19.740,2.92,0.63,4,905.80,
Player1_Car,51.28,542.793,-24.652,179.213,20.000,3.44,0.60,4,891.59,
Player2_Car,51.28,531.141,-24.652,188.788,19.740,2.90,0.63,4,906.19,
Player1_Car,51.30,542.416,-24.652,179.347,20.000,3.45,0.60,4,891.99,
Player2_Car,51.30,530.795,-24.652,188.978,19.741,2.90,0.63,4,906.59,
Player1_Car,51.32,542.040,-24.652,179.484,20.000,3.44,0.60,4,892.38,
Player2_Car,51.32,530.449,-24.652,189.168,19.742,2.94,0.63,4,906.98,
Player1_Car,51.34,541.665,-24.652,179.622,20.000,3.40,0.60,4,892.76,
Player2_Car,51.34,530.104,-24.652,189.360,19.743,2.96,0.63,4,907.41,
Player1_Car,51.36,541.290,-24.652,179.762,20.000,3.40,0.60,4,893.16,
Player2_Car,51.36,529.760,-24.652,189.553,19.745,2.94,0.63,4,907.80,
Player1_Car,51.38,540.916,-24.652,179.903,20.000,3.41,0.60,4,893.56,
Player2_Car,51.38,529.416,-24.652,189.748,19.744,2.97,0.63,4,908.20,
Player1_Car,51.40,540.542,-24.652,180.047,20.000,3.37,0.60,4,893.92,
Player2_Car,51.40,529.074,-24.652,189.944,19.745,3.02,0.63,4,908.59,
Player1_Car,51.42,540.170,-24.652,180.191,20.001,3.34,0.60,4,894.32,
Player2_Car,51.42,528.732,-24.652,190.142,19.745,3.04,0.63,4,909.02,
Player1_Car,51.44,539.797,-24.652,180.338,20.001,3.36,0.60,4,894.72,
Player2_Car,51.44,528.391,-24.652,190.341,19.744,3.04,0.63,4,909.41,
Player1_Car,51.46,539.426,-24.652,180.486,20.001,3.37,0.60,4,895.12,
Player2_Car,51.46,528.050,-24.652,190.542,19.744,3.08,0.63,4,909.81,
Player1_Car,51.48,539.055,-24.652,180.636,20.001,3.32,0.60,4,895.48,
Player2_Car,51.48,527.711,-24.652,190.744,19.743,3.12,0.63,4,910.20,
Player1_Car,51.50,538.685,-24.652,180.788,20.001,3.29,0.60,4,895.88,
Player2_Car,51.50,527.373,-24.652,190.947,19.742,3.15,0.63,4,910.63,
Player1_Car,51.52,538.315,-24.652,180.941,20.001,3.30,0.60,4,896.28,
Player2_Car,51.52,527.035,-24.652,191.152,19.741,3.17,0.63,4,911.02,
Player1_Car,51.54,537.946,-24.652,181.096,20.001,3.31,0.60,4,896.68,
Player2_Car,51.54,526.699,-24.652,191.358,19.740,3.21,0.63,4,911.42,
Player1_Car,51.56,537.578,-24.652,181.252,20.001,3.26,0.60,4,897.04,
Player2_Car,51.56,526.363,-24.652,191.566,19.739,3.26,0.63,4,911.84,
Player1_Car,51.58,537.211,-24.652,181.410,20.001,3.24,0.60,4,897.44,
Player2_Car,51.58,526.028,-24.652,191.776,19.738,3.25,0.63,4,912.23,
Player1_Car,51.60,536.844,-24.652,181.569,20.001,3.25,0.60,4,897.84,
Player2_Car,51.60,525.695,-24.652,191.987,19.736,3.27,0.63,4,912.63,
Player1_Car,51.62,536.478,-24.652,181.730,20.001,3.25,0.60,4,898.24,
Player2_Car,51.62,525.362,-24.652,192.199,19.734,3.30,0.63,4,913.02,
Player1_Car,51.64,536.112,-24.652,181.893,20.002,3.20,0.60,4,898.60,
Player2_Car,51.64,525.031,-24.652,192.413,19.732,3.33,0.63,4,913.45,
Player1_Car,51.66,535.747,-24.652,182.057,20.002,3.18,0.60,4,899.00,
Player2_Car,51.66,524.700,-24.652,192.629,19.731,3.32,0.63,4,913.84,
Player1_Car,51.68,535.383,-24.652,182.223,20.002,3.20,0.60,4,899.40,
Player2_Car,51.68,524.371,-24.652,192.846,19.729,3.32,0.63,4,914.24,
Player1_Car,51.70,535.020,-24.652,182.390,20.002,3.20,0.60,4,899.80,
Player2_Car,51.70,524.042,-24.652,193.064,19.727,3.33,0.63,4,914.63,
Player1_Car,51.72,534.657,-24.652,182.559,20.002,3.15,0.60,4,900.17,
Player2_Car,51.72,523.715,-24.652,193.285,19.725,3.35,0.63,4,915.05,
Player1_Car,51.74,534.295,-24.652,182.729,20.002,3.14,0.60,4,900.57,
Player2_Car,51.74,523.389,-24.652,193.506,19.724,3.34,0.63,4,915.45,
Player1_Car,51.76,533.934,-24.652,182.900,20.002,3.16,0.60,4,900.97,
Player2_Car,51.76,523.064,-24.652,193.730,19.723,3.33,0.63,4,915.84,
Player1_Car,51.78,533.573,-24.652,183.073,20.002,3.14,0.60,4,901.35,
Player2_Car,51.78,522.740,-24.652,193.955,19.722,3.34,0.63,4,916.27,
Player1_Car,51.80,533.213,-24.652,183.248,20.002,3.11,0.60,4,901.75,
Player2_Car,51.80,522.417,-24.652,194.181,19.722,3.32,0.63,4,916.66,
Player1_Car,51.82,532.854,-24.652,183.424,20.002,3.11,0.60,4,902.15,
Player2_Car,51.82,522.095,-24.652,194.409,19.720,3.32,0.63,4,917.06,
Player1_Car,51.84,532.495,-24.652,183.601,20.002,3.12,0.60,4,902.55,
Player2_Car,51.84,521.774,-24.652,194.638,19.720,3.32,0.63,4,917.45,
Player1_Car,51.86,532.138,-24.652,183.780,20.002,3.08,0.60,4,902.93,
Player2_Car,51.86,521.454,-24.652,194.869,19.719,3.32,0.63,4,917.88,
Player1_Car,51.88,531.780,-24.652,183.960,20.003,3.06,0.60,4,903.33,
Player2_Car,51.88,521.136,-24.652,195.102,19.718,3.30,0.63,4,918.28,
Player1_Car,51.90,531.424,-24.652,184.142,20.003,3.08,0.60,4,903.73,
Player2_Car,51.90,520.818,-24.652,195.336,19.718,3.28,0.63,4,918.67,
Player1_Car,51.92,531.068,-24.652,184.325,20.003,3.08,0.60,4,904.13,
Player2_Car,51.92,520.502,-24.652,195.571,19.718,3.27,0.63,4,919.07,
Player1_Car,51.94,530.713,-24.652,184.509,20.003,3.05,0.60,4,904.51,
Player2_Car,51.94,520.187,-24.652,195.808,19.717,3.29,0.63,4,919.52,
Player1_Car,51.96,530.359,-24.652,184.695,20.003,3.04,0.60,4,904.91,
Player2_Car,51.96,519.872,-24.652,196.046,19.717,3.28,0.63,4,919.92,
Player1_Car,51.98,530.005,-24.652,184.882,20.003,3.06,0.60,4,905.31,
Player2_Car,51.98,519.559,-24.652,196.286,19.717,3.24,0.63,4,920.31,
Player1_Car,52.00,529.652,-24.652,185.071,20.003,3.07,0.60,4,905.71,
Player2_Car,52.00,519.248,-24.652,196.528,19.717,3.25,0.63,4,920.77,
Player1_Car,52.02,529.300,-24.652,185.261,20.002,3.04,0.60,4,906.09,
Player2_Car,52.02,518.937,-24.652,196.770,19.718,3.23,0.63,4,921.16,
Player1_Car,52.04,528.949,-24.652,185.452,20.003,3.06,0.60,4,906.49,
Player2_Car,52.04,518.627,-24.652,197.014,19.718,3.21,0.63,4,921.55,
Player1_Car,52.06,528.598,-24.652,185.644,20.003,3.11,0.60,4,906.89,
Player2_Car,52.06,518.318,-24.652,197.260,19.718,3.19,0.63,4,921.95,
Player1_Car,52.08,528.248,-24.652,185.838,20.003,3.11,0.60,4,907.26,
Player2_Car,52.08,518.011,-24.652,197.507,19.718,3.20,0.63,4,922.40,
Player1_Car,52.10,527.899,-24.652,186.034,20.003,3.09,0.60,4,907.66,
Player2_Car,52.10,517.705,-24.652,197.755,19.719,3.18,0.63,4,922.80,
Player1_Car,52.12,527.551,-24.652,186.231,20.003,3.15,0.60,4,908.06,
Player2_Car,52.12,517.399,-24.652,198.005,19.719,3.15,0.63,4,923.19,
Player1_Car,52.14,527.203,-24.652,186.429,20.003,3.21,0.60,4,908.46,
Player2_Car,52.14,517.095,-24.652,198.256,19.720,3.13,0.63,4,923.59,
Player1_Car,52.16,526.856,-24.652,186.628,20.003,3.20,0.60,4,908.84,
Player2_Car,52.16,516.792,-24.652,198.508,19.721,3.14,0.63,4,924.04,
Player1_Car,52.18,526.511,-24.652,186.829,20.003,3.20,0.60,4,909.24,
Player2_Car,52.18,516.490,-24.652,198.762,19.722,3.14,0.63,4,924.43,
Player1_Car,52.20,526.166,-24.652,187.032,20.003,3.26,0.60,4,909.64,
Player2_Car,52.20,516.189,-24.652,199.017,19.723,3.10,0.63,4,924.83,
Player1_Car,52.22,525.821,-24.652,187.236,20.003,3.32,0.60,4,910.04,
Player2_Car,52.22,515.889,-24.652,199.274,19.723,3.08,0.63,4,925.26,
Player1_Car,52.24,525.478,-24.652,187.441,20.002,3.31,0.60,4,910.42,
Player2_Car,52.24,515.591,-24.652,199.531,19.724,3.06,0.63,4,925.65,
Player1_Car,52.26,525.136,-24.652,187.648,20.001,3.32,0.60,4,910.82,
Player2_Car,52.26,515.293,-24.652,199.790,19.725,3.06,0.63,4,926.05,
Player1_Car,52.28,524.794,-24.652,187.856,20.001,3.38,0.60,4,911.22,
Player2_Car,52.28,514.997,-24.652,200.050,19.726,3.05,0.63,4,926.44,
Player1_Car,52.30,524.454,-24.652,188.066,20.001,3.42,0.60,4,911.62,
Player2_Car,52.30,514.701,-24.652,200.312,19.727,3.03,0.63,4,926.87,
Player1_Car,52.32,524.114,-24.652,188.277,20.002,3.40,0.60,4,912.00,
Player2_Car,52.32,514.407,-24.652,200.575,19.728,3.01,0.63,4,927.26,
Player1_Car,52.34,523.775,-24.652,188.490,20.001,3.41,0.60,4,912.40,
Player2_Car,52.34,514.113,-24.652,200.839,19.730,3.00,0.63,4,927.65,
Player1_Car,52.36,523.438,-24.652,188.705,20.001,3.45,0.60,4,912.80,
Player2_Car,52.36,513.821,-24.652,201.104,19.731,2.99,0.63,4,928.05,
Player1_Car,52.38,523.101,-24.652,188.921,20.001,3.47,0.60,4,913.20,
Player2_Car,52.38,513.530,-24.652,201.370,19.732,2.97,0.63,4,928.47,
Player1_Car,52.40,522.765,-24.652,189.139,20.001,3.44,0.60,4,913.58,
Player2_Car,52.40,513.240,-24.652,201.638,19.733,2.96,0.63,4,928.87,
Player1_Car,52.42,522.431,-24.652,189.358,20.001,3.45,0.60,4,913.98,
Player2_Car,52.42,512.951,-24.652,201.907,19.734,2.95,0.63,4,929.26,
Player1_Car,52.44,522.097,-24.652,189.579,20.001,3.48,0.60,4,914.38,
Player2_Car,52.44,512.663,-24.652,202.177,19.735,2.95,0.63,4,929.69,
Player1_Car,52.46,521.765,-24.652,189.801,20.001,3.46,0.60,4,914.76,
Player2_Car,52.46,512.376,-24.652,202.448,19.737,2.92,0.63,4,930.08,
Player1_Car,52.48,521.433,-24.652,190.025,20.000,3.45,0.60,4,915.16,
Player2_Car,52.48,512.090,-24.652,202.720,19.738,2.91,0.63,4,930.48,
Player1_Car,52.50,521.103,-24.652,190.250,20.000,3.46,0.60,4,915.56,
Player2_Car,52.50,511.806,-24.652,202.994,19.739,2.91,0.63,4,930.87,
Player1_Car,52.52,520.773,-24.652,190.477,20.000,3.47,0.60,4,915.96,
Player2_Car,52.52,511.522,-24.652,203.268,19.740,2.91,0.63,4,931.30,
Player1_Car,52.54,520.445,-24.652,190.705,20.000,3.44,0.60,4,916.34,
Player2_Car,52.54,511.239,-24.652,203.544,19.741,2.88,0.63,4,931.69,
Player1_Car,52.56,520.118,-24.652,190.935,20.001,3.42,0.60,4,916.74,
Player2_Car,52.56,510.958,-24.652,203.821,19.742,2.88,0.63,4,932.09,
Player1_Car,52.58,519.791,-24.652,191.167,20.001,3.43,0.60,4,917.14,
Player2_Car,52.58,510.677,-24.652,204.099,19.743,2.88,0.63,4,932.48,
Player1_Car,52.60,519.466,-24.652,191.400,20.001,3.44,0.60,4,917.53,
Player2_Car,52.60,510.398,-24.652,204.378,19.744,2.88,0.63,4,932.91,
Player1_Car,52.62,519.142,-24.652,191.634,20.000,3.40,0.60,4,917.91,
Player2_Car,52.62,510.120,-24.652,204.658,19.745,2.89,0.63,4,933.30,
Player1_Car,52.64,518.819,-24.652,191.870,20.000,3.38,0.60,4,918.31,
Player2_Car,52.64,509.842,-24.652,204.939,19.746,2.91,0.63,4,933.70,
Player1_Car,52.66,518.497,-24.652,192.107,20.001,3.40,0.60,4,918.71,
Player2_Car,52.66,509.566,-24.652,205.221,19.747,2.94,0.63,4,934.12,
Player1_Car,52.68,518.176,-24.652,192.346,20.001,3.39,0.60,4,919.11,
Player2_Car,52.68,509.291,-24.652,205.505,19.747,2.91,0.63,4,934.52,
Player1_Car,52.70,517.856,-24.652,192.587,20.000,3.34,0.60,4,919.47,
Player2_Car,52.70,509.017,-24.652,205.789,19.747,2.95,0.63,4,934.91,
Player1_Car,52.72,517.538,-24.652,192.828,20.000,3.33,0.60,4,919.87,
Player2_Car,52.72,508.745,-24.652,206.075,19.748,3.00,0.63,4,935.31,
Player1_Car,52.74,517.220,-24.652,193.071,20.000,3.35,0.60,4,920.27,
Player2_Car,52.74,508.473,-24.652,206.362,19.748,3.03,0.63,4,935.73,
Player1_Car,52.76,516.903,-24.652,193.316,20.000,3.33,0.60,4,920.64,
Player2_Car,52.76,508.203,-24.652,206.650,19.747,3.01,0.63,4,936.13,
Player1_Car,52.78,516.588,-24.652,193.562,20.001,3.28,0.60,4,921.03,
Player2_Car,52.78,507.934,-24.652,206.939,19.746,3.05,0.63,4,936.52,
Player1_Car,52.80,516.274,-24.652,193.809,20.001,3.29,0.60,4,921.43,
Player2_Car,52.80,507.666,-24.652,207.229,19.746,3.10,0.63,4,936.92,
Player1_Car,52.82,515.960,-24.652,194.058,20.001,3.30,0.60,4,921.83,
Player2_Car,52.82,507.399,-24.652,207.520,19.745,3.13,0.63,4,937.34,
Player1_Car,52.84,515.648,-24.652,194.308,20.001,3.26,0.60,4,922.18,
Player2_Car,52.84,507.134,-24.652,207.813,19.744,3.13,0.63,4,937.73,
Player1_Car,52.86,515.337,-24.652,194.559,20.001,3.23,0.60,4,922.58,
Player2_Car,52.86,506.870,-24.652,208.106,19.743,3.14,0.63,4,938.13,
Player1_Car,52.88,515.027,-24.652,194.812,20.001,3.24,0.60,4,922.98,
Player2_Car,52.88,506.607,-24.652,208.401,19.742,3.18,0.63,4,938.55,
Player1_Car,52.90,514.718,-24.652,195.066,20.001,3.25,0.60,4,923.38,
Player2_Car,52.90,506.346,-24.652,208.697,19.741,3.18,0.63,4,938.95,
Player1_Car,52.92,514.410,-24.652,195.321,20.001,3.21,0.60,4,923.75,
Player2_Car,52.92,506.086,-24.652,208.994,19.739,3.17,0.63,4,939.34,
Player1_Car,52.94,514.103,-24.652,195.577,20.001,3.18,0.60,4,924.15,
Player2_Car,52.94,505.827,-24.652,209.292,19.738,3.18,0.63,4,939.74,
Player1_Car,52.96,513.797,-24.652,195.835,20.002,3.20,0.60,4,924.55,
Player2_Car,52.96,505.570,-24.652,209.592,19.737,3.21,0.63,4,940.16,
Player1_Car,52.98,513.492,-24.652,196.094,20.002,3.20,0.60,4,924.95,
Player2_Car,52.98,505.314,-24.652,209.892,19.736,3.20,0.63,4,940.56,
Player1_Car,53.00,513.188,-24.652,196.355,20.002,3.17,0.60,4,925.32,
Player2_Car,53.00,505.059,-24.652,210.194,19.735,3.18,0.63,4,940.95,
Player1_Car,53.02,512.886,-24.652,196.616,20.002,3.15,0.60,4,925.72,
Player2_Car,53.02,504.806,-24.652,210.496,19.734,3.18,0.63,4,941.35,
Player1_Car,53.04,512.584,-24.652,196.879,20.002,3.16,0.60,4,926.12,
Player2_Car,53.04,504.554,-24.652,210.800,19.733,3.20,0.63,4,941.77,
Player1_Car,53.06,512.284,-24.652,197.143,20.002,3.16,0.60,4,926.52,
Player2_Car,53.06,504.303,-24.652,211.105,19.732,3.19,0.63,4,942.17,
Player1_Car,53.08,511.984,-24.652,197.408,20.002,3.12,0.60,4,926.90,
Player2_Car,53.08,504.054,-24.652,211.411,19.732,3.17,0.63,4,942.56,
Player1_Car,53.10,511.686,-24.652,197.675,20.002,3.11,0.60,4,927.30,
Player2_Car,53.10,503.807,-24.652,211.718,19.731,3.18,0.63,4,942.99,
Player1_Car,53.12,511.388,-24.652,197.943,20.002,3.12,0.60,4,927.70,
Player2_Car,53.12,503.560,-24.652,212.027,19.731,3.16,0.63,4,943.38,
Player1_Car,53.14,511.092,-24.652,198.211,20.002,3.11,0.60,4,928.08,
Player2_Car,53.14,503.315,-24.652,212.336,19.730,3.15,0.63,4,943.77,
Player1_Car,53.16,510.797,-24.652,198.482,20.002,3.08,0.60,4,928.48,
Player2_Car,53.16,503.072,-24.652,212.647,19.730,3.14,0.63,4,944.17,
Player1_Car,53.18,510.503,-24.652,198.753,20.002,3.08,0.60,4,928.88,
Player2_Car,53.18,502.830,-24.652,212.958,19.730,3.16,0.63,4,944.60,
Player1_Car,53.20,510.210,-24.652,199.025,20.003,3.09,0.60,4,929.28,
Player2_Car,53.20,502.589,-24.652,213.271,19.730,3.13,0.63,4,945.00,
Player1_Car,53.22,509.918,-24.652,199.299,20.003,3.07,0.60,4,929.66,
Player2_Car,53.22,502.349,-24.652,213.584,19.730,3.11,0.63,4,945.39,
Player1_Car,53.24,509.627,-24.652,199.573,20.003,3.04,0.60,4,930.06,
Player2_Car,53.24,502.111,-24.652,213.899,19.730,3.10,0.63,4,945.79,
Player1_Car,53.26,509.337,-24.652,199.849,20.003,3.05,0.60,4,930.46,
Player2_Car,53.26,501.874,-24.652,214.215,19.730,3.12,0.63,4,946.24,
Player1_Car,53.28,509.048,-24.652,200.126,20.003,3.06,0.60,4,930.86,
Player2_Car,53.28,501.639,-24.652,214.531,19.730,3.10,0.63,4,946.63,
Player1_Car,53.30,508.761,-24.652,200.404,20.003,3.03,0.60,4,931.24,
Player2_Car,53.30,501.405,-24.652,214.849,19.730,3.07,0.63,4,947.03,
Player1_Car,53.32,508.474,-24.652,200.683,20.003,3.02,0.60,4,931.64,
Player2_Car,53.32,501.173,-24.652,215.168,19.731,3.09,0.63,4,947.48,
Player1_Car,53.34,508.189,-24.652,200.963,20.003,3.04,0.60,4,932.04,
Player2_Car,53.34,500.941,-24.652,215.488,19.731,3.07,0.63,4,947.88,
Player1_Car,53.36,507.904,-24.652,201.244,20.003,3.05,0.60,4,932.44,
Player2_Car,53.36,500.711,-24.652,215.808,19.732,3.04,0.63,4,948.27,
Player1_Car,53.38,507.621,-24.652,201.527,20.003,3.02,0.60,4,932.81,
Player2_Car,53.38,500.483,-24.652,216.130,19.732,3.03,0.63,4,948.67,
Player1_Car,53.40,507.338,-24.652,201.810,20.003,3.04,0.60,4,933.21,
Player2_Car,53.40,500.256,-24.652,216.453,19.733,3.05,0.63,4,949.12,
Player1_Car,53.42,507.057,-24.652,202.095,20.003,3.09,0.60,4,933.61,
Player2_Car,53.42,500.030,-24.652,216.776,19.733,3.03,0.63,4,949.51,
Player1_Car,53.44,506.777,-24.652,202.380,20.003,3.11,0.60,4,934.01,
Player2_Car,53.44,499.805,-24.652,217.101,19.734,3.00,0.63,4,949.91,
Player1_Car,53.46,506.498,-24.652,202.667,20.003,3.08,0.60,4,934.39,
Player2_Car,53.46,499.582,-24.652,217.427,19.735,2.98,0.63,4,950.30,
Player1_Car,53.48,506.220,-24.652,202.955,20.003,3.12,0.60,4,934.79,
Player2_Car,53.48,499.360,-24.652,217.753,19.735,2.98,0.63,4,950.73,
Player1_Car,53.50,505.943,-24.652,203.244,20.003,3.18,0.60,4,935.19,
Player2_Car,53.50,499.140,-24.652,218.080,19.736,2.97,0.63,4,951.13,
Player1_Car,53.52,505.668,-24.652,203.534,20.003,3.19,0.60,4,935.57,
Player2_Car,53.52,498.920,-24.652,218.409,19.737,2.95,0.63,4,951.52,
Player1_Car,53.54,505.393,-24.652,203.825,20.003,3.18,0.60,4,935.97,
Player2_Car,53.54,498.703,-24.652,218.738,19.738,2.95,0.63,4,951.94,
Player1_Car,53.56,505.120,-24.652,204.117,20.003,3.23,0.60,4,936.37,
Player2_Car,53.56,498.486,-24.652,219.068,19.739,2.92,0.63,4,952.34,
Player1_Car,53.58,504.848,-24.652,204.411,20.003,3.28,0.60,4,936.77,
Player2_Car,53.58,498.271,-24.652,219.399,19.740,2.91,0.63,4,952.73,
Player1_Car,53.60,504.578,-24.652,204.705,20.002,3.28,0.60,4,937.15,
Player2_Car,53.60,498.057,-24.652,219.731,19.741,2.91,0.63,4,953.13,
Player1_Car,53.62,504.308,-24.652,205.001,20.002,3.27,0.60,4,937.55,
Player2_Car,53.62,497.844,-24.652,220.063,19.742,2.91,0.63,4,953.55,
Player1_Car,53.64,504.040,-24.652,205.298,20.002,3.30,0.60,4,937.95,
Player2_Car,53.64,497.633,-24.652,220.397,19.743,2.88,0.63,4,953.95,
Player1_Car,53.66,503.773,-24.652,205.596,20.002,3.33,0.60,4,938.35,
Player2_Car,53.66,497.423,-24.652,220.731,19.743,2.87,0.63,4,954.34,
Player1_Car,53.68,503.508,-24.652,205.895,20.002,3.31,0.60,4,938.73,
Player2_Car,53.68,497.214,-24.652,221.066,19.745,2.87,0.63,4,954.74,
Player1_Car,53.70,503.244,-24.652,206.195,20.002,3.31,0.60,4,939.13,
Player2_Car,53.70,497.007,-24.652,221.403,19.746,2.86,0.63,4,955.16,
Player1_Car,53.72,502.981,-24.652,206.497,20.002,3.33,0.60,4,939.53,
Player2_Car,53.72,496.800,-24.652,221.739,19.746,2.85,0.63,4,955.56,
Player1_Car,53.74,502.719,-24.652,206.800,20.002,3.35,0.60,4,939.93,
Player2_Car,53.74,496.595,-24.652,222.077,19.747,2.84,0.63,4,955.95,
Player1_Car,53.76,502.459,-24.652,207.103,20.001,3.31,0.60,4,940.30,
Player2_Car,53.76,496.392,-24.652,222.415,19.748,2.84,0.63,4,956.38,
Player1_Car,53.78,502.200,-24.652,207.408,20.001,3.31,0.60,4,940.70,
Player2_Car,53.78,496.190,-24.652,222.755,19.749,2.82,0.63,4,956.77,
Player1_Car,53.80,501.943,-24.652,207.715,20.001,3.33,0.60,4,941.10,
Player2_Car,53.80,495.988,-24.652,223.095,19.750,2.81,0.63,4,957.17,
Player1_Car,53.82,501.686,-24.652,208.022,20.001,3.32,0.60,4,941.48,
Player2_Car,53.82,495.789,-24.652,223.435,19.751,2.81,0.63,4,957.56,
Player1_Car,53.84,501.432,-24.652,208.330,20.001,3.29,0.60,4,941.88,
Player2_Car,53.84,495.590,-24.652,223.777,19.752,2.81,0.63,4,957.98,
Player1_Car,53.86,501.178,-24.652,208.640,20.001,3.31,0.60,4,942.28,
Player2_Car,53.86,495.393,-24.652,224.119,19.753,2.79,0.63,4,958.38,
Player1_Car,53.88,500.926,-24.652,208.950,20.001,3.32,0.60,4,942.68,
Player2_Car,53.88,495.197,-24.652,224.462,19.754,2.78,0.63,4,958.78,
Player1_Car,53.90,500.675,-24.652,209.262,20.001,3.29,0.60,4,943.06,
Player2_Car,53.90,495.002,-24.652,224.806,19.754,2.78,0.63,4,959.17,
Player1_Car,53.92,500.426,-24.652,209.574,20.001,3.26,0.60,4,943.46,
Player2_Car,53.92,494.809,-24.652,225.151,19.755,2.78,0.63,4,959.59,
Player1_Car,53.94,500.178,-24.652,209.888,20.001,3.28,0.60,4,943.86,
Player2_Car,53.94,494.617,-24.652,225.496,19.756,2.76,0.63,4,959.99,
Player1_Car,53.96,499.931,-24.652,210.203,20.001,3.28,0.60,4,944.26,
Player2_Car,53.96,494.426,-24.652,225.842,19.757,2.75,0.63,4,960.38,
Player1_Car,53.98,499.685,-24.652,210.519,20.001,3.24,0.60,4,944.63,
Player2_Car,53.98,494.236,-24.652,226.188,19.758,2.75,0.63,4,960.78,
Player1_Car,54.00,499.441,-24.652,210.836,20.001,3.22,0.60,4,945.03,
Player2_Car,54.00,494.048,-24.652,226.536,19.758,2.75,0.63,4,961.20,
Player1_Car,54.02,499.199,-24.652,211.154,20.002,3.24,0.60,4,945.43,
Player2_Car,54.02,493.861,-24.652,226.884,19.759,2.75,0.63,4,961.60,
Player1_Car,54.04,498.957,-24.652,211.473,20.002,3.24,0.60,4,945.83,
Player2_Car,54.04,493.675,-24.652,227.233,19.760,2.75,0.63,4,961.99,
Player1_Car,54.06,498.717,-24.652,211.793,20.002,3.19,0.60,4,946.19,
Player2_Car,54.06,493.490,-24.652,227.582,19.761,2.75,0.63,4,962.42,
Player1_Car,54.08,498.479,-24.652,212.114,20.002,3.18,0.60,4,946.59,
Player2_Car,54.08,493.307,-24.652,227.932,19.761,2.73,0.63,4,962.81,
Player1_Car,54.10,498.241,-24.652,212.436,20.002,3.19,0.60,4,946.99,
Player2_Car,54.10,493.125,-24.652,228.283,19.762,2.76,0.63,4,963.21,
Player1_Car,54.12,498.005,-24.652,212.759,20.002,3.19,0.60,4,947.39,
Player2_Car,54.12,492.944,-24.652,228.635,19.762,2.79,0.63,4,963.60,
Player1_Car,54.14,497.770,-24.652,213.083,20.002,3.14,0.60,4,947.75,
Player2_Car,54.14,492.765,-24.652,228.987,19.763,2.80,0.63,4,964.03,
Player1_Car,54.16,497.537,-24.652,213.408,20.002,3.13,0.60,4,948.15,
Player2_Car,54.16,492.586,-24.652,229.340,19.763,2.78,0.63,4,964.42,
Player1_Car,54.18,497.305,-24.652,213.734,20.002,3.15,0.60,4,948.55,
Player2_Car,54.18,492.410,-24.652,229.693,19.762,2.79,0.63,4,964.82,
Player1_Car,54.20,497.074,-24.652,214.060,20.002,3.13,0.60,4,948.91,
Player2_Car,54.20,492.234,-24.652,230.047,19.763,2.82,0.63,4,965.21,
Player1_Car,54.22,496.845,-24.652,214.388,20.002,3.10,0.60,4,949.31,
Player2_Car,54.22,492.060,-24.652,230.402,19.763,2.83,0.63,4,965.64,
Player1_Car,54.24,496.617,-24.652,214.717,20.002,3.11,0.60,4,949.71,
Player2_Car,54.24,491.887,-24.652,230.757,19.762,2.82,0.63,4,966.03,
Player1_Car,54.26,496.390,-24.652,215.046,20.003,3.12,0.60,4,950.11,
Player2_Car,54.26,491.716,-24.652,231.114,19.762,2.82,0.63,4,966.43,
Player1_Car,54.28,496.164,-24.652,215.377,20.003,3.09,0.60,4,950.49,
Player2_Car,54.28,491.545,-24.652,231.470,19.762,2.84,0.63,4,966.85,
Player1_Car,54.30,495.940,-24.652,215.708,20.003,3.06,0.60,4,950.89,
Player2_Car,54.30,491.377,-24.652,231.828,19.762,2.83,0.63,4,967.25,
Player1_Car,54.32,495.717,-24.652,216.040,20.003,3.07,0.60,4,951.29,
Player2_Car,54.32,491.209,-24.652,232.186,19.761,2.82,0.63,4,967.64,
Player1_Car,54.34,495.496,-24.652,216.373,20.003,3.08,0.60,4,951.69,
Player2_Car,54.34,491.043,-24.652,232.544,19.761,2.82,0.63,4,968.04,
Player1_Car,54.36,495.275,-24.652,216.707,20.003,3.05,0.60,4,952.07,
Player2_Car,54.36,490.879,-24.652,232.904,19.761,2.83,0.63,4,968.46,
Player1_Car,54.38,495.056,-24.652,217.042,20.003,3.03,0.60,4,952.47,
Player2_Car,54.38,490.715,-24.652,233.264,19.761,2.81,0.63,4,968.86,
Player1_Car,54.40,494.838,-24.652,217.378,20.003,3.04,0.60,4,952.87,
Player2_Car,54.40,490.553,-24.652,233.624,19.761,2.80,0.63,4,969.25,
Player1_Car,54.42,494.622,-24.652,217.714,20.003,3.05,0.60,4,953.27,
Player2_Car,54.42,490.393,-24.652,233.985,19.761,2.80,0.63,4,969.65,
Player1_Car,54.44,494.407,-24.652,218.051,20.003,3.01,0.60,4,953.65,
Player2_Car,54.44,490.234,-24.652,234.347,19.761,2.81,0.63,4,970.07,
Player1_Car,54.46,494.193,-24.652,218.389,20.003,3.00,0.60,4,954.05,
Player2_Car,54.46,490.076,-24.652,234.709,19.761,2.80,0.63,4,970.47,
Player1_Car,54.48,493.980,-24.652,218.728,20.003,3.02,0.60,4,954.45,
Player2_Car,54.48,489.919,-24.652,235.072,19.761,2.79,0.63,4,970.86,
Player1_Car,54.50,493.769,-24.652,219.068,20.003,3.01,0.60,4,954.85,
Player2_Car,54.50,489.764,-24.652,235.436,19.761,2.79,0.63,4,971.29,
Player1_Car,54.52,493.559,-24.652,219.408,20.003,2.98,0.60,4,955.22,
Player2_Car,54.52,489.610,-24.652,235.800,19.761,2.78,0.63,4,971.68,
Player1_Car,54.54,493.350,-24.652,219.750,20.003,2.98,0.60,4,955.62,
Player2_Car,54.54,489.458,-24.652,236.164,19.761,2.76,0.63,4,972.08,
Player1_Car,54.56,493.143,-24.652,220.092,20.003,2.99,0.60,4,956.02,
Player2_Car,54.56,489.307,-24.652,236.529,19.762,2.76,0.63,4,972.47,
Player1_Car,54.58,492.936,-24.652,220.435,20.004,2.97,0.60,4,956.40,
Player2_Car,54.58,489.157,-24.652,236.895,19.762,2.77,0.63,4,972.90,
Player1_Car,54.60,492.732,-24.652,220.778,20.004,2.95,0.60,4,956.80,
Player2_Car,54.60,489.008,-24.652,237.262,19.762,2.75,0.63,4,973.29,
Player1_Car,54.62,492.528,-24.652,221.122,20.004,2.96,0.60,4,957.20,
Player2_Car,54.62,488.861,-24.652,237.628,19.763,2.73,0.63,4,973.69,
Player1_Car,54.64,492.325,-24.652,221.468,20.004,2.97,0.60,4,957.60,
Player2_Car,54.64,488.715,-24.652,237.996,19.763,2.74,0.63,4,974.08,
Player1_Car,54.66,492.124,-24.652,221.813,20.004,2.94,0.60,4,957.98,
Player2_Car,54.66,488.571,-24.652,238.364,19.764,2.74,0.63,4,974.51,
Player1_Car,54.68,491.924,-24.652,222.160,20.004,2.93,0.60,4,958.38,
Player2_Car,54.68,488.428,-24.652,238.732,19.764,2.72,0.63,4,974.91,
Player1_Car,54.70,491.726,-24.652,222.507,20.004,2.94,0.60,4,958.78,
Player2_Car,54.70,488.286,-24.652,239.101,19.764,2.71,0.63,4,975.30,
Player1_Car,54.72,491.528,-24.652,222.855,20.004,2.95,0.60,4,959.18,
Player2_Car,54.72,488.145,-24.652,239.471,19.765,2.73,0.63,4,975.75,
Player1_Car,54.74,491.332,-24.652,223.204,20.004,2.92,0.60,4,959.56,
Player2_Car,54.74,488.006,-24.652,239.841,19.765,2.72,0.63,4,976.14,
Player1_Car,54.76,491.138,-24.652,223.553,20.004,2.91,0.60,4,959.96,
Player2_Car,54.76,487.869,-24.652,240.211,19.766,2.69,0.63,4,976.54,
Player1_Car,54.78,490.944,-24.652,223.904,20.004,2.92,0.60,4,960.36,
Player2_Car,54.78,487.732,-24.652,240.582,19.766,2.69,0.63,4,976.94,
Player1_Car,54.80,490.752,-24.652,224.254,20.004,2.92,0.60,4,960.76,
Player2_Car,54.80,487.597,-24.652,240.954,19.767,2.70,0.63,4,977.36,
Player1_Car,54.82,490.561,-24.652,224.606,20.004,2.89,0.60,4,961.14,
Player2_Car,54.82,487.463,-24.652,241.326,19.767,2.68,0.63,4,977.76,
Player1_Car,54.84,490.371,-24.652,224.958,20.004,2.90,0.60,4,961.54,
Player2_Car,54.84,487.330,-24.652,241.698,19.768,2.66,0.63,4,978.15,
Player1_Car,54.86,490.182,-24.652,225.311,20.004,2.92,0.60,4,961.94,
Player2_Car,54.86,487.199,-24.652,242.071,19.768,2.66,0.63,4,978.55,
Player1_Car,54.88,489.995,-24.652,225.664,20.004,2.91,0.60,4,962.32,
Player2_Car,54.88,487.069,-24.652,242.444,19.769,2.67,0.63,4,978.97,
Player1_Car,54.90,489.809,-24.652,226.019,20.004,2.89,0.60,4,962.72,
Player2_Car,54.90,486.940,-24.652,242.818,19.769,2.65,0.63,4,979.37,
Player1_Car,54.92,489.624,-24.652,226.374,20.004,2.93,0.60,4,963.12,
Player2_Car,54.92,486.813,-24.652,243.192,19.770,2.64,0.63,4,979.76,
Player1_Car,54.94,489.441,-24.652,226.729,20.004,2.97,0.60,4,963.52,
Player2_Car,54.94,486.687,-24.652,243.567,19.770,2.64,0.63,4,980.16,
Player1_Car,54.96,489.259,-24.652,227.085,20.004,2.96,0.60,4,963.89,
Player2_Car,54.96,486.562,-24.652,243.942,19.771,2.63,0.63,4,980.58,
Player1_Car,54.98,489.078,-24.652,227.442,20.004,2.94,0.60,4,964.29,
Player2_Car,54.98,486.438,-24.652,244.318,19.772,2.63,0.63,4,980.97,
Player1_Car,55.00,488.898,-24.652,227.800,20.004,2.97,0.60,4,964.69,
Player2_Car,55.00,486.316,-24.652,244.694,19.772,2.63,0.63,4,981.37,
Player1_Car,55.02,488.720,-24.652,228.158,20.004,3.00,0.60,4,965.09,
Player2_Car,55.02,486.195,-24.652,245.071,19.773,2.63,0.63,4,981.79,
Player1_Car,55.04,488.543,-24.652,228.517,20.004,2.98,0.60,4,965.47,
Player2_Car,55.04,486.075,-24.652,245.448,19.773,2.60,0.63,4,982.19,
Player1_Car,55.06,488.368,-24.652,228.876,20.004,2.97,0.60,4,965.87,
Player2_Car,55.06,485.957,-24.652,245.825,19.774,2.60,0.63,4,982.58,
Player1_Car,55.08,488.193,-24.652,229.236,20.004,2.99,0.60,4,966.27,
Player2_Car,55.08,485.840,-24.652,246.203,19.774,2.61,0.63,4,982.98,
Player1_Car,55.10,488.020,-24.652,229.597,20.004,3.00,0.60,4,966.67,
Player2_Car,55.10,485.724,-24.652,246.581,19.775,2.61,0.63,4,983.40,
Player1_Car,55.12,487.849,-24.652,229.959,20.004,2.97,0.60,4,967.05,
Player2_Car,55.12,485.609,-24.652,246.959,19.775,2.59,0.63,4,983.79,
Player1_Car,55.14,487.679,-24.652,230.321,20.004,2.97,0.60,4,967.45,
Player2_Car,55.14,485.496,-24.652,247.338,19.776,2.58,0.63,4,984.19,
Player1_Car,55.16,487.510,-24.652,230.683,20.004,2.98,0.60,4,967.85,
Player2_Car,55.16,485.384,-24.652,247.717,19.776,2.59,0.63,4,984.58,
Player1_Car,55.18,487.342,-24.652,231.047,20.004,2.99,0.60,4,968.25,
Player2_Car,55.18,485.273,-24.652,248.097,19.777,2.59,0.63,4,985.01,
Player1_Car,55.20,487.176,-24.652,231.411,20.004,2.96,0.60,4,968.63,
Player2_Car,55.20,485.163,-24.652,248.477,19.777,2.58,0.63,4,985.40,
Player1_Car,55.22,487.012,-24.652,231.775,20.004,2.96,0.60,4,969.03,
Player2_Car,55.22,485.055,-24.652,248.858,19.778,2.57,0.63,4,985.80,
Player1_Car,55.24,486.848,-24.652,232.140,20.004,2.97,0.60,4,969.43,
Player2_Car,55.24,484.948,-24.652,249.238,19.778,2.58,0.63,4,986.22,
Player1_Car,55.26,486.686,-24.652,232.506,20.004,2.96,0.60,4,969.81,
Player2_Car,55.26,484.842,-24.652,249.620,19.779,2.56,0.63,4,986.62,
Player1_Car,55.28,486.525,-24.652,232.873,20.004,2.93,0.60,4,970.21,
Player2_Car,55.28,484.738,-24.652,250.001,19.779,2.56,0.63,4,987.01,
Player1_Car,55.30,486.366,-24.652,233.240,20.004,2.94,0.60,4,970.61,
Player2_Car,55.30,484.634,-24.652,250.383,19.780,2.56,0.63,4,987.41,
Player1_Car,55.32,486.208,-24.652,233.607,20.004,2.95,0.60,4,971.01,
Player2_Car,55.32,484.532,-24.652,250.765,19.780,2.57,0.63,4,987.83,
Player1_Car,55.34,486.051,-24.652,233.975,20.004,2.93,0.60,4,971.38,
Player2_Car,55.34,484.431,-24.652,251.148,19.781,2.55,0.63,4,988.22,
Player1_Car,55.36,485.895,-24.652,234.344,20.004,2.91,0.60,4,971.79,
Player2_Car,55.36,484.332,-24.652,251.531,19.781,2.55,0.63,4,988.62,
Player1_Car,55.38,485.741,-24.652,234.713,20.004,2.92,0.60,4,972.19,
Player2_Car,55.38,484.234,-24.652,251.914,19.781,2.55,0.63,4,989.01,
Player1_Car,55.40,485.589,-24.652,235.083,20.004,2.93,0.60,4,972.59,
Player2_Car,55.40,484.136,-24.652,252.297,19.782,2.55,0.63,4,989.44,
Player1_Car,55.42,485.437,-24.652,235.453,20.004,2.90,0.60,4,972.96,
Player2_Car,55.42,484.041,-24.652,252.681,19.782,2.54,0.63,4,989.83,
Player1_Car,55.44,485.287,-24.652,235.824,20.004,2.89,0.60,4,973.36,
Player2_Car,55.44,483.946,-24.652,253.065,19.782,2.54,0.63,4,990.23,
Player1_Car,55.46,485.138,-24.652,236.195,20.004,2.90,0.60,4,973.76,
Player2_Car,55.46,483.853,-24.652,253.450,19.783,2.55,0.63,4,990.65,
Player1_Car,55.48,484.991,-24.652,236.567,20.004,2.90,0.60,4,974.16,
Player2_Car,55.48,483.761,-24.652,253.835,19.783,2.53,0.63,4,991.05,
Player1_Car,55.50,484.845,-24.652,236.940,20.004,2.87,0.60,4,974.54,
Player2_Car,55.50,483.670,-24.652,254.220,19.783,2.53,0.63,4,991.44,
Player1_Car,55.52,484.700,-24.652,237.313,20.004,2.86,0.60,4,974.94,
Player2_Car,55.52,483.580,-24.652,254.605,19.784,2.53,0.63,4,991.84,
Player1_Car,55.54,484.556,-24.652,237.686,20.005,2.87,0.60,4,975.34,
Player2_Car,55.54,483.492,-24.652,254.991,19.784,2.54,0.63,4,992.26,
Player1_Car,55.56,484.414,-24.652,238.060,20.005,2.86,0.60,4,975.71,
Player2_Car,55.56,483.405,-24.652,255.377,19.784,2.52,0.63,4,992.65,
Player1_Car,55.58,484.273,-24.652,238.435,20.005,2.83,0.60,4,976.10,
Player2_Car,55.58,483.319,-24.652,255.763,19.785,2.52,0.63,4,993.05,
Player1_Car,55.60,484.134,-24.652,238.809,20.005,2.84,0.60,4,976.50,
Player2_Car,55.60,483.235,-24.652,256.150,19.785,2.52,0.63,4,993.45,
Player1_Car,55.62,483.995,-24.652,239.185,20.005,2.85,0.60,4,976.90,
Player2_Car,55.62,483.151,-24.652,256.537,19.785,2.53,0.63,4,993.87,
Player1_Car,55.64,483.858,-24.652,239.561,20.005,2.83,0.60,4,977.28,
Player2_Car,55.64,483.069,-24.652,256.924,19.786,2.50,0.63,4,994.26,
Player1_Car,55.66,483.722,-24.652,239.937,20.005,2.81,0.60,4,977.68,
Player2_Car,55.66,482.988,-24.652,257.311,19.786,2.48,0.63,4,994.66,
Player1_Car,55.68,483.588,-24.652,240.314,20.005,2.82,0.60,4,978.08,
Player2_Car,55.68,482.909,-24.652,257.699,19.786,2.46,0.63,4,995.05,
Player1_Car,55.70,483.455,-24.652,240.691,20.005,2.83,0.60,4,978.48,
Player2_Car,55.70,482.830,-24.652,258.087,19.787,2.46,0.63,4,995.48,
Player1_Car,55.72,483.323,-24.652,241.069,20.005,2.81,0.60,4,978.86,
Player2_Car,55.72,482.753,-24.652,258.475,19.787,2.43,0.63,4,995.87,
Player1_Car,55.74,483.192,-24.652,241.447,20.005,2.79,0.60,4,979.26,
Player2_Car,55.74,482.677,-24.652,258.863,19.788,2.39,0.63,4,996.27,
Player1_Car,55.76,483.063,-24.652,241.826,20.005,2.80,0.60,4,979.66,
Player2_Car,55.76,482.602,-24.652,259.252,19.789,2.37,0.63,4,996.69,
Player1_Car,55.78,482.935,-24.652,242.205,20.005,2.81,0.60,4,980.06,
Player2_Car,55.78,482.528,-24.652,259.640,19.790,2.35,0.63,4,997.09,
Player1_Car,55.80,482.808,-24.652,242.584,20.005,2.79,0.60,4,980.44,
Player2_Car,55.80,482.455,-24.652,260.030,19.791,2.31,0.63,4,997.48,
Player1_Car,55.82,482.682,-24.652,242.964,20.005,2.78,0.60,4,980.84,
Player2_Car,55.82,482.384,-24.652,260.419,19.793,2.26,0.62,4,997.88,
Player1_Car,55.84,482.558,-24.652,243.345,20.005,2.79,0.60,4,981.24,
Player2_Car,55.84,482.313,-24.652,260.808,19.794,2.24,0.62,4,998.30,
Player1_Car,55.86,482.435,-24.652,243.725,20.005,2.79,0.60,4,981.64,
Player2_Car,55.86,482.244,-24.652,261.198,19.796,2.21,0.62,4,998.70,
Player1_Car,55.88,482.313,-24.652,244.106,20.005,2.76,0.60,4,982.02,
Player2_Car,55.88,482.175,-24.652,261.588,19.798,2.16,0.62,4,999.09,
Player1_Car,55.90,482.193,-24.652,244.488,20.005,2.76,0.60,4,982.42,
Player2_Car,55.90,482.107,-24.652,261.978,19.800,2.12,0.62,4,999.49,
Player1_Car,55.92,482.074,-24.652,244.870,20.005,2.78,0.60,4,982.82,
Player2_Car,55.92,482.041,-24.652,262.369,19.802,2.09,0.62,4,999.91,
Player1_Car,55.94,481.956,-24.652,245.252,20.005,2.77,0.60,4,983.20,
Player2_Car,55.94,481.975,-24.652,262.759,19.804,2.05,0.62,4,1000.31,
Player1_Car,55.96,481.839,-24.652,245.635,20.005,2.74,0.60,4,983.60,
Player2_Car,55.96,481.910,-24.652,263.150,19.806,2.01,0.62,4,1000.70,
Player1_Car,55.98,481.724,-24.652,246.018,20.005,2.75,0.60,4,984.00,
Player2_Car,55.98,481.846,-24.652,263.541,19.809,1.97,0.62,4,1001.12,
Player1_Car,56.00,481.610,-24.652,246.401,20.006,2.77,0.60,4,984.40,
Player2_Car,56.00,481.783,-24.652,263.932,19.811,1.93,0.62,4,1001.52,
Player1_Car,56.02,481.497,-24.652,246.785,20.006,2.75,0.60,4,984.78,
Player2_Car,56.02,481.721,-24.652,264.324,19.814,1.90,0.62,4,1001.92,
Player1_Car,56.04,481.385,-24.652,247.170,20.006,2.73,0.60,4,985.18,
Player2_Car,56.04,481.659,-24.652,264.715,19.817,1.86,0.62,4,1002.31,
Player1_Car,56.06,481.275,-24.652,247.554,20.006,2.74,0.60,4,985.58,
Player2_Car,56.06,481.599,-24.652,265.107,19.820,1.82,0.62,4,1002.73,
Player1_Car,56.08,481.165,-24.652,247.939,20.006,2.75,0.60,4,985.98,
Player2_Car,56.08,481.539,-24.652,265.499,19.823,1.78,0.62,4,1003.13,
Player1_Car,56.10,481.058,-24.652,248.324,20.006,2.73,0.60,4,986.36,
Player2_Car,56.10,481.479,-24.652,265.891,19.826,1.75,0.62,4,1003.53,
Player1_Car,56.12,480.951,-24.652,248.710,20.006,2.72,0.60,4,986.76,
Player2_Car,56.12,481.420,-24.652,266.283,19.829,1.71,0.62,4,1003.92,
Player1_Car,56.14,480.846,-24.652,249.096,20.006,2.74,0.60,4,987.16,
Player2_Car,56.14,481.362,-24.652,266.675,19.832,1.68,0.62,4,1004.35,
Player1_Car,56.16,480.741,-24.652,249.482,20.006,2.74,0.60,4,987.56,
Player2_Car,56.16,481.305,-24.652,267.068,19.835,1.64,0.62,4,1004.74,
Player1_Car,56.18,480.638,-24.652,249.869,20.006,2.72,0.60,4,987.93,
Player2_Car,56.18,481.248,-24.652,267.461,19.838,1.61,0.62,4,1005.14,
Player1_Car,56.20,480.537,-24.652,250.256,20.006,2.71,0.60,4,988.34,
Player2_Car,56.20,481.192,-24.652,267.853,19.841,1.57,0.62,4,1005.56,
Player1_Car,56.22,480.436,-24.652,250.643,20.006,2.73,0.60,4,988.74,
Player2_Car,56.22,481.136,-24.652,268.246,19.844,1.54,0.62,4,1005.96,
Player1_Car,56.24,480.337,-24.652,251.031,20.006,2.73,0.60,4,989.13,
Player2_Car,56.24,481.081,-24.652,268.639,19.847,1.51,0.62,4,1006.35,
Player1_Car,56.26,480.239,-24.652,251.419,20.006,2.70,0.60,4,989.51,
Player2_Car,56.26,481.026,-24.652,269.033,19.850,1.48,0.62,4,1006.75,
Player1_Car,56.28,480.143,-24.652,251.807,20.006,2.70,0.60,4,989.91,
Player2_Car,56.28,480.972,-24.652,269.426,19.853,1.45,0.62,4,1007.15,
Player1_Car,56.30,480.047,-24.652,252.196,20.006,2.72,0.60,4,990.31,
Player2_Car,56.30,480.918,-24.652,269.819,19.857,1.42,0.62,4,1007.55,
Player1_Car,56.32,479.953,-24.652,252.584,20.006,2.71,0.60,4,990.69,
Player2_Car,56.32,480.864,-24.652,270.213,19.860,1.38,0.62,4,1007.94,
Player1_Car,56.34,479.860,-24.652,252.974,20.006,2.69,0.60,4,991.09,
Player2_Car,56.34,480.811,-24.652,270.607,19.863,1.34,0.62,4,1008.34,
Player1_Car,56.36,479.768,-24.652,253.363,20.006,2.70,0.60,4,991.49,
Player2_Car,56.36,480.759,-24.652,271.000,19.866,1.31,0.62,4,1008.74,
Player1_Car,56.38,479.678,-24.652,253.753,20.006,2.72,0.60,4,991.89,
Player2_Car,56.38,480.706,-24.652,271.394,19.869,1.28,0.62,4,1009.14,
Player1_Car,56.40,479.588,-24.652,254.143,20.006,2.70,0.60,4,992.27,
Player2_Car,56.40,480.654,-24.652,271.788,19.872,1.22,0.62,4,1009.53,
Player1_Car,56.42,479.500,-24.652,254.533,20.006,2.68,0.60,4,992.67,
Player2_Car,56.42,480.602,-24.652,272.182,19.875,1.15,0.61,4,1009.93,
Player1_Car,56.44,479.413,-24.652,254.924,20.006,2.69,0.60,4,993.07,
Player2_Car,56.44,480.551,-24.652,272.577,19.878,1.12,0.61,4,1010.33,
Player1_Car,56.46,479.328,-24.652,255.315,20.006,2.70,0.60,4,993.47,
Player2_Car,56.46,480.500,-24.652,272.971,19.882,1.09,0.61,4,1010.72,
Player1_Car,56.48,479.243,-24.652,255.706,20.006,2.68,0.60,4,993.85,
Player2_Car,56.48,480.448,-24.652,273.365,19.886,1.02,0.61,4,1011.12,
Player1_Car,56.50,479.160,-24.652,256.097,20.006,2.66,0.60,4,994.25,
Player2_Car,56.50,480.397,-24.652,273.760,19.889,0.95,0.61,4,1011.52,
Player1_Car,56.52,479.078,-24.652,256.489,20.006,2.65,0.60,4,994.65,
Player2_Car,56.52,480.346,-24.652,274.155,19.893,0.92,0.61,4,1011.92,
Player1_Car,56.54,478.998,-24.652,256.881,20.006,2.63,0.60,4,995.05,
Player2_Car,56.54,480.295,-24.652,274.549,19.897,0.88,0.61,4,1012.31,
Player1_Car,56.56,478.918,-24.652,257.273,20.006,2.60,0.60,4,995.43,
Player2_Car,56.56,480.244,-24.652,274.944,19.901,0.80,0.61,4,1012.71,
Player1_Car,56.58,478.840,-24.652,257.665,20.006,2.58,0.60,4,995.83,
Player2_Car,56.58,480.193,-24.652,275.339,19.905,0.74,0.61,4,1013.11,
Player1_Car,56.60,478.763,-24.652,258.058,20.007,2.55,0.60,4,996.23,
Player2_Car,56.60,480.142,-24.652,275.734,19.909,0.68,0.61,4,1013.51,
Player1_Car,56.62,478.687,-24.652,258.451,20.007,2.52,0.60,4,996.61,
Player2_Car,56.62,480.091,-24.652,276.129,19.913,0.56,0.61,4,1013.91,
Player1_Car,56.64,478.612,-24.652,258.844,20.007,2.49,0.60,4,997.01,
Player2_Car,56.64,480.040,-24.652,276.524,19.918,0.44,0.61,4,1014.30,
Player1_Car,56.66,478.538,-24.652,259.237,20.007,2.46,0.60,4,997.41,
Player2_Car,56.66,479.988,-24.652,276.919,19.923,0.33,0.61,4,1014.70,
Player1_Car,56.68,478.465,-24.652,259.630,20.007,2.43,0.60,4,997.81,
Player2_Car,56.68,479.936,-24.652,277.314,19.929,0.21,0.61,4,1015.10,
Player1_Car,56.70,478.393,-24.652,260.024,20.007,2.39,0.60,4,998.19,
Player2_Car,56.70,479.884,-24.652,277.709,19.935,0.06,0.61,4,1015.50,
Player1_Car,56.72,478.322,-24.652,260.418,20.008,2.36,0.60,4,998.59,
Player2_Car,56.72,479.832,-24.652,278.105,19.942,-0.09,0.61,4,1015.90,
Player1_Car,56.74,478.253,-24.652,260.812,20.008,2.33,0.60,4,998.99,
Player2_Car,56.74,479.779,-24.652,278.500,19.949,-0.23,0.61,4,1016.29,
Player1_Car,56.76,478.184,-24.652,261.206,20.008,2.30,0.60,4,999.39,
Player2_Car,56.76,479.726,-24.652,278.896,19.956,-0.38,0.61,4,1016.69,
Player1_Car,56.78,478.116,-24.652,261.601,20.008,2.26,0.60,4,999.77,
Player2_Car,56.78,479.673,-24.652,279.291,19.963,-0.55,0.60,4,1017.09,
Player1_Car,56.80,478.049,-24.652,261.995,20.008,2.22,0.60,4,1000.17,
Player2_Car,56.80,479.619,-24.652,279.687,19.969,-0.72,0.60,4,1017.49,
Player1_Car,56.82,477.983,-24.652,262.390,20.009,2.19,0.60,4,1000.57,
Player2_Car,56.82,479.565,-24.652,280.083,19.974,-0.88,0.60,4,1017.89,
Player1_Car,56.84,477.918,-24.652,262.785,20.009,2.15,0.60,4,1000.97,
Player2_Car,56.84,479.510,-24.652,280.478,19.979,-1.08,0.60,4,1018.29,
Player1_Car,56.86,477.854,-24.652,263.180,20.009,2.12,0.60,4,1001.35,
Player2_Car,56.86,479.455,-24.652,280.874,19.983,-1.24,0.60,4,1018.69,
Player1_Car,56.88,477.790,-24.652,263.575,20.009,2.08,0.60,4,1001.75,
Player2_Car,56.88,479.399,-24.652,281.270,19.987,-1.28,0.60,4,1019.09,
Player1_Car,56.90,477.727,-24.652,263.970,20.009,2.05,0.60,4,1002.15,
Player2_Car,56.90,479.344,-24.652,281.666,19.989,-1.32,0.60,4,1019.49,
Player1_Car,56.92,477.666,-24.652,264.365,20.010,2.01,0.60,4,1002.54,
Player2_Car,56.92,479.287,-24.652,282.062,19.991,-1.47,0.60,4,1019.89,
Player1_Car,56.94,477.604,-24.652,264.761,20.010,1.98,0.60,4,1002.93,
Player2_Car,56.94,479.231,-24.652,282.458,19.994,-1.62,0.60,4,1020.29,
Player1_Car,56.96,477.544,-24.652,265.156,20.010,1.95,0.60,4,1003.33,
Player2_Car,56.96,479.174,-24.652,282.853,19.995,-1.67,0.60,4,1020.68,
Player1_Car,56.98,477.484,-24.652,265.552,20.010,1.91,0.60,4,1003.73,
Player2_Car,56.98,479.116,-24.652,283.249,19.997,-1.71,0.60,4,1021.07,
Player1_Car,57.00,477.425,-24.652,265.948,20.011,1.88,0.60,4,1004.11,
Player2_Car,57.00,479.057,-24.652,283.645,19.999,-1.84,0.60,4,1021.47,
Player1_Car,57.02,477.366,-24.652,266.344,20.011,1.85,0.60,4,1004.51,
Player2_Car,57.02,478.998,-24.652,284.040,20.000,-1.97,0.60,4,1021.87,
Player1_Car,57.04,477.308,-24.652,266.740,20.011,1.82,0.60,4,1004.91,
Player2_Car,57.04,478.937,-24.652,284.436,20.001,-2.01,-0.72,4,1022.25,
Player1_Car,57.06,477.251,-24.652,267.136,20.011,1.79,0.60,4,1005.31,
Player2_Car,57.06,478.876,-24.652,284.831,20.002,-2.06,0.60,4,1022.65,
Player1_Car,57.08,477.194,-24.652,267.532,20.012,1.76,0.60,4,1005.69,
Player2_Car,57.08,478.817,-24.652,285.211,19.212,-2.07,0.69,4,1023.04,
Player1_Car,57.10,477.137,-24.652,267.928,20.012,1.73,0.60,4,1006.09,
Player2_Car,57.10,478.756,-24.652,285.590,19.222,-2.09,0.69,4,1023.42,
Player1_Car,57.12,477.082,-24.652,268.325,20.012,1.70,0.60,4,1006.49,
Player2_Car,57.12,478.695,-24.652,285.971,19.289,-2.20,-0.63,4,1023.78,
Player1_Car,57.14,477.026,-24.652,268.721,20.012,1.68,0.60,4,1006.89,
Player2_Car,57.14,478.632,-24.652,286.353,19.355,-2.33,0.68,4,1024.17,
Player1_Car,57.16,476.971,-24.652,269.117,20.012,1.65,0.60,4,1007.29,
Player2_Car,57.16,478.570,-24.652,286.721,18.623,-2.31,0.77,4,1024.54,
Player1_Car,57.18,476.917,-24.652,269.514,20.013,1.62,0.60,4,1007.69,
Player2_Car,57.18,478.505,-24.652,287.101,19.286,-2.47,0.69,4,1024.93,
Player1_Car,57.20,476.863,-24.652,269.911,20.013,1.58,0.60,4,1008.09,
Player2_Car,57.20,478.437,-24.652,287.495,19.995,-2.79,-0.72,4,1025.31,
Player1_Car,57.22,476.809,-24.652,270.307,20.013,1.54,0.60,4,1008.49,
Player2_Car,57.22,478.365,-24.652,287.901,20.647,-3.07,0.52,4,1025.72,
Player1_Car,57.24,476.756,-24.652,270.704,20.013,1.52,0.60,4,1008.89,
Player2_Car,57.24,478.293,-24.652,288.304,20.448,-3.07,0.55,4,1026.13,
Player1_Car,57.26,476.703,-24.652,271.101,20.014,1.47,0.60,4,1009.29,
Player2_Car,57.26,478.217,-24.652,288.717,20.995,-2.97,0.48,4,1026.52,
Player1_Car,57.28,476.650,-24.652,271.497,20.014,1.41,0.60,4,1009.69,
Player2_Car,57.28,478.136,-24.652,289.140,21.552,-3.25,-0.91,4,1026.96,
Player1_Car,57.30,476.598,-24.652,271.894,20.014,1.37,0.60,4,1010.09,
Player2_Car,57.30,478.053,-24.652,289.574,22.062,-3.62,-0.97,4,1027.40,
Player1_Car,57.32,476.546,-24.652,272.291,20.015,1.34,0.60,4,1010.49,
Player2_Car,57.32,477.969,-24.652,290.000,21.734,-3.65,0.39,4,1027.83,
Player1_Car,57.34,476.494,-24.652,272.688,20.015,1.28,0.60,4,1010.89,
Player2_Car,57.34,477.884,-24.652,290.419,21.372,-3.39,-0.88,4,1028.24,
Player1_Car,57.36,476.442,-24.652,273.085,20.016,1.22,0.60,4,1011.29,
Player2_Car,57.36,477.795,-24.652,290.846,21.830,-3.39,-0.94,4,1028.67,
Player1_Car,57.38,476.391,-24.652,273.482,20.016,1.17,0.60,4,1011.69,
Player2_Car,57.38,477.706,-24.652,291.267,21.518,-3.70,-0.90,4,1029.10,
Player1_Car,57.40,476.339,-24.652,273.879,20.016,1.14,0.60,4,1012.09,
Player2_Car,57.40,477.616,-24.652,291.681,21.176,-3.75,-0.86,4,1029.51,
Player1_Car,57.42,476.287,-24.652,274.276,20.016,1.08,0.60,4,1012.49,
Player2_Car,57.42,477.525,-24.652,292.089,20.859,-3.57,-0.82,4,1029.92,
Player1_Car,57.44,476.236,-24.652,274.673,20.016,1.01,0.60,4,1012.89,
Player2_Car,57.44,477.433,-24.652,292.490,20.572,-3.51,-0.79,4,1030.33,
Player1_Car,57.46,476.184,-24.652,275.070,20.017,0.97,0.60,4,1013.29,
Player2_Car,57.46,477.341,-24.652,292.885,20.311,-3.62,-0.76,4,1030.74,
Player1_Car,57.48,476.133,-24.652,275.467,20.017,0.87,0.60,4,1013.69,
Player2_Car,57.48,477.248,-24.652,293.276,20.074,-3.66,-0.73,4,1031.11,
Player1_Car,57.50,476.081,-24.652,275.864,20.018,0.75,0.60,4,1014.10,
Player2_Car,57.50,477.154,-24.652,293.662,19.858,-3.65,0.62,4,1031.51,
Player1_Car,57.52,476.029,-24.652,276.261,20.018,0.63,0.60,4,1014.50,
Player2_Car,57.52,477.059,-24.652,294.043,19.662,-3.67,0.64,4,1031.90,
Player1_Car,57.54,475.977,-24.652,276.658,20.018,0.51,0.60,4,1014.90,
Player2_Car,57.54,476.958,-24.652,294.436,20.276,-3.85,0.57,4,1032.31,
Player1_Car,57.56,475.925,-24.652,277.055,20.019,0.37,0.60,4,1015.30,
Player2_Car,57.56,476.853,-24.652,294.840,20.897,-4.18,0.49,4,1032.69,
Player1_Car,57.58,475.872,-24.652,277.452,20.019,0.22,0.60,4,1015.70,
Player2_Car,57.58,476.742,-24.652,295.255,21.466,-4.47,0.42,4,1033.12,
Player1_Car,57.60,475.819,-24.652,277.848,20.020,0.07,0.60,4,1016.10,
Player2_Car,57.60,476.626,-24.652,295.679,21.982,-4.59,0.36,4,1033.56,
Player1_Car,57.62,475.766,-24.652,278.245,20.020,-0.07,0.60,4,1016.50,
Player2_Car,57.62,476.504,-24.652,296.111,22.452,-4.69,0.31,4,1033.97,
Player1_Car,57.64,475.713,-24.652,278.642,20.021,-0.25,0.60,4,1016.90,
Player2_Car,57.64,476.377,-24.652,296.551,22.879,-4.88,0.25,4,1034.43,
Player1_Car,57.66,475.659,-24.652,279.039,20.021,-0.42,0.60,4,1017.30,
Player2_Car,57.66,476.245,-24.652,296.997,23.267,-5.17,0.21,4,1034.89,
Player1_Car,57.68,475.605,-24.652,279.436,20.022,-0.59,0.60,4,1017.70,
Player2_Car,57.68,476.107,-24.652,297.449,23.619,-5.33,0.17,4,1035.36,
Player1_Car,57.70,475.550,-24.652,279.832,20.022,-0.77,0.60,4,1018.10,
Player2_Car,57.70,475.964,-24.652,297.906,23.939,-5.38,0.13,4,1035.81,
Player1_Car,57.72,475.495,-24.652,280.229,20.022,-0.97,0.60,4,1018.50,
Player2_Car,57.72,475.816,-24.652,298.367,24.229,-5.53,0.09,4,1036.29,
Player1_Car,57.74,475.440,-24.652,280.626,20.022,-1.17,0.60,4,1018.90,
Player2_Car,57.74,475.662,-24.652,298.833,24.494,-5.72,0.06,4,1036.78,
Player1_Car,57.76,475.384,-24.652,281.022,20.022,-1.37,0.60,4,1019.30,
Player2_Car,57.76,475.503,-24.652,299.301,24.734,-5.86,0.03,4,1037.24,
Player1_Car,57.78,475.328,-24.652,281.419,20.021,-1.55,0.60,4,1019.70,
Player2_Car,57.78,475.339,-24.652,299.772,24.951,-5.95,0.01,4,1037.74,
Player1_Car,57.80,475.271,-24.652,281.815,20.021,-1.67,0.60,4,1020.11,
Player2_Car,57.80,475.169,-24.652,300.246,25.149,-6.06,-0.02,4,1038.24,
Player1_Car,57.82,475.214,-24.652,282.211,20.020,-1.74,0.60,4,1020.51,
Player2_Car,57.82,474.994,-24.652,300.721,25.329,-6.16,-0.04,4,1038.71,
Player1_Car,57.84,475.157,-24.652,282.607,20.019,-1.81,0.60,4,1020.92,
Player2_Car,57.84,474.813,-24.652,301.197,25.493,-6.24,-0.06,4,1039.22,
Player1_Car,57.86,475.099,-24.652,283.004,20.018,-1.96,0.60,4,1021.32,
Player2_Car,57.86,474.627,-24.652,301.675,25.641,-6.37,-0.08,4,1039.73,
Player1_Car,57.88,475.040,-24.652,283.400,20.018,-2.10,0.60,4,1021.72,
Player2_Car,57.88,474.435,-24.652,302.154,25.776,-6.44,-0.09,4,1040.21,
Player1_Car,57.90,474.980,-24.652,283.796,20.017,-2.19,-0.72,4,1022.15,
Player2_Car,57.90,474.238,-24.652,302.633,25.898,-6.49,-0.11,4,1040.73,
Player1_Car,57.92,474.920,-24.652,284.191,20.016,-2.25,0.60,4,1022.55,
Player2_Car,57.92,474.036,-24.652,303.112,26.009,-6.61,-0.12,4,1041.25,
Player1_Car,57.94,474.862,-24.652,284.571,19.223,-2.25,0.69,4,1022.93,
Player2_Car,57.94,473.828,-24.652,303.591,26.110,-6.65,-0.13,4,1041.74,
Player1_Car,57.96,474.802,-24.652,284.951,19.232,-2.28,0.69,4,1023.32,
Player2_Car,57.96,473.615,-24.652,304.070,26.202,-6.71,-0.14,4,1042.26,
Player1_Car,57.98,474.741,-24.652,285.332,19.298,-2.44,-0.64,4,1023.73,
Player2_Car,57.98,473.396,-24.652,304.548,26.285,-6.77,-0.15,4,1042.76,
Player1_Car,58.00,474.680,-24.652,285.715,19.362,-2.56,-0.64,4,1024.12,
Player2_Car,58.00,473.172,-24.652,305.025,26.361,-6.81,-0.16,4,1043.27,
Player1_Car,58.02,474.619,-24.652,286.082,18.629,-2.54,0.76,4,1024.49,
Player2_Car,58.02,472.943,-24.652,305.502,26.429,-6.90,-0.17,4,1043.80,
Player1_Car,58.04,474.561,-24.652,286.435,17.899,-2.43,0.85,4,1024.85,
Player2_Car,58.04,472.709,-24.652,305.977,26.492,-6.93,-0.18,4,1044.28,
Player1_Car,58.06,474.500,-24.652,286.791,18.023,-2.50,-0.48,4,1025.24,
Player2_Car,58.06,472.469,-24.652,306.451,26.548,-6.95,-0.19,4,1044.81,
Player1_Car,58.08,474.438,-24.652,287.149,18.199,-2.71,-0.50,4,1025.60,
Player2_Car,58.08,472.224,-24.652,306.923,26.600,-7.04,-0.19,4,1045.35,
Player1_Car,58.10,474.377,-24.652,287.496,17.571,-2.76,-0.43,4,1025.96,
Player2_Car,58.10,471.974,-24.652,307.393,26.647,-7.06,-0.20,4,1045.84,
Player1_Car,58.12,474.318,-24.652,287.829,16.938,-2.63,-0.35,4,1026.29,
Player2_Car,58.12,471.718,-24.652,307.862,26.689,-7.08,-0.20,4,1046.37,
Player1_Car,58.14,474.259,-24.652,288.151,16.357,-2.54,-0.28,4,1026.65,
Player2_Car,58.14,471.458,-24.652,308.329,26.727,-7.14,-0.21,4,1046.90,
Player1_Car,58.16,474.202,-24.652,288.462,15.829,-2.54,-0.22,4,1026.97,
Player2_Car,58.16,471.192,-24.652,308.793,26.762,-7.14,-0.21,4,1047.40,
Player1_Car,58.18,474.146,-24.652,288.764,15.350,-2.58,-0.16,4,1027.27,
Player2_Car,58.18,470.927,-24.652,309.245,26.194,-6.85,-0.14,4,1047.92,
Player1_Car,58.20,474.090,-24.652,289.057,14.914,-2.60,-0.11,4,1027.57,
Player2_Car,58.20,470.663,-24.652,309.685,25.630,-6.51,-0.08,4,1048.43,
Player1_Car,58.22,474.035,-24.652,289.342,14.518,-2.60,-0.06,4,1027.86,
Player2_Car,58.22,470.399,-24.652,310.112,25.114,-6.28,-0.01,4,1048.89,
Player1_Car,58.24,473.981,-24.652,289.620,14.158,-2.64,-0.02,4,1028.18,
Player2_Car,58.24,470.137,-24.652,310.529,24.646,-6.20,0.04,4,1049.39,
Player1_Car,58.26,473.927,-24.652,289.892,13.831,-2.66,0.02,4,1028.45,
Player2_Car,58.26,469.874,-24.652,310.937,24.221,-6.09,0.09,4,1049.87,
Player1_Car,58.28,473.874,-24.652,290.157,13.533,-2.66,0.06,4,1028.72,
Player2_Car,58.28,469.612,-24.652,311.335,23.834,-5.85,0.14,4,1050.30,
Player1_Car,58.30,473.821,-24.652,290.417,13.263,-2.68,0.09,4,1028.99,
Player2_Car,58.30,469.350,-24.652,311.725,23.482,-5.70,0.18,4,1050.77,
Player1_Car,58.32,473.769,-24.652,290.672,13.017,-2.70,0.12,4,1029.25,
Player2_Car,58.32,469.088,-24.652,312.107,23.164,-5.67,0.22,4,1051.24,
Player1_Car,58.34,473.716,-24.652,290.922,12.794,-2.75,0.14,4,1029.54,
Player2_Car,58.34,468.826,-24.652,312.481,22.874,-5.55,0.26,4,1051.66,
Player1_Car,58.36,473.664,-24.652,291.169,12.591,-2.77,0.17,4,1029.79,
Player2_Car,58.36,468.564,-24.652,312.850,22.610,-5.40,0.29,4,1052.11,
Player1_Car,58.38,473.612,-24.652,291.411,12.406,-2.81,0.19,4,1030.04,
Player2_Car,58.38,468.301,-24.652,313.212,22.371,-5.33,0.32,4,1052.56,
Player1_Car,58.40,473.561,-24.652,291.651,12.238,-2.86,0.21,4,1030.28,
Player2_Car,58.40,468.037,-24.652,313.568,22.154,-5.31,0.34,4,1053.00,
Player1_Car,58.42,473.509,-24.652,291.887,12.086,-2.90,0.23,4,1030.52,
Player2_Car,58.42,467.773,-24.652,313.919,21.957,-5.21,0.37,4,1053.40,
Player1_Car,58.44,473.457,-24.652,292.120,11.947,-2.93,0.25,4,1030.76,
Player2_Car,58.44,467.508,-24.652,314.264,21.777,-5.09,0.39,4,1053.84,
Player1_Car,58.46,473.405,-24.652,292.351,11.821,-3.00,0.26,4,1031.04,
Player2_Car,58.46,467.242,-24.652,314.605,21.614,-5.06,0.41,4,1054.27,
Player1_Car,58.48,473.353,-24.652,292.579,11.706,-3.03,0.28,4,1031.27,
Player2_Car,58.48,466.975,-24.652,314.942,21.466,-5.02,0.42,4,1054.66,
Player1_Car,58.50,473.301,-24.652,292.805,11.602,-3.03,0.29,4,1031.50,
Player2_Car,58.50,466.708,-24.652,315.274,21.332,-4.97,0.44,4,1055.09,
Player1_Car,58.52,473.248,-24.652,293.029,11.507,-3.05,0.30,4,1031.73,
Player2_Car,58.52,466.439,-24.652,315.602,21.209,-4.91,0.45,4,1055.51,
Player1_Car,58.54,473.196,-24.652,293.251,11.421,-3.12,0.31,4,1031.96,
Player2_Car,58.54,466.169,-24.652,315.926,21.098,-4.87,0.47,4,1055.94,
Player1_Car,58.56,473.143,-24.652,293.472,11.343,-3.18,0.32,4,1032.19,
Player2_Car,58.56,465.897,-24.652,316.247,20.998,-4.82,0.48,4,1056.32,
Player1_Car,58.58,473.090,-24.652,293.691,11.272,-3.21,0.33,4,1032.41,
Player2_Car,58.58,465.625,-24.652,316.564,20.906,-4.80,0.49,4,1056.74,
Player1_Car,58.60,473.036,-24.652,293.909,11.207,-3.29,0.34,4,1032.69,
Player2_Car,58.60,465.351,-24.652,316.878,20.823,-4.77,0.50,4,1057.15,
Player1_Car,58.62,472.982,-24.652,294.125,11.148,-3.31,0.34,4,1032.92,
Player2_Car,58.62,465.076,-24.652,317.188,20.747,-4.69,0.51,4,1057.53,
Player1_Car,58.64,472.928,-24.652,294.340,11.095,-3.30,0.35,4,1033.14,
Player2_Car,58.64,464.799,-24.652,317.496,20.678,-4.68,0.52,4,1057.94,
Player1_Car,58.66,472.873,-24.652,294.554,11.046,-3.31,0.35,4,1033.36,
Player2_Car,58.66,464.521,-24.652,317.800,20.616,-4.70,0.53,4,1058.36,
Player1_Car,58.68,472.818,-24.652,294.767,11.002,-3.39,0.36,4,1033.58,
Player2_Car,58.68,464.242,-24.652,318.102,20.560,-4.67,0.53,4,1058.77,
Player1_Car,58.70,472.762,-24.652,294.979,10.962,-3.46,0.36,4,1033.80,
Player2_Car,58.70,463.961,-24.652,318.400,20.508,-4.57,0.54,4,1059.14,
Player1_Car,58.72,472.706,-24.652,295.190,10.925,-3.56,0.37,4,1034.08,
Player2_Car,58.72,463.678,-24.652,318.696,20.461,-4.57,0.54,4,1059.55,
Player1_Car,58.74,472.649,-24.652,295.401,10.891,-3.57,0.37,4,1034.29,
Player2_Car,58.74,463.394,-24.652,318.990,20.419,-4.61,0.55,4,1059.96,
Player1_Car,58.76,472.592,-24.652,295.610,10.861,-3.55,0.38,4,1034.51,
Player2_Car,58.76,463.109,-24.652,319.281,20.380,-4.56,0.55,4,1060.35,
Player1_Car,58.78,472.534,-24.652,295.819,10.833,-3.56,0.38,4,1034.73,
Player2_Car,58.78,462.821,-24.652,319.569,20.345,-4.47,0.56,4,1060.73,
Player1_Car,58.80,472.476,-24.652,296.027,10.808,-3.59,0.38,4,1034.94,
Player2_Car,58.80,462.533,-24.652,319.855,20.313,-4.47,0.56,4,1061.14,
Player1_Car,58.82,472.417,-24.652,296.235,10.785,-3.67,0.39,4,1035.16,
Player2_Car,58.82,462.242,-24.652,320.138,20.284,-4.49,0.57,4,1061.55,
Player1_Car,58.84,472.357,-24.652,296.441,10.765,-3.73,0.39,4,1035.38,
Player2_Car,58.84,461.950,-24.652,320.419,20.258,-4.41,0.57,4,1061.91,
Player1_Car,58.86,472.297,-24.652,296.648,10.745,-3.83,0.39,4,1035.65,
Player2_Car,58.86,461.657,-24.652,320.697,20.234,-4.35,0.57,4,1062.32,
Player1_Car,58.88,472.236,-24.652,296.854,10.728,-3.83,0.39,4,1035.86,
Player2_Car,58.88,461.362,-24.652,320.974,20.213,-4.36,0.57,4,1062.72,
Player1_Car,58.90,472.175,-24.652,297.059,10.712,-3.81,0.39,4,1036.08,
Player2_Car,58.90,461.065,-24.652,321.248,20.193,-4.36,0.58,4,1063.13,
Player1_Car,58.92,472.112,-24.652,297.263,10.698,-3.81,0.40,4,1036.29,
Player2_Car,58.92,460.767,-24.652,321.520,20.175,-4.37,0.58,4,1063.50,
Player1_Car,58.94,472.050,-24.652,297.468,10.685,-3.85,0.40,4,1036.51,
Player2_Car,58.94,460.467,-24.652,321.789,20.159,-4.38,0.58,4,1063.91,
Player1_Car,58.96,471.986,-24.652,297.671,10.673,-3.93,0.40,4,1036.72,
Player2_Car,58.96,460.166,-24.652,322.056,20.144,-4.36,0.58,4,1064.31,
Player1_Car,58.98,471.922,-24.652,297.875,10.662,-4.05,0.40,4,1036.99,
Player2_Car,58.98,459.863,-24.652,322.322,20.130,-4.32,0.58,4,1064.71,
Player1_Car,59.00,471.857,-24.652,298.078,10.652,-4.06,0.40,4,1037.21,
Player2_Car,59.00,459.558,-24.652,322.585,20.117,-4.24,0.59,4,1065.08,
Player1_Car,59.02,471.791,-24.652,298.280,10.643,-4.02,0.40,4,1037.42,
Player2_Car,59.02,459.252,-24.652,322.846,20.106,-4.25,0.59,4,1065.49,
Player1_Car,59.04,471.724,-24.652,298.482,10.635,-4.01,0.40,4,1037.63,
Player2_Car,59.04,458.945,-24.652,323.105,20.096,-4.27,0.59,4,1065.89,
Player1_Car,59.06,471.657,-24.652,298.684,10.627,-4.03,0.40,4,1037.84,
Player2_Car,59.06,458.636,-24.652,323.362,20.087,-4.23,0.59,4,1066.26,
Player1_Car,59.08,471.589,-24.652,298.885,10.621,-4.09,0.41,4,1038.06,
Player2_Car,59.08,458.326,-24.652,323.617,20.078,-4.16,0.59,4,1066.66,
Player1_Car,59.10,471.520,-24.652,299.086,10.615,-4.15,0.41,4,1038.27,
Player2_Car,59.10,458.014,-24.652,323.870,20.070,-4.17,0.59,4,1067.06,
Player1_Car,59.12,471.451,-24.652,299.286,10.609,-4.25,0.41,4,1038.54,
Player2_Car,59.12,457.701,-24.652,324.121,20.064,-4.19,0.59,4,1067.46,
Player1_Car,59.14,471.380,-24.652,299.486,10.604,-4.26,0.41,4,1038.75,
Player2_Car,59.14,457.387,-24.652,324.370,20.057,-4.13,0.59,4,1067.83,
Player1_Car,59.16,471.309,-24.652,299.686,10.599,-4.21,0.41,4,1038.96,
Player2_Car,59.16,457.071,-24.652,324.617,20.051,-4.09,0.59,4,1068.23,
Player1_Car,59.18,471.237,-24.652,299.885,10.594,-4.20,0.41,4,1039.18,
Player2_Car,59.18,456.753,-24.652,324.862,20.046,-4.10,0.59,4,1068.63,
Player1_Car,59.20,471.164,-24.652,300.084,10.590,-4.21,0.41,4,1039.39,
Player2_Car,59.20,456.435,-24.652,325.105,20.042,-4.11,0.59,4,1069.03,
Player1_Car,59.22,471.090,-24.652,300.282,10.587,-4.28,0.41,4,1039.60,
Player2_Car,59.22,456.115,-24.652,325.346,20.038,-4.05,0.60,4,1069.40,
Player1_Car,59.24,471.016,-24.652,300.481,10.584,-4.42,0.41,4,1039.87,
Player2_Car,59.24,455.793,-24.652,325.585,20.034,-4.02,0.60,4,1069.80,
Player1_Car,59.26,470.940,-24.652,300.678,10.581,-4.42,0.41,4,1040.08,
Player2_Car,59.26,455.471,-24.652,325.823,20.030,-4.04,0.60,4,1070.20,
Player1_Car,59.28,470.864,-24.652,300.876,10.577,-4.37,0.41,4,1040.29,
Player2_Car,59.28,455.147,-24.652,326.058,20.027,-4.04,0.60,4,1070.60,
Player1_Car,59.30,470.787,-24.652,301.072,10.575,-4.35,0.41,4,1040.51,
Player2_Car,59.30,454.821,-24.652,326.292,20.024,-3.98,0.60,4,1070.96,
Player1_Car,59.32,470.709,-24.652,301.269,10.573,-4.36,0.41,4,1040.72,
Player2_Car,59.32,454.495,-24.652,326.523,20.021,-3.95,0.60,4,1071.36,
Player1_Car,59.34,470.630,-24.652,301.465,10.571,-4.39,0.41,4,1040.93,
Player2_Car,59.34,454.167,-24.652,326.753,20.019,-3.97,0.60,4,1071.77,
Player1_Car,59.36,470.550,-24.652,301.661,10.569,-4.44,0.41,4,1041.14,
Player2_Car,59.36,453.838,-24.652,326.981,20.017,-3.96,0.60,4,1072.17,
Player1_Car,59.38,470.470,-24.652,301.856,10.567,-4.56,0.41,4,1041.42,
Player2_Car,59.38,453.507,-24.652,327.207,20.015,-3.89,0.60,4,1072.53,
Player1_Car,59.40,470.388,-24.652,302.051,10.566,-4.56,0.41,4,1041.63,
Player2_Car,59.40,453.175,-24.652,327.431,20.014,-3.86,0.60,4,1072.93,
Player1_Car,59.42,470.306,-24.652,302.246,10.564,-4.50,0.41,4,1041.84,
Player2_Car,59.42,452.843,-24.652,327.653,20.012,-3.86,0.60,4,1073.33,
Player1_Car,59.44,470.223,-24.652,302.440,10.562,-4.47,0.41,4,1042.05,
Player2_Car,59.44,452.509,-24.652,327.874,20.011,-3.83,0.60,4,1073.71,
Player1_Car,59.46,470.139,-24.652,302.634,10.561,-4.47,0.41,4,1042.26,
Player2_Car,59.46,452.173,-24.652,328.092,20.010,-3.78,0.60,4,1074.11,
Player1_Car,59.48,470.054,-24.652,302.827,10.560,-4.52,0.41,4,1042.47,
Player2_Car,59.48,451.837,-24.652,328.309,20.009,-3.77,0.60,4,1074.51,
Player1_Car,59.50,469.968,-24.652,303.020,10.559,-4.56,0.41,4,1042.68,
Player2_Car,59.50,451.500,-24.652,328.524,20.008,-3.76,0.60,4,1074.91,
Player1_Car,59.52,469.881,-24.652,303.213,10.558,-4.69,0.41,4,1042.98,
Player2_Car,59.52,451.161,-24.652,328.738,20.007,-3.71,0.60,4,1075.29,
Player1_Car,59.54,469.794,-24.652,303.405,10.557,-4.67,0.41,4,1043.19,
Player2_Car,59.54,450.821,-24.652,328.949,20.006,-3.66,0.60,4,1075.69,
Player1_Car,59.56,469.705,-24.652,303.596,10.556,-4.60,0.41,4,1043.40,
Player2_Car,59.56,450.481,-24.652,329.159,20.005,-3.65,0.60,4,1076.09,
Player1_Car,59.58,469.615,-24.652,303.788,10.555,-4.56,0.41,4,1043.61,
Player2_Car,59.58,450.139,-24.652,329.367,20.005,-3.64,0.60,4,1076.49,
Player1_Car,59.60,469.525,-24.652,303.978,10.555,-4.57,0.41,4,1043.82,
Player2_Car,59.60,449.796,-24.652,329.573,20.004,-3.58,0.60,4,1076.86,
Player1_Car,59.62,469.434,-24.652,304.169,10.554,-4.61,0.41,4,1044.03,
Player2_Car,59.62,449.452,-24.652,329.778,20.004,-3.55,0.60,4,1077.26,
Player1_Car,59.64,469.342,-24.652,304.359,10.554,-4.76,0.41,4,1044.33,
Player2_Car,59.64,449.108,-24.652,329.981,20.004,-3.55,0.60,4,1077.66,
Player1_Car,59.66,469.249,-24.652,304.548,10.553,-4.74,0.41,4,1044.54,
Player2_Car,59.66,448.762,-24.652,330.182,20.003,-3.54,0.60,4,1078.06,
Player1_Car,59.68,469.154,-24.652,304.737,10.552,-4.65,0.41,4,1044.75,
Player2_Car,59.68,448.415,-24.652,330.382,20.003,-3.48,0.60,4,1078.43,
Player1_Car,59.70,469.060,-24.652,304.925,10.552,-4.61,0.41,4,1044.96,
Player2_Car,59.70,448.067,-24.652,330.579,20.003,-3.45,0.60,4,1078.83,
Player1_Car,59.72,468.964,-24.652,305.114,10.552,-4.60,0.41,4,1045.17,
Player2_Car,59.72,447.719,-24.652,330.776,20.003,-3.46,0.60,4,1079.23,
Player1_Car,59.74,468.867,-24.652,305.301,10.552,-4.62,0.41,4,1045.38,
Player2_Car,59.74,447.369,-24.652,330.970,20.003,-3.45,0.60,4,1079.63,
Player1_Car,59.76,468.770,-24.652,305.488,10.551,-4.65,0.41,4,1045.59,
Player2_Car,59.76,447.019,-24.652,331.164,20.002,-3.39,0.60,4,1080.00,
Player1_Car,59.78,468.671,-24.652,305.675,10.551,-4.77,0.41,4,1045.89,
Player2_Car,59.78,446.668,-24.652,331.355,20.002,-3.38,0.60,4,1080.40,
Player1_Car,59.80,468.572,-24.652,305.861,10.551,-4.74,0.41,4,1046.10,
Player2_Car,59.80,446.316,-24.652,331.545,20.002,-3.39,0.60,4,1080.80,
Player1_Car,59.82,468.472,-24.652,306.047,10.550,-4.66,0.41,4,1046.31,
Player2_Car,59.82,445.963,-24.652,331.733,20.002,-3.36,0.60,4,1081.17,
Player1_Car,59.84,468.370,-24.652,306.232,10.550,-4.61,0.41,4,1046.52,
Player2_Car,59.84,445.609,-24.652,331.920,20.002,-3.32,0.60,4,1081.57,
Player1_Car,59.86,468.268,-24.652,306.417,10.550,-4.60,1.00,4,1046.73,
Player2_Car,59.86,445.254,-24.652,332.105,20.002,-3.33,0.60,4,1081.97,
Player1_Car,59.88,468.166,-24.652,306.601,10.550,-4.64,1.00,4,1046.95,
Player2_Car,59.88,444.899,-24.652,332.288,20.002,-3.33,0.60,4,1082.37,
Player1_Car,59.90,468.058,-24.652,306.791,10.901,-4.81,0.37,4,1047.25,
Player2_Car,59.90,444.543,-24.652,332.470,20.002,-3.29,0.60,4,1082.74,
Player1_Car,59.92,467.946,-24.652,306.986,11.249,-4.86,0.33,4,1047.47,
Player2_Car,59.92,444.186,-24.652,332.651,20.002,-3.26,0.60,4,1083.14,
Player1_Car,59.94,467.834,-24.652,307.180,11.215,-4.81,0.33,4,1047.70,
Player2_Car,59.94,443.828,-24.652,332.830,20.002,-3.26,0.60,4,1083.54,
Player1_Car,59.96,467.721,-24.652,307.372,11.156,-4.71,0.34,4,1047.92,
Player2_Car,59.96,443.469,-24.652,333.007,20.002,-3.26,0.60,4,1083.94,
Player1_Car,59.98,467.608,-24.652,307.563,11.101,-4.69,1.00,4,1048.14,
Player2_Car,59.98,443.110,-24.652,333.183,20.002,-3.22,0.60,4,1084.32,
Player1_Car,60.00,467.495,-24.652,307.753,11.051,-4.70,1.00,4,1048.36,
Player2_Car,60.00,442.750,-24.652,333.357,20.002,-3.19,0.60,4,1084.72,
Player1_Car,60.02,467.376,-24.652,307.948,11.396,-4.83,1.00,4,1048.68,
Player2_Car,60.02,442.389,-24.652,333.530,20.002,-3.19,0.60,4,1085.12,
Player1_Car,60.04,467.253,-24.652,308.148,11.738,-4.87,0.27,4,1048.91,
Player2_Car,60.04,442.027,-24.652,333.701,20.002,-3.18,0.60,4,1085.52,
Player1_Car,60.06,467.126,-24.652,308.353,12.075,-4.85,1.00,4,1049.15,
Player2_Car,60.06,441.665,-24.652,333.871,20.002,-3.14,0.60,4,1085.90,
Player1_Car,60.08,466.998,-24.652,308.556,11.972,-4.87,1.00,4,1049.39,
Player2_Car,60.08,441.302,-24.652,334.040,20.002,-3.11,0.60,4,1086.30,
Player1_Car,60.10,466.866,-24.652,308.763,12.306,-4.85,1.00,4,1049.64,
Player2_Car,60.10,440.939,-24.652,334.207,20.002,-3.10,0.60,4,1086.70,
Player1_Car,60.12,466.729,-24.652,308.975,12.636,-4.86,1.00,4,1049.89,
Player2_Car,60.12,440.575,-24.652,334.372,20.003,-3.08,0.60,4,1087.09,
Player1_Car,60.14,466.587,-24.652,309.192,12.963,-4.99,1.00,4,1050.24,
Player2_Car,60.14,440.210,-24.652,334.536,20.003,-3.04,0.60,4,1087.48,
Player1_Car,60.16,466.440,-24.652,309.414,13.286,-5.07,1.00,4,1050.50,
Player2_Car,60.16,439.844,-24.652,334.699,20.003,-3.02,0.60,4,1087.88,
Player1_Car,60.18,466.288,-24.652,309.639,13.605,-5.04,1.00,4,1050.77,
Player2_Car,60.18,439.478,-24.652,334.860,20.003,-3.01,0.60,4,1088.28,
Player1_Car,60.20,466.131,-24.652,309.869,13.920,-4.99,1.00,4,1051.05,
Player2_Car,60.20,439.111,-24.652,335.020,20.003,-2.98,0.60,4,1088.66,
Player1_Car,60.22,465.969,-24.652,310.103,14.231,-5.01,1.00,4,1051.34,
Player2_Car,60.22,438.744,-24.652,335.178,20.003,-2.95,0.60,4,1089.06,
Player1_Car,60.24,465.802,-24.652,310.341,14.540,-5.18,1.00,4,1051.71,
Player2_Car,60.24,438.376,-24.652,335.335,20.003,-2.94,0.60,4,1089.46,
Player1_Car,60.26,465.630,-24.652,310.583,14.844,-5.20,1.00,4,1052.00,
Player2_Car,60.26,438.008,-24.652,335.491,20.003,-2.93,0.60,4,1089.86,
Player1_Car,60.28,465.453,-24.652,310.829,15.143,-5.09,1.00,4,1052.31,
Player2_Car,60.28,437.639,-24.652,335.646,20.004,-2.89,0.60,4,1090.24,
Player1_Car,60.30,465.270,-24.652,311.078,15.440,-5.06,1.00,4,1052.61,
Player2_Car,60.30,437.269,-24.652,335.799,20.004,-2.86,0.60,4,1090.64,
Player1_Car,60.32,465.082,-24.652,311.330,15.734,-5.10,1.00,4,1052.93,
Player2_Car,60.32,436.899,-24.652,335.951,20.004,-2.86,0.60,4,1091.04,
Player1_Car,60.34,464.889,-24.652,311.586,16.024,-5.17,1.00,4,1053.32,
Player2_Car,60.34,436.528,-24.652,336.101,20.004,-2.86,0.60,4,1091.44,
Player1_Car,60.36,464.690,-24.652,311.845,16.311,-5.16,1.00,4,1053.65,
Player2_Car,60.36,436.157,-24.652,336.251,20.004,-2.82,0.60,4,1091.81,
Player1_Car,60.38,464.487,-24.652,312.107,16.593,-5.10,1.00,4,1053.98,
Player2_Car,60.38,435.785,-24.652,336.398,20.004,-2.80,0.60,4,1092.21,
Player1_Car,60.40,464.277,-24.652,312.372,16.873,-5.05,0.98,4,1054.32,
Player2_Car,60.40,435.413,-24.652,336.545,20.004,-2.80,0.60,4,1092.61,
Player1_Car,60.42,464.063,-24.652,312.639,17.149,-5.14,0.94,4,1054.73,
Player2_Car,60.42,435.040,-24.652,336.691,20.005,-2.80,0.60,4,1093.01,
Player1_Car,60.44,463.843,-24.652,312.909,17.408,-5.17,0.91,4,1055.08,
Player2_Car,60.44,434.667,-24.652,336.835,20.005,-2.77,0.60,4,1093.39,
Player1_Car,60.46,463.618,-24.652,313.181,17.643,-5.09,0.88,4,1055.43,
Player2_Car,60.46,434.294,-24.652,336.978,20.005,-2.75,0.60,4,1093.79,
Player1_Car,60.48,463.388,-24.652,313.454,17.856,-5.02,0.86,4,1055.79,
Player2_Car,60.48,433.919,-24.652,337.120,20.005,-2.76,0.60,4,1094.19,
Player1_Car,60.50,463.154,-24.652,313.729,18.051,-5.11,0.83,4,1056.23,
Player2_Car,60.50,433.545,-24.652,337.260,20.005,-2.75,0.60,4,1094.56,
Player1_Car,60.52,462.915,-24.652,314.005,18.228,-5.11,0.81,4,1056.59,
Player2_Car,60.52,433.170,-24.652,337.400,20.005,-2.72,0.60,4,1094.96,
Player1_Car,60.54,462.672,-24.652,314.281,18.388,-5.02,0.79,4,1056.96,
Player2_Car,60.54,432.794,-24.652,337.538,20.005,-2.72,0.60,4,1095.36,
Player1_Car,60.56,462.425,-24.652,314.557,18.534,-4.98,0.78,4,1057.33,
Player2_Car,60.56,432.418,-24.652,337.675,20.005,-2.73,0.60,4,1095.76,
Player1_Car,60.58,462.175,-24.652,314.834,18.667,-5.05,0.76,4,1057.78,
Player2_Car,60.58,432.042,-24.652,337.810,20.005,-2.71,0.60,4,1096.14,
Player1_Car,60.60,461.920,-24.652,315.110,18.787,-5.02,0.75,4,1058.15,
Player2_Car,60.60,431.665,-24.652,337.945,20.006,-2.68,0.60,4,1096.54,
Player1_Car,60.62,461.662,-24.652,315.386,18.896,-4.96,0.73,4,1058.53,
Player2_Car,60.62,431.288,-24.652,338.078,20.006,-2.68,0.60,4,1096.94,
Player1_Car,60.64,461.401,-24.652,315.662,18.996,-4.99,0.72,4,1058.99,
Player2_Car,60.64,430.910,-24.652,338.210,20.006,-2.68,0.60,4,1097.34,
Player1_Car,60.66,461.136,-24.652,315.937,19.086,-4.96,0.71,4,1059.37,
Player2_Car,60.66,430.532,-24.652,338.341,20.006,-2.65,0.60,4,1097.73,
Player1_Car,60.68,460.868,-24.652,316.211,19.168,-4.90,0.70,4,1059.75,
Player2_Car,60.68,430.154,-24.652,338.471,20.006,-2.63,0.60,4,1098.13,
Player1_Car,60.70,460.597,-24.652,316.484,19.243,-4.88,0.69,4,1060.14,
Player2_Car,60.70,429.775,-24.652,338.600,20.006,-2.62,0.60,4,1098.53,
Player1_Car,60.72,460.323,-24.652,316.757,19.311,-4.93,0.68,4,1060.60,
Player2_Car,60.72,429.395,-24.652,338.727,20.006,-2.61,0.60,4,1098.93,
Player1_Car,60.74,460.046,-24.652,317.028,19.373,-4.88,0.68,4,1060.98,
Player2_Car,60.74,429.016,-24.652,338.853,20.006,-2.59,0.60,4,1099.31,
Player1_Car,60.76,459.766,-24.652,317.297,19.429,-4.81,0.67,4,1061.37,
Player2_Car,60.76,428.636,-24.652,338.979,20.006,-2.57,0.60,4,1099.71,
Player1_Car,60.78,459.484,-24.652,317.566,19.480,-4.77,0.66,4,1061.76,
Player2_Car,60.78,428.255,-24.652,339.103,20.006,-2.56,0.60,4,1100.11,
Player1_Car,60.80,459.199,-24.652,317.833,19.526,-4.79,0.66,4,1062.22,
Player2_Car,60.80,427.875,-24.652,339.226,20.007,-2.55,0.60,4,1100.51,
Player1_Car,60.82,458.912,-24.652,318.098,19.569,-4.76,0.65,4,1062.61,
Player2_Car,60.82,427.493,-24.652,339.348,20.007,-2.52,0.60,4,1100.90,
Player1_Car,60.84,458.622,-24.652,318.363,19.607,-4.68,0.65,4,1063.01,
Player2_Car,60.84,427.112,-24.652,339.468,20.007,-2.51,0.60,4,1101.30,
Player1_Car,60.86,458.329,-24.652,318.625,19.642,-4.65,0.64,4,1063.45,
Player2_Car,60.86,426.730,-24.652,339.588,20.007,-2.50,0.60,4,1101.70,
Player1_Car,60.88,458.035,-24.652,318.886,19.674,-4.60,0.64,4,1063.84,
Player2_Car,60.88,426.348,-24.652,339.707,20.007,-2.48,0.60,4,1102.08,
Player1_Car,60.90,457.738,-24.652,319.145,19.703,-4.56,0.64,4,1064.24,
Player2_Car,60.90,425.966,-24.652,339.825,20.007,-2.46,0.60,4,1102.48,
Player1_Car,60.92,457.439,-24.652,319.402,19.729,-4.52,0.63,4,1064.63,
Player2_Car,60.92,425.583,-24.652,339.941,20.007,-2.45,0.60,4,1102.88,
Player1_Car,60.94,457.138,-24.652,319.658,19.753,-4.51,0.63,4,1065.08,
Player2_Car,60.94,425.200,-24.652,340.057,20.007,-2.45,0.60,4,1103.28,
Player1_Car,60.96,456.835,-24.652,319.912,19.775,-4.46,0.63,4,1065.48,
Player2_Car,60.96,424.816,-24.652,340.171,20.008,-2.42,0.60,4,1103.66,
Player1_Car,60.98,456.530,-24.652,320.165,19.795,-4.42,0.62,4,1065.87,
Player2_Car,60.98,424.433,-24.652,340.285,20.008,-2.40,0.60,4,1104.06,
Player1_Car,61.00,456.223,-24.652,320.415,19.813,-4.41,0.62,4,1066.33,
Player2_Car,61.00,424.049,-24.652,340.398,20.008,-2.40,0.60,4,1104.46,
Player1_Car,61.02,455.914,-24.652,320.664,19.829,-4.36,0.62,4,1066.73,
Player2_Car,61.02,423.664,-24.652,340.509,20.008,-2.40,0.60,4,1104.86,
Player1_Car,61.04,455.603,-24.652,320.911,19.844,-4.32,0.62,4,1067.12,
Player2_Car,61.04,423.280,-24.652,340.620,20.008,-2.38,0.60,4,1105.24,
Player1_Car,61.06,455.291,-24.652,321.156,19.857,-4.29,0.62,4,1067.52,
Player2_Car,61.06,422.895,-24.652,340.729,20.008,-2.36,0.60,4,1105.64,
Player1_Car,61.08,454.977,-24.652,321.400,19.870,-4.29,0.62,4,1067.98,
Player2_Car,61.08,422.510,-24.652,340.838,20.008,-2.37,0.60,4,1106.04,
Player1_Car,61.10,454.661,-24.652,321.641,19.881,-4.26,0.61,4,1068.37,
Player2_Car,61.10,422.124,-24.652,340.946,20.008,-2.37,0.60,4,1106.44,
Player1_Car,61.12,454.344,-24.652,321.881,19.891,-4.22,0.61,4,1068.77,
Player2_Car,61.12,421.739,-24.652,341.052,20.008,-2.35,0.60,4,1106.82,
Player1_Car,61.14,454.025,-24.652,322.119,19.901,-4.18,0.61,4,1069.17,
Player2_Car,61.14,421.353,-24.652,341.158,20.008,-2.34,0.60,4,1107.22,
Player1_Car,61.16,453.704,-24.652,322.355,19.909,-4.18,0.61,4,1069.63,
Player2_Car,61.16,420.967,-24.652,341.263,20.008,-2.34,0.60,4,1107.62,
Player1_Car,61.18,453.382,-24.652,322.589,19.917,-4.17,0.61,4,1070.03,
Player2_Car,61.18,420.580,-24.652,341.367,20.009,-2.35,0.60,4,1108.03,
Player1_Car,61.20,453.058,-24.652,322.822,19.924,-4.14,0.61,4,1070.42,
Player2_Car,61.20,420.193,-24.652,341.470,20.009,-2.32,0.60,4,1108.40,
Player1_Car,61.22,452.733,-24.652,323.052,19.930,-4.13,0.61,4,1070.88,
Player2_Car,61.22,419.806,-24.652,341.572,20.009,-2.32,0.60,4,1108.80,
Player1_Car,61.24,452.406,-24.652,323.281,19.936,-4.09,0.61,4,1071.28,
Player2_Car,61.24,419.419,-24.652,341.673,20.009,-2.32,0.60,4,1109.20,
Player1_Car,61.26,452.078,-24.652,323.508,19.941,-4.06,0.61,4,1071.68,
Player2_Car,61.26,419.032,-24.652,341.773,20.009,-2.31,0.60,4,1109.59,
Player1_Car,61.28,451.749,-24.652,323.733,19.946,-4.03,0.61,4,1072.08,
Player2_Car,61.28,418.644,-24.652,341.872,20.009,-2.30,0.60,4,1109.99,
Player1_Car,61.30,451.418,-24.652,323.956,19.951,-4.03,0.61,4,1072.53,
Player2_Car,61.30,418.256,-24.652,341.970,20.009,-2.29,0.60,4,1110.39,
Player1_Car,61.32,451.086,-24.652,324.177,19.955,-4.01,0.61,4,1072.93,
Player2_Car,61.32,417.868,-24.652,342.067,20.009,-2.29,0.60,4,1110.79,
Player1_Car,61.34,450.752,-24.652,324.396,19.958,-3.96,0.60,4,1073.33,
Player2_Car,61.34,417.480,-24.652,342.164,20.009,-2.27,0.60,4,1111.18,
Player1_Car,61.36,450.417,-24.652,324.614,19.962,-3.93,0.60,4,1073.77,
Player2_Car,61.36,417.091,-24.652,342.259,20.009,-2.26,0.60,4,1111.58,
Player1_Car,61.38,450.082,-24.652,324.830,19.965,-3.89,0.60,4,1074.17,
Player2_Car,61.38,416.702,-24.652,342.354,20.009,-2.26,0.60,4,1111.98,
Player1_Car,61.40,449.744,-24.652,325.044,19.968,-3.86,0.60,4,1074.57,
Player2_Car,61.40,416.313,-24.652,342.447,20.009,-2.25,0.60,4,1112.38,
Player1_Car,61.42,449.406,-24.652,325.256,19.971,-3.82,0.60,4,1074.97,
Player2_Car,61.42,415.924,-24.652,342.540,20.009,-2.23,0.60,4,1112.77,
Player1_Car,61.44,449.066,-24.652,325.466,19.973,-3.79,0.60,4,1075.40,
Player2_Car,61.44,415.534,-24.652,342.632,20.009,-2.22,0.60,4,1113.17,
Player1_Car,61.46,448.726,-24.652,325.675,19.975,-3.75,0.60,4,1075.80,
Player2_Car,61.46,415.145,-24.652,342.723,20.009,-2.21,0.60,4,1113.57,
Player1_Car,61.48,448.384,-24.652,325.882,19.977,-3.72,0.60,4,1076.20,
Player2_Car,61.48,414.755,-24.652,342.813,20.010,-2.21,0.60,4,1113.97,
Player1_Car,61.50,448.041,-24.652,326.087,19.979,-3.68,0.60,4,1076.60,
Player2_Car,61.50,414.365,-24.652,342.903,20.010,-2.19,0.60,4,1114.35,
Player1_Car,61.52,447.697,-24.652,326.290,19.981,-3.65,0.60,4,1077.04,
Player2_Car,61.52,413.974,-24.652,342.991,20.010,-2.18,0.60,4,1114.75,
Player1_Car,61.54,447.352,-24.652,326.492,19.983,-3.63,0.60,4,1077.44,
Player2_Car,61.54,413.584,-24.652,343.079,20.010,-2.17,0.60,4,1115.15,
Player1_Car,61.56,447.006,-24.652,326.692,19.984,-3.60,0.60,4,1077.84,
Player2_Car,61.56,413.193,-24.652,343.166,20.010,-2.16,0.60,4,1115.54,
Player1_Car,61.58,446.659,-24.652,326.890,19.985,-3.58,0.60,4,1078.29,
Player2_Car,61.58,412.802,-24.652,343.252,20.010,-2.14,0.60,4,1115.94,
Player1_Car,61.60,446.311,-24.652,327.086,19.987,-3.54,0.60,4,1078.68,
Player2_Car,61.60,412.411,-24.652,343.337,20.010,-2.14,0.60,4,1116.34,
Player1_Car,61.62,445.961,-24.652,327.281,19.988,-3.52,0.60,4,1079.08,
Player2_Car,61.62,412.020,-24.652,343.421,20.010,-2.14,0.60,4,1116.74,
Player1_Car,61.64,445.612,-24.652,327.475,19.989,-3.50,0.60,4,1079.48,
Player2_Car,61.64,411.629,-24.652,343.505,20.010,-2.12,0.60,4,1117.12,
Player1_Car,61.66,445.261,-24.652,327.666,19.990,-3.48,0.60,4,1079.93,
Player2_Car,61.66,411.237,-24.652,343.588,20.010,-2.10,0.60,4,1117.52,
Player1_Car,61.68,444.909,-24.652,327.856,19.991,-3.46,0.60,4,1080.33,
Player2_Car,61.68,410.846,-24.652,343.670,20.010,-2.11,0.60,4,1117.92,
Player1_Car,61.70,444.556,-24.652,328.045,19.992,-3.44,0.60,4,1080.73,
Player2_Car,61.70,410.454,-24.652,343.751,20.010,-2.11,0.60,4,1118.32,
Player1_Car,61.72,444.203,-24.652,328.232,19.993,-3.44,0.60,4,1081.17,
Player2_Car,61.72,410.062,-24.652,343.831,20.010,-2.09,0.60,4,1118.71,
Player1_Car,61.74,443.848,-24.652,328.417,19.993,-3.40,0.60,4,1081.57,
Player2_Car,61.74,409.669,-24.652,343.911,20.010,-2.08,0.60,4,1119.11,
Player1_Car,61.76,443.493,-24.652,328.600,19.994,-3.38,0.60,4,1081.97,
Player2_Car,61.76,409.277,-24.652,343.990,20.011,-2.09,0.60,4,1119.51,
Player1_Car,61.78,443.137,-24.652,328.782,19.995,-3.38,0.60,4,1082.37,
Player2_Car,61.78,408.884,-24.652,344.068,20.011,-2.09,0.60,4,1119.91,
Player1_Car,61.80,442.780,-24.652,328.963,19.995,-3.37,0.60,4,1082.82,
Player2_Car,61.80,408.492,-24.652,344.145,20.011,-2.08,0.60,4,1120.29,
Player1_Car,61.82,442.422,-24.652,329.142,19.996,-3.35,0.60,4,1083.22,
Player2_Car,61.82,408.099,-24.652,344.222,20.011,-2.07,0.60,4,1120.69,
Player1_Car,61.84,442.064,-24.652,329.319,19.996,-3.32,0.60,4,1083.62,
Player2_Car,61.84,407.706,-24.652,344.298,20.011,-2.08,0.60,4,1121.09,
Player1_Car,61.86,441.705,-24.652,329.494,19.996,-3.30,0.60,4,1084.02,
Player2_Car,61.86,407.313,-24.652,344.373,20.011,-2.08,0.60,4,1121.49,
Player1_Car,61.88,441.345,-24.652,329.669,19.997,-3.29,0.60,4,1084.45,
Player2_Car,61.88,406.920,-24.652,344.447,20.011,-2.07,0.60,4,1121.88,
Player1_Car,61.90,440.984,-24.652,329.841,19.997,-3.27,0.60,4,1084.85,
Player2_Car,61.90,406.526,-24.652,344.520,20.011,-2.06,0.60,4,1122.28,
Player1_Car,61.92,440.622,-24.652,330.012,19.998,-3.24,0.60,4,1085.25,
Player2_Car,61.92,406.133,-24.652,344.593,20.011,-2.07,0.60,4,1122.68,
Player1_Car,61.94,440.260,-24.652,330.182,19.998,-3.22,0.60,4,1085.68,
Player2_Car,61.94,405.739,-24.652,344.665,20.011,-2.06,0.60,4,1123.07,
Player1_Car,61.96,439.897,-24.652,330.350,19.998,-3.19,0.60,4,1086.08,
Player2_Car,61.96,405.345,-24.652,344.736,20.011,-2.05,0.60,4,1123.47,
Player1_Car,61.98,439.533,-24.652,330.516,19.999,-3.17,0.60,4,1086.48,
Player2_Car,61.98,404.951,-24.652,344.807,20.011,-2.05,0.60,4,1123.87,
Player1_Car,62.00,439.169,-24.652,330.682,19.999,-3.14,0.60,4,1086.88,
Player2_Car,62.00,404.557,-24.652,344.877,20.011,-2.05,0.60,4,1124.27,
Player1_Car,62.02,438.804,-24.652,330.845,19.999,-3.12,0.60,4,1087.30,
Player2_Car,62.02,404.163,-24.652,344.946,20.011,-2.04,0.60,4,1124.66,
Player1_Car,62.04,438.438,-24.652,331.007,20.000,-3.09,0.60,4,1087.70,
Player2_Car,62.04,403.769,-24.652,345.014,20.011,-2.02,0.60,4,1125.06,
Player1_Car,62.06,438.072,-24.652,331.168,20.000,-3.07,0.60,4,1088.10,
Player2_Car,62.06,403.374,-24.652,345.082,20.011,-2.02,0.60,4,1125.46,
Player1_Car,62.08,437.705,-24.652,331.328,20.000,-3.04,0.60,4,1088.50,
Player2_Car,62.08,402.979,-24.652,345.148,20.011,-2.02,0.60,4,1125.86,
Player1_Car,62.10,437.338,-24.652,331.485,20.001,-3.02,0.60,4,1088.93,
Player2_Car,62.10,402.585,-24.652,345.215,20.011,-2.01,0.60,4,1126.25,
Player1_Car,62.12,436.970,-24.652,331.642,20.001,-3.00,0.60,4,1089.33,
Player2_Car,62.12,402.190,-24.652,345.280,20.011,-2.00,0.60,4,1126.65,
Player1_Car,62.14,436.601,-24.652,331.797,20.001,-2.97,0.60,4,1089.73,
Player2_Car,62.14,401.795,-24.652,345.345,20.011,-1.99,0.60,4,1127.05,
Player1_Car,62.16,436.232,-24.652,331.951,20.002,-2.96,0.60,4,1090.16,
Player2_Car,62.16,401.400,-24.652,345.409,20.011,-1.99,0.60,4,1127.45,
Player1_Car,62.18,435.862,-24.652,332.104,20.002,-2.92,0.60,4,1090.56,
Player2_Car,62.18,401.005,-24.652,345.472,20.011,-1.98,0.60,4,1127.84,
Player1_Car,62.20,435.492,-24.652,332.255,20.002,-2.91,0.60,4,1090.96,
Player2_Car,62.20,400.609,-24.652,345.535,20.012,-1.97,0.60,4,1128.24,
Player1_Car,62.22,435.121,-24.652,332.405,20.002,-2.90,0.60,4,1091.36,
Player2_Car,62.22,400.214,-24.652,345.597,20.012,-1.97,0.60,4,1128.64,
Player1_Car,62.24,434.749,-24.652,332.553,20.003,-2.88,0.60,4,1091.79,
Player2_Car,62.24,399.818,-24.652,345.658,20.012,-1.96,0.60,4,1129.03,
Player1_Car,62.26,434.377,-24.652,332.700,20.003,-2.86,0.60,4,1092.19,
Player2_Car,62.26,399.423,-24.652,345.718,20.012,-1.94,0.60,4,1129.43,
Player1_Car,62.28,434.005,-24.652,332.846,20.003,-2.85,0.60,4,1092.59,
Player2_Car,62.28,399.027,-24.652,345.778,20.012,-1.94,0.60,4,1129.83,
Player1_Car,62.30,433.632,-24.652,332.991,20.003,-2.83,0.60,4,1092.99,
Player2_Car,62.30,398.631,-24.652,345.838,20.012,-1.94,0.60,4,1130.23,
Player1_Car,62.32,433.258,-24.652,333.135,20.003,-2.82,0.60,4,1093.43,
Player2_Car,62.32,398.235,-24.652,345.896,20.012,-1.93,0.60,4,1130.61,
Player1_Car,62.34,432.884,-24.652,333.277,20.004,-2.81,0.60,4,1093.83,
Player2_Car,62.34,397.839,-24.652,345.954,20.012,-1.92,0.60,4,1131.01,
Player1_Car,62.36,432.510,-24.652,333.418,20.004,-2.81,0.60,4,1094.23,
Player2_Car,62.36,397.443,-24.652,346.011,20.012,-1.92,0.60,4,1131.41,
Player1_Car,62.38,432.135,-24.652,333.557,20.004,-2.80,0.60,4,1094.66,
Player2_Car,62.38,397.047,-24.652,346.068,20.012,-1.92,0.60,4,1131.81,
Player1_Car,62.40,431.760,-24.652,333.696,20.004,-2.78,0.60,4,1095.06,
Player2_Car,62.40,396.651,-24.652,346.124,20.012,-1.91,0.60,4,1132.20,
Player1_Car,62.42,431.384,-24.652,333.833,20.004,-2.77,0.60,4,1095.46,
Player2_Car,62.42,396.254,-24.652,346.179,20.012,-1.90,0.60,4,1132.60,
Player1_Car,62.44,431.008,-24.652,333.969,20.004,-2.76,0.60,4,1095.86,
Player2_Car,62.44,395.858,-24.652,346.234,20.012,-1.91,0.60,4,1133.00,
Player1_Car,62.46,430.631,-24.652,334.104,20.004,-2.76,0.60,4,1096.28,
Player2_Car,62.46,395.461,-24.652,346.288,20.012,-1.91,0.60,4,1133.40,
Player1_Car,62.48,430.254,-24.652,334.237,20.004,-2.74,0.60,4,1096.68,
Player2_Car,62.48,395.065,-24.652,346.341,20.012,-1.90,0.60,4,1133.79,
Player1_Car,62.50,429.876,-24.652,334.369,20.005,-2.72,0.60,4,1097.08,
Player2_Car,62.50,394.668,-24.652,346.394,20.012,-1.90,0.60,4,1134.19,
Player1_Car,62.52,429.498,-24.652,334.501,20.005,-2.71,0.60,4,1097.48,
Player2_Car,62.52,394.271,-24.652,346.446,20.012,-1.91,0.60,4,1134.59,
Player1_Car,62.54,429.120,-24.652,334.631,20.005,-2.69,0.60,4,1097.90,
Player2_Car,62.54,393.874,-24.652,346.498,20.012,-1.91,0.60,4,1134.98,
Player1_Car,62.56,428.741,-24.652,334.759,20.005,-2.68,0.60,4,1098.30,
Player2_Car,62.56,393.477,-24.652,346.549,20.012,-1.90,0.60,4,1135.38,
Player1_Car,62.58,428.362,-24.652,334.887,20.005,-2.66,0.60,4,1098.70,
Player2_Car,62.58,393.080,-24.652,346.599,20.012,-1.90,0.60,4,1135.78,
Player1_Car,62.60,427.982,-24.652,335.013,20.005,-2.65,0.60,4,1099.12,
Player2_Car,62.60,392.683,-24.652,346.649,20.012,-1.90,0.60,4,1136.18,
Player1_Car,62.62,427.602,-24.652,335.139,20.005,-2.62,0.60,4,1099.52,
Player2_Car,62.62,392.286,-24.652,346.698,20.012,-1.90,0.60,4,1136.57,
Player1_Car,62.64,427.222,-24.652,335.263,20.005,-2.61,0.60,4,1099.92,
Player2_Car,62.64,391.888,-24.652,346.746,20.012,-1.89,0.60,4,1136.97,
Player1_Car,62.66,426.841,-24.652,335.386,20.006,-2.60,0.60,4,1100.32,
Player2_Car,62.66,391.491,-24.652,346.794,20.012,-1.89,0.60,4,1137.37,
Player1_Car,62.68,426.460,-24.652,335.508,20.006,-2.58,0.60,4,1100.74,
Player2_Car,62.68,391.093,-24.652,346.841,20.012,-1.89,0.60,4,1137.77,
Player1_Car,62.70,426.078,-24.652,335.628,20.006,-2.56,0.60,4,1101.14,
Player2_Car,62.70,390.696,-24.652,346.887,20.012,-1.88,0.60,4,1138.16,
Player1_Car,62.72,425.697,-24.652,335.748,20.006,-2.54,0.60,4,1101.54,
Player2_Car,62.72,390.298,-24.652,346.933,20.012,-1.88,0.60,4,1138.56,
Player1_Car,62.74,425.315,-24.652,335.867,20.006,-2.53,0.60,4,1101.94,
Player2_Car,62.74,389.901,-24.652,346.978,20.012,-1.88,0.60,4,1138.96,
Player1_Car,62.76,424.932,-24.652,335.984,20.006,-2.51,0.60,4,1102.36,
Player2_Car,62.76,389.503,-24.652,347.023,20.012,-1.87,0.60,4,1139.36,
Player1_Car,62.78,424.549,-24.652,336.101,20.006,-2.50,0.60,4,1102.76,
Player2_Car,62.78,389.105,-24.652,347.067,20.013,-1.86,0.60,4,1139.75,
Player1_Car,62.80,424.166,-24.652,336.216,20.007,-2.48,0.60,4,1103.16,
Player2_Car,62.80,388.707,-24.652,347.110,20.013,-1.86,0.60,4,1140.15,
Player1_Car,62.82,423.783,-24.652,336.331,20.007,-2.47,0.60,4,1103.59,
Player2_Car,62.82,388.309,-24.652,347.153,20.013,-1.86,0.60,4,1140.55,
Player1_Car,62.84,423.399,-24.652,336.444,20.007,-2.45,0.60,4,1103.99,
Player2_Car,62.84,387.911,-24.652,347.195,20.013,-1.85,0.60,4,1140.95,
Player1_Car,62.86,423.015,-24.652,336.556,20.007,-2.44,0.60,4,1104.39,
Player2_Car,62.86,387.513,-24.652,347.237,20.013,-1.84,0.60,4,1141.34,
Player1_Car,62.88,422.631,-24.652,336.668,20.007,-2.43,0.60,4,1104.79,
Player2_Car,62.88,387.115,-24.652,347.278,20.013,-1.84,0.60,4,1141.74,
Player1_Car,62.90,422.246,-24.652,336.778,20.007,-2.43,0.60,4,1105.21,
Player2_Car,62.90,386.717,-24.652,347.318,20.013,-1.83,0.60,4,1142.14,
Player1_Car,62.92,421.861,-24.652,336.887,20.007,-2.41,0.60,4,1105.61,
Player2_Car,62.92,386.319,-24.652,347.358,20.013,-1.83,0.60,4,1142.53,
Player1_Car,62.94,421.476,-24.652,336.996,20.007,-2.40,0.60,4,1106.01,
Player2_Car,62.94,385.920,-24.652,347.397,20.013,-1.82,0.60,4,1142.93,
Player1_Car,62.96,421.090,-24.652,337.103,20.007,-2.40,0.60,4,1106.41,
Player2_Car,62.96,385.522,-24.652,347.436,20.013,-1.81,0.60,4,1143.33,
Player1_Car,62.98,420.705,-24.652,337.209,20.008,-2.39,0.60,4,1106.84,
Player2_Car,62.98,385.123,-24.652,347.474,20.013,-1.81,0.60,4,1143.73,
Player1_Car,63.00,420.319,-24.652,337.315,20.008,-2.38,0.60,4,1107.24,
Player2_Car,63.00,384.725,-24.652,347.512,20.013,-1.80,0.60,4,1144.12,
Player1_Car,63.02,419.932,-24.652,337.419,20.008,-2.38,0.60,4,1107.64,
Player2_Car,63.02,384.326,-24.652,347.549,20.013,-1.79,0.60,4,1144.52,
Player1_Car,63.04,419.546,-24.652,337.523,20.008,-2.38,0.60,4,1108.06,
Player2_Car,63.04,383.928,-24.652,347.585,20.013,-1.79,0.60,4,1144.92,
Player1_Car,63.06,419.159,-24.652,337.625,20.008,-2.37,0.60,4,1108.46,
Player2_Car,63.06,383.529,-24.652,347.621,20.013,-1.79,0.60,4,1145.32,
Player1_Car,63.08,418.772,-24.652,337.727,20.008,-2.36,0.60,4,1108.86,
Player2_Car,63.08,383.130,-24.652,347.656,20.013,-1.78,0.60,4,1145.71,
Player1_Car,63.10,418.385,-24.652,337.827,20.008,-2.36,0.60,4,1109.26,
Player2_Car,63.10,382.732,-24.652,347.691,20.013,-1.77,0.60,4,1146.11,
Player1_Car,63.12,417.997,-24.652,337.927,20.008,-2.35,0.60,4,1109.68,
Player2_Car,63.12,382.333,-24.652,347.725,20.013,-1.77,0.60,4,1146.51,
Player1_Car,63.14,417.609,-24.652,338.026,20.008,-2.34,0.60,4,1110.08,
Player2_Car,63.14,381.934,-24.652,347.759,20.013,-1.76,0.60,4,1146.91,
Player1_Car,63.16,417.221,-24.652,338.124,20.008,-2.33,0.60,4,1110.48,
Player2_Car,63.16,381.535,-24.652,347.792,20.013,-1.75,0.60,4,1147.30,
Player1_Car,63.18,416.833,-24.652,338.220,20.008,-2.32,0.60,4,1110.88,
Player2_Car,63.18,381.136,-24.652,347.825,20.013,-1.75,0.60,4,1147.70,
Player1_Car,63.20,416.445,-24.652,338.316,20.008,-2.31,0.60,4,1111.29,
Player2_Car,63.20,380.737,-24.652,347.857,20.013,-1.75,0.60,4,1148.10,
Player1_Car,63.22,416.056,-24.652,338.411,20.009,-2.30,0.60,4,1111.69,
Player2_Car,63.22,380.338,-24.652,347.889,20.013,-1.74,0.60,4,1148.49,
Player1_Car,63.24,415.667,-24.652,338.505,20.009,-2.29,0.60,4,1112.09,
Player2_Car,63.24,379.939,-24.652,347.920,20.013,-1.73,0.60,4,1148.89,
Player1_Car,63.26,415.278,-24.652,338.599,20.009,-2.28,0.60,4,1112.49,
Player2_Car,63.26,379.540,-24.652,347.951,20.013,-1.72,0.60,4,1149.29,
Player1_Car,63.28,414.888,-24.652,338.691,20.009,-2.26,0.60,4,1112.91,
Player2_Car,63.28,379.141,-24.652,347.981,20.014,-1.72,0.60,4,1149.69,
Player1_Car,63.30,414.499,-24.652,338.782,20.009,-2.25,0.60,4,1113.31,
Player2_Car,63.30,378.742,-24.652,348.010,20.014,-1.71,0.60,4,1150.08,
Player1_Car,63.32,414.109,-24.652,338.873,20.009,-2.25,0.60,4,1113.71,
Player2_Car,63.32,378.343,-24.652,348.040,20.014,-1.70,0.60,4,1150.48,
Player1_Car,63.34,413.719,-24.652,338.962,20.009,-2.24,0.60,4,1114.12,
Player2_Car,63.34,377.943,-24.652,348.068,20.014,-1.69,0.60,4,1150.88,
Player1_Car,63.36,413.329,-24.652,339.051,20.009,-2.22,0.60,4,1114.52,
Player2_Car,63.36,377.544,-24.652,348.096,20.014,-1.69,0.60,4,1151.28,
Player1_Car,63.38,412.938,-24.652,339.139,20.009,-2.21,0.60,4,1114.92,
Player2_Car,63.38,377.145,-24.652,348.124,20.014,-1.68,0.60,4,1151.68,
Player1_Car,63.40,412.548,-24.652,339.226,20.009,-2.20,0.60,4,1115.32,
Player2_Car,63.40,376.745,-24.652,348.151,20.014,-1.66,0.60,4,1152.08,
Player1_Car,63.42,412.157,-24.652,339.312,20.009,-2.19,0.60,4,1115.74,
Player2_Car,63.42,376.346,-24.652,348.178,20.014,-1.66,0.60,4,1152.48,
Player1_Car,63.44,411.766,-24.652,339.398,20.009,-2.18,0.60,4,1116.14,
Player2_Car,63.44,375.947,-24.652,348.205,20.014,-1.65,0.60,4,1152.88,
Player1_Car,63.46,411.375,-24.652,339.482,20.009,-2.17,0.60,4,1116.54,
Player2_Car,63.46,375.547,-24.652,348.230,20.014,-1.64,0.60,4,1153.27,
Player1_Car,63.48,410.983,-24.652,339.566,20.010,-2.16,0.60,4,1116.94,
Player2_Car,63.48,375.148,-24.652,348.256,20.014,-1.63,0.60,4,1153.67,
Player1_Car,63.50,410.592,-24.652,339.649,20.010,-2.15,0.60,4,1117.36,
Player2_Car,63.50,374.748,-24.652,348.281,20.014,-1.62,0.60,4,1154.07,
Player1_Car,63.52,410.200,-24.652,339.731,20.010,-2.14,0.60,4,1117.76,
Player2_Car,63.52,374.349,-24.652,348.306,20.014,-1.61,0.60,4,1154.46,
Player1_Car,63.54,409.808,-24.652,339.812,20.010,-2.14,0.60,4,1118.16,
Player2_Car,63.54,373.949,-24.652,348.330,20.014,-1.60,0.60,4,1154.86,
Player1_Car,63.56,409.416,-24.652,339.893,20.010,-2.13,0.60,4,1118.58,
Player2_Car,63.56,373.550,-24.652,348.354,20.014,-1.58,0.60,4,1155.26,
Player1_Car,63.58,409.024,-24.652,339.973,20.010,-2.12,0.60,4,1118.98,
Player2_Car,63.58,373.150,-24.652,348.377,20.014,-1.56,0.60,4,1155.66,
Player1_Car,63.60,408.632,-24.652,340.052,20.010,-2.12,0.60,4,1119.38,
Player2_Car,63.60,372.750,-24.652,348.400,20.015,-1.55,0.60,4,1156.05,
Player1_Car,63.62,408.239,-24.652,340.130,20.010,-2.12,0.60,4,1119.78,
Player2_Car,63.62,372.351,-24.652,348.423,20.015,-1.54,0.60,4,1156.45,
Player1_Car,63.64,407.847,-24.652,340.207,20.010,-2.12,0.60,4,1120.20,
Player2_Car,63.64,371.951,-24.652,348.445,20.015,-1.52,0.60,4,1156.85,
Player1_Car,63.66,407.454,-24.652,340.284,20.010,-2.10,0.60,4,1120.60,
Player2_Car,63.66,371.551,-24.652,348.467,20.015,-1.50,0.60,4,1157.26,
Player1_Car,63.68,407.061,-24.652,340.360,20.010,-2.11,0.60,4,1121.00,
Player2_Car,63.68,371.152,-24.652,348.489,20.015,-1.48,0.60,4,1157.65,
Player1_Car,63.70,406.668,-24.652,340.435,20.010,-2.11,0.60,4,1121.40,
Player2_Car,63.70,370.752,-24.652,348.511,20.015,-1.47,0.60,4,1158.05,
Player1_Car,63.72,406.275,-24.652,340.509,20.010,-2.10,0.60,4,1121.81,
Player2_Car,63.72,370.352,-24.652,348.532,20.015,-1.45,0.60,4,1158.45,
Player1_Car,63.74,405.881,-24.652,340.583,20.010,-2.10,0.60,4,1122.21,
Player2_Car,63.74,369.952,-24.652,348.552,20.015,-1.43,0.60,4,1158.85,
Player1_Car,63.76,405.488,-24.652,340.655,20.010,-2.09,0.60,4,1122.62,
Player2_Car,63.76,369.553,-24.652,348.573,20.016,-1.41,0.60,4,1159.24,
Player1_Car,63.78,405.094,-24.652,340.727,20.010,-2.09,0.60,4,1123.03,
Player2_Car,63.78,369.153,-24.652,348.593,20.016,-1.40,0.60,4,1159.64,
Player1_Car,63.80,404.700,-24.652,340.799,20.010,-2.08,0.60,4,1123.43,
Player2_Car,63.80,368.753,-24.652,348.613,20.016,-1.38,0.60,4,1160.04,
Player1_Car,63.82,404.306,-24.652,340.869,20.011,-2.08,0.60,4,1123.83,
Player2_Car,63.82,368.353,-24.652,348.633,20.016,-1.36,0.60,4,1160.44,
Player1_Car,63.84,403.912,-24.652,340.939,20.011,-2.07,0.60,4,1124.23,
Player2_Car,63.84,367.953,-24.652,348.653,20.016,-1.34,0.60,4,1160.84,
Player1_Car,63.86,403.518,-24.652,341.008,20.011,-2.07,0.60,4,1124.64,
Player2_Car,63.86,367.554,-24.652,348.672,20.016,-1.32,0.60,4,1161.24,
Player1_Car,63.88,403.124,-24.652,341.076,20.011,-2.06,0.60,4,1125.04,
Player2_Car,63.88,367.154,-24.652,348.691,20.016,-1.31,0.60,4,1161.64,
Player1_Car,63.90,402.729,-24.652,341.143,20.011,-2.05,0.60,4,1125.44,
Player2_Car,63.90,366.754,-24.652,348.710,20.016,-1.29,0.60,4,1162.03,
Player1_Car,63.92,402.335,-24.652,341.210,20.011,-2.05,0.60,4,1125.84,
Player2_Car,63.92,366.354,-24.652,348.729,20.017,-1.27,0.60,4,1162.43,
Player1_Car,63.94,401.940,-24.652,341.276,20.011,-2.04,0.60,4,1126.25,
Player2_Car,63.94,365.954,-24.652,348.748,20.017,-1.25,0.60,4,1162.83,
Player1_Car,63.96,401.545,-24.652,341.342,20.011,-2.03,0.60,4,1126.65,
Player2_Car,63.96,365.554,-24.652,348.767,20.017,-1.23,0.60,4,1163.23,
Player1_Car,63.98,401.150,-24.652,341.406,20.011,-2.02,0.60,4,1127.05,
Player2_Car,63.98,365.154,-24.652,348.785,20.017,-1.21,0.60,4,1163.63,
Player1_Car,64.00,400.755,-24.652,341.470,20.011,-2.02,0.60,4,1127.45,
Player2_Car,64.00,364.755,-24.652,348.804,20.017,-1.20,0.60,4,1164.03,
Player1_Car,64.02,400.360,-24.652,341.533,20.011,-2.01,0.60,4,1127.86,
Player2_Car,64.02,364.355,-24.652,348.822,20.017,-1.18,0.60,4,1164.43,
Player1_Car,64.04,399.964,-24.652,341.596,20.011,-2.00,0.60,4,1128.26,
Player2_Car,64.04,363.955,-24.652,348.840,20.017,-1.15,0.60,4,1164.83,
Player1_Car,64.06,399.569,-24.652,341.657,20.011,-1.99,0.60,4,1128.66,
Player2_Car,64.06,363.555,-24.652,348.858,20.017,-1.14,0.60,4,1165.23,
Player1_Car,64.08,399.174,-24.652,341.718,20.011,-1.99,0.60,4,1129.08,
Player2_Car,64.08,363.155,-24.652,348.876,20.017,-1.12,0.60,4,1165.63,
Player1_Car,64.10,398.778,-24.652,341.779,20.011,-1.97,0.60,4,1129.48,
Player2_Car,64.10,362.755,-24.652,348.895,20.017,-1.09,0.60,4,1166.03,
Player1_Car,64.12,398.382,-24.652,341.839,20.011,-1.97,0.60,4,1129.88,
Player2_Car,64.12,362.355,-24.652,348.913,20.018,-1.06,0.60,4,1166.43,
Player1_Car,64.14,397.986,-24.652,341.898,20.011,-1.97,0.60,4,1130.28,
Player2_Car,64.14,361.955,-24.652,348.931,20.018,-1.04,0.60,4,1166.83,
Player1_Car,64.16,397.590,-24.652,341.956,20.011,-1.96,0.60,4,1130.69,
Player2_Car,64.16,361.555,-24.652,348.949,20.018,-0.98,0.60,4,1167.23,
Player1_Car,64.18,397.194,-24.652,342.014,20.011,-1.95,0.60,4,1131.09,
Player2_Car,64.18,361.155,-24.652,348.967,20.018,-0.91,0.60,4,1167.63,
Player1_Car,64.20,396.798,-24.652,342.071,20.011,-1.95,0.60,4,1131.49,
Player2_Car,64.20,360.755,-24.652,348.985,20.018,-0.85,0.60,4,1168.03,
Player1_Car,64.22,396.402,-24.652,342.127,20.012,-1.95,0.60,4,1131.89,
Player2_Car,64.22,360.355,-24.652,349.004,20.018,-0.78,0.60,4,1168.43,
Player1_Car,64.24,396.006,-24.652,342.183,20.012,-1.94,0.60,4,1132.31,
Player2_Car,64.24,359.955,-24.652,349.022,20.019,-0.69,0.60,4,1168.83,
Player1_Car,64.26,395.609,-24.652,342.238,20.012,-1.94,0.60,4,1132.71,
Player2_Car,64.26,359.556,-24.652,349.041,20.019,-0.61,0.60,4,1169.23,
Player1_Car,64.28,395.213,-24.652,342.292,20.012,-1.94,0.60,4,1133.11,
Player2_Car,64.28,359.156,-24.652,349.059,20.019,-0.52,0.60,4,1169.64,
Player1_Car,64.30,394.816,-24.652,342.346,20.012,-1.94,0.60,4,1133.53,
Player2_Car,64.30,358.756,-24.652,349.078,20.020,-0.43,0.60,4,1170.04,
Player1_Car,64.32,394.419,-24.652,342.399,20.012,-1.93,0.60,4,1133.93,
Player2_Car,64.32,358.356,-24.652,349.097,20.020,-0.32,0.60,4,1170.44,
Player1_Car,64.34,394.023,-24.652,342.452,20.012,-1.93,0.60,4,1134.33,
Player2_Car,64.34,357.956,-24.652,349.117,20.021,-0.21,0.60,4,1170.84,
Player1_Car,64.36,393.626,-24.652,342.504,20.012,-1.94,0.60,4,1134.73,
Player2_Car,64.36,357.556,-24.652,349.136,20.021,-0.11,0.60,4,1171.24,
Player1_Car,64.38,393.229,-24.652,342.555,20.012,-1.93,0.60,4,1135.14,
Player2_Car,64.38,357.156,-24.652,349.156,20.022,0.01,0.60,4,1171.64,
Player1_Car,64.40,392.832,-24.652,342.606,20.012,-1.93,0.60,4,1135.54,
Player2_Car,64.40,356.756,-24.652,349.176,20.022,0.14,0.60,4,1172.04,
Player1_Car,64.42,392.435,-24.652,342.655,20.012,-1.93,0.60,4,1135.94,
Player2_Car,64.42,356.356,-24.652,349.196,20.022,0.26,0.60,4,1172.44,
Player1_Car,64.44,392.037,-24.652,342.705,20.012,-1.93,0.60,4,1136.34,
Player2_Car,64.44,355.956,-24.652,349.216,20.023,0.38,0.60,4,1172.85,
Player1_Car,64.46,391.640,-24.652,342.753,20.012,-1.92,0.60,4,1136.75,
Player2_Car,64.46,355.556,-24.652,349.237,20.023,0.52,0.60,4,1173.25,
Player1_Car,64.48,391.243,-24.652,342.801,20.012,-1.92,0.60,4,1137.15,
Player2_Car,64.48,355.156,-24.652,349.258,20.023,0.67,0.60,4,1173.65,
Player1_Car,64.50,390.845,-24.652,342.849,20.012,-1.92,0.60,4,1137.55,
Player2_Car,64.50,354.756,-24.652,349.279,20.023,0.81,0.60,4,1174.05,
Player1_Car,64.52,390.448,-24.652,342.896,20.012,-1.91,0.60,4,1137.95,
Player2_Car,64.52,354.357,-24.652,349.301,20.023,0.95,0.60,4,1174.46,
Player1_Car,64.54,390.050,-24.652,342.942,20.012,-1.91,0.60,4,1138.36,
Player2_Car,64.54,353.957,-24.652,349.323,20.023,1.11,0.60,4,1174.86,
Player1_Car,64.56,389.653,-24.652,342.987,20.012,-1.90,0.60,4,1138.76,
Player2_Car,64.56,353.557,-24.652,349.345,20.023,1.27,0.60,4,1175.26,
Player1_Car,64.58,389.255,-24.652,343.032,20.012,-1.90,0.60,4,1139.16,
Player2_Car,64.58,353.157,-24.652,349.368,20.022,1.41,0.60,4,1175.66,
Player1_Car,64.60,388.857,-24.652,343.076,20.012,-1.89,0.60,4,1139.57,
Player2_Car,64.60,352.757,-24.652,349.391,20.022,1.48,0.60,4,1176.06,
Player1_Car,64.62,388.459,-24.652,343.120,20.012,-1.88,0.60,4,1139.97,
Player2_Car,64.62,352.358,-24.652,349.414,20.021,1.54,0.60,4,1176.46,
Player1_Car,64.64,388.061,-24.652,343.163,20.012,-1.88,0.60,4,1140.37,
Player2_Car,64.64,351.958,-24.652,349.438,20.020,1.60,0.60,4,1176.87,
Player1_Car,64.66,387.663,-24.652,343.205,20.012,-1.88,0.60,4,1140.77,
Player2_Car,64.66,351.558,-24.652,349.462,20.020,1.68,0.60,4,1177.27,
Player1_Car,64.68,387.265,-24.652,343.247,20.012,-1.87,0.60,4,1141.18,
Player2_Car,64.68,351.158,-24.652,349.486,20.019,1.76,0.60,4,1177.67,
Player1_Car,64.70,386.867,-24.652,343.288,20.012,-1.86,0.60,4,1141.58,
Player2_Car,64.70,350.759,-24.652,349.511,20.019,1.84,0.60,4,1178.08,
Player1_Car,64.72,386.469,-24.652,343.329,20.012,-1.86,0.60,4,1141.98,
Player2_Car,64.72,350.359,-24.652,349.536,20.018,1.90,0.60,4,1178.49,
Player1_Car,64.74,386.071,-24.652,343.369,20.012,-1.86,0.60,4,1142.38,
Player2_Car,64.74,349.960,-24.652,349.562,20.017,1.94,0.60,4,1178.89,
Player1_Car,64.76,385.673,-24.652,343.408,20.012,-1.85,0.60,4,1142.79,
Player2_Car,64.76,349.560,-24.652,349.589,20.017,2.01,0.60,4,1179.29,
Player1_Car,64.78,385.274,-24.652,343.447,20.012,-1.84,0.60,4,1143.19,
Player2_Car,64.78,349.161,-24.652,349.616,20.016,2.09,0.60,4,1179.69,
Player1_Car,64.80,384.876,-24.652,343.485,20.012,-1.84,0.60,4,1143.59,
Player2_Car,64.80,348.762,-24.652,349.644,20.016,2.15,0.60,4,1180.11,
Player1_Car,64.82,384.477,-24.652,343.523,20.012,-1.83,0.60,4,1144.01,
Player2_Car,64.82,348.362,-24.652,349.673,20.015,2.18,0.60,4,1180.51,
Player1_Car,64.84,384.079,-24.652,343.560,20.012,-1.82,0.60,4,1144.41,
Player2_Car,64.84,347.963,-24.652,349.703,20.014,2.25,0.60,4,1180.91,
Player1_Car,64.86,383.680,-24.652,343.597,20.013,-1.82,0.60,4,1144.81,
Player2_Car,64.86,347.564,-24.652,349.734,20.014,2.31,0.60,4,1181.31,
Player1_Car,64.88,383.282,-24.652,343.633,20.013,-1.81,0.60,4,1145.21,
Player2_Car,64.88,347.165,-24.652,349.765,20.013,2.35,0.60,4,1181.74,
Player1_Car,64.90,382.883,-24.652,343.668,20.013,-1.81,0.60,4,1145.62,
Player2_Car,64.90,346.766,-24.652,349.798,20.013,2.40,0.60,4,1182.14,
Player1_Car,64.92,382.484,-24.652,343.703,20.013,-1.80,0.60,4,1146.02,
Player2_Car,64.92,346.367,-24.652,349.831,20.012,2.45,0.60,4,1182.54,
Player1_Car,64.94,382.085,-24.652,343.737,20.013,-1.79,0.60,4,1146.42,
Player2_Car,64.94,345.969,-24.652,349.866,20.012,2.50,0.60,4,1182.96,
Player1_Car,64.96,381.687,-24.652,343.771,20.013,-1.79,0.60,4,1146.82,
Player2_Car,64.96,345.570,-24.652,349.901,20.011,2.52,0.60,4,1183.36,
Player1_Car,64.98,381.288,-24.652,343.804,20.013,-1.78,0.60,4,1147.24,
Player2_Car,64.98,345.171,-24.652,349.938,20.011,2.57,0.60,4,1183.76,
Player1_Car,65.00,380.889,-24.652,343.837,20.013,-1.77,0.60,4,1147.64,
Player2_Car,65.00,344.773,-24.652,349.976,20.010,2.62,0.60,4,1184.16,
Player1_Car,65.02,380.490,-24.652,343.869,20.013,-1.77,0.60,4,1148.04,
Player2_Car,65.02,344.375,-24.652,350.014,20.010,2.66,0.60,4,1184.58,
Player1_Car,65.04,380.091,-24.652,343.901,20.013,-1.76,0.60,4,1148.44,
Player2_Car,65.04,343.977,-24.652,350.055,20.010,2.68,0.60,4,1184.98,
Player1_Car,65.06,379.692,-24.652,343.932,20.013,-1.75,0.60,4,1148.85,
Player2_Car,65.06,343.579,-24.652,350.096,20.009,2.73,0.60,4,1185.38,
Player1_Car,65.08,379.293,-24.652,343.963,20.013,-1.75,0.60,4,1149.25,
Player2_Car,65.08,343.181,-24.652,350.139,20.009,2.78,0.60,4,1185.78,
Player1_Car,65.10,378.894,-24.652,343.993,20.013,-1.74,0.60,4,1149.65,
Player2_Car,65.10,342.783,-24.652,350.183,20.008,2.81,0.60,4,1186.20,
Player1_Car,65.12,378.494,-24.652,344.022,20.013,-1.74,0.60,4,1150.06,
Player2_Car,65.12,342.385,-24.652,350.228,20.008,2.85,0.60,4,1186.60,
Player1_Car,65.14,378.095,-24.652,344.052,20.013,-1.72,0.60,4,1150.46,
Player2_Car,65.14,341.988,-24.652,350.274,20.007,2.91,0.60,4,1187.00,
Player1_Car,65.16,377.696,-24.652,344.080,20.013,-1.71,0.60,4,1150.86,
Player2_Car,65.16,341.591,-24.652,350.322,20.007,2.95,0.60,4,1187.40,
Player1_Car,65.18,377.297,-24.652,344.108,20.013,-1.71,0.60,4,1151.26,
Player2_Car,65.18,341.194,-24.652,350.372,20.007,2.97,0.60,4,1187.82,
Player1_Car,65.20,376.897,-24.652,344.136,20.013,-1.70,0.60,4,1151.67,
Player2_Car,65.20,340.797,-24.652,350.423,20.006,3.03,0.60,4,1188.22,
Player1_Car,65.22,376.498,-24.652,344.163,20.013,-1.69,0.60,4,1152.07,
Player2_Car,65.22,340.400,-24.652,350.475,20.006,3.08,0.60,4,1188.62,
Player1_Car,65.24,376.099,-24.652,344.190,20.013,-1.68,0.60,4,1152.47,
Player2_Car,65.24,340.004,-24.652,350.529,20.005,3.12,0.60,4,1189.06,
Player1_Car,65.26,375.699,-24.652,344.216,20.014,-1.67,0.60,4,1152.87,
Player2_Car,65.26,339.607,-24.652,350.584,20.005,3.14,0.60,4,1189.46,
Player1_Car,65.28,375.300,-24.652,344.242,20.014,-1.66,0.60,4,1153.28,
Player2_Car,65.28,339.211,-24.652,350.641,20.005,3.19,0.60,4,1189.86,
Player1_Car,65.30,374.900,-24.652,344.268,20.014,-1.65,0.60,4,1153.68,
Player2_Car,65.30,338.816,-24.652,350.700,20.004,3.23,0.60,4,1190.26,
Player1_Car,65.32,374.501,-24.652,344.293,20.014,-1.64,0.60,4,1154.08,
Player2_Car,65.32,338.420,-24.652,350.760,20.004,3.27,0.60,4,1190.69,
Player1_Car,65.34,374.101,-24.652,344.317,20.014,-1.63,0.60,4,1154.49,
Player2_Car,65.34,338.025,-24.652,350.822,20.004,3.30,0.60,4,1191.09,
Player1_Car,65.36,373.702,-24.652,344.341,20.014,-1.61,0.60,4,1154.89,
Player2_Car,65.36,337.630,-24.652,350.885,20.003,3.34,0.60,4,1191.49,
Player1_Car,65.38,373.302,-24.652,344.365,20.014,-1.60,0.60,4,1155.29,
Player2_Car,65.38,337.235,-24.652,350.950,20.003,3.38,0.60,4,1191.93,
Player1_Car,65.40,372.903,-24.652,344.389,20.014,-1.58,0.60,4,1155.69,
Player2_Car,65.40,336.841,-24.652,351.017,20.002,3.39,0.60,4,1192.33,
Player1_Car,65.42,372.503,-24.652,344.412,20.014,-1.57,0.60,4,1156.09,
Player2_Car,65.42,336.447,-24.652,351.086,20.002,3.43,0.60,4,1192.73,
Player1_Car,65.44,372.103,-24.652,344.434,20.014,-1.55,0.60,4,1156.49,
Player2_Car,65.44,336.053,-24.652,351.157,20.002,3.47,0.60,4,1193.13,
Player1_Car,65.46,371.704,-24.652,344.457,20.014,-1.53,0.60,4,1156.89,
Player2_Car,65.46,335.659,-24.652,351.229,20.001,3.50,0.60,4,1193.57,
Player1_Car,65.48,371.304,-24.652,344.479,20.014,-1.51,0.60,4,1157.30,
Player2_Car,65.48,335.266,-24.652,351.303,20.001,3.53,0.60,4,1193.97,
Player1_Car,65.50,370.904,-24.652,344.500,20.014,-1.50,0.60,4,1157.70,
Player2_Car,65.50,334.874,-24.652,351.379,20.001,3.56,0.60,4,1194.37,
Player1_Car,65.52,370.505,-24.652,344.521,20.015,-1.48,0.60,4,1158.10,
Player2_Car,65.52,334.481,-24.652,351.457,20.000,3.58,0.60,4,1194.77,
Player1_Car,65.54,370.105,-24.652,344.542,20.015,-1.46,0.60,4,1158.50,
Player2_Car,65.54,334.089,-24.652,351.537,20.000,3.61,-0.72,4,1195.21,
Player1_Car,65.56,369.705,-24.652,344.563,20.015,-1.44,0.60,4,1158.90,
Player2_Car,65.56,333.698,-24.652,351.618,20.000,3.67,0.60,4,1195.61,
Player1_Car,65.58,369.305,-24.652,344.584,20.015,-1.42,0.60,4,1159.31,
Player2_Car,65.58,333.322,-24.652,351.698,19.208,3.65,0.70,4,1195.99,
Player1_Car,65.60,368.906,-24.652,344.604,20.015,-1.41,0.60,4,1159.71,
Player2_Car,65.60,332.946,-24.652,351.781,19.216,3.57,0.69,4,1196.41,
Player1_Car,65.62,368.506,-24.652,344.624,20.015,-1.38,0.60,4,1160.11,
Player2_Car,65.62,332.570,-24.652,351.865,19.282,3.59,0.69,4,1196.80,
Player1_Car,65.64,368.106,-24.652,344.643,20.015,-1.37,0.60,4,1160.52,
Player2_Car,65.64,332.193,-24.652,351.952,19.347,3.70,0.68,4,1197.18,
Player1_Car,65.66,367.706,-24.652,344.663,20.015,-1.35,0.60,4,1160.92,
Player2_Car,65.66,331.815,-24.652,352.040,19.407,3.82,0.67,4,1197.57,
Player1_Car,65.68,367.306,-24.652,344.682,20.015,-1.33,0.60,4,1161.32,
Player2_Car,65.68,331.437,-24.652,352.131,19.460,3.89,0.66,4,1198.01,
Player1_Car,65.70,366.906,-24.652,344.701,20.016,-1.31,0.60,4,1161.72,
Player2_Car,65.70,331.058,-24.652,352.224,19.509,3.87,0.66,4,1198.40,
Player1_Car,65.72,366.507,-24.652,344.720,20.016,-1.29,0.60,4,1162.13,
Player2_Car,65.72,330.679,-24.652,352.320,19.553,3.90,0.65,4,1198.79,
Player1_Car,65.74,366.107,-24.652,344.739,20.016,-1.28,0.60,4,1162.53,
Player2_Car,65.74,330.299,-24.652,352.417,19.593,3.98,0.65,4,1199.18,
Player1_Car,65.76,365.707,-24.652,344.758,20.016,-1.25,0.60,4,1162.93,
Player2_Car,65.76,329.919,-24.652,352.517,19.630,4.06,-0.68,4,1199.63,
Player1_Car,65.78,365.307,-24.652,344.776,20.016,-1.23,0.60,4,1163.33,
Player2_Car,65.78,329.540,-24.652,352.619,19.663,4.09,0.64,4,1200.02,
Player1_Car,65.80,364.907,-24.652,344.795,20.016,-1.22,0.60,4,1163.73,
Player2_Car,65.80,329.175,-24.652,352.719,18.901,4.01,0.73,4,1200.40,
Player1_Car,65.82,364.507,-24.652,344.813,20.016,-1.20,0.60,4,1164.13,
Player2_Car,65.82,328.811,-24.652,352.822,18.937,3.90,0.73,4,1200.78,
Player1_Car,65.84,364.107,-24.652,344.831,20.016,-1.17,0.60,4,1164.53,
Player2_Car,65.84,328.445,-24.652,352.927,19.028,3.99,-0.60,4,1201.21,
Player1_Car,65.86,363.707,-24.652,344.849,20.017,-1.15,0.60,4,1164.93,
Player2_Car,65.86,328.078,-24.652,353.035,19.116,4.12,0.71,4,1201.59,
Player1_Car,65.88,363.307,-24.652,344.867,20.017,-1.14,0.60,4,1165.33,
Player2_Car,65.88,327.725,-24.652,353.140,18.404,4.09,0.79,4,1201.96,
Player1_Car,65.90,362.907,-24.652,344.886,20.017,-1.11,0.60,4,1165.73,
Player2_Car,65.90,327.372,-24.652,353.249,18.485,4.01,-0.54,4,1202.38,
Player1_Car,65.92,362.507,-24.652,344.904,20.017,-1.08,0.60,4,1166.13,
Player2_Car,65.92,327.017,-24.652,353.360,18.617,4.03,-0.55,4,1202.76,
Player1_Car,65.94,362.108,-24.652,344.922,20.017,-1.06,0.60,4,1166.54,
Player2_Car,65.94,326.674,-24.652,353.469,17.951,4.05,-0.47,4,1203.12,
Player1_Car,65.96,361.708,-24.652,344.940,20.017,-1.03,0.60,4,1166.94,
Player2_Car,65.96,326.345,-24.652,353.575,17.282,3.90,-0.39,4,1203.46,
Player1_Car,65.98,361.308,-24.652,344.958,20.017,-0.97,0.60,4,1167.34,
Player2_Car,65.98,326.029,-24.652,353.679,16.669,3.77,-0.32,4,1203.85,
Player1_Car,66.00,360.908,-24.652,344.976,20.018,-0.91,0.60,4,1167.74,
Player2_Car,66.00,325.723,-24.652,353.782,16.112,3.67,-0.25,4,1204.17,
Player1_Car,66.02,360.508,-24.652,344.994,20.018,-0.85,0.60,4,1168.14,
Player2_Car,66.02,325.428,-24.652,353.883,15.605,3.63,-0.19,4,1204.48,
Player1_Car,66.04,360.108,-24.652,345.013,20.018,-0.78,0.60,4,1168.54,
Player2_Car,66.04,325.142,-24.652,353.982,15.145,3.60,-0.14,4,1204.78,
Player1_Car,66.06,359.708,-24.652,345.031,20.018,-0.69,0.60,4,1168.94,
Player2_Car,66.06,324.864,-24.652,354.079,14.727,3.56,-0.09,4,1205.08,
Player1_Car,66.08,359.308,-24.652,345.050,20.019,-0.61,0.60,4,1169.34,
Player2_Car,66.08,324.593,-24.652,354.175,14.347,3.58,-0.04,4,1205.42,
Player1_Car,66.10,358.908,-24.652,345.069,20.019,-0.53,0.60,4,1169.73,
Player2_Car,66.10,324.330,-24.652,354.270,14.002,3.55,0.00,4,1205.70,
Player1_Car,66.12,358.508,-24.652,345.088,20.020,-0.44,0.60,4,1170.13,
Player2_Car,66.12,324.073,-24.652,354.364,13.688,3.50,0.04,4,1205.97,
Player1_Car,66.14,358.108,-24.652,345.107,20.020,-0.33,0.60,4,1170.53,
Player2_Car,66.14,323.821,-24.652,354.457,13.403,3.48,0.07,4,1206.24,
Player1_Car,66.16,357.708,-24.652,345.127,20.021,-0.23,0.60,4,1170.94,
Player2_Car,66.16,323.575,-24.652,354.549,13.143,3.47,0.10,4,1206.50,
Player1_Car,66.18,357.308,-24.652,345.147,20.021,-0.13,0.60,4,1171.33,
Player2_Car,66.18,323.334,-24.652,354.641,12.908,3.53,0.13,4,1206.82,
Player1_Car,66.20,356.908,-24.652,345.166,20.022,-0.01,0.60,4,1171.73,
Player2_Car,66.20,323.097,-24.652,354.731,12.694,3.54,0.16,4,1207.07,
Player1_Car,66.22,356.508,-24.652,345.187,20.023,0.11,0.60,4,1172.13,
Player2_Car,66.22,322.864,-24.652,354.822,12.499,3.54,0.18,4,1207.32,
Player1_Car,66.24,356.109,-24.652,345.207,20.023,0.23,0.60,4,1172.53,
Player2_Car,66.24,322.634,-24.652,354.912,12.322,3.55,0.20,4,1207.57,
Player1_Car,66.26,355.709,-24.652,345.228,20.023,0.35,0.60,4,1172.93,
Player2_Car,66.26,322.408,-24.652,355.001,12.161,3.58,0.22,4,1207.81,
Player1_Car,66.28,355.309,-24.652,345.249,20.024,0.49,0.60,4,1173.33,
Player2_Car,66.28,322.185,-24.652,355.091,12.015,3.59,0.24,4,1208.05,
Player1_Car,66.30,354.909,-24.652,345.270,20.024,0.62,0.60,4,1173.73,
Player2_Car,66.30,321.965,-24.652,355.180,11.882,3.69,0.25,4,1208.37,
Player1_Car,66.32,354.509,-24.652,345.291,20.024,0.76,0.60,4,1174.13,
Player2_Car,66.32,321.747,-24.652,355.269,11.762,3.70,0.27,4,1208.60,
Player1_Car,66.34,354.109,-24.652,345.313,20.024,0.90,0.60,4,1174.53,
Player2_Car,66.34,321.532,-24.652,355.358,11.651,3.66,0.28,4,1208.84,
Player1_Car,66.36,353.709,-24.652,345.336,20.024,1.05,0.60,4,1174.93,
Player2_Car,66.36,321.319,-24.652,355.447,11.552,3.68,0.29,4,1209.07,
Player1_Car,66.38,353.309,-24.652,345.358,20.024,1.20,0.60,4,1175.33,
Player2_Car,66.38,321.107,-24.652,355.537,11.461,3.76,0.30,4,1209.30,
Player1_Car,66.40,352.910,-24.652,345.381,20.024,1.35,0.60,4,1175.72,
Player2_Car,66.40,320.898,-24.652,355.626,11.379,3.81,0.31,4,1209.52,
Player1_Car,66.42,352.510,-24.652,345.404,20.023,1.45,0.60,4,1176.12,
Player2_Car,66.42,320.691,-24.652,355.716,11.303,3.92,0.32,4,1209.82,
Player1_Car,66.44,352.110,-24.652,345.428,20.023,1.52,0.60,4,1176.52,
Player2_Car,66.44,320.485,-24.652,355.806,11.235,3.92,0.33,4,1210.05,
Player1_Car,66.46,351.710,-24.652,345.452,20.022,1.58,0.60,4,1176.92,
Player2_Car,66.46,320.280,-24.652,355.896,11.173,3.89,0.34,4,1210.27,
Player1_Car,66.48,351.311,-24.652,345.476,20.021,1.64,0.60,4,1177.31,
Player2_Car,66.48,320.077,-24.652,355.987,11.116,3.88,0.35,4,1210.49,
Player1_Car,66.50,350.911,-24.652,345.501,20.020,1.73,0.60,4,1177.72,
Player2_Car,66.50,319.876,-24.652,356.078,11.065,3.93,0.35,4,1210.71,
Player1_Car,66.52,350.511,-24.652,345.526,20.019,1.82,0.60,4,1178.12,
Player2_Car,66.52,319.675,-24.652,356.169,11.019,4.00,0.36,4,1210.93,
Player1_Car,66.54,350.112,-24.652,345.551,20.018,1.87,0.60,4,1178.50,
Player2_Car,66.54,319.476,-24.652,356.261,10.976,4.03,0.36,4,1211.15,
Player1_Car,66.56,349.712,-24.652,345.578,20.017,1.91,0.60,4,1178.90,
Player2_Car,66.56,319.277,-24.652,356.353,10.938,4.13,0.37,4,1211.44,
Player1_Car,66.58,349.313,-24.652,345.604,20.017,1.98,0.60,4,1179.30,
Player2_Car,66.58,319.080,-24.652,356.446,10.903,4.14,0.37,4,1211.65,
Player1_Car,66.60,348.914,-24.652,345.632,20.016,2.07,0.60,4,1179.70,
Player2_Car,66.60,318.884,-24.652,356.540,10.870,4.10,0.38,4,1211.87,
Player1_Car,66.62,348.514,-24.652,345.660,20.016,2.10,0.60,4,1180.09,
Player2_Car,66.62,318.688,-24.652,356.634,10.841,4.09,0.38,4,1212.09,
Player1_Car,66.64,348.115,-24.652,345.689,20.015,2.14,0.60,4,1180.49,
Player2_Car,66.64,318.494,-24.652,356.728,10.815,4.13,0.38,4,1212.31,
Player1_Car,66.66,347.716,-24.652,345.719,20.015,2.21,0.60,4,1180.89,
Player2_Car,66.66,318.300,-24.652,356.823,10.791,4.19,0.39,4,1212.52,
Player1_Car,66.68,347.317,-24.652,345.750,20.014,2.28,0.60,4,1181.29,
Player2_Car,66.68,318.107,-24.652,356.919,10.770,4.30,0.39,4,1212.80,
Player1_Car,66.70,346.918,-24.652,345.781,20.014,2.30,0.60,4,1181.67,
Player2_Car,66.70,317.915,-24.652,357.016,10.750,4.30,0.39,4,1213.01,
Player1_Car,66.72,346.519,-24.652,345.814,20.013,2.34,0.60,4,1182.07,
Player2_Car,66.72,317.724,-24.652,357.113,10.731,4.25,0.39,4,1213.23,
Player1_Car,66.74,346.120,-24.652,345.847,20.013,2.40,0.60,4,1182.47,
Player2_Car,66.74,317.533,-24.652,357.211,10.715,4.23,0.39,4,1213.44,
Player1_Car,66.76,345.721,-24.652,345.882,20.012,2.45,0.60,4,1182.87,
Player2_Car,66.76,317.343,-24.652,357.309,10.700,4.23,0.40,4,1213.66,
Player1_Car,66.78,345.323,-24.652,345.918,20.012,2.47,0.60,4,1183.26,
Player2_Car,66.78,317.154,-24.652,357.409,10.687,4.28,0.40,4,1213.87,
Player1_Car,66.80,344.924,-24.652,345.954,20.011,2.51,0.60,4,1183.66,
Player2_Car,66.80,316.965,-24.652,357.508,10.674,4.31,0.40,4,1214.08,
Player1_Car,66.82,344.526,-24.652,345.992,20.011,2.57,0.60,4,1184.06,
Player2_Car,66.82,316.777,-24.652,357.609,10.663,4.41,0.40,4,1214.36,
Player1_Car,66.84,344.127,-24.652,346.031,20.011,2.60,0.60,4,1184.44,
Player2_Car,66.84,316.590,-24.652,357.710,10.653,4.40,0.40,4,1214.57,
Player1_Car,66.86,343.729,-24.652,346.071,20.010,2.61,0.60,4,1184.84,
Player2_Car,66.86,316.403,-24.652,357.813,10.643,4.34,0.40,4,1214.79,
Player1_Car,66.88,343.331,-24.652,346.112,20.010,2.67,0.60,4,1185.24,
Player2_Car,66.88,316.217,-24.652,357.916,10.635,4.31,0.40,4,1215.00,
Player1_Car,66.90,342.933,-24.652,346.154,20.009,2.73,0.60,4,1185.64,
Player2_Car,66.90,316.031,-24.652,358.019,10.627,4.32,0.40,4,1215.21,
Player1_Car,66.92,342.535,-24.652,346.198,20.009,2.75,0.60,4,1186.02,
Player2_Car,66.92,315.846,-24.652,358.123,10.620,4.36,0.41,4,1215.42,
Player1_Car,66.94,342.138,-24.652,346.243,20.009,2.76,0.60,4,1186.42,
Player2_Car,66.94,315.662,-24.652,358.228,10.614,4.48,0.41,4,1215.70,
Player1_Car,66.96,341.740,-24.652,346.289,20.008,2.83,0.60,4,1186.82,
Player2_Car,66.96,315.478,-24.652,358.334,10.608,4.47,0.41,4,1215.92,
Player1_Car,66.98,341.343,-24.652,346.337,20.008,2.90,0.60,4,1187.22,
Player2_Car,66.98,315.295,-24.652,358.441,10.602,4.40,0.41,4,1216.13,
Player1_Car,67.00,340.946,-24.652,346.386,20.007,2.91,0.60,4,1187.61,
Player2_Car,67.00,315.112,-24.652,358.548,10.598,4.37,0.41,4,1216.34,
Player1_Car,67.02,340.549,-24.652,346.436,20.007,2.92,0.60,4,1188.01,
Player2_Car,67.02,314.930,-24.652,358.657,10.593,4.36,0.41,4,1216.55,
Player1_Car,67.04,340.152,-24.652,346.488,20.007,2.99,0.60,4,1188.41,
Player2_Car,67.04,314.748,-24.652,358.765,10.590,4.38,0.41,4,1216.76,
Player1_Car,67.06,339.756,-24.652,346.542,20.006,3.04,0.60,4,1188.81,
Player2_Car,67.06,314.567,-24.652,358.875,10.586,4.41,0.41,4,1216.97,
Player1_Car,67.08,339.359,-24.652,346.596,20.006,3.04,0.60,4,1189.18,
Player2_Car,67.08,314.386,-24.652,358.985,10.583,4.53,0.41,4,1217.27,
Player1_Car,67.10,338.963,-24.652,346.653,20.006,3.07,0.60,4,1189.58,
Player2_Car,67.10,314.206,-24.652,359.097,10.580,4.52,0.41,4,1217.48,
Player1_Car,67.12,338.567,-24.652,346.711,20.005,3.13,0.60,4,1189.98,
Player2_Car,67.12,314.027,-24.652,359.209,10.577,4.44,0.41,4,1217.69,
Player1_Car,67.14,338.171,-24.652,346.770,20.005,3.17,0.60,4,1190.38,
Player2_Car,67.14,313.848,-24.652,359.322,10.574,4.39,0.41,4,1217.90,
Player1_Car,67.16,337.776,-24.652,346.831,20.005,3.15,0.60,4,1190.75,
Player2_Car,67.16,313.670,-24.652,359.435,10.572,4.39,0.41,4,1218.12,
Player1_Car,67.18,337.381,-24.652,346.894,20.004,3.19,0.60,4,1191.15,
Player2_Car,67.18,313.492,-24.652,359.549,10.571,4.43,0.41,4,1218.33,
Player1_Car,67.20,336.986,-24.652,346.958,20.004,3.26,0.60,4,1191.55,
Player2_Car,67.20,313.315,-24.652,359.664,10.569,4.60,0.41,4,1218.63,
Player1_Car,67.22,336.591,-24.652,347.024,20.004,3.27,0.60,4,1191.93,
Player2_Car,67.22,313.138,-24.652,359.780,10.567,4.59,0.41,4,1218.84,
Player1_Car,67.24,336.197,-24.652,347.091,20.003,3.27,0.60,4,1192.33,
Player2_Car,67.24,312.962,-24.652,359.897,10.565,4.51,0.41,4,1219.05,
Player1_Car,67.26,335.803,-24.652,347.161,20.003,3.32,0.60,4,1192.73,
Player2_Car,67.26,312.786,-24.652,360.015,10.563,4.46,0.41,4,1219.26,
Player1_Car,67.28,335.409,-24.652,347.232,20.003,3.38,0.60,4,1193.13,
Player2_Car,67.28,312.611,-24.652,360.133,10.562,4.46,0.41,4,1219.47,
Player1_Car,67.30,335.016,-24.652,347.304,20.003,3.37,0.60,4,1193.50,
Player2_Car,67.30,312.437,-24.652,360.252,10.561,4.47,0.41,4,1219.68,
Player1_Car,67.32,334.623,-24.652,347.379,20.002,3.38,0.60,4,1193.90,
Player2_Car,67.32,312.263,-24.652,360.372,10.560,4.51,0.41,4,1219.89,
Player1_Car,67.34,334.230,-24.652,347.455,20.002,3.44,0.60,4,1194.30,
Player2_Car,67.34,312.089,-24.652,360.493,10.559,4.65,0.41,4,1220.18,
Player1_Car,67.36,333.838,-24.652,347.533,20.002,3.50,0.60,4,1194.70,
Player2_Car,67.36,311.917,-24.652,360.614,10.558,4.63,0.41,4,1220.39,
Player1_Car,67.38,333.446,-24.652,347.613,20.002,3.48,-0.72,4,1195.07,
Player2_Car,67.38,311.745,-24.652,360.736,10.557,4.56,0.41,4,1220.60,
Player1_Car,67.40,333.054,-24.652,347.695,20.001,3.51,0.60,4,1195.47,
Player2_Car,67.40,311.573,-24.652,360.859,10.556,4.52,0.41,4,1220.81,
Player1_Car,67.42,332.679,-24.652,347.775,19.209,3.50,0.69,4,1195.86,
Player2_Car,67.42,311.402,-24.652,360.983,10.556,4.51,0.41,4,1221.03,
Player1_Car,67.44,332.303,-24.652,347.857,19.218,3.44,0.69,4,1196.24,
Player2_Car,67.44,311.232,-24.652,361.108,10.555,4.54,1.00,4,1221.24,
Player1_Car,67.46,331.927,-24.652,347.941,19.284,3.45,0.69,4,1196.60,
Player2_Car,67.46,311.062,-24.652,361.233,10.555,4.57,1.00,4,1221.45,
Player1_Car,67.48,331.549,-24.652,348.027,19.349,3.54,0.68,4,1196.99,
Player2_Car,67.48,310.887,-24.652,361.364,10.906,4.69,0.37,4,1221.74,
Player1_Car,67.50,331.171,-24.652,348.116,19.408,3.67,0.67,4,1197.38,
Player2_Car,67.50,310.707,-24.652,361.499,11.253,4.75,0.33,4,1221.96,
Player1_Car,67.52,330.793,-24.652,348.206,19.462,3.73,0.66,4,1197.77,
Player2_Car,67.52,310.529,-24.652,361.635,11.220,4.72,0.33,4,1222.18,
Player1_Car,67.54,330.414,-24.652,348.299,19.510,3.69,0.66,4,1198.12,
Player2_Car,67.54,310.352,-24.652,361.771,11.160,4.65,1.00,4,1222.41,
Player1_Car,67.56,330.034,-24.652,348.393,19.555,3.71,0.65,4,1198.51,
Player2_Car,67.56,310.177,-24.652,361.908,11.105,4.63,1.00,4,1222.63,
Player1_Car,67.58,329.655,-24.652,348.490,19.595,3.81,0.65,4,1198.91,
Player2_Car,67.58,309.997,-24.652,362.049,11.449,4.65,1.00,4,1222.86,
Player1_Car,67.60,329.275,-24.652,348.589,19.632,3.88,0.64,4,1199.30,
Player2_Car,67.60,309.812,-24.652,362.196,11.791,4.81,0.27,4,1223.16,
Player1_Car,67.62,328.895,-24.652,348.690,19.665,3.85,-0.68,4,1199.65,
Player2_Car,67.62,309.623,-24.652,362.348,12.128,4.83,1.00,4,1223.41,
Player1_Car,67.64,328.515,-24.652,348.794,19.695,3.86,0.64,4,1200.05,
Player2_Car,67.64,309.437,-24.652,362.499,12.020,4.81,1.00,4,1223.65,
Player1_Car,67.66,328.150,-24.652,348.895,18.930,3.85,0.73,4,1200.43,
Player2_Car,67.66,309.246,-24.652,362.657,12.353,4.76,1.00,4,1223.89,
Player1_Car,67.68,327.785,-24.652,348.998,18.964,3.77,0.72,4,1200.81,
Player2_Car,67.68,309.051,-24.652,362.819,12.683,4.78,1.00,4,1224.15,
Player1_Car,67.70,327.419,-24.652,349.105,19.053,3.78,-0.61,4,1201.15,
Player2_Car,67.70,308.852,-24.652,362.986,13.010,4.89,1.00,4,1224.48,
Player1_Car,67.72,327.052,-24.652,349.213,19.139,3.87,0.70,4,1201.54,
Player2_Car,67.72,308.649,-24.652,363.159,13.332,4.96,1.00,4,1224.74,
Player1_Car,67.74,326.699,-24.652,349.319,18.425,3.88,0.79,4,1201.91,
Player2_Car,67.74,308.442,-24.652,363.338,13.651,4.94,1.00,4,1225.02,
Player1_Car,67.76,326.345,-24.652,349.428,18.505,3.80,0.78,4,1202.28,
Player2_Car,67.76,308.232,-24.652,363.522,13.965,4.90,1.00,4,1225.30,
Player1_Car,67.78,325.989,-24.652,349.539,18.636,3.80,-0.56,4,1202.62,
Player2_Car,67.78,308.018,-24.652,363.711,14.276,4.89,1.00,4,1225.58,
Player1_Car,67.80,325.632,-24.652,349.653,18.759,3.90,-0.57,4,1202.99,
Player2_Car,67.80,307.801,-24.652,363.906,14.584,5.04,1.00,4,1225.95,
Player1_Car,67.82,325.288,-24.652,349.764,18.081,3.91,-0.49,4,1203.35,
Player2_Car,67.82,307.581,-24.652,364.106,14.888,5.07,1.00,4,1226.24,
Player1_Car,67.84,324.957,-24.652,349.873,17.400,3.72,0.91,4,1203.70,
Player2_Car,67.84,307.357,-24.652,364.312,15.187,4.97,1.00,4,1226.55,
Player1_Car,67.86,324.639,-24.652,349.980,16.776,3.51,-0.33,4,1204.00,
Player2_Car,67.86,307.131,-24.652,364.523,15.483,4.96,1.00,4,1226.86,
Player1_Car,67.88,324.318,-24.652,350.090,17.001,3.56,-0.36,4,1204.34,
Player2_Car,67.88,306.902,-24.652,364.740,15.777,5.02,1.00,4,1227.17,
Player1_Car,67.90,324.006,-24.652,350.198,16.478,3.70,-0.30,4,1204.67,
Player2_Car,67.90,306.670,-24.652,364.963,16.066,5.13,1.00,4,1227.58,
Player1_Car,67.92,323.705,-24.652,350.303,15.943,3.63,-0.23,4,1204.99,
Player2_Car,67.92,306.436,-24.652,365.191,16.352,5.12,1.00,4,1227.91,
Player1_Car,67.94,323.414,-24.652,350.407,15.452,3.44,-0.17,4,1205.28,
Player2_Car,67.94,306.199,-24.652,365.425,16.634,5.07,1.00,4,1228.24,
Player1_Car,67.96,323.132,-24.652,350.510,15.006,3.34,-0.12,4,1205.57,
Player2_Car,67.96,305.961,-24.652,365.664,16.913,5.03,0.97,4,1228.58,
Player1_Car,67.98,322.858,-24.652,350.610,14.601,3.35,-0.07,4,1205.86,
Player2_Car,67.98,305.720,-24.652,365.910,17.189,5.14,0.94,4,1229.01,
Player1_Car,68.00,322.591,-24.652,350.709,14.233,3.36,-0.03,4,1206.15,
Player2_Car,68.00,305.477,-24.652,366.160,17.444,5.18,0.91,4,1229.36,
Player1_Car,68.02,322.330,-24.652,350.806,13.899,3.33,0.01,4,1206.42,
Player2_Car,68.02,305.233,-24.652,366.416,17.676,5.11,0.88,4,1229.71,
Player1_Car,68.04,322.076,-24.652,350.903,13.594,3.30,0.05,4,1206.70,
Player2_Car,68.04,304.988,-24.652,366.677,17.886,5.03,0.85,4,1230.07,
Player1_Car,68.06,321.828,-24.652,350.998,13.318,3.28,0.08,4,1206.93,
Player2_Car,68.06,304.743,-24.652,366.943,18.078,5.13,0.83,4,1230.50,
Player1_Car,68.08,321.584,-24.652,351.093,13.067,3.31,0.11,4,1207.19,
Player2_Car,68.08,304.497,-24.652,367.213,18.253,5.15,0.81,4,1230.86,
Player1_Car,68.10,321.345,-24.652,351.186,12.839,3.35,0.14,4,1207.44,
Player2_Car,68.10,304.251,-24.652,367.487,18.410,5.05,0.79,4,1231.23,
Player1_Car,68.12,321.110,-24.652,351.279,12.631,3.37,0.16,4,1207.70,
Player2_Car,68.12,304.006,-24.652,367.765,18.554,5.01,0.77,4,1231.60,
Player1_Car,68.14,320.879,-24.652,351.372,12.442,3.37,0.19,4,1207.94,
Player2_Car,68.14,303.761,-24.652,368.047,18.685,5.09,0.76,4,1232.04,
Player1_Car,68.16,320.651,-24.652,351.464,12.271,3.38,0.21,4,1208.19,
Player2_Car,68.16,303.516,-24.652,368.332,18.804,5.07,0.74,4,1232.42,
Player1_Car,68.18,320.427,-24.652,351.556,12.115,3.34,0.23,4,1208.39,
Player2_Car,68.18,303.272,-24.652,368.622,18.911,5.00,0.73,4,1232.80,
Player1_Car,68.20,320.206,-24.652,351.647,11.973,3.36,0.24,4,1208.63,
Player2_Car,68.20,303.029,-24.652,368.914,19.009,4.97,0.72,4,1233.18,
Player1_Car,68.22,319.987,-24.652,351.738,11.845,3.41,0.26,4,1208.86,
Player2_Car,68.22,302.787,-24.652,369.210,19.099,5.01,0.71,4,1233.63,
Player1_Car,68.24,319.771,-24.652,351.829,11.728,3.49,0.27,4,1209.10,
Player2_Car,68.24,302.547,-24.652,369.509,19.180,4.99,0.70,4,1234.01,
Player1_Car,68.26,319.557,-24.652,351.920,11.621,3.54,0.29,4,1209.33,
Player2_Car,68.26,302.308,-24.652,369.810,19.253,4.95,0.69,4,1234.40,
Player1_Car,68.28,319.345,-24.652,352.011,11.524,3.57,0.30,4,1209.56,
Player2_Car,68.28,302.070,-24.652,370.115,19.320,4.97,0.68,4,1234.85,
Player1_Car,68.30,319.135,-24.652,352.102,11.436,3.53,0.31,4,1209.75,
Player2_Car,68.30,301.834,-24.652,370.422,19.381,4.93,0.67,4,1235.24,
Player1_Car,68.32,318.927,-24.652,352.193,11.356,3.56,0.32,4,1209.97,
Player2_Car,68.32,301.599,-24.652,370.732,19.436,4.88,0.67,4,1235.63,
Player1_Car,68.34,318.721,-24.652,352.284,11.284,3.62,0.33,4,1210.20,
Player2_Car,68.34,301.366,-24.652,371.045,19.487,4.84,0.66,4,1236.02,
Player1_Car,68.36,318.516,-24.652,352.375,11.218,3.65,0.33,4,1210.42,
Player2_Car,68.36,301.135,-24.652,371.360,19.532,4.87,0.66,4,1236.47,
Player1_Car,68.38,318.313,-24.652,352.467,11.158,3.68,0.34,4,1210.65,
Player2_Car,68.38,300.906,-24.652,371.677,19.574,4.82,0.65,4,1236.87,
Player1_Car,68.40,318.110,-24.652,352.559,11.103,3.73,0.35,4,1210.87,
Player2_Car,68.40,300.678,-24.652,371.996,19.612,4.75,0.65,4,1237.26,
Player1_Car,68.42,317.910,-24.652,352.651,11.053,3.79,0.35,4,1211.09,
Player2_Car,68.42,300.453,-24.652,372.318,19.646,4.76,0.64,4,1237.72,
Player1_Car,68.44,317.710,-24.652,352.744,11.008,3.76,0.36,4,1211.27,
Player2_Car,68.44,300.229,-24.652,372.642,19.678,4.70,0.64,4,1238.12,
Player1_Car,68.46,317.511,-24.652,352.837,10.967,3.78,0.36,4,1211.49,
Player2_Car,68.46,300.007,-24.652,372.968,19.706,4.65,0.64,4,1238.51,
Player1_Car,68.48,317.314,-24.652,352.931,10.930,3.83,0.37,4,1211.71,
Player2_Car,68.48,299.787,-24.652,373.296,19.732,4.60,0.63,4,1238.90,
Player1_Car,68.50,317.117,-24.652,353.025,10.896,3.85,0.37,4,1211.93,
Player2_Car,68.50,299.570,-24.652,373.625,19.756,4.61,0.63,4,1239.36,
Player1_Car,68.52,316.922,-24.652,353.120,10.865,3.86,0.38,4,1212.15,
Player2_Car,68.52,299.354,-24.652,373.957,19.777,4.56,0.63,4,1239.76,
Player1_Car,68.54,316.727,-24.652,353.215,10.837,3.91,0.38,4,1212.36,
Player2_Car,68.54,299.140,-24.652,374.290,19.796,4.51,0.62,4,1240.15,
Player1_Car,68.56,316.533,-24.652,353.310,10.811,3.96,0.38,4,1212.58,
Player2_Car,68.56,298.929,-24.652,374.625,19.814,4.46,0.62,4,1240.55,
Player1_Car,68.58,316.340,-24.652,353.406,10.788,3.93,0.39,4,1212.76,
Player2_Car,68.58,298.719,-24.652,374.962,19.830,4.46,0.62,4,1241.01,
Player1_Car,68.60,316.147,-24.652,353.503,10.767,3.94,0.39,4,1212.97,
Player2_Car,68.60,298.512,-24.652,375.300,19.845,4.45,0.62,4,1241.40,
Player1_Car,68.62,315.956,-24.652,353.600,10.748,3.97,0.39,4,1213.19,
Player2_Car,68.62,298.306,-24.652,375.640,19.859,4.40,0.62,4,1241.80,
Player1_Car,68.64,315.765,-24.652,353.698,10.730,3.99,0.39,4,1213.40,
Player2_Car,68.64,298.103,-24.652,375.982,19.871,4.39,0.62,4,1242.26,
Player1_Car,68.66,315.575,-24.652,353.797,10.714,3.99,0.39,4,1213.62,
Player2_Car,68.66,297.902,-24.652,376.325,19.882,4.35,0.61,4,1242.66,
Player1_Car,68.68,315.385,-24.652,353.896,10.700,4.02,0.40,4,1213.83,
Player2_Car,68.68,297.703,-24.652,376.669,19.892,4.32,0.61,4,1243.05,
Player1_Car,68.70,315.196,-24.652,353.996,10.687,4.07,0.40,4,1214.04,
Player2_Car,68.70,297.505,-24.652,377.015,19.901,4.29,0.61,4,1243.45,
Player1_Car,68.72,315.007,-24.652,354.096,10.675,4.04,0.40,4,1214.22,
Player2_Car,68.72,297.310,-24.652,377.362,19.909,4.29,0.61,4,1243.91,
Player1_Car,68.74,314.820,-24.652,354.197,10.664,4.04,0.40,4,1214.43,
Player2_Car,68.74,297.118,-24.652,377.710,19.917,4.28,0.61,4,1244.31,
Player1_Car,68.76,314.632,-24.652,354.299,10.654,4.07,0.40,4,1214.65,
Player2_Car,68.76,296.927,-24.652,378.060,19.924,4.24,0.61,4,1244.71,
Player1_Car,68.78,314.446,-24.652,354.402,10.645,4.08,0.40,4,1214.86,
Player2_Car,68.78,296.738,-24.652,378.411,19.930,4.24,0.61,4,1245.16,
Player1_Car,68.80,314.260,-24.652,354.505,10.637,4.08,0.40,4,1215.07,
Player2_Car,68.80,296.551,-24.652,378.764,19.936,4.20,0.61,4,1245.56,
Player1_Car,68.82,314.074,-24.652,354.609,10.629,4.09,0.40,4,1215.28,
Player2_Car,68.82,296.367,-24.652,379.117,19.941,4.16,0.61,4,1245.96,
Player1_Car,68.84,313.889,-24.652,354.713,10.623,4.13,0.41,4,1215.50,
Player2_Car,68.84,296.185,-24.652,379.472,19.946,4.13,0.61,4,1246.36,
Player1_Car,68.86,313.705,-24.652,354.818,10.617,4.10,0.41,4,1215.67,
Player2_Car,68.86,296.004,-24.652,379.828,19.950,4.13,0.61,4,1246.82,
Player1_Car,68.88,313.521,-24.652,354.924,10.611,4.10,0.41,4,1215.88,
Player2_Car,68.88,295.826,-24.652,380.185,19.955,4.10,0.61,4,1247.22,
Player1_Car,68.90,313.338,-24.652,355.031,10.606,4.12,0.41,4,1216.09,
Player2_Car,68.90,295.650,-24.652,380.543,19.958,4.05,0.61,4,1247.62,
Player1_Car,68.92,313.155,-24.652,355.138,10.601,4.13,0.41,4,1216.31,
Player2_Car,68.92,295.476,-24.652,380.902,19.961,4.00,0.60,4,1248.02,
Player1_Car,68.94,312.972,-24.652,355.246,10.597,4.12,0.41,4,1216.52,
Player2_Car,68.94,295.303,-24.652,381.263,19.965,3.98,0.60,4,1248.46,
Player1_Car,68.96,312.790,-24.652,355.355,10.593,4.12,0.41,4,1216.73,
Player2_Car,68.96,295.133,-24.652,381.624,19.968,3.96,0.60,4,1248.86,
Player1_Car,68.98,312.609,-24.652,355.464,10.590,4.16,0.41,4,1216.94,
Player2_Car,68.98,294.965,-24.652,381.986,19.970,3.92,0.60,4,1249.26,
Player1_Car,69.00,312.428,-24.652,355.574,10.587,4.12,0.41,4,1217.10,
Player2_Car,69.00,294.799,-24.652,382.350,19.973,3.88,0.60,4,1249.69,
Player1_Car,69.02,312.248,-24.652,355.685,10.584,4.13,0.41,4,1217.32,
Player2_Car,69.02,294.635,-24.652,382.714,19.975,3.84,0.60,4,1250.09,
Player1_Car,69.04,312.068,-24.652,355.797,10.581,4.16,0.41,4,1217.53,
Player2_Car,69.04,294.473,-24.652,383.079,19.977,3.80,0.60,4,1250.49,
Player1_Car,69.06,311.889,-24.652,355.909,10.579,4.16,0.41,4,1217.74,
Player2_Car,69.06,294.312,-24.652,383.445,19.979,3.77,0.60,4,1250.89,
Player1_Car,69.08,311.710,-24.652,356.022,10.577,4.15,0.41,4,1217.95,
Player2_Car,69.08,294.154,-24.652,383.812,19.980,3.74,0.60,4,1251.33,
Player1_Car,69.10,311.532,-24.652,356.136,10.575,4.14,0.41,4,1218.16,
Player2_Car,69.10,293.998,-24.652,384.180,19.982,3.71,0.60,4,1251.73,
Player1_Car,69.12,311.354,-24.652,356.250,10.573,4.19,0.41,4,1218.37,
Player2_Car,69.12,293.843,-24.652,384.548,19.984,3.67,0.60,4,1252.13,
Player1_Car,69.14,311.177,-24.652,356.365,10.571,4.20,0.41,4,1218.56,
Player2_Car,69.14,293.690,-24.652,384.917,19.985,3.65,0.60,4,1252.58,
Player1_Car,69.16,311.000,-24.652,356.481,10.570,4.18,0.41,4,1218.75,
Player2_Car,69.16,293.539,-24.652,385.288,19.986,3.60,0.60,4,1252.98,
Player1_Car,69.18,310.823,-24.652,356.598,10.568,4.19,0.41,4,1218.96,
Player2_Car,69.18,293.390,-24.652,385.658,19.987,3.57,0.60,4,1253.38,
Player1_Car,69.20,310.648,-24.652,356.715,10.567,4.21,0.41,4,1219.17,
Player2_Car,69.20,293.243,-24.652,386.030,19.988,3.54,0.60,4,1253.78,
Player1_Car,69.22,310.472,-24.652,356.833,10.566,4.21,0.41,4,1219.38,
Player2_Car,69.22,293.097,-24.652,386.402,19.990,3.52,0.60,4,1254.23,
Player1_Car,69.24,310.298,-24.652,356.952,10.565,4.20,0.41,4,1219.59,
Player2_Car,69.24,292.953,-24.652,386.775,19.991,3.49,0.60,4,1254.63,
Player1_Car,69.26,310.123,-24.652,357.072,10.564,4.24,0.41,4,1219.80,
Player2_Car,69.26,292.811,-24.652,387.149,19.991,3.47,0.60,4,1255.02,
Player1_Car,69.28,309.950,-24.652,357.192,10.563,4.28,0.41,4,1220.01,
Player2_Car,69.28,292.671,-24.652,387.524,19.992,3.44,0.60,4,1255.42,
Player1_Car,69.30,309.777,-24.652,357.313,10.562,4.23,0.41,4,1220.18,
Player2_Car,69.30,292.532,-24.652,387.899,19.993,3.42,0.60,4,1255.87,
Player1_Car,69.32,309.604,-24.652,357.435,10.561,4.23,0.41,4,1220.39,
Player2_Car,69.32,292.395,-24.652,388.274,19.994,3.41,0.60,4,1256.27,
Player1_Car,69.34,309.432,-24.652,357.557,10.561,4.26,0.41,4,1220.60,
Player2_Car,69.34,292.260,-24.652,388.651,19.994,3.39,0.60,4,1256.67,
Player1_Car,69.36,309.260,-24.652,357.680,10.560,4.27,0.41,4,1220.81,
Player2_Car,69.36,292.127,-24.652,389.028,19.995,3.38,0.60,4,1257.12,
Player1_Car,69.38,309.089,-24.652,357.804,10.560,4.25,0.41,4,1221.02,
Player2_Car,69.38,291.995,-24.652,389.405,19.995,3.35,0.60,4,1257.52,
Player1_Car,69.40,308.919,-24.652,357.929,10.559,4.27,1.00,4,1221.24,
Player2_Car,69.40,291.865,-24.652,389.783,19.996,3.32,0.60,4,1257.92,
Player1_Car,69.42,308.749,-24.652,358.054,10.559,4.30,1.00,4,1221.45,
Player2_Car,69.42,291.736,-24.652,390.162,19.996,3.30,0.60,4,1258.32,
Player1_Car,69.44,308.574,-24.652,358.185,10.910,4.30,0.37,4,1221.62,
Player2_Car,69.44,291.609,-24.652,390.541,19.997,3.28,0.60,4,1258.75,
Player1_Car,69.46,308.394,-24.652,358.320,11.258,4.38,0.33,4,1221.85,
Player2_Car,69.46,291.484,-24.652,390.921,19.997,3.26,0.60,4,1259.15,
Player1_Car,69.48,308.215,-24.652,358.456,11.225,4.44,0.33,4,1222.07,
Player2_Car,69.48,291.360,-24.652,391.301,19.998,3.23,0.60,4,1259.55,
Player1_Car,69.50,308.038,-24.652,358.592,11.166,4.38,0.34,4,1222.30,
Player2_Car,69.50,291.238,-24.652,391.682,19.998,3.21,0.60,4,1259.97,
Player1_Car,69.52,307.862,-24.652,358.728,11.110,4.34,1.00,4,1222.52,
Player2_Car,69.52,291.118,-24.652,392.064,19.998,3.17,0.60,4,1260.37,
Player1_Car,69.54,307.688,-24.652,358.864,11.059,4.34,1.00,4,1222.74,
Player2_Car,69.54,290.999,-24.652,392.446,19.999,3.15,0.60,4,1260.77,
Player1_Car,69.56,307.509,-24.652,359.005,11.405,4.38,1.00,4,1222.96,
Player2_Car,69.56,290.881,-24.652,392.828,19.999,3.13,0.60,4,1261.17,
Player1_Car,69.58,307.326,-24.652,359.152,11.747,4.41,0.27,4,1223.16,
Player2_Car,69.58,290.765,-24.652,393.211,20.000,3.11,0.60,4,1261.60,
Player1_Car,69.60,307.137,-24.652,359.304,12.085,4.45,0.23,4,1223.40,
Player2_Car,69.60,290.651,-24.652,393.594,20.000,3.07,0.60,4,1262.00,
Player1_Car,69.62,306.951,-24.652,359.455,11.981,4.51,1.00,4,1223.64,
Player2_Car,69.62,290.538,-24.652,393.978,20.000,3.05,0.60,4,1262.40,
Player1_Car,69.64,306.768,-24.652,359.605,11.854,4.46,1.00,4,1223.88,
Player2_Car,69.64,290.426,-24.652,394.362,20.001,3.02,0.60,4,1262.80,
Player1_Car,69.66,306.581,-24.652,359.761,12.189,4.42,1.00,4,1224.12,
Player2_Car,69.66,290.316,-24.652,394.746,20.001,3.01,0.60,4,1263.23,
Player1_Car,69.68,306.389,-24.652,359.922,12.522,4.47,1.00,4,1224.37,
Player2_Car,69.68,290.208,-24.652,395.131,20.001,2.98,0.60,4,1263.63,
Player1_Car,69.70,306.193,-24.652,360.089,12.851,4.48,1.00,4,1224.59,
Player2_Car,69.70,290.101,-24.652,395.517,20.001,2.96,0.60,4,1264.03,
Player1_Car,69.72,305.993,-24.652,360.260,13.176,4.57,1.00,4,1224.85,
Player2_Car,69.72,289.995,-24.652,395.903,20.002,2.94,0.60,4,1264.45,
Player1_Car,69.74,305.790,-24.652,360.437,13.497,4.63,1.00,4,1225.12,
Player2_Car,69.74,289.891,-24.652,396.289,20.002,2.91,0.60,4,1264.85,
Player1_Car,69.76,305.582,-24.652,360.620,13.813,4.63,1.00,4,1225.40,
Player2_Car,69.76,289.788,-24.652,396.675,20.002,2.89,0.60,4,1265.25,
Player1_Car,69.78,305.371,-24.652,360.808,14.126,4.62,1.00,4,1225.68,
Player2_Car,69.78,289.686,-24.652,397.062,20.002,2.87,0.60,4,1265.65,
Player1_Car,69.80,305.156,-24.652,361.001,14.436,4.62,1.00,4,1225.93,
Player2_Car,69.80,289.586,-24.652,397.450,20.003,2.86,0.60,4,1266.08,
Player1_Car,69.82,304.938,-24.652,361.199,14.742,4.67,1.00,4,1226.22,
Player2_Car,69.82,289.487,-24.652,397.837,20.003,2.83,0.60,4,1266.48,
Player1_Car,69.84,304.717,-24.652,361.403,15.044,4.69,1.00,4,1226.52,
Player2_Car,69.84,289.389,-24.652,398.225,20.003,2.81,0.60,4,1266.88,
Player1_Car,69.86,304.493,-24.652,361.613,15.342,4.72,1.00,4,1226.83,
Player2_Car,69.86,289.293,-24.652,398.613,20.003,2.79,0.60,4,1267.28,
Player1_Car,69.88,304.266,-24.652,361.828,15.637,4.76,1.00,4,1227.14,
Player2_Car,69.88,289.198,-24.652,399.002,20.003,2.78,0.60,4,1267.72,
Player1_Car,69.90,304.036,-24.652,362.048,15.928,4.71,1.00,4,1227.41,
Player2_Car,69.90,289.104,-24.652,399.391,20.004,2.76,0.60,4,1268.12,
Player1_Car,69.92,303.803,-24.652,362.274,16.216,4.69,1.00,4,1227.73,
Player2_Car,69.92,289.011,-24.652,399.780,20.004,2.74,0.60,4,1268.52,
Player1_Car,69.94,303.568,-24.652,362.506,16.501,4.77,1.00,4,1228.06,
Player2_Car,69.94,288.920,-24.652,400.170,20.004,2.73,0.60,4,1268.95,
Player1_Car,69.96,303.331,-24.652,362.743,16.782,4.82,0.99,4,1228.40,
Player2_Car,69.96,288.830,-24.652,400.560,20.004,2.70,0.60,4,1269.35,
Player1_Car,69.98,303.091,-24.652,362.985,17.060,4.79,0.95,4,1228.74,
Player2_Car,69.98,288.741,-24.652,400.950,20.004,2.69,0.60,4,1269.75,
Player1_Car,70.00,302.849,-24.652,363.234,17.326,4.73,0.92,4,1229.04,
Player2_Car,70.00,288.653,-24.652,401.340,20.005,2.67,0.60,4,1270.15,
Player1_Car,70.02,302.606,-24.652,363.487,17.569,4.77,0.89,4,1229.39,
Player2_Car,70.02,288.567,-24.652,401.731,20.005,2.66,0.60,4,1270.57,
Player1_Car,70.04,302.361,-24.652,363.745,17.790,4.80,0.87,4,1229.75,
Player2_Car,70.04,288.482,-24.652,402.122,20.005,2.63,0.60,4,1270.97,
Player1_Car,70.06,302.115,-24.652,364.008,17.991,4.80,0.84,4,1230.11,
Player2_Car,70.06,288.398,-24.652,402.513,20.005,2.61,0.60,4,1271.37,
Player1_Car,70.08,301.869,-24.652,364.275,18.173,4.76,0.82,4,1230.43,
Player2_Car,70.08,288.315,-24.652,402.904,20.005,2.59,0.60,4,1271.77,
Player1_Car,70.10,301.622,-24.652,364.547,18.339,4.75,0.80,4,1230.80,
Player2_Car,70.10,288.233,-24.652,403.296,20.005,2.57,0.60,4,1272.19,
Player1_Car,70.12,301.375,-24.652,364.822,18.489,4.74,0.78,4,1231.17,
Player2_Car,70.12,288.153,-24.652,403.688,20.006,2.55,0.60,4,1272.59,
Player1_Car,70.14,301.129,-24.652,365.101,18.626,4.77,0.76,4,1231.54,
Player2_Car,70.14,288.073,-24.652,404.080,20.006,2.53,0.60,4,1272.99,
Player1_Car,70.16,300.883,-24.652,365.384,18.751,4.73,0.75,4,1231.87,
Player2_Car,70.16,287.995,-24.652,404.472,20.006,2.51,0.60,4,1273.39,
Player1_Car,70.18,300.637,-24.652,365.671,18.864,4.69,0.74,4,1232.25,
Player2_Car,70.18,287.918,-24.652,404.865,20.006,2.49,0.60,4,1273.81,
Player1_Car,70.20,300.392,-24.652,365.960,18.967,4.69,0.72,4,1232.63,
Player2_Car,70.20,287.841,-24.652,405.258,20.006,2.48,0.60,4,1274.21,
Player1_Car,70.22,300.148,-24.652,366.253,19.060,4.72,0.71,4,1233.01,
Player2_Car,70.22,287.766,-24.652,405.651,20.007,2.46,0.60,4,1274.61,
Player1_Car,70.24,299.905,-24.652,366.549,19.145,4.67,0.70,4,1233.35,
Player2_Car,70.24,287.692,-24.652,406.044,20.007,2.44,0.60,4,1275.03,
Player1_Car,70.26,299.662,-24.652,366.847,19.222,4.63,0.69,4,1233.74,
Player2_Car,70.26,287.619,-24.652,406.437,20.007,2.42,0.60,4,1275.43,
Player1_Car,70.28,299.422,-24.652,367.149,19.292,4.64,0.68,4,1234.12,
Player2_Car,70.28,287.547,-24.652,406.831,20.007,2.41,0.60,4,1275.83,
Player1_Car,70.30,299.182,-24.652,367.453,19.356,4.66,0.68,4,1234.51,
Player2_Car,70.30,287.476,-24.652,407.225,20.007,2.40,0.60,4,1276.23,
Player1_Car,70.32,298.944,-24.652,367.760,19.414,4.60,0.67,4,1234.86,
Player2_Car,70.32,287.406,-24.652,407.619,20.007,2.38,0.60,4,1276.65,
Player1_Car,70.34,298.707,-24.652,368.069,19.466,4.55,0.66,4,1235.25,
Player2_Car,70.34,287.337,-24.652,408.013,20.007,2.36,0.60,4,1277.05,
Player1_Car,70.36,298.472,-24.652,368.380,19.514,4.56,0.66,4,1235.64,
Player2_Car,70.36,287.269,-24.652,408.407,20.008,2.35,0.60,4,1277.45,
Player1_Car,70.38,298.239,-24.652,368.694,19.558,4.57,0.65,4,1236.03,
Player2_Car,70.38,287.202,-24.652,408.802,20.008,2.34,0.60,4,1277.85,
Player1_Car,70.40,298.007,-24.652,369.010,19.597,4.50,0.65,4,1236.38,
Player2_Car,70.40,287.136,-24.652,409.196,20.008,2.32,0.60,4,1278.27,
Player1_Car,70.42,297.777,-24.652,369.328,19.633,4.44,0.64,4,1236.78,
Player2_Car,70.42,287.070,-24.652,409.591,20.008,2.31,0.60,4,1278.67,
Player1_Car,70.44,297.548,-24.652,369.649,19.666,4.45,0.64,4,1237.17,
Player2_Car,70.44,287.006,-24.652,409.986,20.008,2.30,0.60,4,1279.07,
Player1_Car,70.46,297.322,-24.652,369.971,19.696,4.45,0.64,4,1237.56,
Player2_Car,70.46,286.943,-24.652,410.381,20.008,2.29,0.60,4,1279.49,
Player1_Car,70.48,297.097,-24.652,370.295,19.723,4.37,0.63,4,1237.92,
Player2_Car,70.48,286.880,-24.652,410.776,20.008,2.27,0.60,4,1279.89,
Player1_Car,70.50,296.874,-24.652,370.621,19.748,4.32,0.63,4,1238.31,
Player2_Car,70.50,286.819,-24.652,411.172,20.008,2.26,0.60,4,1280.29,
Player1_Car,70.52,296.653,-24.652,370.949,19.770,4.33,0.63,4,1238.71,
Player2_Car,70.52,286.758,-24.652,411.567,20.009,2.26,0.60,4,1280.69,
Player1_Car,70.54,296.433,-24.652,371.278,19.791,4.33,0.63,4,1239.10,
Player2_Car,70.54,286.698,-24.652,411.963,20.009,2.25,0.60,4,1281.11,
Player1_Car,70.56,296.216,-24.652,371.609,19.809,4.25,0.62,4,1239.46,
Player2_Car,70.56,286.640,-24.652,412.359,20.009,2.23,0.60,4,1281.51,
Player1_Car,70.58,296.001,-24.652,371.942,19.826,4.22,0.62,4,1239.86,
Player2_Car,70.58,286.582,-24.652,412.755,20.009,2.23,0.60,4,1281.91,
Player1_Car,70.60,295.787,-24.652,372.277,19.841,4.23,0.62,4,1240.26,
Player2_Car,70.60,286.525,-24.652,413.151,20.009,2.22,0.60,4,1282.31,
Player1_Car,70.62,295.575,-24.652,372.613,19.855,4.21,0.62,4,1240.64,
Player2_Car,70.62,286.468,-24.652,413.547,20.009,2.21,0.60,4,1282.73,
Player1_Car,70.64,295.365,-24.652,372.950,19.868,4.15,0.62,4,1241.02,
Player2_Car,70.64,286.413,-24.652,413.943,20.009,2.20,0.60,4,1283.13,
Player1_Car,70.66,295.158,-24.652,373.289,19.880,4.14,0.61,4,1241.41,
Player2_Car,70.66,286.358,-24.652,414.340,20.009,2.20,0.60,4,1283.53,
Player1_Car,70.68,294.952,-24.652,373.629,19.890,4.16,0.61,4,1241.81,
Player2_Car,70.68,286.305,-24.652,414.736,20.009,2.19,0.60,4,1283.94,
Player1_Car,70.70,294.748,-24.652,373.971,19.900,4.11,0.61,4,1242.17,
Player2_Car,70.70,286.252,-24.652,415.133,20.009,2.18,0.60,4,1284.34,
Player1_Car,70.72,294.546,-24.652,374.314,19.908,4.06,0.61,4,1242.57,
Player2_Car,70.72,286.200,-24.652,415.530,20.009,2.17,0.60,4,1284.74,
Player1_Car,70.74,294.346,-24.652,374.659,19.916,4.08,0.61,4,1242.97,
Player2_Car,70.74,286.149,-24.652,415.927,20.009,2.17,0.60,4,1285.14,
Player1_Car,70.76,294.148,-24.652,375.005,19.924,4.09,0.61,4,1243.37,
Player2_Car,70.76,286.099,-24.652,416.324,20.009,2.16,0.60,4,1285.56,
Player1_Car,70.78,293.952,-24.652,375.352,19.930,4.03,0.61,4,1243.73,
Player2_Car,70.78,286.049,-24.651,416.720,19.986,2.27,0.60,4,1285.95,
Player1_Car,70.80,293.758,-24.652,375.700,19.936,4.00,0.61,4,1244.13,
Player2_Car,70.80,286.001,-24.651,417.117,19.997,2.15,0.60,4,1286.35,
Player1_Car,70.82,293.565,-24.652,376.049,19.942,4.02,0.61,4,1244.53,
Player2_Car,70.82,285.953,-24.650,417.515,20.002,2.06,0.60,4,1286.75,
Player1_Car,70.84,293.375,-24.652,376.400,19.947,4.03,0.61,4,1244.93,
Player2_Car,70.84,285.906,-24.649,417.911,19.972,2.24,0.60,4,1287.17,
Player1_Car,70.86,293.187,-24.652,376.752,19.951,3.97,0.61,4,1245.29,
Player2_Car,70.86,285.859,-24.648,418.308,19.988,2.14,0.60,4,1287.57,
Player1_Car,70.88,293.001,-24.652,377.105,19.955,3.93,0.61,4,1245.69,
Player2_Car,70.88,285.814,-24.647,418.705,19.991,2.04,0.60,4,1287.97,
Player1_Car,70.90,292.816,-24.652,377.459,19.959,3.94,0.60,4,1246.09,
Player2_Car,70.90,285.769,-24.646,419.103,19.993,2.04,0.60,4,1288.37,
Player1_Car,70.92,292.634,-24.652,377.814,19.962,3.94,0.60,4,1246.49,
Player2_Car,70.92,285.726,-24.644,419.499,19.955,2.29,0.61,4,1288.78,
Player1_Car,70.94,292.453,-24.652,378.170,19.965,3.87,0.60,4,1246.85,
Player2_Car,70.94,285.682,-24.643,419.896,19.970,2.13,0.60,4,1289.18,
Player1_Car,70.96,292.275,-24.652,378.527,19.968,3.84,0.60,4,1247.25,
Player2_Car,70.96,285.640,-24.641,420.294,19.970,1.97,0.60,4,1289.58,
Player1_Car,70.98,292.098,-24.652,378.886,19.971,3.84,0.60,4,1247.65,
Player2_Car,70.98,285.598,-24.639,420.691,19.970,1.99,0.60,4,1290.00,
Player1_Car,71.00,291.924,-24.652,379.245,19.974,3.82,0.60,4,1248.04,
Player2_Car,71.00,285.558,-24.635,421.087,19.914,2.35,0.61,4,1290.40,
Player1_Car,71.02,291.751,-24.652,379.605,19.976,3.76,0.60,4,1248.42,
Player2_Car,71.02,285.517,-24.631,421.483,19.931,2.14,0.61,4,1290.79,
Player1_Car,71.04,291.580,-24.652,379.966,19.978,3.74,0.60,4,1248.82,
Player2_Car,71.04,285.478,-24.628,421.880,19.947,1.83,0.61,4,1291.19,
Player1_Car,71.06,291.411,-24.652,380.329,19.980,3.74,0.60,4,1249.22,
Player2_Car,71.06,285.439,-24.625,422.277,19.944,1.89,0.61,4,1291.61,
Player1_Car,71.08,291.244,-24.652,380.692,19.981,3.70,0.60,4,1249.60,
Player2_Car,71.08,285.401,-24.619,422.673,19.880,2.39,0.61,4,1292.01,
Player1_Car,71.10,291.079,-24.652,381.056,19.983,3.65,0.60,4,1250.00,
Player2_Car,71.10,285.363,-24.614,423.069,19.902,2.15,0.61,4,1292.40,
Player1_Car,71.12,290.916,-24.652,381.420,19.984,3.64,0.60,4,1250.40,
Player2_Car,71.12,285.327,-24.609,423.466,19.923,1.73,0.61,4,1292.80,
Player1_Car,71.14,290.754,-24.652,381.786,19.986,3.63,0.60,4,1250.80,
Player2_Car,71.14,285.291,-24.602,423.861,19.855,2.13,0.62,4,1293.21,
Player1_Car,71.16,290.594,-24.652,382.152,19.987,3.57,0.60,4,1251.17,
Player2_Car,71.16,285.255,-24.596,424.257,19.884,2.06,0.61,4,1293.61,
Player1_Car,71.18,290.436,-24.652,382.520,19.988,3.53,0.60,4,1251.57,
Player2_Car,71.18,285.220,-24.589,424.653,19.881,1.93,0.61,4,1294.01,
Player1_Car,71.20,290.280,-24.652,382.888,19.989,3.53,0.60,4,1251.97,
Player2_Car,71.20,285.186,-24.582,425.050,19.892,1.84,0.61,4,1294.42,
Player1_Car,71.22,290.126,-24.652,383.256,19.990,3.52,0.60,4,1252.37,
Player2_Car,71.22,285.152,-24.572,425.445,19.826,2.23,0.62,4,1294.82,
Player1_Car,71.24,289.973,-24.652,383.626,19.991,3.46,0.60,4,1252.74,
Player2_Car,71.24,285.118,-24.564,425.840,19.855,2.01,0.62,4,1295.22,
Player1_Car,71.26,289.822,-24.652,383.996,19.992,3.42,0.60,4,1253.14,
Player2_Car,71.26,285.086,-24.555,426.236,19.849,1.83,0.62,4,1295.62,
Player1_Car,71.28,289.673,-24.652,384.367,19.993,3.43,0.60,4,1253.54,
Player2_Car,71.28,285.054,-24.545,426.632,19.859,1.81,0.62,4,1296.03,
Player1_Car,71.30,289.525,-24.652,384.739,19.994,3.41,0.60,4,1253.94,
Player2_Car,71.30,285.023,-24.533,427.026,19.796,2.23,0.62,4,1296.42,
Player1_Car,71.32,289.380,-24.652,385.111,19.994,3.36,0.60,4,1254.31,
Player2_Car,71.32,284.992,-24.522,427.421,19.811,2.07,0.62,4,1296.82,
Player1_Car,71.34,289.235,-24.652,385.484,19.995,3.33,0.60,4,1254.71,
Player2_Car,71.34,284.962,-24.511,427.817,19.842,1.66,0.62,4,1297.22,
Player1_Car,71.36,289.093,-24.652,385.858,19.996,3.35,0.60,4,1255.10,
Player2_Car,71.36,284.932,-24.499,428.213,19.837,1.73,0.62,4,1297.63,
Player1_Car,71.38,288.952,-24.652,386.232,19.996,3.33,0.60,4,1255.48,
Player2_Car,71.38,284.903,-24.484,428.607,19.762,2.32,0.63,4,1298.03,
Player1_Car,71.40,288.813,-24.652,386.607,19.997,3.28,0.60,4,1255.87,
Player2_Car,71.40,284.874,-24.470,429.001,19.792,2.06,0.62,4,1298.42,
Player1_Car,71.42,288.675,-24.652,386.983,19.997,3.27,0.60,4,1256.27,
Player2_Car,71.42,284.846,-24.457,429.397,19.824,1.57,0.62,4,1298.82,
Player1_Car,71.44,288.539,-24.652,387.359,19.998,3.29,0.60,4,1256.67,
Player2_Car,71.44,284.819,-24.440,429.791,19.741,2.05,0.63,4,1299.22,
Player1_Car,71.46,288.405,-24.652,387.735,19.998,3.25,0.60,4,1257.04,
Player2_Car,71.46,284.791,-24.425,430.185,19.784,1.95,0.63,4,1299.62,
Player1_Car,71.48,288.272,-24.652,388.113,19.998,3.21,0.60,4,1257.44,
Player2_Car,71.48,284.765,-24.408,430.580,19.790,1.78,0.63,4,1300.02,
Player1_Car,71.50,288.141,-24.652,388.491,19.999,3.21,0.60,4,1257.84,
Player2_Car,71.50,284.739,-24.392,430.975,19.804,1.71,0.62,4,1300.42,
Player1_Car,71.52,288.012,-24.652,388.869,19.999,3.21,0.60,4,1258.24,
Player2_Car,71.52,284.713,-24.373,431.369,19.720,2.23,0.63,4,1300.82,
Player1_Car,71.54,287.884,-24.652,389.248,19.999,3.17,0.60,4,1258.62,
Player2_Car,71.54,284.688,-24.354,431.763,19.763,1.92,0.63,4,1301.21,
Player1_Car,71.56,287.757,-24.652,389.627,20.000,3.14,0.60,4,1259.02,
Player2_Car,71.56,284.664,-24.336,432.158,19.772,1.63,0.63,4,1301.61,
Player1_Car,71.58,287.632,-24.652,390.007,20.000,3.13,0.60,4,1259.42,
Player2_Car,71.58,284.640,-24.317,432.553,19.781,1.67,0.63,4,1302.01,
Player1_Car,71.60,287.509,-24.652,390.388,20.000,3.13,0.60,4,1259.82,
Player2_Car,71.60,284.617,-24.294,432.946,19.704,2.24,0.64,4,1302.41,
Player1_Car,71.62,287.387,-24.652,390.769,20.001,3.09,0.60,4,1260.20,
Player2_Car,71.62,284.593,-24.273,433.340,19.730,2.01,0.63,4,1302.80,
Player1_Car,71.64,287.267,-24.652,391.151,20.001,3.06,0.60,4,1260.60,
Player2_Car,71.64,284.571,-24.252,433.734,19.769,1.50,0.63,4,1303.20,
Player1_Car,71.66,287.148,-24.652,391.532,20.001,3.05,0.60,4,1261.00,
Player2_Car,71.66,284.550,-24.230,434.129,19.766,1.60,0.63,4,1303.60,
Player1_Car,71.68,287.031,-24.652,391.915,20.001,3.04,0.60,4,1261.40,
Player2_Car,71.68,284.528,-24.205,434.522,19.693,2.25,0.64,4,1304.00,
Player1_Car,71.70,286.915,-24.652,392.298,20.002,3.00,0.60,4,1261.78,
Player2_Car,71.70,284.506,-24.180,434.916,19.714,2.05,0.63,4,1304.39,
Player1_Car,71.72,286.800,-24.652,392.681,20.002,2.97,0.60,4,1262.18,
Player2_Car,71.72,284.486,-24.156,435.310,19.755,1.48,0.63,4,1304.79,
Player1_Car,71.74,286.687,-24.652,393.065,20.002,2.97,0.60,4,1262.58,
Player2_Car,71.74,284.466,-24.129,435.703,19.678,1.88,0.64,4,1305.19,
Player1_Car,71.76,286.576,-24.652,393.449,20.002,2.94,0.60,4,1262.96,
Player2_Car,71.76,284.446,-24.103,436.097,19.721,1.84,0.63,4,1305.59,
Player1_Car,71.78,286.465,-24.652,393.834,20.003,2.91,0.60,4,1263.36,
Player2_Car,71.78,284.427,-24.076,436.491,19.710,1.81,0.63,4,1305.98,
Player1_Car,71.80,286.356,-24.652,394.219,20.003,2.90,0.60,4,1263.76,
Player2_Car,71.80,284.408,-24.049,436.885,19.739,1.62,0.63,4,1306.39,
Player1_Car,71.82,286.249,-24.652,394.604,20.003,2.89,0.60,4,1264.16,
Player2_Car,71.82,284.390,-24.019,437.278,19.672,1.97,0.64,4,1306.78,
Player1_Car,71.84,286.143,-24.652,394.990,20.003,2.86,0.60,4,1264.54,
Player2_Car,71.84,284.372,-23.990,437.672,19.708,1.77,0.64,4,1307.18,
Player1_Car,71.86,286.038,-24.652,395.376,20.003,2.82,0.60,4,1264.94,
Player2_Car,71.86,284.355,-23.960,438.065,19.700,1.67,0.64,4,1307.57,
Player1_Car,71.88,285.935,-24.652,395.762,20.004,2.82,0.60,4,1265.34,
Player2_Car,71.88,284.338,-23.930,438.459,19.723,1.59,0.63,4,1307.98,
Player1_Car,71.90,285.833,-24.652,396.149,20.004,2.81,0.60,4,1265.74,
Player2_Car,71.90,284.322,-23.897,438.852,19.662,1.94,0.64,4,1308.37,
Player1_Car,71.92,285.732,-24.652,396.536,20.004,2.78,0.60,4,1266.12,
Player2_Car,71.92,284.305,-23.865,439.246,19.694,1.74,0.64,4,1308.77,
Player1_Car,71.94,285.632,-24.652,396.924,20.004,2.75,0.60,4,1266.52,
Player2_Car,71.94,284.290,-23.831,439.639,19.686,1.63,0.64,4,1309.16,
Player1_Car,71.96,285.534,-24.652,397.312,20.004,2.75,0.60,4,1266.92,
Player2_Car,71.96,284.275,-23.798,440.033,19.709,1.55,0.63,4,1309.57,
Player1_Car,71.98,285.437,-24.652,397.700,20.005,2.74,0.60,4,1267.32,
Player2_Car,71.98,284.260,-23.763,440.425,19.655,1.87,0.64,4,1309.96,
Player1_Car,72.00,285.342,-24.652,398.088,20.005,2.71,0.60,4,1267.69,
Player2_Car,72.00,284.245,-23.726,440.818,19.642,1.89,0.64,4,1310.36,
Player1_Car,72.02,285.247,-24.652,398.477,20.005,2.68,0.60,4,1268.09,
Player2_Car,72.02,284.231,-23.690,441.211,19.693,1.41,0.64,4,1310.75,
Player1_Car,72.04,285.154,-24.652,398.866,20.005,2.69,0.60,4,1268.49,
Player2_Car,72.04,284.217,-23.653,441.604,19.653,1.59,0.64,4,1311.16,
Player1_Car,72.06,285.062,-24.652,399.255,20.005,2.68,0.60,4,1268.89,
Player2_Car,72.06,284.204,-23.615,441.998,19.678,1.63,0.64,4,1311.55,
Player1_Car,72.08,284.971,-24.652,399.645,20.005,2.64,0.60,4,1269.27,
Player2_Car,72.08,284.190,-23.576,442.390,19.642,1.79,0.64,4,1311.95,
Player1_Car,72.10,284.882,-24.652,400.035,20.005,2.62,0.60,4,1269.67,
Player2_Car,72.10,284.178,-23.537,442.784,19.686,1.47,0.64,4,1312.35,
Player1_Car,72.12,284.793,-24.652,400.425,20.006,2.62,0.60,4,1270.07,
Player2_Car,72.12,284.166,-23.496,443.176,19.644,1.61,0.64,4,1312.75,
Player1_Car,72.14,284.706,-24.652,400.816,20.006,2.61,0.60,4,1270.45,
Player2_Car,72.14,284.153,-23.455,443.569,19.667,1.55,0.64,4,1313.15,
Player1_Car,72.16,284.620,-24.652,401.207,20.006,2.58,0.60,4,1270.85,
Player2_Car,72.16,284.142,-23.413,443.962,19.633,1.69,0.64,4,1313.54,
Player1_Car,72.18,284.535,-24.652,401.598,20.006,2.56,0.60,4,1271.25,
Player2_Car,72.18,284.130,-23.371,444.355,19.677,1.43,0.64,4,1313.95,
Player1_Car,72.20,284.451,-24.652,401.989,20.006,2.55,0.60,4,1271.65,
Player2_Car,72.20,284.119,-23.327,444.748,19.632,1.59,0.64,4,1314.34,
Player1_Car,72.22,284.369,-24.652,402.380,20.006,2.53,0.60,4,1272.03,
Player2_Car,72.22,284.108,-23.282,445.140,19.657,1.52,0.64,4,1314.74,
Player1_Car,72.24,284.287,-24.652,402.772,20.007,2.50,0.60,4,1272.43,
Player2_Car,72.24,284.098,-23.237,445.533,19.642,1.56,0.64,4,1315.13,
Player1_Car,72.26,284.207,-24.652,403.164,20.007,2.49,0.60,4,1272.83,
Player2_Car,72.26,284.087,-23.192,445.926,19.675,1.39,0.64,4,1315.54,
Player1_Car,72.28,284.127,-24.652,403.556,20.007,2.48,0.60,4,1273.23,
Player2_Car,72.28,284.078,-23.144,446.318,19.608,1.68,0.65,4,1315.94,
Player1_Car,72.30,284.049,-24.652,403.949,20.007,2.45,0.60,4,1273.62,
Player2_Car,72.30,284.068,-23.096,446.710,19.618,1.61,0.65,4,1316.33,
Player1_Car,72.32,283.972,-24.652,404.341,20.007,2.43,0.60,4,1274.02,
Player2_Car,72.32,284.058,-23.048,447.103,19.663,1.22,0.64,4,1316.73,
Player1_Car,72.34,283.896,-24.652,404.734,20.007,2.43,0.60,4,1274.42,
Player2_Car,72.34,284.049,-23.000,447.497,19.677,1.24,0.64,4,1317.13,
Player1_Car,72.36,283.821,-24.652,405.127,20.007,2.42,0.60,4,1274.82,
Player2_Car,72.36,284.040,-22.949,447.888,19.582,1.73,0.65,4,1317.53,
Player1_Car,72.38,283.746,-24.652,405.520,20.008,2.39,0.60,4,1275.20,
Player2_Car,72.38,284.031,-22.898,448.280,19.618,1.54,0.65,4,1317.92,
Player1_Car,72.40,283.673,-24.652,405.914,20.008,2.37,0.60,4,1275.60,
Player2_Car,72.40,284.023,-22.847,448.673,19.666,1.09,0.64,4,1318.32,
Player1_Car,72.42,283.601,-24.652,406.307,20.008,2.37,0.60,4,1276.00,
Player2_Car,72.42,284.015,-22.793,449.064,19.562,1.65,0.65,4,1318.72,
Player1_Car,72.44,283.530,-24.652,406.701,20.008,2.36,0.60,4,1276.40,
Player2_Car,72.44,284.007,-22.740,449.457,19.620,1.47,0.65,4,1319.11,
Player1_Car,72.46,283.460,-24.652,407.095,20.008,2.33,0.60,4,1276.79,
Player2_Car,72.46,283.999,-22.686,449.849,19.637,1.23,0.64,4,1319.51,
Player1_Car,72.48,283.391,-24.652,407.489,20.008,2.32,0.60,4,1277.19,
Player2_Car,72.48,283.992,-22.632,450.242,19.663,1.16,0.64,4,1319.91,
Player1_Car,72.50,283.323,-24.652,407.884,20.008,2.31,0.60,4,1277.59,
Player2_Car,72.50,283.985,-22.574,450.633,19.551,1.61,0.65,4,1320.31,
Player1_Car,72.52,283.256,-24.652,408.278,20.008,2.30,0.60,4,1277.97,
Player2_Car,72.52,283.977,-22.518,451.025,19.612,1.34,0.65,4,1320.70,
Player1_Car,72.54,283.189,-24.652,408.673,20.009,2.28,0.60,4,1278.37,
Player2_Car,72.54,283.971,-22.461,451.418,19.638,1.12,0.64,4,1321.10,
Player1_Car,72.56,283.124,-24.652,409.068,20.009,2.27,0.60,4,1278.77,
Player2_Car,72.56,283.964,-22.403,451.811,19.650,1.19,0.64,4,1321.50,
Player1_Car,72.58,283.059,-24.652,409.463,20.009,2.27,0.60,4,1279.17,
Player2_Car,72.58,283.958,-22.342,452.201,19.543,1.54,0.65,4,1321.90,
Player1_Car,72.60,282.996,-24.652,409.858,20.009,2.25,0.60,4,1279.55,
Player2_Car,72.60,283.952,-22.282,452.593,19.585,1.33,0.65,4,1322.29,
Player1_Car,72.62,282.933,-24.652,410.253,20.009,2.23,0.60,4,1279.95,
Player2_Car,72.62,283.946,-22.222,452.986,19.641,0.96,0.64,4,1322.69,
Player1_Car,72.64,282.872,-24.652,410.648,20.009,2.23,0.60,4,1280.35,
Player2_Car,72.64,283.941,-22.161,453.379,19.647,1.12,0.64,4,1323.09,
Player1_Car,72.66,282.811,-24.652,411.044,20.009,2.23,0.60,4,1280.75,
Player2_Car,72.66,283.935,-22.097,453.769,19.536,1.45,0.66,4,1323.49,
Player1_Car,72.68,282.751,-24.652,411.440,20.009,2.21,0.60,4,1281.14,
Player2_Car,72.68,283.929,-22.033,454.160,19.580,1.26,0.65,4,1323.89,
Player1_Car,72.70,282.692,-24.652,411.835,20.009,2.20,0.60,4,1281.54,
Player2_Car,72.70,283.925,-21.969,454.553,19.639,0.92,0.64,4,1324.28,
Player1_Car,72.72,282.633,-24.652,412.231,20.009,2.20,0.60,4,1281.94,
Player2_Car,72.72,283.920,-21.902,454.943,19.528,1.42,0.66,4,1324.69,
Player1_Car,72.74,282.576,-24.652,412.627,20.010,2.20,0.60,4,1282.34,
Player2_Car,72.74,283.915,-21.836,455.335,19.586,1.28,0.65,4,1325.08,
Player1_Car,72.76,282.520,-24.652,413.024,20.010,2.18,0.60,4,1282.72,
Player2_Car,72.76,283.911,-21.769,455.727,19.601,1.12,0.65,4,1325.48,
Player1_Car,72.78,282.464,-24.652,413.420,20.010,2.17,0.60,4,1283.12,
Player2_Car,72.78,283.907,-21.702,456.120,19.630,1.03,0.64,4,1325.88,
Player1_Car,72.80,282.409,-24.652,413.816,20.010,2.17,0.60,4,1283.52,
Player2_Car,72.80,283.903,-21.632,456.510,19.516,1.36,0.66,4,1326.28,
Player1_Car,72.82,282.355,-24.652,414.213,20.010,2.16,0.60,4,1283.91,
Player2_Car,72.82,283.898,-21.562,456.901,19.579,1.13,0.65,4,1326.68,
Player1_Car,72.84,282.302,-24.652,414.609,20.009,2.15,0.60,4,1284.31,
Player2_Car,72.84,283.895,-21.492,457.293,19.601,1.02,0.65,4,1327.08,
Player1_Car,72.86,282.250,-24.652,415.006,20.009,2.14,0.60,4,1284.72,
Player2_Car,72.86,283.891,-21.421,457.685,19.615,1.10,0.65,4,1327.48,
Player1_Car,72.88,282.198,-24.652,415.403,20.010,2.14,0.60,4,1285.12,
Player2_Car,72.88,283.888,-21.347,458.075,19.509,1.31,0.66,4,1327.88,
Player1_Car,72.90,282.148,-24.652,415.800,20.010,2.13,0.60,4,1285.50,
Player2_Car,72.90,283.884,-21.273,458.466,19.545,1.14,0.65,4,1328.27,
Player1_Car,72.92,282.098,-24.651,416.197,19.987,2.23,0.60,4,1285.90,
Player2_Car,72.92,283.882,-21.200,458.858,19.609,0.83,0.65,4,1328.67,
Player1_Car,72.94,282.049,-24.651,416.594,19.999,2.12,0.60,4,1286.30,
Player2_Car,72.94,283.879,-21.124,459.248,19.513,1.27,0.66,4,1329.08,
Player1_Car,72.96,282.001,-24.650,416.991,20.001,2.04,0.60,4,1286.70,
Player2_Car,72.96,283.876,-21.048,459.640,19.566,1.17,0.65,4,1329.48,
Player1_Car,72.98,281.953,-24.650,417.388,20.003,2.06,0.60,4,1287.09,
Player2_Car,72.98,283.873,-20.971,460.031,19.566,1.09,0.65,4,1329.87,
Player1_Car,73.00,281.907,-24.648,417.785,19.971,2.27,0.60,4,1287.49,
Player2_Car,73.00,283.871,-20.894,460.423,19.606,0.93,0.65,4,1330.27,
Player1_Car,73.02,281.861,-24.648,418.182,19.989,2.11,0.60,4,1287.89,
Player2_Car,73.02,283.868,-20.813,460.813,19.496,1.21,0.66,4,1330.68,
Player1_Car,73.04,281.816,-24.647,418.579,19.991,1.97,0.60,4,1288.29,
Player2_Car,73.04,283.866,-20.733,461.204,19.555,1.02,0.65,4,1331.08,
Player1_Car,73.06,281.772,-24.645,418.976,19.955,2.18,0.61,4,1288.68,
Player2_Car,73.06,283.864,-20.653,461.595,19.569,0.98,0.65,4,1331.48,
Player1_Car,73.08,281.728,-24.643,419.373,19.970,2.10,0.60,4,1289.08,
Player2_Car,73.08,283.862,-20.572,461.987,19.596,0.99,0.65,4,1331.88,
Player1_Car,73.10,281.685,-24.641,419.770,19.976,1.96,0.60,4,1289.48,
Player2_Car,73.10,283.860,-20.488,462.376,19.489,1.15,0.66,4,1332.28,
Player1_Car,73.12,281.643,-24.640,420.167,19.970,2.00,0.60,4,1289.87,
Player2_Car,73.12,283.858,-20.404,462.767,19.518,1.05,0.66,4,1332.68,
Player1_Car,73.14,281.602,-24.636,420.563,19.916,2.31,0.61,4,1290.26,
Player2_Car,73.14,283.856,-20.320,463.158,19.584,0.76,0.65,4,1333.08,
Player1_Car,73.16,281.561,-24.633,420.960,19.942,2.05,0.61,4,1290.66,
Player2_Car,73.16,283.855,-20.234,463.548,19.500,1.12,0.66,4,1333.48,
Player1_Car,73.18,281.521,-24.630,421.357,19.944,1.85,0.61,4,1291.06,
Player2_Car,73.18,283.853,-20.148,463.939,19.548,1.05,0.65,4,1333.88,
Player1_Car,73.20,281.482,-24.626,421.754,19.947,1.89,0.61,4,1291.45,
Player2_Car,73.20,283.851,-20.060,464.330,19.539,1.04,0.66,4,1334.28,
Player1_Car,73.22,281.443,-24.621,422.149,19.884,2.33,0.61,4,1291.84,
Player2_Car,73.22,283.850,-19.973,464.721,19.585,0.85,0.65,4,1334.69,
Player1_Car,73.24,281.405,-24.616,422.546,19.918,2.04,0.61,4,1292.24,
Player2_Car,73.24,283.849,-19.882,465.111,19.474,1.08,0.66,4,1335.09,
Player1_Car,73.26,281.368,-24.611,422.942,19.918,1.79,0.61,4,1292.64,
Player2_Car,73.26,283.847,-19.792,465.501,19.534,0.90,0.66,4,1335.49,
Player1_Car,73.28,281.331,-24.606,423.339,19.916,1.86,0.61,4,1293.03,
Player2_Car,73.28,283.846,-19.702,465.892,19.555,0.87,0.65,4,1335.89,
Player1_Car,73.30,281.295,-24.599,423.734,19.856,2.29,0.62,4,1293.42,
Player2_Car,73.30,283.845,-19.611,466.284,19.585,0.91,0.65,4,1336.30,
Player1_Car,73.32,281.260,-24.592,424.130,19.891,2.00,0.61,4,1293.82,
Player2_Car,73.32,283.844,-19.516,466.673,19.450,1.01,0.67,4,1336.70,
Player1_Car,73.34,281.225,-24.585,424.527,19.889,1.78,0.61,4,1294.22,
Player2_Car,73.34,283.843,-19.422,467.063,19.521,0.76,0.66,4,1337.10,
Player1_Car,73.36,281.191,-24.577,424.922,19.829,2.12,0.62,4,1294.60,
Player2_Car,73.36,283.842,-19.328,467.455,19.584,0.64,0.65,4,1337.51,
Player1_Car,73.38,281.157,-24.568,425.317,19.855,1.99,0.62,4,1295.00,
Player2_Car,73.38,283.841,-19.230,467.844,19.440,0.93,0.67,4,1337.91,
Player1_Car,73.40,281.124,-24.560,425.713,19.874,1.75,0.62,4,1295.40,
Player2_Car,73.40,283.840,-19.133,468.234,19.515,0.81,0.66,4,1338.31,
Player1_Car,73.42,281.092,-24.551,426.109,19.858,1.87,0.62,4,1295.80,
Player2_Car,73.42,283.839,-19.036,468.625,19.561,0.71,0.65,4,1338.72,
Player1_Car,73.44,281.060,-24.539,426.504,19.797,2.27,0.62,4,1296.18,
Player2_Car,73.44,283.839,-18.939,469.017,19.594,0.75,0.65,4,1339.12,
Player1_Car,73.46,281.028,-24.528,426.899,19.829,1.94,0.62,4,1296.58,
Player2_Car,73.46,283.838,-18.837,469.405,19.420,0.87,0.67,4,1339.52,
Player1_Car,73.48,280.998,-24.518,427.295,19.854,1.60,0.62,4,1296.97,
Player2_Car,73.48,283.838,-18.736,469.795,19.510,0.61,0.66,4,1339.93,
Player1_Car,73.50,280.968,-24.507,427.690,19.834,1.83,0.62,4,1297.37,
Player2_Car,73.50,283.838,-18.635,470.187,19.578,0.53,0.65,4,1340.33,
Player1_Car,73.52,280.938,-24.492,428.084,19.764,2.35,0.63,4,1297.76,
Player2_Car,73.52,283.837,-18.534,470.579,19.584,0.76,0.65,4,1340.74,
Player1_Car,73.54,280.908,-24.479,428.479,19.807,1.92,0.62,4,1298.15,
Player2_Car,73.54,283.837,-18.428,470.966,19.420,0.78,0.67,4,1341.14,
Player1_Car,73.56,280.880,-24.466,428.874,19.820,1.59,0.62,4,1298.55,
Player2_Car,73.56,283.837,-18.323,471.357,19.513,0.48,0.66,4,1341.54,
Player1_Car,73.58,280.852,-24.452,429.270,19.823,1.70,0.62,4,1298.94,
Player2_Car,73.58,283.837,-18.219,471.748,19.596,0.41,0.65,4,1341.95,
Player1_Car,73.60,280.824,-24.435,429.664,19.743,2.32,0.63,4,1299.33,
Player2_Car,73.60,283.837,-18.111,472.137,19.425,0.67,0.67,4,1342.36,
Player1_Car,73.62,280.797,-24.420,430.058,19.790,1.94,0.63,4,1299.73,
Player2_Car,73.62,283.836,-18.004,472.527,19.504,0.66,0.66,4,1342.76,
Player1_Car,73.64,280.771,-24.404,430.453,19.801,1.60,0.62,4,1300.13,
Player2_Car,73.64,283.837,-17.896,472.918,19.559,0.59,0.65,4,1343.17,
Player1_Car,73.66,280.745,-24.388,430.848,19.797,1.71,0.62,4,1300.52,
Player2_Car,73.66,283.837,-17.788,473.310,19.588,0.65,0.65,4,1343.58,
Player1_Car,73.68,280.719,-24.368,431.242,19.720,2.29,0.63,4,1300.91,
Player2_Car,73.68,283.837,-17.676,473.698,19.415,0.65,0.67,4,1343.98,
Player1_Car,73.70,280.694,-24.350,431.636,19.771,1.90,0.63,4,1301.31,
Player2_Car,73.70,283.838,-17.564,474.088,19.506,0.44,0.66,4,1344.38,
Player1_Car,73.72,280.670,-24.331,432.031,19.780,1.59,0.63,4,1301.71,
Player2_Car,73.72,283.838,-17.453,474.479,19.580,0.41,0.65,4,1344.79,
Player1_Car,73.74,280.646,-24.310,432.424,19.702,2.05,0.64,4,1302.10,
Player2_Car,73.74,283.838,-17.341,474.871,19.576,0.57,0.65,4,1345.20,
Player1_Car,73.76,280.622,-24.289,432.818,19.740,1.92,0.63,4,1302.49,
Player2_Car,73.76,283.838,-17.225,475.259,19.418,0.58,0.67,4,1345.61,
Player1_Car,73.78,280.599,-24.269,433.213,19.773,1.61,0.63,4,1302.89,
Player2_Car,73.78,283.839,-17.109,475.649,19.513,0.38,0.66,4,1346.01,
Player1_Car,73.80,280.577,-24.247,433.608,19.763,1.71,0.63,4,1303.28,
Player2_Car,73.80,283.840,-16.995,476.041,19.601,0.33,0.65,4,1346.42,
Player1_Car,73.82,280.554,-24.223,434.000,19.686,2.24,0.64,4,1303.68,
Player2_Car,73.82,283.840,-16.876,476.429,19.417,0.50,0.67,4,1346.83,
Player1_Car,73.84,280.533,-24.200,434.394,19.731,1.86,0.63,4,1304.07,
Player2_Car,73.84,283.840,-16.758,476.819,19.505,0.48,0.66,4,1347.24,
Player1_Car,73.86,280.512,-24.176,434.789,19.764,1.45,0.63,4,1304.47,
Player2_Car,73.86,283.841,-16.640,477.210,19.571,0.46,0.65,4,1347.65,
Player1_Car,73.88,280.492,-24.152,435.183,19.741,1.71,0.63,4,1304.86,
Player2_Car,73.88,283.842,-16.521,477.602,19.585,0.48,0.65,4,1348.06,
Player1_Car,73.90,280.471,-24.125,435.576,19.673,2.25,0.64,4,1305.25,
Player2_Car,73.90,283.842,-16.398,477.990,19.421,0.49,0.67,4,1348.47,
Player1_Car,73.92,280.451,-24.099,435.970,19.722,1.81,0.63,4,1305.65,
Player2_Car,73.92,283.843,-16.276,478.380,19.512,0.34,0.66,4,1348.88,
Player1_Car,73.94,280.433,-24.072,436.364,19.723,1.54,0.63,4,1306.04,
Player2_Car,73.94,283.844,-16.155,478.772,19.596,0.34,0.65,4,1349.29,
Player1_Car,73.96,280.414,-24.045,436.758,19.735,1.59,0.63,4,1306.43,
Player2_Car,73.96,283.844,-16.030,479.161,19.431,0.43,0.67,4,1349.70,
Player1_Car,73.98,280.395,-24.015,437.151,19.672,2.08,0.64,4,1306.83,
Player2_Car,73.98,283.845,-15.905,479.551,19.510,0.42,0.66,4,1350.11,
Player1_Car,74.00,280.377,-23.986,437.545,19.717,1.78,0.63,4,1307.22,
Player2_Car,74.00,283.845,-15.780,479.942,19.565,0.42,0.65,4,1350.52,
Player1_Car,74.02,280.360,-23.957,437.938,19.711,1.60,0.63,4,1307.62,
Player2_Car,74.02,283.846,-15.655,480.334,19.595,0.41,0.65,4,1350.93,
Player1_Car,74.04,280.343,-23.926,438.332,19.718,1.61,0.63,4,1308.01,
Player2_Car,74.04,283.847,-15.525,480.722,19.425,0.41,0.67,4,1351.34,
Player1_Car,74.06,280.326,-23.894,438.725,19.662,1.97,0.64,4,1308.40,
Player2_Car,74.06,283.848,-15.397,481.113,19.513,0.32,0.66,4,1351.75,
Player1_Car,74.08,280.310,-23.862,439.119,19.709,1.66,0.63,4,1308.80,
Player2_Car,74.08,283.848,-15.268,481.504,19.595,0.32,0.65,4,1352.16,
Player1_Car,74.10,280.295,-23.829,439.512,19.692,1.60,0.64,4,1309.19,
Player2_Car,74.10,283.849,-15.139,481.896,19.587,0.37,0.65,4,1352.58,
Player1_Car,74.12,280.275,-23.781,439.898,19.292,1.62,0.68,4,1309.57,
Player2_Car,74.12,283.850,-15.006,482.284,19.436,0.38,0.67,4,1352.99,
Player1_Car,74.14,280.259,-23.735,440.285,19.383,1.23,0.67,4,1309.97,
Player2_Car,74.14,283.850,-14.874,482.675,19.528,0.28,0.66,4,1353.40,
Player1_Car,74.16,280.245,-23.691,440.676,19.558,0.65,0.65,3,1310.36,
Player2_Car,74.16,283.851,-14.742,483.067,19.617,0.27,0.65,4,1353.82,
Player1_Car,74.18,280.230,-23.650,441.066,19.510,-0.10,0.66,3,1310.75,
Player2_Car,74.18,283.852,-14.606,483.456,19.444,0.34,0.67,4,1354.23,
Player1_Car,74.20,280.217,-23.610,441.454,19.416,0.04,0.67,3,1311.14,
Player2_Car,74.20,283.852,-14.471,483.846,19.529,0.32,0.66,4,1354.64,
Player1_Car,74.22,280.205,-23.573,441.841,19.358,-0.05,0.68,3,1311.52,
Player2_Car,74.22,283.853,-14.336,484.238,19.592,0.32,0.65,4,1355.06,
Player1_Car,74.24,280.193,-23.537,442.227,19.296,-0.08,0.68,3,1311.91,
Player2_Car,74.24,283.854,-14.200,484.630,19.601,0.32,0.65,4,1355.47,
Player1_Car,74.26,280.182,-23.504,442.611,19.231,-0.06,0.69,3,1312.30,
Player2_Car,74.26,283.855,-14.062,485.020,19.495,0.32,0.66,4,1355.89,
Player1_Car,74.28,280.172,-23.472,442.994,19.180,-0.21,0.70,3,1312.68,
Player2_Car,74.28,283.855,-13.924,485.411,19.573,0.30,0.65,4,1356.30,
Player1_Car,74.30,280.164,-23.443,443.377,19.132,-0.37,0.70,4,1313.06,
Player2_Car,74.30,283.856,-13.786,485.804,19.624,0.30,0.65,4,1356.72,
Player1_Car,74.32,280.156,-23.412,443.760,19.139,0.51,0.70,4,1313.45,
Player2_Car,74.32,283.857,-13.645,486.194,19.517,0.30,0.66,4,1357.14,
Player1_Car,74.34,280.148,-23.379,444.142,19.131,0.60,0.70,4,1313.83,
Player2_Car,74.34,283.857,-13.504,486.585,19.578,0.30,0.65,4,1357.55,
Player1_Car,74.36,280.141,-23.345,444.526,19.198,0.49,0.70,4,1314.21,
Player2_Car,74.36,283.858,-13.363,486.978,19.625,0.29,0.65,4,1357.97,
Player1_Car,74.38,280.134,-23.305,444.906,19.046,0.51,0.71,4,1314.59,
Player2_Car,74.38,283.859,-13.222,487.371,19.649,0.28,0.64,4,1358.39,
Player1_Car,74.40,280.127,-23.262,445.287,19.102,0.57,0.71,4,1314.97,
Player2_Car,74.40,283.859,-13.078,487.762,19.561,0.29,0.65,4,1358.80,
Player1_Car,74.42,280.120,-23.218,445.667,19.121,0.61,0.71,4,1315.36,
Player2_Car,74.42,283.860,-12.935,488.154,19.632,0.28,0.64,4,1359.22,
Player1_Car,74.44,280.113,-23.173,446.050,19.186,0.64,0.70,4,1315.74,
Player2_Car,74.44,283.861,-12.792,488.548,19.678,0.27,0.64,4,1359.64,
Player1_Car,74.46,280.106,-23.128,446.433,19.270,0.66,0.69,4,1316.12,
Player2_Car,74.46,283.861,-12.647,488.941,19.633,0.27,0.64,4,1360.06,
Player1_Car,74.48,280.099,-23.082,446.817,19.305,0.68,0.68,4,1316.51,
Player2_Car,74.48,283.862,-12.502,489.334,19.671,0.26,0.64,4,1360.48,
Player1_Car,74.50,280.093,-23.034,447.200,19.297,0.69,0.68,4,1316.89,
Player2_Car,74.50,283.863,-12.357,489.728,19.706,0.26,0.64,4,1360.90,
Player1_Car,74.52,280.086,-22.985,447.585,19.345,0.72,0.68,4,1317.28,
Player2_Car,74.52,283.863,-12.211,490.123,19.727,0.26,0.63,4,1361.32,
Player1_Car,74.54,280.080,-22.937,447.972,19.410,0.74,0.67,4,1317.67,
Player2_Car,74.54,283.864,-12.064,490.516,19.693,0.25,0.64,4,1361.74,
Player1_Car,74.56,280.073,-22.887,448.358,19.433,0.78,0.67,4,1318.06,
Player2_Car,74.56,283.864,-11.918,490.911,19.728,0.25,0.63,4,1362.16,
Player1_Car,74.58,280.067,-22.835,448.743,19.400,0.80,0.67,4,1318.45,
Player2_Car,74.58,283.865,-11.771,491.306,19.758,0.24,0.63,4,1362.58,
Player1_Car,74.60,280.061,-22.783,449.130,19.448,0.81,0.67,4,1318.84,
Player2_Car,74.60,283.866,-11.623,491.702,19.769,0.24,0.63,4,1363.01,
Player1_Car,74.62,280.054,-22.731,449.518,19.504,0.82,0.66,4,1319.23,
Player2_Car,74.62,283.866,-11.475,492.097,19.757,0.24,0.63,4,1363.43,
Player1_Car,74.64,280.048,-22.678,449.906,19.524,0.88,0.66,4,1319.62,
Player2_Car,74.64,283.867,-11.326,492.492,19.792,0.23,0.62,4,1363.85,
Player1_Car,74.66,280.042,-22.622,450.292,19.469,0.90,0.66,4,1320.02,
Player2_Car,74.66,283.867,-11.178,492.889,19.817,0.23,0.62,4,1364.28,
Player1_Car,74.68,280.036,-22.567,450.680,19.511,0.89,0.66,4,1320.41,
Player2_Car,74.68,283.868,-11.029,493.285,19.803,0.23,0.62,4,1364.70,
Player1_Car,74.70,280.030,-22.512,451.069,19.558,0.89,0.65,4,1320.80,
Player2_Car,74.70,283.868,-10.880,493.681,19.834,0.22,0.62,4,1365.12,
Player1_Car,74.72,280.024,-22.455,451.458,19.580,0.96,0.65,4,1321.19,
Player2_Car,74.72,283.869,-10.730,494.079,19.857,0.22,0.62,4,1365.55,
Player1_Car,74.74,280.018,-22.396,451.846,19.517,1.02,0.66,4,1321.59,
Player2_Car,74.74,283.869,-10.581,494.476,19.868,0.22,0.62,4,1365.97,
Player1_Car,74.76,280.012,-22.337,452.234,19.553,0.98,0.65,4,1321.98,
Player2_Car,74.76,283.870,-10.431,494.873,19.870,0.21,0.62,4,1366.40,
Player1_Car,74.78,280.006,-22.278,452.624,19.596,0.93,0.65,4,1322.37,
Player2_Car,74.78,283.870,-10.281,495.271,19.890,0.21,0.61,4,1366.82,
Player1_Car,74.80,280.000,-22.219,453.013,19.614,1.03,0.65,4,1322.77,
Player2_Car,74.80,283.871,-10.131,495.669,19.905,0.21,0.61,4,1367.25,
Player1_Car,74.82,279.995,-22.155,453.401,19.550,1.14,0.65,4,1323.16,
Player2_Car,74.82,283.871,-9.980,496.067,19.910,0.21,0.61,4,1367.67,
Player1_Car,74.84,279.989,-22.093,453.790,19.580,1.08,0.65,4,1323.55,
Player2_Car,74.84,283.872,-9.830,496.466,19.921,0.20,0.61,4,1368.10,
Player1_Car,74.86,279.984,-22.031,454.180,19.600,1.04,0.65,4,1323.95,
Player2_Car,74.86,283.872,-9.679,496.864,19.934,0.20,0.61,4,1368.53,
Player1_Car,74.88,279.978,-21.965,454.568,19.536,1.21,0.66,4,1324.34,
Player2_Car,74.88,283.872,-9.528,497.263,19.943,0.20,0.61,4,1368.95,
Player1_Car,74.90,279.973,-21.901,454.957,19.561,1.18,0.65,4,1324.74,
Player2_Car,74.90,283.873,-9.378,497.663,19.971,0.19,0.60,4,1369.38,
Player1_Car,74.92,279.967,-21.835,455.347,19.602,1.04,0.65,4,1325.13,
Player2_Car,74.92,283.873,-9.227,498.062,19.979,0.19,0.60,4,1369.81,
Player1_Car,74.94,279.962,-21.769,455.737,19.625,1.05,0.65,4,1325.53,
Player2_Car,74.94,283.874,-9.076,498.462,19.987,0.18,0.60,4,1370.23,
Player1_Car,74.96,279.957,-21.700,456.125,19.556,1.33,0.65,4,1325.92,
Player2_Car,74.96,283.874,-8.925,498.862,20.022,0.18,0.60,4,1370.66,
Player1_Car,74.98,279.951,-21.632,456.515,19.577,1.30,0.65,4,1326.32,
Player2_Car,74.98,283.874,-8.775,499.262,20.029,0.18,0.60,4,1371.09,
Player1_Car,75.00,279.946,-21.564,456.905,19.622,1.06,0.65,4,1326.72,
Player2_Car,75.00,283.875,-8.624,499.662,20.033,0.17,0.60,4,1371.52,
Player1_Car,75.02,279.941,-21.494,457.295,19.636,1.10,0.64,4,1327.11,
Player2_Car,75.02,283.875,-8.473,500.062,20.037,0.17,0.60,4,1371.94,
Player1_Car,75.04,279.936,-21.421,457.683,19.566,1.44,0.65,4,1327.51,
Player2_Car,75.04,283.876,-8.322,500.463,20.072,0.17,0.59,4,1372.37,
Player1_Car,75.06,279.931,-21.349,458.072,19.584,1.39,0.65,4,1327.90,
Player2_Car,75.06,283.876,-8.172,500.864,20.072,0.17,0.59,4,1372.80,
Player1_Car,75.08,279.926,-21.277,458.462,19.633,1.06,0.64,4,1328.30,
Player2_Car,75.08,283.876,-8.021,501.265,20.071,0.17,0.59,4,1373.23,
Player1_Car,75.10,279.921,-21.204,458.853,19.637,1.18,0.64,4,1328.70,
Player2_Car,75.10,283.876,-7.871,501.667,20.106,0.17,0.59,4,1373.66,
Player1_Car,75.12,279.916,-21.128,459.240,19.574,1.53,0.65,4,1329.09,
Player2_Car,75.12,283.877,-7.721,502.068,20.105,0.16,0.59,4,1374.08,
Player1_Car,75.14,279.911,-21.052,459.630,19.589,1.45,0.65,4,1329.49,
Player2_Car,75.14,283.877,-7.570,502.469,20.103,0.16,0.59,4,1374.51,
Player1_Car,75.16,279.907,-20.976,460.019,19.614,1.14,0.65,4,1329.89,
Player2_Car,75.16,283.877,-7.420,502.871,20.100,0.16,0.59,4,1374.94,
Player1_Car,75.18,279.903,-20.898,460.407,19.544,1.46,0.65,4,1330.28,
Player2_Car,75.18,283.878,-7.271,503.274,20.169,0.14,0.58,4,1375.37,
Player1_Car,75.20,279.898,-20.819,460.797,19.557,1.50,0.65,4,1330.68,
Player2_Car,75.20,283.878,-7.122,503.676,20.161,0.15,0.58,4,1375.80,
Player1_Car,75.22,279.893,-20.741,461.186,19.600,1.23,0.65,4,1331.08,
Player2_Car,75.22,283.878,-6.972,504.078,20.152,0.15,0.58,4,1376.23,
Player1_Car,75.24,279.889,-20.661,461.576,19.622,1.19,0.65,4,1331.48,
Player2_Car,75.24,283.878,-6.825,504.481,20.237,0.09,0.57,4,1376.66,
Player1_Car,75.26,279.884,-20.579,461.964,19.554,1.61,0.65,4,1331.87,
Player2_Car,75.26,283.879,-6.676,504.884,20.237,0.14,0.57,4,1377.09,
Player1_Car,75.28,279.880,-20.497,462.354,19.566,1.56,0.65,4,1332.27,
Player2_Car,75.28,283.879,-6.528,505.287,20.222,0.13,0.57,4,1377.51,
Player1_Car,75.30,279.876,-20.415,462.743,19.611,1.19,0.65,4,1332.67,
Player2_Car,75.30,283.879,-6.379,505.689,20.206,0.14,0.58,4,1377.94,
Player1_Car,75.32,279.872,-20.331,463.133,19.617,1.24,0.65,4,1333.07,
Player2_Car,75.32,283.879,-6.233,506.094,20.287,0.10,0.57,4,1378.37,
Player1_Car,75.34,279.868,-20.245,463.521,19.561,1.62,0.65,4,1333.46,
Player2_Car,75.34,283.879,-6.086,506.497,20.295,0.13,0.56,4,1378.80,
Player1_Car,75.36,279.863,-20.160,463.910,19.573,1.56,0.65,4,1333.86,
Player2_Car,75.36,283.879,-5.940,506.900,20.264,0.13,0.57,4,1379.23,
Player1_Car,75.38,279.860,-20.074,464.300,19.621,1.17,0.65,4,1334.26,
Player2_Car,75.38,283.879,-5.795,507.306,20.340,0.10,0.56,4,1379.66,
Player1_Car,75.40,279.856,-19.987,464.690,19.622,1.27,0.65,4,1334.66,
Player2_Car,75.40,283.879,-5.650,507.710,20.341,0.13,0.56,4,1380.09,
Player1_Car,75.42,279.852,-19.897,465.077,19.561,1.69,0.65,4,1335.06,
Player2_Car,75.42,283.880,-5.505,508.114,20.315,0.13,0.56,4,1380.52,
Player1_Car,75.44,279.848,-19.807,465.466,19.571,1.60,0.65,4,1335.46,
Player2_Car,75.44,283.880,-5.363,508.520,20.389,0.11,0.55,4,1380.95,
Player1_Car,75.46,279.845,-19.717,465.855,19.593,1.25,0.65,4,1335.86,
Player2_Car,75.46,283.880,-5.220,508.926,20.418,0.12,0.55,4,1381.38,
Player1_Car,75.48,279.842,-19.625,466.243,19.532,1.43,0.66,4,1336.26,
Player2_Car,75.48,283.880,-5.078,509.330,20.394,0.12,0.55,4,1381.81,
Player1_Car,75.50,279.838,-19.533,466.631,19.546,1.53,0.65,4,1336.66,
Player2_Car,75.50,283.880,-4.935,509.734,20.364,0.12,0.56,4,1382.23,
Player1_Car,75.52,279.834,-19.440,467.021,19.597,1.31,0.65,4,1337.06,
Player2_Car,75.52,283.880,-4.796,510.141,20.434,0.12,0.55,4,1382.66,
Player1_Car,75.54,279.831,-19.346,467.410,19.614,1.26,0.65,4,1337.46,
Player2_Car,75.54,283.880,-4.656,510.547,20.476,0.08,0.54,4,1383.09,
Player1_Car,75.56,279.828,-19.250,467.797,19.533,1.69,0.66,4,1337.86,
Player2_Car,75.56,283.880,-4.516,510.952,20.439,0.11,0.55,4,1383.52,
Player1_Car,75.58,279.824,-19.154,468.186,19.559,1.55,0.65,4,1338.26,
Player2_Car,75.58,283.880,-4.380,511.361,20.500,0.16,0.54,4,1383.95,
Player1_Car,75.60,279.821,-19.058,468.575,19.610,1.13,0.65,4,1338.66,
Player2_Car,75.60,283.880,-4.243,511.767,20.520,0.11,0.54,4,1384.38,
Player1_Car,75.62,279.819,-18.960,468.965,19.622,1.20,0.65,4,1339.06,
Player2_Car,75.62,283.880,-4.106,512.173,20.486,0.11,0.54,4,1384.80,
Player1_Car,75.64,279.815,-18.859,469.351,19.529,1.79,0.66,4,1339.46,
Player2_Car,75.64,283.880,-3.970,512.578,20.444,0.13,0.55,4,1385.23,
Player1_Car,75.66,279.812,-18.759,469.739,19.564,1.54,0.65,4,1339.86,
Player2_Car,75.66,283.880,-3.837,512.987,20.509,0.14,0.54,4,1385.66,
Player1_Car,75.68,279.810,-18.659,470.128,19.597,1.11,0.65,4,1340.27,
Player2_Car,75.68,283.880,-3.704,513.394,20.545,0.09,0.53,4,1386.09,
Player1_Car,75.70,279.807,-18.556,470.515,19.492,1.57,0.66,4,1340.67,
Player2_Car,75.70,283.880,-3.571,513.800,20.499,0.12,0.54,4,1386.51,
Player1_Car,75.72,279.804,-18.453,470.903,19.524,1.53,0.66,4,1341.07,
Player2_Car,75.72,283.880,-3.441,514.209,20.556,0.17,0.53,4,1386.94,
Player1_Car,75.74,279.802,-18.350,471.292,19.573,1.18,0.65,4,1341.47,
Player2_Car,75.74,283.880,-3.311,514.617,20.565,0.12,0.53,4,1387.37,
Player1_Car,75.76,279.800,-18.246,471.681,19.615,1.09,0.65,4,1341.88,
Player2_Car,75.76,283.880,-3.181,515.023,20.525,0.12,0.54,4,1387.80,
Player1_Car,75.78,279.797,-18.139,472.068,19.502,1.74,0.66,4,1342.28,
Player2_Car,75.78,283.880,-3.051,515.429,20.478,0.14,0.54,4,1388.22,
Player1_Car,75.80,279.794,-18.032,472.455,19.537,1.53,0.66,4,1342.68,
Player2_Car,75.80,283.880,-2.926,515.839,20.541,0.14,0.54,4,1388.65,
Player1_Car,75.82,279.793,-17.925,472.844,19.581,1.05,0.65,4,1343.09,
Player2_Car,75.82,283.880,-2.799,516.247,20.579,0.10,0.53,4,1389.07,
Player1_Car,75.84,279.791,-17.818,473.234,19.621,0.99,0.65,4,1343.49,
Player2_Car,75.84,283.879,-2.673,516.653,20.526,0.13,0.54,4,1389.50,
Player1_Car,75.86,279.789,-17.706,473.620,19.514,1.68,0.66,4,1343.89,
Player2_Car,75.86,283.879,-2.551,517.063,20.585,0.17,0.53,4,1389.93,
Player1_Car,75.88,279.786,-17.596,474.008,19.548,1.52,0.65,4,1344.30,
Player2_Car,75.88,283.879,-2.427,517.471,20.589,0.14,0.53,4,1390.35,
Player1_Car,75.90,279.785,-17.485,474.397,19.590,1.01,0.65,4,1344.70,
Player2_Car,75.90,283.879,-2.304,517.878,20.543,0.13,0.53,4,1390.78,
Player1_Car,75.92,279.784,-17.371,474.783,19.484,1.41,0.66,4,1345.11,
Player2_Car,75.92,283.879,-2.182,518.284,20.492,0.15,0.54,4,1391.20,
Player1_Car,75.94,279.782,-17.258,475.171,19.518,1.40,0.66,4,1345.51,
Player2_Car,75.94,283.879,-2.063,518.694,20.555,0.15,0.53,4,1391.63,
Player1_Car,75.96,279.781,-17.144,475.560,19.567,1.10,0.65,4,1345.92,
Player2_Car,75.96,283.879,-1.944,519.102,20.590,0.11,0.53,4,1392.05,
Player1_Car,75.98,279.780,-17.030,475.949,19.611,1.00,0.65,4,1346.32,
Player2_Car,75.98,283.879,-1.825,519.509,20.533,0.15,0.54,4,1392.47,
Player1_Car,76.00,279.779,-16.913,476.335,19.504,1.59,0.66,4,1346.73,
Player2_Car,76.00,283.879,-1.710,519.919,20.592,0.18,0.53,4,1392.90,
Player1_Car,76.02,279.777,-16.795,476.723,19.541,1.40,0.66,4,1347.14,
Player2_Car,76.02,283.878,-1.594,520.327,20.594,0.15,0.53,4,1393.32,
Player1_Car,76.04,279.777,-16.678,477.112,19.585,0.95,0.65,4,1347.54,
Player2_Car,76.04,283.878,-1.478,520.734,20.544,0.15,0.53,4,1393.74,
Player1_Car,76.06,279.776,-16.558,477.499,19.480,1.37,0.66,4,1347.95,
Player2_Car,76.06,283.878,-1.363,521.140,20.491,0.17,0.54,4,1394.16,
Player1_Car,76.08,279.775,-16.438,477.887,19.511,1.35,0.66,4,1348.36,
Player2_Car,76.08,283.878,-1.252,521.550,20.555,0.16,0.53,4,1394.59,
Player1_Car,76.10,279.774,-16.317,478.276,19.563,1.01,0.65,4,1348.76,
Player2_Car,76.10,283.878,-1.140,521.958,20.591,0.12,0.53,4,1395.01,
Player1_Car,76.12,279.774,-16.197,478.665,19.608,0.92,0.65,4,1349.17,
Player2_Car,76.12,283.878,-1.028,522.365,20.535,0.16,0.54,4,1395.43,
Player1_Car,76.14,279.773,-16.072,479.052,19.500,1.50,0.66,4,1349.58,
Player2_Car,76.14,283.878,-0.921,522.775,20.596,0.18,0.53,4,1395.85,
Player1_Car,76.16,279.772,-15.949,479.440,19.535,1.33,0.66,4,1349.99,
Player2_Car,76.16,283.877,-0.812,523.183,20.603,0.16,0.53,4,1396.28,
Player1_Car,76.18,279.772,-15.824,479.829,19.582,0.88,0.65,4,1350.39,
Player2_Car,76.18,283.877,-0.704,523.590,20.551,0.16,0.53,4,1396.70,
Player1_Car,76.20,279.772,-15.700,480.219,19.624,0.82,0.65,4,1350.80,
Player2_Car,76.20,283.877,-0.599,524.000,20.605,0.20,0.53,4,1397.12,
Player1_Car,76.22,279.771,-15.572,480.605,19.520,1.43,0.66,4,1351.21,
Player2_Car,76.22,283.877,-0.494,524.408,20.604,0.17,0.53,4,1397.54,
Player1_Car,76.24,279.770,-15.444,480.993,19.556,1.30,0.65,4,1351.62,
Player2_Car,76.24,283.877,-0.389,524.815,20.558,0.17,0.53,4,1397.96,
Player1_Car,76.26,279.771,-15.317,481.382,19.599,0.85,0.65,4,1352.03,
Player2_Car,76.26,283.877,-0.284,525.221,20.508,0.18,0.54,4,1398.38,
Player1_Car,76.28,279.771,-15.186,481.769,19.495,1.23,0.66,4,1352.44,
Player2_Car,76.28,283.877,-0.184,525.631,20.573,0.18,0.53,4,1398.80,
Player1_Car,76.30,279.771,-15.056,482.157,19.528,1.19,0.66,4,1352.85,
Player2_Car,76.30,283.876,-0.083,526.038,20.586,0.18,0.53,4,1399.22,
Player1_Car,76.32,279.771,-14.925,482.546,19.578,0.90,0.65,4,1353.26,
Player2_Car,76.32,283.876,0.018,526.445,20.531,0.18,0.54,4,1399.64,
Player1_Car,76.34,279.771,-14.794,482.936,19.622,0.82,0.65,4,1353.67,
Player2_Car,76.34,283.876,0.116,526.853,20.576,0.20,0.53,4,1400.05,
Player1_Car,76.36,279.771,-14.660,483.322,19.514,1.34,0.66,4,1354.09,
Player2_Car,76.36,283.876,0.213,527.262,20.595,0.19,0.53,4,1400.47,
Player1_Car,76.38,279.771,-14.526,483.711,19.551,1.18,0.65,4,1354.50,
Player2_Car,76.38,283.876,0.310,527.669,20.550,0.19,0.53,4,1400.89,
Player1_Car,76.40,279.772,-14.392,484.100,19.595,0.78,0.65,4,1354.91,
Player2_Car,76.40,283.875,0.407,528.075,20.498,0.20,0.54,4,1401.31,
Player1_Car,76.42,279.772,-14.255,484.487,19.496,1.16,0.66,4,1355.32,
Player2_Car,76.42,283.875,0.499,528.484,20.565,0.18,0.53,4,1401.73,
Player1_Car,76.44,279.772,-14.118,484.876,19.525,1.12,0.66,4,1355.73,
Player2_Car,76.44,283.875,0.593,528.892,20.563,0.19,0.53,4,1402.14,
Player1_Car,76.46,279.773,-13.981,485.265,19.574,0.81,0.65,4,1356.15,
Player2_Car,76.46,283.875,0.686,529.298,20.512,0.18,0.54,4,1402.56,
Player1_Car,76.48,279.774,-13.844,485.656,19.618,0.72,0.65,4,1356.56,
Player2_Car,76.48,283.874,0.779,529.704,20.458,0.20,0.55,4,1402.97,
Player1_Car,76.50,279.774,-13.704,486.043,19.523,1.19,0.66,4,1356.97,
Player2_Car,76.50,283.874,0.867,530.113,20.529,0.16,0.54,4,1403.39,
Player1_Car,76.52,279.774,-13.564,486.433,19.555,1.09,0.65,4,1357.39,
Player2_Car,76.52,283.874,0.956,530.520,20.550,0.13,0.53,4,1403.81,
Player1_Car,76.54,279.775,-13.424,486.823,19.598,0.70,0.65,4,1357.80,
Player2_Car,76.54,283.873,1.046,530.926,20.489,0.14,0.54,4,1404.22,
Player1_Car,76.56,279.776,-13.284,487.214,19.639,0.62,0.64,4,1358.22,
Player2_Car,76.56,283.873,1.130,531.335,20.555,0.14,0.53,4,1404.64,
Player1_Car,76.58,279.777,-13.141,487.603,19.583,1.06,0.65,4,1358.63,
Player2_Car,76.58,283.873,1.216,531.743,20.542,0.08,0.53,4,1405.06,
Player1_Car,76.60,279.777,-12.999,487.993,19.618,1.00,0.65,4,1359.05,
Player2_Car,76.60,283.872,1.302,532.149,20.501,0.05,0.54,4,1405.47,
Player1_Car,76.62,279.779,-12.856,488.385,19.656,0.68,0.64,4,1359.47,
Player2_Car,76.62,283.872,1.387,532.554,20.450,0.05,0.55,4,1405.88,
Player1_Car,76.64,279.780,-12.712,488.775,19.603,0.87,0.65,4,1359.88,
Player2_Car,76.64,283.871,1.468,532.963,20.522,0.05,0.54,4,1406.30,
Player1_Car,76.66,279.781,-12.568,489.166,19.632,0.87,0.64,4,1360.30,
Player2_Car,76.66,283.870,1.550,533.370,20.529,-0.06,0.54,4,1406.72,
Player1_Car,76.68,279.782,-12.423,489.558,19.669,0.71,0.64,4,1360.72,
Player2_Car,76.68,283.870,1.632,533.776,20.473,-0.09,0.54,4,1407.13,
Player1_Car,76.70,279.783,-12.278,489.951,19.704,0.64,0.64,4,1361.14,
Player2_Car,76.70,283.869,1.710,534.185,20.537,0.01,0.54,4,1407.54,
Player1_Car,76.72,279.784,-12.132,490.342,19.650,0.92,0.64,4,1361.55,
Player2_Car,76.72,283.868,1.789,534.591,20.526,-0.17,0.54,4,1407.96,
Player1_Car,76.74,279.785,-11.985,490.735,19.675,0.84,0.64,4,1361.97,
Player2_Car,76.74,283.867,1.867,534.997,20.477,-0.22,0.54,4,1408.37,
Player1_Car,76.76,279.786,-11.839,491.128,19.707,0.60,0.64,4,1362.39,
Player2_Car,76.76,283.866,1.945,535.402,20.429,-0.25,0.55,4,1408.78,
Player1_Car,76.78,279.788,-11.691,491.521,19.691,0.69,0.64,4,1362.81,
Player2_Car,76.78,283.864,2.019,535.811,20.504,-0.12,0.54,4,1409.19,
Player1_Car,76.80,279.789,-11.544,491.915,19.717,0.73,0.63,4,1363.23,
Player2_Car,76.80,283.863,2.094,536.217,20.510,-0.31,0.54,4,1409.61,
Player1_Car,76.82,279.790,-11.396,492.309,19.748,0.65,0.63,4,1363.66,
Player2_Car,76.82,283.862,2.169,536.623,20.457,-0.43,0.55,4,1410.02,
Player1_Car,76.84,279.792,-11.249,492.704,19.775,0.58,0.63,4,1364.08,
Player2_Car,76.84,283.860,2.239,537.031,20.520,-0.24,0.54,4,1410.43,
Player1_Car,76.86,279.793,-11.100,493.099,19.772,0.67,0.63,4,1364.50,
Player2_Car,76.86,283.859,2.311,537.437,20.502,-0.48,0.54,4,1410.84,
Player1_Car,76.88,279.794,-10.951,493.495,19.796,0.66,0.62,4,1364.92,
Player2_Car,76.88,283.857,2.382,537.843,20.460,-0.62,0.54,4,1411.26,
Player1_Car,76.90,279.796,-10.802,493.891,19.819,0.58,0.62,4,1365.34,
Player2_Car,76.90,283.855,2.453,538.247,20.415,-0.67,0.55,4,1411.66,
Player1_Car,76.92,279.797,-10.653,494.286,19.816,0.62,0.62,4,1365.77,
Player2_Car,76.92,283.853,2.520,538.655,20.483,-0.36,0.54,4,1412.08,
Player1_Car,76.94,279.799,-10.504,494.683,19.834,0.61,0.62,4,1366.19,
Player2_Car,76.94,283.850,2.588,539.061,20.461,-0.63,0.54,4,1412.49,
Player1_Car,76.96,279.800,-10.354,495.080,19.855,0.55,0.62,4,1366.62,
Player2_Car,76.96,283.848,2.655,539.466,20.448,-0.86,0.55,4,1412.90,
Player1_Car,76.98,279.802,-10.204,495.477,19.874,0.53,0.62,4,1367.04,
Player2_Car,76.98,283.846,2.722,539.872,20.399,-0.94,0.55,4,1413.31,
Player1_Car,77.00,279.803,-10.054,495.874,19.867,0.61,0.62,4,1367.46,
Player2_Car,77.00,283.843,2.785,540.278,20.444,-0.64,0.55,4,1413.72,
Player1_Car,77.02,279.805,-9.904,496.271,19.881,0.58,0.61,4,1367.89,
Player2_Car,77.02,283.840,2.848,540.685,20.458,-0.67,0.55,4,1414.13,
Player1_Car,77.04,279.806,-9.753,496.669,19.897,0.50,0.61,4,1368.32,
Player2_Car,77.04,283.837,2.912,541.090,20.430,-1.07,0.55,4,1414.54,
Player1_Car,77.06,279.808,-9.603,497.067,19.903,0.50,0.61,4,1368.74,
Player2_Car,77.06,283.835,2.973,541.496,20.427,-1.12,0.55,4,1414.94,
Player1_Car,77.08,279.810,-9.452,497.465,19.918,0.52,0.61,4,1369.17,
Player2_Car,77.08,283.831,3.035,541.902,20.401,-1.10,0.55,4,1415.35,
Player1_Car,77.10,279.811,-9.301,497.864,19.935,0.49,0.61,4,1369.59,
Player2_Car,77.10,283.828,3.094,542.308,20.451,-0.87,0.55,4,1415.76,
Player1_Car,77.12,279.813,-9.151,498.263,19.948,0.47,0.61,4,1370.02,
Player2_Car,77.12,283.824,3.153,542.713,20.412,-1.18,0.55,4,1416.16,
Player1_Car,77.14,279.815,-9.000,498.662,19.959,0.47,0.60,4,1370.45,
Player2_Car,77.14,283.821,3.211,543.119,20.424,-1.28,0.55,4,1416.57,
Player1_Car,77.16,279.816,-8.849,499.061,19.975,0.46,0.60,4,1370.87,
Player2_Car,77.16,283.817,3.268,543.524,20.381,-1.40,0.55,4,1416.98,
Player1_Car,77.18,279.818,-8.698,499.461,19.986,0.45,0.60,4,1371.30,
Player2_Car,77.18,283.813,3.324,543.930,20.432,-1.12,0.55,4,1417.39,
Player1_Car,77.20,279.819,-8.548,499.861,20.010,0.41,0.60,4,1371.73,
Player2_Car,77.20,283.809,3.379,544.335,20.384,-1.37,0.55,4,1417.79,
Player1_Car,77.22,279.821,-8.397,500.262,20.015,0.43,0.60,4,1372.16,
Player2_Car,77.22,283.805,3.433,544.741,20.412,-1.41,0.55,4,1418.20,
Player1_Car,77.24,279.823,-8.246,500.662,20.024,0.41,0.60,4,1372.58,
Player2_Car,77.24,283.801,3.485,545.148,20.432,-1.35,0.55,4,1418.61,
Player1_Car,77.26,279.824,-8.096,501.063,20.030,0.40,0.60,4,1373.01,
Player2_Car,77.26,283.796,3.538,545.553,20.393,-1.61,0.55,4,1419.02,
Player1_Car,77.28,279.826,-7.945,501.464,20.065,0.34,0.59,4,1373.44,
Player2_Car,77.28,283.791,3.589,545.958,20.410,-1.59,0.55,4,1419.41,
Player1_Car,77.30,279.827,-7.795,501.865,20.063,0.36,0.59,4,1373.87,
Player2_Car,77.30,283.786,3.640,546.363,20.384,-1.68,0.55,4,1419.82,
Player1_Car,77.32,279.829,-7.645,502.267,20.065,0.35,0.59,4,1374.30,
Player2_Car,77.32,283.781,3.689,546.769,20.406,-1.59,0.55,4,1420.23,
Player1_Car,77.34,279.830,-7.495,502.668,20.093,0.33,0.59,4,1374.72,
Player2_Car,77.34,283.775,3.738,547.174,20.368,-1.80,0.56,4,1420.63,
Player1_Car,77.36,279.832,-7.345,503.070,20.091,0.33,0.59,4,1375.15,
Player2_Car,77.36,283.770,3.785,547.579,20.396,-1.72,0.55,4,1421.03,
Player1_Car,77.38,279.833,-7.195,503.472,20.099,0.32,0.59,4,1375.58,
Player2_Car,77.38,283.763,3.832,547.984,20.360,-1.87,0.56,4,1421.44,
Player1_Car,77.40,279.835,-7.045,503.874,20.100,0.31,0.59,4,1376.01,
Player2_Car,77.40,283.757,3.878,548.389,20.388,-1.77,0.55,4,1421.85,
Player1_Car,77.42,279.836,-6.896,504.277,20.140,0.26,0.58,4,1376.44,
Player2_Car,77.42,283.749,3.924,548.794,20.349,-1.95,0.56,4,1422.24,
Player1_Car,77.44,279.838,-6.747,504.680,20.144,0.28,0.58,4,1376.87,
Player2_Car,77.44,283.742,3.967,549.199,20.380,-1.83,0.55,4,1422.65,
Player1_Car,77.46,279.839,-6.599,505.083,20.141,0.26,0.58,4,1377.30,
Player2_Car,77.46,283.734,4.010,549.605,20.390,-1.76,0.55,4,1423.06,
Player1_Car,77.48,279.841,-6.451,505.487,20.201,0.18,0.58,4,1377.73,
Player2_Car,77.48,283.725,4.053,550.009,20.360,-2.03,0.56,4,1423.47,
Player1_Car,77.50,279.842,-6.303,505.890,20.184,0.23,0.58,4,1378.16,
Player2_Car,77.50,283.716,4.094,550.414,20.373,-2.02,0.56,4,1423.86,
Player1_Car,77.52,279.843,-6.156,506.294,20.185,0.22,0.58,4,1378.59,
Player2_Car,77.52,283.707,4.135,550.819,20.360,-2.00,0.56,4,1424.27,
Player1_Car,77.54,279.845,-6.008,506.698,20.178,0.21,0.58,4,1379.02,
Player2_Car,77.54,283.697,4.174,551.224,20.359,-1.96,0.56,4,1424.68,
Player1_Car,77.56,279.846,-5.862,507.103,20.263,0.06,0.57,4,1379.45,
Player2_Car,77.56,283.686,4.214,551.627,20.334,-2.12,0.56,4,1425.08,
Player1_Car,77.58,279.848,-5.717,507.509,20.282,0.17,0.57,4,1379.88,
Player2_Car,77.58,283.675,4.251,552.033,20.362,-1.99,0.56,4,1425.48,
Player1_Car,77.60,279.849,-5.572,507.913,20.242,0.16,0.57,4,1380.31,
Player2_Car,77.60,283.663,4.289,552.437,20.339,-2.06,0.56,4,1425.88,
Player1_Car,77.62,279.850,-5.428,508.320,20.319,0.03,0.56,4,1380.74,
Player2_Car,77.62,283.651,4.325,552.841,20.346,-2.07,0.56,4,1426.29,
Player1_Car,77.64,279.852,-5.284,508.726,20.298,0.12,0.56,4,1381.17,
Player2_Car,77.64,283.638,4.362,553.245,20.317,-2.20,0.56,4,1426.68,
Player1_Car,77.66,279.853,-5.141,509.131,20.289,0.11,0.57,4,1381.60,
Player2_Car,77.66,283.624,4.396,553.650,20.356,-1.96,0.56,4,1427.09,
Player1_Car,77.68,279.854,-4.997,509.537,20.271,0.10,0.57,4,1382.03,
Player2_Car,77.68,283.610,4.429,554.055,20.360,-1.92,0.56,4,1427.50,
Player1_Car,77.70,279.856,-4.856,509.944,20.350,0.02,0.56,4,1382.45,
Player2_Car,77.70,283.595,4.463,554.458,20.333,-2.20,0.56,4,1427.90,
Player1_Car,77.72,279.857,-4.716,510.352,20.405,0.06,0.55,4,1382.89,
Player2_Car,77.72,283.580,4.496,554.862,20.300,-2.40,0.56,4,1428.30,
Player1_Car,77.74,279.859,-4.575,510.759,20.338,0.06,0.56,4,1383.32,
Player2_Car,77.74,283.564,4.527,555.266,20.335,-2.01,0.56,4,1428.70,
Player1_Car,77.76,279.860,-4.436,511.167,20.408,0.00,0.55,4,1383.75,
Player2_Car,77.76,283.547,4.557,555.671,20.341,-1.83,0.56,4,1429.11,
Player1_Car,77.78,279.861,-4.299,511.576,20.462,0.03,0.54,4,1384.18,
Player2_Car,77.78,283.530,4.588,556.074,20.318,-2.14,0.56,4,1429.51,
Player1_Car,77.80,279.863,-4.161,511.984,20.399,0.02,0.55,4,1384.61,
Player2_Car,77.80,283.513,4.617,556.478,20.298,-2.36,0.56,4,1429.91,
Player1_Car,77.82,279.864,-4.024,512.391,20.358,0.01,0.56,4,1385.04,
Player2_Car,77.82,283.495,4.647,556.881,20.272,-2.28,0.57,4,1430.31,
Player1_Car,77.84,279.865,-3.888,512.800,20.429,-0.01,0.55,4,1385.46,
Player2_Car,77.84,283.476,4.674,557.285,20.282,-1.94,0.57,4,1430.72,
Player1_Car,77.86,279.866,-3.754,513.210,20.503,-0.02,0.54,4,1385.90,
Player2_Car,77.86,283.456,4.702,557.688,20.262,-1.99,0.57,4,1431.10,
Player1_Car,77.88,279.868,-3.621,513.619,20.484,-0.02,0.54,4,1386.33,
Player2_Car,77.88,283.436,4.729,558.091,20.257,-2.12,0.57,4,1431.51,
Player1_Car,77.90,279.869,-3.489,514.030,20.547,-0.02,0.53,4,1386.76,
Player2_Car,77.90,283.415,4.755,558.494,20.230,-2.21,0.57,4,1431.91,
Player1_Car,77.92,279.870,-3.359,514.441,20.518,-0.04,0.54,4,1387.19,
Player2_Car,77.92,283.394,4.780,558.898,20.254,-1.91,0.57,4,1432.32,
Player1_Car,77.94,279.871,-3.227,514.850,20.453,-0.04,0.55,4,1387.62,
Player2_Car,77.94,283.371,4.805,559.300,20.232,-1.91,0.57,4,1432.71,
Player1_Car,77.96,279.873,-3.098,515.260,20.516,-0.02,0.54,4,1388.05,
Player2_Car,77.96,283.349,4.829,559.703,20.255,-1.86,0.57,4,1433.11,
Player1_Car,77.98,279.874,-2.970,515.671,20.536,-0.06,0.54,4,1388.47,
Player2_Car,77.98,283.325,4.852,560.107,20.259,-1.87,0.57,4,1433.52,
Player1_Car,78.00,279.875,-2.843,516.081,20.486,-0.06,0.54,4,1388.90,
Player2_Car,78.00,283.301,4.876,560.509,20.242,-2.00,0.57,4,1433.92,
Player1_Car,78.02,279.876,-2.715,516.489,20.442,-0.07,0.55,4,1389.33,
Player2_Car,78.02,283.277,4.900,560.911,20.219,-2.07,0.57,4,1434.31,
Player1_Car,78.04,279.877,-2.589,516.900,20.508,-0.03,0.54,4,1389.76,
Player2_Car,78.04,283.252,4.921,561.315,20.273,-1.66,0.57,4,1434.71,
Player1_Car,78.06,279.878,-2.466,517.311,20.576,-0.03,0.53,4,1390.19,
Player2_Car,78.06,283.226,4.941,561.717,20.276,-1.63,0.57,4,1435.12,
Player1_Car,78.08,279.879,-2.342,517.721,20.514,-0.08,0.54,4,1390.62,
Player2_Car,78.08,283.200,4.963,562.119,20.252,-1.99,0.57,4,1435.52,
Player1_Car,78.10,279.880,-2.221,518.133,20.574,-0.07,0.53,4,1391.04,
Player2_Car,78.10,283.174,4.981,562.523,20.310,-1.77,0.56,4,1435.91,
Player1_Car,78.12,279.881,-2.100,518.544,20.554,-0.08,0.53,4,1391.47,
Player2_Car,78.12,283.147,5.001,562.926,20.297,-1.78,0.56,4,1436.32,
Player1_Car,78.14,279.882,-1.979,518.954,20.500,-0.09,0.54,4,1391.90,
Player2_Car,78.14,283.120,5.019,563.328,20.292,-1.91,0.56,4,1436.72,
Player1_Car,78.16,279.883,-1.859,519.363,20.454,-0.09,0.55,4,1392.32,
Player2_Car,78.16,283.093,5.038,563.730,20.262,-2.09,0.57,4,1437.11,
Player1_Car,78.18,279.884,-1.740,519.773,20.521,-0.04,0.54,4,1392.75,
Player2_Car,78.18,283.065,5.053,564.134,20.335,-1.60,0.56,4,1437.51,
Player1_Car,78.20,279.885,-1.624,520.185,20.591,-0.01,0.53,4,1393.18,
Player2_Car,78.20,283.036,5.069,564.536,20.311,-1.72,0.56,4,1437.92,
Player1_Car,78.22,279.886,-1.508,520.596,20.527,-0.10,0.54,4,1393.60,
Player2_Car,78.22,283.008,5.085,564.938,20.295,-2.05,0.56,4,1438.32,
Player1_Car,78.24,279.887,-1.394,521.007,20.587,-0.10,0.53,4,1394.03,
Player2_Car,78.24,282.980,5.100,565.340,20.263,-2.19,0.57,4,1438.71,
Player1_Car,78.26,279.887,-1.281,521.419,20.561,-0.09,0.53,4,1394.45,
Player2_Car,78.26,282.951,5.111,565.745,20.347,-1.49,0.56,4,1439.12,
Player1_Car,78.28,279.888,-1.167,521.829,20.501,-0.10,0.54,4,1394.88,
Player2_Car,78.28,282.921,5.123,566.147,20.333,-1.55,0.56,4,1439.52,
Player1_Car,78.30,279.889,-1.054,522.238,20.453,-0.11,0.55,4,1395.30,
Player2_Car,78.30,282.891,5.136,566.549,20.302,-2.08,0.56,4,1439.93,
Player1_Car,78.32,279.890,-0.943,522.648,20.521,-0.05,0.54,4,1395.73,
Player2_Car,78.32,282.862,5.147,566.952,20.269,-2.26,0.57,4,1440.32,
Player1_Car,78.34,279.890,-0.835,523.060,20.592,-0.01,0.53,4,1396.15,
Player2_Car,78.34,282.831,5.154,567.356,20.356,-1.40,0.56,4,1440.73,
Player1_Car,78.36,279.891,-0.726,523.471,20.526,-0.10,0.54,4,1396.58,
Player2_Car,78.36,282.800,5.162,567.759,20.373,-1.29,0.56,4,1441.13,
Player1_Car,78.38,279.892,-0.619,523.882,20.588,-0.11,0.53,4,1397.00,
Player2_Car,78.38,282.769,5.171,568.162,20.327,-2.03,0.56,4,1441.54,
Player1_Car,78.40,279.892,-0.514,524.294,20.569,-0.10,0.53,4,1397.42,
Player2_Car,78.40,282.738,5.175,568.566,20.384,-1.88,0.55,4,1441.93,
Player1_Car,78.42,279.893,-0.408,524.704,20.498,-0.10,0.54,4,1397.85,
Player2_Car,78.42,282.706,5.181,568.969,20.357,-1.80,0.56,4,1442.34,
Player1_Car,78.44,279.894,-0.302,525.113,20.443,-0.11,0.55,4,1398.27,
Player2_Car,78.44,282.674,5.187,569.371,20.327,-1.92,0.56,4,1442.74,
Player1_Car,78.46,279.894,-0.199,525.523,20.513,-0.05,0.54,4,1398.69,
Player2_Car,78.46,282.643,5.192,569.773,20.295,-2.04,0.56,4,1443.14,
Player1_Car,78.48,279.895,-0.098,525.935,20.586,-0.01,0.53,4,1399.11,
Player2_Car,78.48,282.610,5.194,570.177,20.344,-1.59,0.56,4,1443.54,
Player1_Car,78.50,279.895,0.003,526.345,20.541,-0.11,0.54,4,1399.54,
Player2_Car,78.50,282.578,5.196,570.580,20.317,-1.68,0.56,4,1443.95,
Player1_Car,78.52,279.896,0.101,526.757,20.604,-0.11,0.53,4,1399.96,
Player2_Car,78.52,282.545,5.199,570.982,20.289,-2.00,0.57,4,1444.35,
Player1_Car,78.54,279.896,0.199,527.168,20.543,-0.10,0.53,4,1400.38,
Player2_Car,78.54,282.513,5.200,571.384,20.258,-2.08,0.57,4,1444.75,
Player1_Car,78.56,279.897,0.298,527.578,20.481,-0.10,0.54,4,1400.80,
Player2_Car,78.56,282.479,5.199,571.788,20.289,-1.59,0.57,4,1445.15,
Player1_Car,78.58,279.897,0.396,527.987,20.435,-0.10,0.55,4,1401.22,
Player2_Car,78.58,282.445,5.199,572.190,20.263,-1.61,0.57,4,1445.56,
Player1_Car,78.60,279.898,0.491,528.397,20.507,-0.05,0.54,4,1401.64,
Player2_Car,78.60,282.412,5.199,572.591,20.240,-1.88,0.57,4,1445.96,
Player1_Car,78.62,279.898,0.584,528.808,20.582,-0.02,0.53,4,1402.06,
Player2_Car,78.62,282.378,5.198,572.993,20.219,-1.95,0.57,4,1446.36,
Player1_Car,78.64,279.898,0.678,529.219,20.513,-0.12,0.54,4,1402.48,
Player2_Car,78.64,282.344,5.197,573.395,20.199,-1.78,0.58,4,1446.76,
Player1_Car,78.66,279.899,0.769,529.630,20.578,-0.12,0.53,4,1402.90,
Player2_Car,78.66,282.309,5.195,573.797,20.181,-1.63,0.58,4,1447.17,
Player1_Car,78.68,279.899,0.859,530.041,20.534,-0.13,0.54,4,1403.32,
Player2_Car,78.68,282.274,5.194,574.198,20.165,-1.64,0.58,4,1447.57,
Player1_Car,78.70,279.899,0.950,530.450,20.470,-0.16,0.54,4,1403.74,
Player2_Car,78.70,282.239,5.191,574.599,20.153,-1.65,0.58,4,1447.97,
Player1_Car,78.72,279.899,1.040,530.859,20.428,-0.18,0.55,4,1404.16,
Player2_Car,78.72,282.204,5.189,575.000,20.140,-1.61,0.58,4,1448.37,
Player1_Car,78.74,279.900,1.128,531.269,20.503,-0.11,0.54,4,1404.57,
Player2_Car,78.74,282.168,5.187,575.401,20.129,-1.54,0.58,4,1448.78,
Player1_Car,78.76,279.900,1.213,531.680,20.561,-0.16,0.53,4,1404.99,
Player2_Car,78.76,282.131,5.184,575.802,20.119,-1.49,0.59,4,1449.18,
Player1_Car,78.78,279.900,1.299,532.090,20.471,-0.24,0.54,4,1405.41,
Player2_Car,78.78,282.095,5.182,576.202,20.115,-1.45,0.59,4,1449.58,
Player1_Car,78.80,279.900,1.383,532.500,20.538,-0.18,0.54,4,1405.83,
Player2_Car,78.80,282.058,5.179,576.603,20.106,-1.45,0.59,4,1449.98,
Player1_Car,78.82,279.900,1.466,532.911,20.523,-0.30,0.54,4,1406.25,
Player2_Car,78.82,282.021,5.177,577.003,20.099,-1.44,0.59,4,1450.38,
Player1_Car,78.84,279.899,1.549,533.320,20.453,-0.34,0.55,4,1406.67,
Player2_Car,78.84,281.984,5.174,577.403,20.091,-1.41,0.59,4,1450.79,
Player1_Car,78.86,279.899,1.632,533.728,20.397,-0.38,0.55,4,1407.08,
Player2_Car,78.86,281.947,5.171,577.803,20.090,-1.34,0.59,4,1451.19,
Player1_Car,78.88,279.899,1.712,534.137,20.475,-0.21,0.54,4,1407.50,
Player2_Car,78.88,281.909,5.168,578.202,20.084,-1.34,0.59,4,1451.59,
Player1_Car,78.90,279.898,1.790,534.548,20.540,-0.22,0.54,4,1407.91,
Player2_Car,78.90,281.871,5.166,578.602,20.078,-1.35,0.59,4,1451.99,
Player1_Car,78.92,279.897,1.869,534.957,20.454,-0.45,0.55,4,1408.33,
Player2_Car,78.92,281.833,5.163,579.002,20.078,-1.32,0.59,4,1452.39,
Player1_Car,78.94,279.897,1.945,535.368,20.525,-0.37,0.54,4,1408.75,
Player2_Car,78.94,281.795,5.160,579.401,20.073,-1.30,0.59,4,1452.79,
Player1_Car,78.96,279.896,2.021,535.777,20.473,-0.54,0.54,4,1409.16,
Player2_Car,78.96,281.757,5.157,579.801,20.069,-1.30,0.59,4,1453.19,
Player1_Car,78.98,279.894,2.097,536.186,20.425,-0.60,0.55,4,1409.58,
Player2_Car,78.98,281.718,5.154,580.200,20.064,-1.30,0.59,4,1453.59,
Player1_Car,79.00,279.893,2.172,536.593,20.383,-0.65,0.55,4,1409.99,
Player2_Car,79.00,281.680,5.151,580.599,20.065,-1.25,0.59,4,1454.00,
Player1_Car,79.02,279.891,2.245,537.002,20.462,-0.34,0.54,4,1410.40,
Player2_Car,79.02,281.641,5.148,580.999,20.062,-1.24,0.59,4,1454.40,
Player1_Car,79.04,279.889,2.316,537.413,20.516,-0.35,0.54,4,1410.82,
Player2_Car,79.04,281.602,5.145,581.398,20.058,-1.26,0.59,4,1454.80,
Player1_Car,79.06,279.888,2.388,537.821,20.419,-0.72,0.55,4,1411.24,
Player2_Car,79.06,281.564,5.142,581.797,20.055,-1.26,0.59,4,1455.20,
Player1_Car,79.08,279.886,2.456,538.231,20.492,-0.58,0.54,4,1411.65,
Player2_Car,79.08,281.525,5.139,582.196,20.056,-1.21,0.59,4,1455.60,
Player1_Car,79.10,279.884,2.525,538.640,20.446,-0.82,0.55,4,1412.06,
Player2_Car,79.10,281.485,5.136,582.595,20.053,-1.21,0.59,4,1456.00,
Player1_Car,79.12,279.881,2.594,539.048,20.404,-0.89,0.55,4,1412.48,
Player2_Car,79.12,281.446,5.132,582.994,20.050,-1.22,0.59,4,1456.40,
Player1_Car,79.14,279.878,2.662,539.455,20.370,-0.93,0.56,4,1412.89,
Player2_Car,79.14,281.407,5.129,583.393,20.047,-1.22,0.59,4,1456.80,
Player1_Car,79.16,279.875,2.728,539.864,20.452,-0.48,0.55,4,1413.30,
Player2_Car,79.16,281.368,5.126,583.792,20.045,-1.20,0.59,4,1457.20,
Player1_Car,79.18,279.872,2.792,540.274,20.459,-0.63,0.54,4,1413.72,
Player2_Car,79.18,281.329,5.123,584.191,20.043,-1.19,0.59,4,1457.60,
Player1_Car,79.20,279.869,2.857,540.681,20.386,-1.03,0.55,4,1414.13,
Player2_Car,79.20,281.289,5.119,584.590,20.041,-1.18,0.60,4,1458.01,
Player1_Car,79.22,279.865,2.922,541.088,20.336,-1.12,0.56,4,1414.54,
Player2_Car,79.22,281.250,5.116,584.988,20.040,-1.17,0.60,4,1458.41,
Player1_Car,79.24,279.861,2.984,541.496,20.420,-0.55,0.55,4,1414.96,
Player2_Car,79.24,281.211,5.113,585.387,20.039,-1.17,0.60,4,1458.81,
Player1_Car,79.26,279.856,3.045,541.905,20.455,-0.53,0.55,4,1415.37,
Player2_Car,79.26,281.171,5.110,585.786,20.037,-1.16,0.60,4,1459.21,
Player1_Car,79.28,279.852,3.106,542.313,20.393,-1.14,0.55,4,1415.78,
Player2_Car,79.28,281.132,5.106,586.185,20.036,-1.16,0.60,4,1459.61,
Player1_Car,79.30,279.848,3.164,542.722,20.429,-1.13,0.55,4,1416.20,
Player2_Car,79.30,281.092,5.103,586.583,20.036,-1.15,0.60,4,1460.01,
Player1_Car,79.32,279.842,3.223,543.129,20.374,-1.14,0.56,4,1416.61,
Player2_Car,79.32,281.052,5.100,586.982,20.034,-1.15,0.60,4,1460.41,
Player1_Car,79.34,279.836,3.282,543.536,20.343,-1.11,0.56,4,1417.02,
Player2_Car,79.34,281.013,5.096,587.381,20.033,-1.15,0.60,4,1460.81,
Player1_Car,79.36,279.830,3.339,543.944,20.398,-0.77,0.55,4,1417.44,
Player2_Car,79.36,280.973,5.093,587.779,20.032,-1.14,0.60,4,1461.21,
Player1_Car,79.38,279.824,3.394,544.352,20.412,-0.84,0.55,4,1417.85,
Player2_Car,79.38,280.933,5.090,588.178,20.032,-1.12,0.60,4,1461.61,
Player1_Car,79.40,279.818,3.449,544.759,20.359,-1.37,0.56,4,1418.27,
Player2_Car,79.40,280.894,5.086,588.576,20.030,-1.13,0.60,4,1462.01,
Player1_Car,79.42,279.812,3.502,545.168,20.414,-1.08,0.55,4,1418.68,
Player2_Car,79.42,280.854,5.083,588.975,20.029,-1.12,0.60,4,1462.41,
Player1_Car,79.44,279.804,3.555,545.575,20.393,-1.00,0.55,4,1419.09,
Player2_Car,79.44,280.814,5.080,589.374,20.029,-1.11,0.60,4,1462.81,
Player1_Car,79.46,279.796,3.607,545.983,20.354,-1.28,0.56,4,1419.51,
Player2_Car,79.46,280.774,5.076,589.772,20.029,-1.10,0.60,4,1463.21,
Player1_Car,79.48,279.789,3.659,546.389,20.328,-1.42,0.56,4,1419.92,
Player2_Car,79.48,280.734,5.073,590.171,20.028,-1.11,0.60,4,1463.61,
Player1_Car,79.50,279.780,3.709,546.797,20.397,-0.92,0.55,4,1420.33,
Player2_Car,79.50,280.694,5.070,590.569,20.027,-1.10,0.60,4,1464.01,
Player1_Car,79.52,279.771,3.757,547.205,20.395,-0.95,0.55,4,1420.74,
Player2_Car,79.52,280.655,5.066,590.968,20.028,-1.09,0.60,4,1464.41,
Player1_Car,79.54,279.763,3.806,547.612,20.346,-1.48,0.56,4,1421.15,
Player2_Car,79.54,280.615,5.063,591.366,20.027,-1.08,0.60,4,1464.81,
Player1_Car,79.56,279.753,3.854,548.018,20.321,-1.59,0.56,4,1421.56,
Player2_Car,79.56,280.575,5.060,591.765,20.027,-1.07,0.60,4,1465.21,
Player1_Car,79.58,279.743,3.900,548.425,20.372,-1.04,0.56,4,1421.97,
Player2_Car,79.58,280.535,5.056,592.163,20.026,-1.06,0.60,4,1465.61,
Player1_Car,79.60,279.732,3.945,548.833,20.392,-0.91,0.55,4,1422.39,
Player2_Car,79.60,280.495,5.053,592.562,20.026,-1.05,0.60,4,1466.01,
Player1_Car,79.62,279.721,3.990,549.240,20.336,-1.54,0.56,4,1422.80,
Player2_Car,79.62,280.455,5.050,592.960,20.026,-1.04,0.60,4,1466.41,
Player1_Car,79.64,279.710,4.033,549.647,20.376,-1.44,0.55,4,1423.21,
Player2_Car,79.64,280.415,5.046,593.359,20.026,-1.03,0.60,4,1466.81,
Player1_Car,79.66,279.698,4.075,550.054,20.375,-1.23,0.56,4,1423.63,
Player2_Car,79.66,280.375,5.043,593.757,20.026,-1.02,0.60,4,1467.21,
Player1_Car,79.68,279.685,4.118,550.461,20.330,-1.41,0.56,4,1424.03,
Player2_Car,79.68,280.335,5.040,594.156,20.026,-1.01,0.60,4,1467.61,
Player1_Car,79.70,279.673,4.160,550.867,20.304,-1.57,0.56,4,1424.44,
Player2_Car,79.70,280.295,5.036,594.554,20.026,-1.00,0.60,4,1468.01,
Player1_Car,79.72,279.659,4.199,551.273,20.351,-1.22,0.56,4,1424.85,
Player2_Car,79.72,280.255,5.033,594.953,20.026,-0.99,0.60,4,1468.41,
Player1_Car,79.74,279.645,4.238,551.680,20.368,-1.12,0.56,4,1425.27,
Player2_Car,79.74,280.215,5.030,595.351,20.026,-0.98,0.60,4,1468.81,
Player1_Car,79.76,279.630,4.277,552.087,20.321,-1.57,0.56,4,1425.68,
Player2_Car,79.76,280.175,5.026,595.750,20.026,-0.97,0.60,4,1469.21,
Player1_Car,79.78,279.616,4.315,552.492,20.295,-1.72,0.56,4,1426.08,
Player2_Car,79.78,280.135,5.023,596.148,20.026,-0.96,0.60,4,1469.61,
Player1_Car,79.80,279.600,4.352,552.899,20.327,-1.30,0.56,4,1426.49,
Player2_Car,79.80,280.095,5.020,596.547,20.026,-0.95,0.60,4,1470.01,
Player1_Car,79.82,279.583,4.387,553.306,20.365,-1.02,0.56,4,1426.91,
Player2_Car,79.82,280.055,5.016,596.945,20.026,-0.94,0.60,4,1470.41,
Player1_Car,79.84,279.567,4.422,553.711,20.313,-1.56,0.56,4,1427.32,
Player2_Car,79.84,280.015,5.013,597.344,20.026,-0.93,0.60,4,1470.82,
Player1_Car,79.86,279.550,4.456,554.118,20.332,-1.60,0.56,4,1427.72,
Player2_Car,79.86,279.975,5.010,597.742,20.026,-0.92,0.60,4,1471.22,
Player1_Car,79.88,279.532,4.488,554.524,20.348,-1.32,0.56,4,1428.14,
Player2_Car,79.88,279.935,5.006,598.141,20.026,-0.91,0.60,4,1471.62,
Player1_Car,79.90,279.513,4.521,554.930,20.305,-1.45,0.56,4,1428.55,
Player2_Car,79.90,279.895,5.003,598.539,20.026,-0.90,0.60,4,1472.02,
Player1_Car,79.92,279.495,4.553,555.335,20.277,-1.63,0.57,4,1428.95,
Player2_Car,79.92,279.855,5.000,598.938,20.026,-0.89,0.60,4,1472.42,
Player1_Car,79.94,279.475,4.584,555.741,20.308,-1.36,0.56,4,1429.36,
Player2_Car,79.94,279.815,4.997,599.336,20.026,-0.88,0.60,4,1472.82,
Player1_Car,79.96,279.455,4.613,556.147,20.347,-1.11,0.56,4,1429.78,
Player2_Car,79.96,279.775,4.993,599.735,20.026,-0.87,0.60,4,1473.22,
Player1_Car,79.98,279.434,4.642,556.553,20.290,-1.55,0.57,4,1430.18,
Player2_Car,79.98,279.735,4.990,600.133,20.026,-0.86,0.60,4,1473.62,
Player1_Car,80.00,279.414,4.672,556.957,20.257,-1.79,0.57,4,1430.59,
Player2_Car,80.00,279.695,4.987,600.532,20.026,-0.85,0.60,4,1474.02,
Player1_Car,80.02,279.392,4.700,557.362,20.275,-1.44,0.57,4,1430.99,
Player2_Car,80.02,279.655,4.983,600.930,20.026,-0.84,0.60,4,1474.42,
Player1_Car,80.04,279.370,4.726,557.768,20.323,-1.00,0.56,4,1431.42,
Player2_Car,80.04,279.615,4.980,601.329,20.026,-0.83,0.60,4,1474.82,
Player1_Car,80.06,279.347,4.753,558.173,20.264,-1.49,0.57,4,1431.82,
Player2_Car,80.06,279.575,4.977,601.727,20.026,-0.82,0.60,4,1475.22,
Player1_Car,80.08,279.325,4.779,558.578,20.284,-1.60,0.57,4,1432.23,
Player2_Car,80.08,279.535,4.973,602.126,20.026,-0.81,0.60,4,1475.62,
Player1_Car,80.10,279.301,4.804,558.982,20.254,-1.56,0.57,4,1432.65,
Player2_Car,80.10,279.494,4.970,602.524,20.027,-0.80,0.60,4,1476.02,
Player1_Car,80.12,279.277,4.830,559.386,20.232,-1.47,0.57,4,1433.05,
Player2_Car,80.12,279.454,4.967,602.923,20.027,-0.79,0.60,4,1476.42,
Player1_Car,80.14,279.252,4.855,559.790,20.216,-1.43,0.57,4,1433.46,
Player2_Car,80.14,279.414,4.963,603.321,20.027,-0.78,0.60,4,1476.82,
Player1_Car,80.16,279.228,4.878,560.194,20.265,-1.16,0.57,4,1433.86,
Player2_Car,80.16,279.374,4.960,603.720,20.027,-0.77,0.60,4,1477.22,
Player1_Car,80.18,279.202,4.902,560.598,20.239,-1.38,0.57,4,1434.28,
Player2_Car,80.18,279.334,4.957,604.118,20.027,-0.76,0.60,4,1477.62,
Player1_Car,80.20,279.177,4.925,561.002,20.219,-1.62,0.57,4,1434.69,
Player2_Car,80.20,279.294,4.953,604.517,20.027,-0.75,0.60,4,1478.02,
Player1_Car,80.22,279.151,4.947,561.405,20.209,-1.51,0.57,4,1435.09,
Player2_Car,80.22,279.254,4.950,604.915,20.027,-0.74,0.60,4,1478.43,
Player1_Car,80.24,279.124,4.968,561.809,20.244,-1.14,0.57,4,1435.50,
Player2_Car,80.24,279.214,4.947,605.314,20.027,-0.73,0.60,4,1478.83,
Player1_Car,80.26,279.097,4.988,562.214,20.263,-1.11,0.57,4,1435.91,
Player2_Car,80.26,279.174,4.943,605.712,20.027,-0.73,0.60,4,1479.23,
Player1_Car,80.28,279.070,5.008,562.617,20.229,-1.51,0.57,4,1436.32,
Player2_Car,80.28,279.134,4.940,606.111,20.027,-0.72,0.60,4,1479.63,
Player1_Car,80.30,279.042,5.027,563.021,20.247,-1.45,0.57,4,1436.72,
Player2_Car,80.30,279.094,4.937,606.509,20.028,-0.71,0.60,4,1480.03,
Player1_Car,80.32,279.014,5.044,563.426,20.283,-1.09,0.57,4,1437.13,
Player2_Car,80.32,279.053,4.933,606.908,20.028,-0.70,0.60,4,1480.43,
Player1_Car,80.34,278.985,5.061,563.830,20.244,-1.31,0.57,4,1437.54,
Player2_Car,80.34,279.013,4.930,607.306,20.028,-0.69,0.60,4,1480.83,
Player1_Car,80.36,278.956,5.078,564.233,20.230,-1.50,0.57,4,1437.94,
Player2_Car,80.36,278.973,4.927,607.705,20.028,-0.68,0.60,4,1481.23,
Player1_Car,80.38,278.927,5.094,564.637,20.242,-1.31,0.57,4,1438.35,
Player2_Car,80.38,278.933,4.923,608.103,20.028,-0.67,0.60,4,1481.63,
Player1_Car,80.40,278.897,5.107,565.042,20.321,-0.80,0.56,4,1438.76,
Player2_Car,80.40,278.893,4.920,608.502,20.028,-0.66,0.60,4,1482.03,
Player1_Car,80.42,278.866,5.120,565.447,20.275,-1.23,0.57,4,1439.17,
Player2_Car,80.42,278.853,4.917,608.900,20.028,-0.65,0.60,4,1482.43,
Player1_Car,80.44,278.837,5.133,565.851,20.249,-1.59,0.57,4,1439.57,
Player2_Car,80.44,278.813,4.913,609.299,20.028,-0.64,0.60,4,1482.83,
Player1_Car,80.46,278.806,5.146,566.254,20.247,-1.39,0.57,4,1439.98,
Player2_Car,80.46,278.773,4.910,609.697,20.028,-0.63,0.60,4,1483.23,
Player1_Car,80.48,278.774,5.155,566.660,20.331,-0.70,0.56,4,1440.39,
Player2_Car,80.48,278.732,4.907,610.096,20.028,-0.62,0.60,4,1483.63,
Player1_Car,80.50,278.742,5.164,567.065,20.307,-0.97,0.56,4,1440.79,
Player2_Car,80.50,278.692,4.903,610.494,20.029,-0.61,0.60,4,1484.03,
Player1_Car,80.52,278.711,5.173,567.469,20.274,-1.46,0.57,4,1441.20,
Player2_Car,80.52,278.652,4.900,610.893,20.029,-0.60,0.60,4,1484.43,
Player1_Car,80.54,278.679,5.178,567.875,20.355,-1.00,0.56,4,1441.61,
Player2_Car,80.54,278.612,4.897,611.292,20.029,-0.59,0.60,4,1484.83,
Player1_Car,80.56,278.646,5.185,568.279,20.297,-1.17,0.56,4,1442.01,
Player2_Car,80.56,278.572,4.893,611.690,20.029,-0.58,0.60,4,1485.23,
Player1_Car,80.58,278.614,5.191,568.684,20.276,-1.35,0.57,4,1442.42,
Player2_Car,80.58,278.532,4.890,612.089,20.029,-0.57,0.60,4,1485.64,
Player1_Car,80.60,278.581,5.197,569.088,20.258,-1.32,0.57,4,1442.82,
Player2_Car,80.60,278.492,4.887,612.487,20.029,-0.56,0.60,4,1486.04,
Player1_Car,80.62,278.548,5.199,569.493,20.351,-0.65,0.56,4,1443.23,
Player2_Car,80.62,278.452,4.883,612.886,20.029,-0.56,0.60,4,1486.44,
Player1_Car,80.64,278.514,5.201,569.899,20.339,-0.87,0.56,4,1443.64,
Player2_Car,80.64,278.411,4.880,613.284,20.029,-0.55,0.60,4,1486.84,
Player1_Car,80.66,278.481,5.203,570.303,20.285,-1.30,0.57,4,1444.04,
Player2_Car,80.66,278.371,4.877,613.683,20.029,-0.54,0.60,4,1487.24,
Player1_Car,80.68,278.448,5.206,570.707,20.254,-1.33,0.57,4,1444.45,
Player2_Car,80.68,278.331,4.873,614.082,20.029,-0.53,0.60,4,1487.64,
Player1_Car,80.70,278.413,5.205,571.112,20.336,-0.66,0.56,4,1444.86,
Player2_Car,80.70,278.291,4.870,614.480,20.029,-0.52,0.60,4,1488.04,
Player1_Car,80.72,278.378,5.204,571.516,20.306,-0.89,0.56,4,1445.26,
Player2_Car,80.72,278.251,4.867,614.879,20.030,-0.51,0.60,4,1488.44,
Player1_Car,80.74,278.344,5.204,571.920,20.257,-1.21,0.57,4,1445.67,
Player2_Car,80.74,278.211,4.863,615.277,20.030,-0.50,0.60,4,1488.84,
Player1_Car,80.76,278.310,5.201,572.325,20.306,-0.96,0.56,4,1446.07,
Player2_Car,80.76,278.171,4.860,615.676,20.030,-0.49,0.60,4,1489.24,
Player1_Car,80.78,278.275,5.200,572.728,20.257,-1.16,0.57,4,1446.48,
Player2_Car,80.78,278.131,4.857,616.074,20.030,-0.48,0.60,4,1489.64,
Player1_Car,80.80,278.240,5.198,573.132,20.229,-1.22,0.57,4,1446.88,
Player2_Car,80.80,278.090,4.853,616.473,20.030,-0.47,0.60,4,1490.04,
Player1_Car,80.82,278.205,5.197,573.534,20.207,-1.20,0.58,4,1447.29,
Player2_Car,80.82,278.050,4.850,616.871,20.030,-0.47,0.60,4,1490.44,
Player1_Car,80.84,278.169,5.194,573.937,20.247,-0.87,0.57,4,1447.69,
Player2_Car,80.84,278.010,4.847,617.270,20.030,-0.46,0.60,4,1490.84,
Player1_Car,80.86,278.134,5.191,574.340,20.209,-1.11,0.57,4,1448.10,
Player2_Car,80.86,277.970,4.844,617.669,20.030,-0.45,0.60,4,1491.24,
Player1_Car,80.88,278.099,5.189,574.742,20.187,-1.20,0.58,4,1448.50,
Player2_Car,80.88,277.930,4.840,618.067,20.030,-0.44,0.60,4,1491.65,
Player1_Car,80.90,278.063,5.186,575.144,20.170,-1.21,0.58,4,1448.91,
Player2_Car,80.90,277.890,4.837,618.466,20.030,-0.43,0.60,4,1492.05,
Player1_Car,80.92,278.027,5.184,575.546,20.162,-1.13,0.58,4,1449.31,
Player2_Car,80.92,277.850,4.834,618.864,20.030,-0.42,0.60,4,1492.45,
Player1_Car,80.94,277.992,5.181,575.947,20.148,-1.15,0.58,4,1449.71,
Player2_Car,80.94,277.809,4.830,619.263,20.030,-0.41,0.60,4,1492.85,
Player1_Car,80.96,277.956,5.179,576.348,20.136,-1.20,0.58,4,1450.11,
Player2_Car,80.96,277.769,4.827,619.661,20.030,-0.41,0.60,4,1493.25,
Player1_Car,80.98,277.920,5.176,576.749,20.130,-1.19,0.58,4,1450.52,
Player2_Car,80.98,277.729,4.824,620.060,20.030,-0.40,0.60,4,1493.65,
Player1_Car,81.00,277.884,5.173,577.150,20.119,-1.18,0.59,4,1450.92,
Player2_Car,81.00,277.689,4.820,620.458,20.031,-0.39,0.60,4,1494.05,
Player1_Car,81.02,277.848,5.170,577.551,20.111,-1.19,0.59,4,1451.32,
Player2_Car,81.02,277.649,4.817,620.857,20.031,-0.38,0.60,4,1494.45,
Player1_Car,81.04,277.812,5.168,577.951,20.103,-1.20,0.59,4,1451.72,
Player2_Car,81.04,277.609,4.814,621.256,20.031,-0.37,0.60,4,1494.85,
Player1_Car,81.06,277.776,5.165,578.352,20.101,-1.18,0.59,4,1452.13,
Player2_Car,81.06,277.569,4.810,621.654,20.031,-0.36,0.60,4,1495.25,
Player1_Car,81.08,277.740,5.162,578.752,20.092,-1.19,0.59,4,1452.53,
Player2_Car,81.08,277.529,4.807,622.053,20.031,-0.35,0.60,4,1495.65,
Player1_Car,81.10,277.704,5.159,579.152,20.086,-1.21,0.59,4,1452.93,
Player2_Car,81.10,277.488,4.804,622.451,20.031,-0.35,0.60,4,1496.05,
Player1_Car,81.12,277.668,5.156,579.552,20.080,-1.21,0.59,4,1453.33,
Player2_Car,81.12,277.448,4.800,622.850,20.031,-0.34,0.60,4,1496.45,
Player1_Car,81.14,277.631,5.153,579.952,20.081,-1.17,0.59,4,1453.73,
Player2_Car,81.14,277.408,4.797,623.248,20.031,-0.33,0.60,4,1496.85,
Player1_Car,81.16,277.595,5.150,580.352,20.074,-1.19,0.59,4,1454.13,
Player2_Car,81.16,277.368,4.794,623.647,20.031,-0.32,0.60,4,1497.25,
Player1_Car,81.18,277.559,5.147,580.751,20.070,-1.22,0.59,4,1454.54,
Player2_Car,81.18,277.328,4.790,624.046,20.031,-0.31,0.60,4,1497.65,
Player1_Car,81.20,277.522,5.144,581.151,20.065,-1.22,0.59,4,1454.94,
Player2_Car,81.20,277.288,4.787,624.444,20.031,-0.31,0.60,4,1498.06,
Player1_Car,81.22,277.485,5.141,581.551,20.068,-1.17,0.59,4,1455.34,
Player2_Car,81.22,277.248,4.784,624.843,20.031,-0.30,0.60,4,1498.46,
Player1_Car,81.24,277.449,5.138,581.950,20.062,-1.19,0.59,4,1455.74,
Player2_Car,81.24,277.208,4.780,625.241,20.031,-0.29,0.60,4,1498.86,
Player1_Car,81.26,277.412,5.135,582.350,20.058,-1.22,0.59,4,1456.14,
Player2_Car,81.26,277.168,4.777,625.640,20.031,-0.28,0.60,4,1499.26,
Player1_Car,81.28,277.375,5.131,582.749,20.060,-1.19,0.59,4,1456.54,
Player2_Car,81.28,277.127,4.774,626.039,20.031,-0.27,0.60,4,1499.66,
Player1_Car,81.30,277.338,5.128,583.148,20.055,-1.19,0.59,4,1456.94,
Player2_Car,81.30,277.087,4.770,626.437,20.031,-0.27,0.60,4,1500.06,
Player1_Car,81.32,277.301,5.125,583.548,20.052,-1.21,0.59,4,1457.34,
Player2_Car,81.32,277.047,4.767,626.836,20.031,-0.26,0.60,4,1500.46,
Player1_Car,81.34,277.264,5.122,583.947,20.049,-1.21,0.59,4,1457.75,
Player2_Car,81.34,277.007,4.764,627.235,20.031,-0.25,0.60,4,1500.86,
Player1_Car,81.36,277.226,5.118,584.346,20.051,-1.18,0.59,4,1458.15,
Player2_Car,81.36,276.967,4.760,627.633,20.031,-0.24,0.60,4,1501.26,
Player1_Car,81.38,277.189,5.115,584.745,20.047,-1.19,0.59,4,1458.55,
Player2_Car,81.38,276.927,4.757,628.032,20.032,-0.24,0.60,4,1501.66,
Player1_Car,81.40,277.152,5.112,585.145,20.044,-1.21,0.59,4,1458.95,
Player2_Car,81.40,276.887,4.754,628.430,20.032,-0.23,0.60,4,1502.06,
Player1_Car,81.42,277.114,5.108,585.544,20.042,-1.20,0.59,4,1459.35,
Player2_Car,81.42,276.847,4.750,628.829,20.032,-0.22,0.60,4,1502.46,
Player1_Car,81.44,277.077,5.105,585.943,20.041,-1.19,0.60,4,1459.75,
Player2_Car,81.44,276.807,4.747,629.228,20.032,-0.21,0.60,4,1502.86,
Player1_Car,81.46,277.039,5.102,586.342,20.039,-1.18,0.60,4,1460.15,
Player2_Car,81.46,276.767,4.744,629.626,20.032,-0.21,0.60,4,1503.26,
Player1_Car,81.48,277.002,5.098,586.741,20.038,-1.19,0.60,4,1460.55,
Player2_Car,81.48,276.726,4.740,630.025,20.032,-0.20,0.60,4,1503.66,
Player1_Car,81.50,276.964,5.095,587.140,20.036,-1.19,0.60,4,1460.95,
Player2_Car,81.50,276.686,4.737,630.424,20.032,-0.19,0.60,4,1504.06,
Player1_Car,81.52,276.926,5.092,587.539,20.035,-1.18,0.60,4,1461.35,
Player2_Car,81.52,276.646,4.734,630.822,20.032,-0.18,0.60,4,1504.47,
Player1_Car,81.54,276.888,5.088,587.937,20.034,-1.18,0.60,4,1461.76,
Player2_Car,81.54,276.606,4.730,631.221,20.032,-0.18,0.60,4,1504.87,
Player1_Car,81.56,276.850,5.085,588.336,20.033,-1.18,0.60,4,1462.16,
Player2_Car,81.56,276.566,4.727,631.619,20.032,-0.17,0.60,4,1505.27,
Player1_Car,81.58,276.812,5.082,588.735,20.032,-1.18,0.60,4,1462.56,
Player2_Car,81.58,276.526,4.724,632.018,20.032,-0.16,0.60,4,1505.67,
Player1_Car,81.60,276.774,5.078,589.134,20.031,-1.17,0.60,4,1462.96,
Player2_Car,81.60,276.486,4.720,632.417,20.032,-0.16,0.60,4,1506.07,
Player1_Car,81.62,276.736,5.075,589.533,20.031,-1.17,0.60,4,1463.36,
Player2_Car,81.62,276.446,4.717,632.815,20.032,-0.15,0.60,4,1506.47,
Player1_Car,81.64,276.698,5.072,589.932,20.029,-1.17,0.60,4,1463.76,
Player2_Car,81.64,276.406,4.714,633.214,20.032,-0.14,0.60,4,1506.87,
Player1_Car,81.66,276.660,5.068,590.330,20.030,-1.17,0.60,4,1464.16,
Player2_Car,81.66,276.366,4.710,633.612,20.032,-0.13,0.60,4,1507.27,
Player1_Car,81.68,276.622,5.065,590.729,20.029,-1.16,0.60,4,1464.56,
Player2_Car,81.68,276.326,4.707,634.011,20.032,-0.13,0.60,4,1507.67,
Player1_Car,81.70,276.583,5.062,591.128,20.028,-1.16,0.60,4,1464.96,
Player2_Car,81.70,276.286,4.704,634.410,20.032,-0.12,0.60,4,1508.07,
Player1_Car,81.72,276.545,5.058,591.526,20.027,-1.17,0.60,4,1465.37,
Player2_Car,81.72,276.246,4.700,634.808,20.032,-0.11,0.60,4,1508.47,
Player1_Car,81.74,276.507,5.055,591.925,20.028,-1.16,0.60,4,1465.77,
Player2_Car,81.74,276.206,4.697,635.207,20.032,-0.11,0.60,4,1508.87,
Player1_Car,81.76,276.468,5.052,592.324,20.027,-1.15,0.60,4,1466.17,
Player2_Car,81.76,276.166,4.694,635.606,20.032,-0.10,0.60,4,1509.27,
Player1_Car,81.78,276.430,5.048,592.722,20.026,-1.16,0.60,4,1466.57,
Player2_Car,81.78,276.126,4.690,636.004,20.032,-0.09,0.60,4,1509.67,
Player1_Car,81.80,276.391,5.045,593.121,20.026,-1.16,0.60,4,1466.97,
Player2_Car,81.80,276.086,4.687,636.403,20.032,-0.09,0.60,4,1510.07,
Player1_Car,81.82,276.353,5.042,593.520,20.026,-1.15,0.60,4,1467.37,
Player2_Car,81.82,276.045,4.684,636.801,20.032,-0.08,0.60,4,1510.47,
Player1_Car,81.84,276.314,5.038,593.918,20.026,-1.15,0.60,4,1467.77,
Player2_Car,81.84,276.005,4.681,637.200,20.032,-0.07,0.60,4,1510.88,
Player1_Car,81.86,276.276,5.035,594.317,20.025,-1.15,0.60,4,1468.17,
Player2_Car,81.86,275.965,4.677,637.599,20.032,-0.07,0.60,4,1511.28,
Player1_Car,81.88,276.237,5.032,594.716,20.025,-1.15,0.60,4,1468.57,
Player2_Car,81.88,275.925,4.674,637.997,20.032,-0.06,0.60,4,1511.68,
Player1_Car,81.90,276.198,5.028,595.114,20.025,-1.14,0.60,4,1468.97,
Player2_Car,81.90,275.885,4.671,638.396,20.032,-0.05,0.60,4,1512.08,
Player1_Car,81.92,276.160,5.025,595.513,20.025,-1.14,0.60,4,1469.37,
Player2_Car,81.92,275.845,4.667,638.795,20.032,-0.05,0.60,4,1512.48,
Player1_Car,81.94,276.121,5.022,595.912,20.025,-1.14,0.60,4,1469.77,
Player2_Car,81.94,275.805,4.664,639.193,20.032,-0.04,0.60,4,1512.88,
Player1_Car,81.96,276.082,5.018,596.310,20.025,-1.14,0.60,4,1470.17,
Player2_Car,81.96,275.765,4.661,639.592,20.032,-0.04,0.60,4,1513.28,
Player1_Car,81.98,276.043,5.015,596.709,20.024,-1.14,0.60,4,1470.57,
Player2_Car,81.98,275.725,4.657,639.990,20.032,-0.03,0.60,4,1513.68,
Player1_Car,82.00,276.004,5.012,597.107,20.024,-1.14,0.60,4,1470.97,
Player2_Car,82.00,275.685,4.654,640.389,20.032,-0.02,0.60,4,1514.08,
Player1_Car,82.02,275.965,5.008,597.506,20.024,-1.14,0.60,4,1471.37,
Player2_Car,82.02,275.645,4.651,640.788,20.032,-0.02,0.60,4,1514.48,
Player1_Car,82.04,275.927,5.005,597.905,20.024,-1.13,0.60,4,1471.78,
Player2_Car,82.04,275.605,4.647,641.186,20.032,-0.01,0.60,4,1514.88,
Player1_Car,82.06,275.888,5.002,598.303,20.024,-1.13,0.60,4,1472.18,
Player2_Car,82.06,275.565,4.644,641.585,20.032,0.00,0.60,4,1515.28,
Player1_Car,82.08,275.849,4.998,598.702,20.024,-1.13,0.60,4,1472.58,
Player2_Car,82.08,275.525,4.641,641.984,20.032,0.00,0.60,4,1515.68,
Player1_Car,82.10,275.810,4.995,599.100,20.024,-1.13,0.60,4,1472.98,
Player2_Car,82.10,275.485,4.637,642.382,20.032,0.01,0.60,4,1516.08,
Player1_Car,82.12,275.771,4.992,599.499,20.024,-1.13,0.60,4,1473.38,
Player2_Car,82.12,275.445,4.634,642.781,20.032,0.01,0.60,4,1516.48,
Player1_Car,82.14,275.732,4.989,599.897,20.024,-1.13,0.60,4,1473.78,
Player2_Car,82.14,275.405,4.631,643.179,20.032,0.02,0.60,4,1516.89,
Player1_Car,82.16,275.693,4.985,600.296,20.024,-1.13,0.60,4,1474.18,
Player2_Car,82.16,275.365,4.627,643.578,20.032,0.03,0.60,4,1517.29,
Player1_Car,82.18,275.654,4.982,600.695,20.024,-1.12,0.60,4,1474.58,
Player2_Car,82.18,275.325,4.624,643.977,20.032,0.03,0.60,4,1517.69,
Player1_Car,82.20,275.615,4.979,601.093,20.024,-1.12,0.60,4,1474.98,
Player2_Car,82.20,275.285,4.621,644.375,20.032,0.04,0.60,4,1518.09,
Player1_Car,82.22,275.575,4.975,601.492,20.024,-1.12,0.60,4,1475.38,
Player2_Car,82.22,275.245,4.617,644.774,20.032,0.04,0.60,4,1518.49,
Player1_Car,82.24,275.536,4.972,601.890,20.024,-1.12,0.60,4,1475.78,
Player2_Car,82.24,275.205,4.614,645.172,20.032,0.05,0.60,4,1518.89,
Player1_Car,82.26,275.497,4.969,602.289,20.024,-1.12,0.60,4,1476.18,
Player2_Car,82.26,275.165,4.611,645.571,20.032,0.05,0.60,4,1519.29,
Player1_Car,82.28,275.458,4.965,602.687,20.024,-1.12,0.60,4,1476.58,
Player2_Car,82.28,275.125,4.607,645.970,20.032,0.06,0.60,4,1519.69,
Player1_Car,82.30,275.419,4.962,603.086,20.024,-1.12,0.60,4,1476.98,
Player2_Car,82.30,275.085,4.604,646.368,20.032,0.07,0.60,4,1520.09,
Player1_Car,82.32,275.380,4.959,603.484,20.024,-1.12,0.60,4,1477.38,
Player2_Car,82.32,275.045,4.601,646.767,20.032,0.07,0.60,4,1520.49,
Player1_Car,82.34,275.341,4.955,603.883,20.024,-1.11,0.60,4,1477.78,
Player2_Car,82.34,275.006,4.597,647.166,20.032,0.08,0.60,4,1520.89,
Player1_Car,82.36,275.301,4.952,604.282,20.024,-1.11,0.60,4,1478.18,
Player2_Car,82.36,274.966,4.594,647.564,20.032,0.08,0.60,4,1521.29,
Player1_Car,82.38,275.262,4.949,604.680,20.024,-1.11,0.60,4,1478.58,
Player2_Car,82.38,274.926,4.591,647.963,20.032,0.09,0.60,4,1521.69,
Player1_Car,82.40,275.223,4.945,605.079,20.024,-1.11,0.60,4,1478.98,
Player2_Car,82.40,274.886,4.587,648.361,20.032,0.09,0.60,4,1522.09,
Player1_Car,82.42,275.184,4.942,605.477,20.024,-1.11,0.60,4,1479.38,
Player2_Car,82.42,274.846,4.584,648.760,20.032,0.10,0.60,4,1522.49,
Player1_Car,82.44,275.145,4.939,605.876,20.024,-1.10,0.60,4,1479.78,
Player2_Car,82.44,274.806,4.581,649.159,20.032,0.10,0.60,4,1522.89,
Player1_Car,82.46,275.105,4.935,606.274,20.024,-1.10,0.60,4,1480.18,
Player2_Car,82.46,274.766,4.577,649.557,20.032,0.11,0.60,4,1523.30,
Player1_Car,82.48,275.066,4.932,606.673,20.024,-1.10,0.60,4,1480.59,
Player2_Car,82.48,274.726,4.574,649.956,20.032,0.11,0.60,4,1523.70,
Player1_Car,82.50,275.027,4.929,607.071,20.024,-1.10,0.60,4,1480.99,
Player2_Car,82.50,274.686,4.571,650.355,20.032,0.12,0.60,4,1524.10,
Player1_Car,82.52,274.987,4.925,607.470,20.024,-1.09,0.60,4,1481.39,
Player2_Car,82.52,274.646,4.567,650.753,20.032,0.12,0.60,4,1524.50,
Player1_Car,82.54,274.948,4.922,607.869,20.024,-1.09,0.60,4,1481.79,
Player2_Car,82.54,274.606,4.564,651.152,20.032,0.13,0.60,4,1524.90,
Player1_Car,82.56,274.909,4.919,608.267,20.024,-1.09,0.60,4,1482.19,
Player2_Car,82.56,274.566,4.561,651.550,20.032,0.13,0.60,4,1525.30,
Player1_Car,82.58,274.869,4.915,608.666,20.024,-1.08,0.60,4,1482.59,
Player2_Car,82.58,274.526,4.557,651.949,20.032,0.14,0.60,4,1525.70,
Player1_Car,82.60,274.830,4.912,609.064,20.024,-1.08,0.60,4,1482.99,
Player2_Car,82.60,274.486,4.554,652.348,20.032,0.14,0.60,4,1526.10,
Player1_Car,82.62,274.791,4.909,609.463,20.024,-1.07,0.60,4,1483.39,
Player2_Car,82.62,274.446,4.551,652.746,20.032,0.15,0.60,4,1526.50,
Player1_Car,82.64,274.751,4.905,609.861,20.024,-1.07,0.60,4,1483.79,
Player2_Car,82.64,274.407,4.547,653.145,20.032,0.15,0.60,4,1526.90,
Player1_Car,82.66,274.712,4.902,610.260,20.024,-1.07,0.60,4,1484.19,
Player2_Car,82.66,274.367,4.544,653.544,20.032,0.16,0.60,4,1527.30,
Player1_Car,82.68,274.673,4.899,610.658,20.024,-1.06,0.60,4,1484.59,
Player2_Car,82.68,274.327,4.541,653.942,20.032,0.16,0.60,4,1527.70,
Player1_Car,82.70,274.633,4.895,611.057,20.024,-1.06,0.60,4,1484.99,
Player2_Car,82.70,274.287,4.537,654.341,20.032,0.17,0.60,4,1528.10,
Player1_Car,82.72,274.594,4.892,611.455,20.024,-1.06,0.60,4,1485.39,
Player2_Car,82.72,274.247,4.534,654.739,20.032,0.17,0.60,4,1528.50,
Player1_Car,82.74,274.554,4.889,611.854,20.024,-1.05,0.60,4,1485.79,
Player2_Car,82.74,274.207,4.531,655.138,20.032,0.18,0.60,4,1528.90,
Player1_Car,82.76,274.515,4.885,612.252,20.024,-1.05,0.60,4,1486.19,
Player2_Car,82.76,274.167,4.527,655.537,20.032,0.18,0.60,4,1529.30,
Player1_Car,82.78,274.475,4.882,612.651,20.024,-1.04,0.60,4,1486.59,
Player2_Car,82.78,274.127,4.524,655.935,20.032,0.19,0.60,4,1529.71,
Player1_Car,82.80,274.436,4.879,613.049,20.024,-1.04,0.60,4,1486.99,
Player2_Car,82.80,274.087,4.521,656.334,20.032,0.19,0.60,4,1530.11,
Player1_Car,82.82,274.396,4.875,613.448,20.024,-1.03,0.60,4,1487.39,
Player2_Car,82.82,274.048,4.518,656.732,20.032,0.19,0.60,4,1530.51,
Player1_Car,82.84,274.357,4.872,613.846,20.024,-1.03,0.60,4,1487.79,
Player2_Car,82.84,274.008,4.514,657.131,20.032,0.20,0.60,4,1530.91,
Player1_Car,82.86,274.317,4.869,614.245,20.024,-1.03,0.60,4,1488.19,
Player2_Car,82.86,273.968,4.511,657.530,20.032,0.20,0.60,4,1531.31,
Player1_Car,82.88,274.278,4.865,614.643,20.024,-1.02,0.60,4,1488.59,
Player2_Car,82.88,273.928,4.508,657.928,20.032,0.21,0.60,4,1531.71,
Player1_Car,82.90,274.239,4.862,615.042,20.024,-1.02,0.60,4,1488.99,
Player2_Car,82.90,273.888,4.504,658.327,20.032,0.21,0.60,4,1532.11,
Player1_Car,82.92,274.199,4.859,615.440,20.024,-1.01,0.60,4,1489.39,
Player2_Car,82.92,273.848,4.501,658.726,20.032,0.22,0.60,4,1532.51,
Player1_Car,82.94,274.159,4.856,615.839,20.024,-1.01,0.60,4,1489.80,
Player2_Car,82.94,273.808,4.498,659.124,20.032,0.22,0.60,4,1532.91,
Player1_Car,82.96,274.120,4.852,616.237,20.024,-1.00,0.60,4,1490.20,
Player2_Car,82.96,273.768,4.494,659.523,20.032,0.23,0.60,4,1533.31,
Player1_Car,82.98,274.080,4.849,616.636,20.025,-1.00,0.60,4,1490.60,
Player2_Car,82.98,273.729,4.491,659.921,20.032,0.23,0.60,4,1533.71,
Player1_Car,83.00,274.041,4.846,617.034,20.025,-1.00,0.60,4,1491.00,
Player2_Car,83.00,273.689,4.488,660.320,20.032,0.23,0.60,4,1534.11,
Player1_Car,83.02,274.001,4.842,617.433,20.025,-0.99,0.60,4,1491.40,
Player2_Car,83.02,273.649,4.484,660.719,20.032,0.24,0.60,4,1534.51,
Player1_Car,83.04,273.962,4.839,617.831,20.025,-0.99,0.60,4,1491.80,
Player2_Car,83.04,273.609,4.481,661.117,20.032,0.24,0.60,4,1534.91,
Player1_Car,83.06,273.922,4.836,618.230,20.025,-0.98,0.60,4,1492.20,
Player2_Car,83.06,273.569,4.478,661.516,20.032,0.25,0.60,4,1535.31,
Player1_Car,83.08,273.883,4.832,618.628,20.025,-0.98,0.60,4,1492.60,
Player2_Car,83.08,273.529,4.474,661.915,20.032,0.25,0.60,4,1535.71,
Player1_Car,83.10,273.843,4.829,619.027,20.025,-0.97,0.60,4,1493.00,
Player2_Car,83.10,273.490,4.471,662.313,20.032,0.25,0.60,4,1536.12,
Player1_Car,83.12,273.804,4.826,619.425,20.025,-0.97,0.60,4,1493.40,
Player2_Car,83.12,273.450,4.468,662.712,20.032,0.26,0.60,4,1536.52,
Player1_Car,83.14,273.764,4.822,619.824,20.025,-0.96,0.60,4,1493.80,
Player2_Car,83.14,273.410,4.464,663.110,20.032,0.26,0.60,4,1536.92,
Player1_Car,83.16,273.724,4.819,620.222,20.025,-0.96,0.60,4,1494.20,
Player2_Car,83.16,273.370,4.461,663.509,20.032,0.27,0.60,4,1537.32,
Player1_Car,83.18,273.685,4.816,620.621,20.025,-0.95,0.60,4,1494.60,
Player2_Car,83.18,273.330,4.458,663.908,20.032,0.27,0.60,4,1537.72,
Player1_Car,83.20,273.645,4.812,621.019,20.025,-0.95,0.60,4,1495.00,
Player2_Car,83.20,273.290,4.454,664.306,20.032,0.27,0.60,4,1538.12,
Player1_Car,83.22,273.606,4.809,621.418,20.025,-0.94,0.60,4,1495.40,
Player2_Car,83.22,273.251,4.451,664.705,20.032,0.28,0.60,4,1538.52,
Player1_Car,83.24,273.566,4.806,621.817,20.025,-0.94,0.60,4,1495.80,
Player2_Car,83.24,273.211,4.448,665.104,20.032,0.28,0.60,4,1538.92,
Player1_Car,83.26,273.526,4.802,622.215,20.025,-0.94,0.60,4,1496.20,
Player2_Car,83.26,273.171,4.444,665.502,20.032,0.28,0.60,4,1539.32,
Player1_Car,83.28,273.487,4.799,622.614,20.025,-0.93,0.60,4,1496.60,
Player2_Car,83.28,273.131,4.441,665.901,20.032,0.29,0.60,4,1539.72,
Player1_Car,83.30,273.447,4.796,623.012,20.025,-0.93,0.60,4,1497.00,
Player2_Car,83.30,273.091,4.438,666.299,20.032,0.29,0.60,4,1540.12,
Player1_Car,83.32,273.407,4.792,623.411,20.026,-0.92,0.60,4,1497.40,
Player2_Car,83.32,273.052,4.434,666.698,20.032,0.29,0.60,4,1540.52,
Player1_Car,83.34,273.368,4.789,623.809,20.026,-0.92,0.60,4,1497.81,
Player2_Car,83.34,273.012,4.431,667.097,20.032,0.30,0.60,4,1540.92,
Player1_Car,83.36,273.328,4.786,624.208,20.026,-0.91,0.60,4,1498.21,
Player2_Car,83.36,272.972,4.428,667.495,20.032,0.30,0.60,4,1541.32,
Player1_Car,83.38,273.288,4.782,624.606,20.026,-0.91,0.60,4,1498.61,
Player2_Car,83.38,272.932,4.424,667.894,20.032,0.31,0.60,4,1541.72,
Player1_Car,83.40,273.249,4.779,625.005,20.026,-0.90,0.60,4,1499.01,
Player2_Car,83.40,272.892,4.421,668.292,20.032,0.31,0.60,4,1542.13,
Player1_Car,83.42,273.209,4.776,625.404,20.026,-0.90,0.60,4,1499.41,
Player2_Car,83.42,272.853,4.418,668.691,20.032,0.31,0.60,4,1542.53,
Player1_Car,83.44,273.169,4.772,625.802,20.026,-0.89,0.60,4,1499.81,
Player2_Car,83.44,272.813,4.414,669.090,20.032,0.32,0.60,4,1542.93,
Player1_Car,83.46,273.130,4.769,626.201,20.026,-0.89,0.60,4,1500.21,
Player2_Car,83.46,272.773,4.411,669.488,20.032,0.32,0.60,4,1543.33,
Player1_Car,83.48,273.090,4.766,626.599,20.026,-0.88,0.60,4,1500.61,
Player2_Car,83.48,272.733,4.408,669.887,20.032,0.32,0.60,4,1543.73,
Player1_Car,83.50,273.050,4.762,626.998,20.026,-0.88,0.60,4,1501.01,
Player2_Car,83.50,272.694,4.404,670.286,20.032,0.33,0.60,4,1544.13,
Player1_Car,83.52,273.011,4.759,627.396,20.026,-0.87,0.60,4,1501.41,
Player2_Car,83.52,272.654,4.401,670.684,20.032,0.33,0.60,4,1544.53,
Player1_Car,83.54,272.971,4.756,627.795,20.026,-0.87,0.60,4,1501.81,
Player2_Car,83.54,272.614,4.398,671.083,20.032,0.33,0.60,4,1544.93,
Player1_Car,83.56,272.931,4.752,628.194,20.026,-0.86,0.60,4,1502.21,
Player2_Car,83.56,272.574,4.394,671.481,20.032,0.33,0.60,4,1545.33,
Player1_Car,83.58,272.892,4.749,628.592,20.026,-0.86,0.60,4,1502.61,
Player2_Car,83.58,272.534,4.391,671.880,20.032,0.34,0.60,4,1545.73,
Player1_Car,83.60,272.852,4.746,628.991,20.026,-0.85,0.60,4,1503.01,
Player2_Car,83.60,272.495,4.388,672.279,20.032,0.34,0.60,4,1546.13,
Player1_Car,83.62,272.812,4.742,629.389,20.026,-0.85,0.60,4,1503.41,
Player2_Car,83.62,272.455,4.384,672.677,20.032,0.34,0.60,4,1546.53,
Player1_Car,83.64,272.773,4.739,629.788,20.027,-0.84,0.60,4,1503.81,
Player2_Car,83.64,272.415,4.381,673.076,20.032,0.35,0.60,4,1546.93,
Player1_Car,83.66,272.733,4.736,630.186,20.027,-0.84,0.60,4,1504.22,
Player2_Car,83.66,272.375,4.378,673.475,20.032,0.35,0.60,4,1547.33,
Player1_Car,83.68,272.693,4.732,630.585,20.027,-0.83,0.60,4,1504.62,
Player2_Car,83.68,272.336,4.374,673.873,20.032,0.35,0.60,4,1547.73,
Player1_Car,83.70,272.653,4.729,630.983,20.027,-0.83,0.60,4,1505.02,
Player2_Car,83.70,272.296,4.371,674.272,20.032,0.36,0.60,4,1548.13,
Player1_Car,83.72,272.614,4.726,631.382,20.027,-0.82,0.60,4,1505.42,
Player2_Car,83.72,272.256,4.368,674.670,20.032,0.36,0.60,4,1548.54,
Player1_Car,83.74,272.574,4.722,631.781,20.027,-0.82,0.60,4,1505.82,
Player2_Car,83.74,272.217,4.365,675.069,20.032,0.36,0.60,4,1548.94,
Player1_Car,83.76,272.534,4.719,632.179,20.027,-0.81,0.60,4,1506.22,
Player2_Car,83.76,272.177,4.361,675.468,20.032,0.36,0.60,4,1549.34,
Player1_Car,83.78,272.494,4.716,632.578,20.027,-0.81,0.60,4,1506.62,
Player2_Car,83.78,272.137,4.358,675.866,20.032,0.37,0.60,4,1549.74,
Player1_Car,83.80,272.455,4.713,632.976,20.027,-0.80,0.60,4,1507.02,
Player2_Car,83.80,272.097,4.355,676.265,20.032,0.37,0.60,4,1550.14,
Player1_Car,83.82,272.415,4.709,633.375,20.027,-0.80,0.60,4,1507.42,
Player2_Car,83.82,272.058,4.351,676.664,20.032,0.37,0.60,4,1550.54,
Player1_Car,83.84,272.375,4.706,633.773,20.027,-0.79,0.60,4,1507.82,
Player2_Car,83.84,272.018,4.348,677.062,20.032,0.38,0.60,4,1550.94,
Player1_Car,83.86,272.336,4.703,634.172,20.027,-0.79,0.60,4,1508.22,
Player2_Car,83.86,271.978,4.345,677.461,20.032,0.38,0.60,4,1551.34,
Player1_Car,83.88,272.296,4.699,634.570,20.027,-0.78,0.60,4,1508.62,
Player2_Car,83.88,271.938,4.341,677.859,20.032,0.38,0.60,4,1551.74,
Player1_Car,83.90,272.256,4.696,634.969,20.027,-0.78,0.60,4,1509.02,
Player2_Car,83.90,271.899,4.338,678.258,20.032,0.38,0.60,4,1552.14,
Player1_Car,83.92,272.216,4.693,635.368,20.027,-0.77,0.60,4,1509.42,
Player2_Car,83.92,271.859,4.335,678.657,20.031,0.39,0.60,4,1552.54,
Player1_Car,83.94,272.177,4.689,635.766,20.027,-0.77,0.60,4,1509.82,
Player2_Car,83.94,271.819,4.331,679.055,20.031,0.39,0.60,4,1552.94,
Player1_Car,83.96,272.137,4.686,636.165,20.028,-0.77,0.60,4,1510.22,
Player2_Car,83.96,271.780,4.328,679.454,20.031,0.39,0.60,4,1553.34,
Player1_Car,83.98,272.097,4.683,636.563,20.028,-0.76,0.60,4,1510.63,
Player2_Car,83.98,271.740,4.325,679.852,20.031,0.39,0.60,4,1553.74,
Player1_Car,84.00,272.057,4.679,636.962,20.028,-0.76,0.60,4,1511.03,
Player2_Car,84.00,271.700,4.321,680.251,20.031,0.40,0.60,4,1554.14,
Player1_Car,84.02,272.018,4.676,637.360,20.028,-0.75,0.60,4,1511.43,
Player2_Car,84.02,271.660,4.318,680.650,20.031,0.40,0.60,4,1554.54,
Player1_Car,84.04,271.978,4.673,637.759,20.028,-0.75,0.60,4,1511.83,
Player2_Car,84.04,271.621,4.315,681.048,20.031,0.40,0.60,4,1554.95,
Player1_Car,84.06,271.938,4.669,638.158,20.028,-0.74,0.60,4,1512.23,
Player2_Car,84.06,271.581,4.311,681.447,20.031,0.40,0.60,4,1555.35,
Player1_Car,84.08,271.898,4.666,638.556,20.028,-0.74,0.60,4,1512.63,
Player2_Car,84.08,271.541,4.308,681.846,20.031,0.41,0.60,4,1555.75,
Player1_Car,84.10,271.859,4.663,638.955,20.028,-0.73,0.60,4,1513.03,
Player2_Car,84.10,271.502,4.305,682.244,20.031,0.41,0.60,4,1556.15,
Player1_Car,84.12,271.819,4.659,639.353,20.028,-0.73,0.60,4,1513.43,
Player2_Car,84.12,271.462,4.301,682.643,20.031,0.41,0.60,4,1556.55,
Player1_Car,84.14,271.779,4.656,639.752,20.028,-0.72,0.60,4,1513.83,
Player2_Car,84.14,271.422,4.298,683.041,20.031,0.41,0.60,4,1556.95,
Player1_Car,84.16,271.739,4.653,640.150,20.028,-0.72,0.60,4,1514.23,
Player2_Car,84.16,271.383,4.295,683.440,20.031,0.42,0.60,4,1557.35,
Player1_Car,84.18,271.699,4.649,640.549,20.028,-0.71,0.60,4,1514.63,
Player2_Car,84.18,271.343,4.291,683.839,20.031,0.42,0.60,4,1557.75,
Player1_Car,84.20,271.660,4.646,640.947,20.028,-0.71,0.60,4,1515.03,
Player2_Car,84.20,271.303,4.288,684.237,20.031,0.42,0.60,4,1558.15,
Player1_Car,84.22,271.620,4.643,641.346,20.028,-0.70,0.60,4,1515.43,
Player2_Car,84.22,271.264,4.285,684.636,20.031,0.42,0.60,4,1558.55,
Player1_Car,84.24,271.580,4.639,641.745,20.028,-0.70,0.60,4,1515.83,
Player2_Car,84.24,271.224,4.281,685.035,20.031,0.43,0.60,4,1558.95,
Player1_Car,84.26,271.540,4.636,642.143,20.028,-0.69,0.60,4,1516.23,
Player2_Car,84.26,271.184,4.278,685.433,20.031,0.43,0.60,4,1559.35,
Player1_Car,84.28,271.501,4.633,642.542,20.028,-0.69,0.60,4,1516.63,
Player2_Car,84.28,271.145,4.275,685.832,20.031,0.43,0.60,4,1559.75,
Player1_Car,84.30,271.461,4.629,642.940,20.028,-0.68,0.60,4,1517.03,
Player2_Car,84.30,271.105,4.271,686.230,20.031,0.43,0.60,4,1560.15,
Player1_Car,84.32,271.421,4.626,643.339,20.028,-0.68,0.60,4,1517.44,
Player2_Car,84.32,271.065,4.268,686.629,20.031,0.43,0.60,4,1560.55,
Player1_Car,84.34,271.381,4.623,643.737,20.029,-0.68,0.60,4,1517.84,
Player2_Car,84.34,271.026,4.265,687.028,20.031,0.44,0.60,4,1560.95,
Player1_Car,84.36,271.342,4.619,644.136,20.029,-0.67,0.60,4,1518.24,
Player2_Car,84.36,270.986,4.261,687.426,20.031,0.44,0.60,4,1561.36,
Player1_Car,84.38,271.302,4.616,644.534,20.029,-0.67,0.60,4,1518.64,
Player2_Car,84.38,270.946,4.258,687.825,20.031,0.44,0.60,4,1561.76,
Player1_Car,84.40,271.262,4.613,644.933,20.029,-0.66,0.60,4,1519.04,
Player2_Car,84.40,270.907,4.255,688.223,20.031,0.44,0.60,4,1562.16,
Player1_Car,84.42,271.222,4.609,645.332,20.029,-0.66,0.60,4,1519.44,
Player2_Car,84.42,270.867,4.251,688.622,20.031,0.44,0.60,4,1562.56,
Player1_Car,84.44,271.183,4.606,645.730,20.029,-0.65,0.60,4,1519.84,
Player2_Car,84.44,270.827,4.248,689.021,20.031,0.45,0.60,4,1562.96,
Player1_Car,84.46,271.143,4.603,646.129,20.029,-0.65,0.60,4,1520.24,
Player2_Car,84.46,270.788,4.245,689.419,20.031,0.45,0.60,4,1563.36,
Player1_Car,84.48,271.103,4.599,646.527,20.029,-0.64,0.60,4,1520.64,
Player2_Car,84.48,270.748,4.241,689.818,20.031,0.45,0.60,4,1563.76,
Player1_Car,84.50,271.063,4.596,646.926,20.029,-0.64,0.60,4,1521.04,
Player2_Car,84.50,270.708,4.238,690.217,20.031,0.45,0.60,4,1564.16,
Player1_Car,84.52,271.023,4.593,647.325,20.029,-0.64,0.60,4,1521.44,
Player2_Car,84.52,270.669,4.235,690.615,20.031,0.45,0.60,4,1564.56,
Player1_Car,84.54,270.984,4.589,647.723,20.029,-0.63,0.60,4,1521.84,
Player2_Car,84.54,270.629,4.231,691.014,20.031,0.46,0.60,4,1564.96,
Player1_Car,84.56,270.944,4.586,648.122,20.029,-0.63,0.60,4,1522.24,
Player2_Car,84.56,270.590,4.228,691.412,20.031,0.46,0.60,4,1565.36,
Player1_Car,84.58,270.904,4.583,648.520,20.029,-0.62,0.60,4,1522.64,
Player2_Car,84.58,270.550,4.225,691.811,20.031,0.46,0.60,4,1565.76,
Player1_Car,84.60,270.864,4.579,648.919,20.029,-0.62,0.60,4,1523.04,
Player2_Car,84.60,270.510,4.221,692.210,20.031,0.46,0.60,4,1566.16,
Player1_Car,84.62,270.825,4.576,649.318,20.029,-0.61,0.60,4,1523.45,
Player2_Car,84.62,270.471,4.218,692.608,20.031,0.46,0.60,4,1566.56,
Player1_Car,84.64,270.785,4.573,649.716,20.029,-0.61,0.60,4,1523.85,
Player2_Car,84.64,270.431,4.215,693.007,20.031,0.46,0.60,4,1566.96,
Player1_Car,84.66,270.745,4.569,650.115,20.029,-0.61,0.60,4,1524.25,
Player2_Car,84.66,270.391,4.211,693.406,20.031,0.47,0.60,4,1567.36,
Player1_Car,84.68,270.705,4.566,650.513,20.029,-0.60,0.60,4,1524.65,
Player2_Car,84.68,270.352,4.208,693.804,20.031,0.47,0.60,4,1567.77,
Player1_Car,84.70,270.666,4.563,650.912,20.029,-0.60,0.60,4,1525.05,
Player2_Car,84.70,270.312,4.205,694.203,20.031,0.47,0.60,4,1568.17,
Player1_Car,84.72,270.626,4.560,651.311,20.029,-0.59,0.60,4,1525.45,
Player2_Car,84.72,270.273,4.202,694.601,20.031,0.47,0.60,4,1568.57,
Player1_Car,84.74,270.586,4.556,651.709,20.029,-0.59,0.60,4,1525.85,
Player2_Car,84.74,270.233,4.198,695.000,20.031,0.47,0.60,4,1568.97,
Player1_Car,84.76,270.546,4.553,652.108,20.029,-0.59,0.60,4,1526.25,
Player2_Car,84.76,270.193,4.195,695.399,20.031,0.47,0.60,4,1569.37,
Player1_Car,84.78,270.507,4.550,652.507,20.030,-0.58,0.60,4,1526.65,
Player2_Car,84.78,270.154,4.192,695.797,20.031,0.48,0.60,4,1569.77,
Player1_Car,84.80,270.467,4.546,652.905,20.030,-0.58,0.60,4,1527.05,
Player2_Car,84.80,270.114,4.188,696.196,20.031,0.48,0.60,4,1570.17,
Player1_Car,84.82,270.427,4.543,653.304,20.030,-0.57,0.60,4,1527.45,
Player2_Car,84.82,270.075,4.185,696.595,20.031,0.48,0.60,4,1570.57,
Player1_Car,84.84,270.387,4.540,653.702,20.030,-0.57,0.60,4,1527.85,
Player2_Car,84.84,270.035,4.182,696.993,20.031,0.48,0.60,4,1570.97,
Player1_Car,84.86,270.347,4.536,654.101,20.030,-0.56,0.60,4,1528.25,
Player2_Car,84.86,269.995,4.178,697.392,20.031,0.48,0.60,4,1571.37,
Player1_Car,84.88,270.308,4.533,654.500,20.030,-0.56,0.60,4,1528.65,
Player2_Car,84.88,269.956,4.175,697.790,20.031,0.48,0.60,4,1571.77,
Player1_Car,84.90,270.268,4.530,654.898,20.030,-0.56,0.60,4,1529.05,
Player2_Car,84.90,269.916,4.172,698.189,20.031,0.49,0.60,4,1572.17,
Player1_Car,84.92,270.228,4.526,655.297,20.030,-0.55,0.60,4,1529.45,
Player2_Car,84.92,269.877,4.168,698.588,20.031,0.49,0.60,4,1572.57,
Player1_Car,84.94,270.188,4.523,655.696,20.030,-0.55,0.60,4,1529.86,
Player2_Car,84.94,269.837,4.165,698.986,20.031,0.49,0.60,4,1572.97,
Player1_Car,84.96,270.149,4.520,656.094,20.030,-0.54,0.60,4,1530.26,
Player2_Car,84.96,269.797,4.162,699.385,20.031,0.49,0.60,4,1573.37,
Player1_Car,84.98,270.109,4.516,656.493,20.030,-0.54,0.60,4,1530.66,
Player2_Car,84.98,269.758,4.158,699.783,20.031,0.49,0.60,4,1573.77,
Player1_Car,85.00,270.069,4.513,656.891,20.030,-0.54,0.60,4,1531.06,
Player2_Car,85.00,269.718,4.155,700.182,20.031,0.49,0.60,4,1574.18,
Player1_Car,85.02,270.029,4.510,657.290,20.030,-0.53,0.60,4,1531.46,
Player2_Car,85.02,269.679,4.152,700.581,20.031,0.49,0.60,4,1574.58,
Player1_Car,85.04,269.990,4.506,657.689,20.030,-0.53,0.60,4,1531.86,
Player2_Car,85.04,269.639,4.148,700.979,20.031,0.50,0.60,4,1574.98,
Player1_Car,85.06,269.950,4.503,658.087,20.030,-0.53,0.60,4,1532.26,
Player2_Car,85.06,269.599,4.145,701.378,20.031,0.50,0.60,4,1575.38,
Player1_Car,85.08,269.910,4.500,658.486,20.030,-0.52,0.60,4,1532.66,
Player2_Car,85.08,269.560,4.142,701.777,20.031,0.50,0.60,4,1575.78,
Player1_Car,85.10,269.870,4.496,658.885,20.030,-0.52,0.60,4,1533.06,
Player2_Car,85.10,269.520,4.138,702.175,20.031,0.50,0.60,4,1576.18,
Player1_Car,85.12,269.831,4.493,659.283,20.030,-0.51,0.60,4,1533.46,
Player2_Car,85.12,269.481,4.135,702.574,20.031,0.50,0.60,4,1576.58,
Player1_Car,85.14,269.791,4.490,659.682,20.030,-0.51,0.60,4,1533.86,
Player2_Car,85.14,269.441,4.132,702.972,20.031,0.50,0.60,4,1576.98,
Player1_Car,85.16,269.751,4.486,660.080,20.030,-0.51,0.60,4,1534.26,
Player2_Car,85.16,269.402,4.128,703.371,20.031,0.50,0.60,4,1577.38,
Player1_Car,85.18,269.711,4.483,660.479,20.030,-0.50,0.60,4,1534.66,
Player2_Car,85.18,269.362,4.125,703.770,20.031,0.50,0.60,4,1577.78,
Player1_Car,85.20,269.671,4.480,660.878,20.030,-0.50,0.60,4,1535.06,
Player2_Car,85.20,269.322,4.122,704.168,20.031,0.51,0.60,4,1578.18,
Player1_Car,85.22,269.632,4.476,661.276,20.030,-0.49,0.60,4,1535.46,
Player2_Car,85.22,269.283,4.118,704.567,20.031,0.51,0.60,4,1578.58,
Player1_Car,85.24,269.592,4.473,661.675,20.030,-0.49,0.60,4,1535.86,
Player2_Car,85.24,269.243,4.115,704.966,20.031,0.51,0.60,4,1578.98,
Player1_Car,85.26,269.552,4.470,662.073,20.030,-0.49,0.60,4,1536.27,
Player2_Car,85.26,269.204,4.112,705.364,20.031,0.51,0.60,4,1579.38,
Player1_Car,85.28,269.512,4.466,662.472,20.030,-0.48,0.60,4,1536.67,
Player2_Car,85.28,269.164,4.108,705.763,20.031,0.51,0.60,4,1579.78,
Player1_Car,85.30,269.473,4.463,662.871,20.030,-0.48,0.60,4,1537.07,
Player2_Car,85.30,269.125,4.105,706.161,20.031,0.51,0.60,4,1580.19,
Player1_Car,85.32,269.433,4.460,663.269,20.030,-0.48,0.60,4,1537.47,
Player2_Car,85.32,269.085,4.102,706.560,20.031,0.51,0.60,4,1580.59,
Player1_Car,85.34,269.393,4.456,663.668,20.030,-0.47,0.60,4,1537.87,
Player2_Car,85.34,269.046,4.098,706.959,20.031,0.51,0.60,4,1580.99,
Player1_Car,85.36,269.353,4.453,664.067,20.031,-0.47,0.60,4,1538.27,
Player2_Car,85.36,269.006,4.095,707.357,20.031,0.52,0.60,4,1581.39,
Player1_Car,85.38,269.314,4.450,664.465,20.031,-0.47,0.60,4,1538.67,
Player2_Car,85.38,268.966,4.092,707.756,20.031,0.52,0.60,4,1581.79,
Player1_Car,85.40,269.274,4.446,664.864,20.031,-0.46,0.60,4,1539.07,
Player2_Car,85.40,268.927,4.088,708.155,20.031,0.52,0.60,4,1582.19,
Player1_Car,85.42,269.234,4.443,665.262,20.031,-0.46,0.60,4,1539.47,
Player2_Car,85.42,268.887,4.085,708.553,20.031,0.52,0.60,4,1582.59,
Player1_Car,85.44,269.194,4.440,665.661,20.031,-0.46,0.60,4,1539.87,
Player2_Car,85.44,268.848,4.082,708.952,20.031,0.52,0.60,4,1582.99,
Player1_Car,85.46,269.155,4.436,666.060,20.031,-0.45,0.60,4,1540.27,
Player2_Car,85.46,268.808,4.078,709.350,20.031,0.52,0.60,4,1583.39,
Player1_Car,85.48,269.115,4.433,666.458,20.031,-0.45,0.60,4,1540.67,
Player2_Car,85.48,268.769,4.075,709.749,20.031,0.52,0.60,4,1583.79,
Player1_Car,85.50,269.075,4.430,666.857,20.031,-0.45,0.60,4,1541.07,
Player2_Car,85.50,268.729,4.072,710.148,20.031,0.52,0.60,4,1584.19,
Player1_Car,85.52,269.036,4.426,667.256,20.031,-0.44,0.60,4,1541.47,
Player2_Car,85.52,268.690,4.068,710.546,20.031,0.52,0.60,4,1584.59,
Player1_Car,85.54,268.996,4.423,667.654,20.031,-0.44,0.60,4,1541.87,
Player2_Car,85.54,268.650,4.065,710.945,20.031,0.52,0.60,4,1584.99,
Player1_Car,85.56,268.956,4.420,668.053,20.031,-0.44,0.60,4,1542.27,
Player2_Car,85.56,268.610,4.062,711.343,20.031,0.53,0.60,4,1585.39,
Player1_Car,85.58,268.916,4.416,668.451,20.031,-0.43,0.60,4,1542.68,
Player2_Car,85.58,268.571,4.058,711.742,20.031,0.53,0.60,4,1585.79,
Player1_Car,85.60,268.877,4.413,668.850,20.031,-0.43,0.60,4,1543.08,
Player2_Car,85.60,268.531,4.055,712.141,20.031,0.53,0.60,4,1586.19,
Player1_Car,85.62,268.837,4.410,669.249,20.031,-0.43,0.60,4,1543.48,
Player2_Car,85.62,268.492,4.052,712.539,20.030,0.53,0.60,4,1586.60,
Player1_Car,85.64,268.797,4.407,669.647,20.031,-0.42,0.60,4,1543.88,
Player2_Car,85.64,268.452,4.049,712.938,20.030,0.53,0.60,4,1587.00,
Player1_Car,85.66,268.757,4.403,670.046,20.031,-0.42,0.60,4,1544.28,
Player2_Car,85.66,268.413,4.045,713.337,20.030,0.53,0.60,4,1587.40,
Player1_Car,85.68,268.718,4.400,670.445,20.031,-0.42,0.60,4,1544.68,
Player2_Car,85.68,268.373,4.042,713.735,20.030,0.53,0.60,4,1587.80,
Player1_Car,85.70,268.678,4.397,670.843,20.031,-0.41,0.60,4,1545.08,
Player2_Car,85.70,268.334,4.039,714.134,20.030,0.53,0.60,4,1588.20,
Player1_Car,85.72,268.638,4.393,671.242,20.031,-0.41,0.60,4,1545.48,
Player2_Car,85.72,268.294,4.035,714.532,20.030,0.53,0.60,4,1588.60,
Player1_Car,85.74,268.598,4.390,671.640,20.031,-0.41,0.60,4,1545.88,
Player2_Car,85.74,268.255,4.032,714.931,20.030,0.53,0.60,4,1589.00,
Player1_Car,85.76,268.559,4.387,672.039,20.031,-0.40,0.60,4,1546.28,
Player2_Car,85.76,268.215,4.029,715.330,20.030,0.53,0.60,4,1589.40,
Player1_Car,85.78,268.519,4.383,672.438,20.031,-0.40,0.60,4,1546.68,
Player2_Car,85.78,268.176,4.025,715.728,20.030,0.54,0.60,4,1589.80,
Player1_Car,85.80,268.479,4.380,672.836,20.031,-0.40,0.60,4,1547.08,
Player2_Car,85.80,268.136,4.022,716.127,20.030,0.54,0.60,4,1590.20,
Player1_Car,85.82,268.440,4.377,673.235,20.031,-0.40,0.60,4,1547.48,
Player2_Car,85.82,268.097,4.019,716.526,20.030,0.54,0.60,4,1590.60,
Player1_Car,85.84,268.400,4.373,673.633,20.031,-0.39,0.60,4,1547.88,
Player2_Car,85.84,268.057,4.015,716.924,20.030,0.54,0.60,4,1591.00,
Player1_Car,85.86,268.360,4.370,674.032,20.031,-0.39,0.60,4,1548.28,
Player2_Car,85.86,268.018,4.012,717.323,20.030,0.54,0.60,4,1591.40,
Player1_Car,85.88,268.320,4.367,674.431,20.031,-0.39,0.60,4,1548.69,
Player2_Car,85.88,267.978,4.009,717.721,20.030,0.54,0.60,4,1591.80,
Player1_Car,85.90,268.281,4.363,674.829,20.031,-0.38,0.60,4,1549.09,
Player2_Car,85.90,267.939,4.005,718.120,20.030,0.54,0.60,4,1592.20,
Player1_Car,85.92,268.241,4.360,675.228,20.031,-0.38,0.60,4,1549.49,
Player2_Car,85.92,267.899,4.002,718.519,20.030,0.54,0.60,4,1592.60,
Player1_Car,85.94,268.201,4.357,675.627,20.031,-0.38,0.60,4,1549.89,
Player2_Car,85.94,267.860,3.999,718.917,20.030,0.54,0.60,4,1593.01,
Player1_Car,85.96,268.162,4.353,676.025,20.031,-0.37,0.60,4,1550.29,
Player2_Car,85.96,267.820,3.995,719.316,20.030,0.54,0.60,4,1593.41,
Player1_Car,85.98,268.122,4.350,676.424,20.031,-0.37,0.60,4,1550.69,
Player2_Car,85.98,267.780,3.992,719.715,20.030,0.54,0.60,4,1593.81,
Player1_Car,86.00,268.082,4.347,676.822,20.031,-0.37,0.60,4,1551.09,
Player2_Car,86.00,267.741,3.989,720.113,20.030,0.54,0.60,4,1594.21,
Player1_Car,86.02,268.043,4.343,677.221,20.031,-0.37,0.60,4,1551.49,
Player2_Car,86.02,267.701,3.985,720.512,20.030,0.54,0.60,4,1594.61,
Player1_Car,86.04,268.003,4.340,677.620,20.031,-0.36,0.60,4,1551.89,
Player2_Car,86.04,267.662,3.982,720.910,20.030,0.55,0.60,4,1595.01,
Player1_Car,86.06,267.963,4.337,678.018,20.031,-0.36,0.60,4,1552.29,
Player2_Car,86.06,267.622,3.979,721.309,20.030,0.55,0.60,4,1595.41,
Player1_Car,86.08,267.923,4.333,678.417,20.031,-0.36,0.60,4,1552.69,
Player2_Car,86.08,267.583,3.975,721.708,20.030,0.55,0.60,4,1595.81,
Player1_Car,86.10,267.884,4.330,678.816,20.031,-0.36,0.60,4,1553.09,
Player2_Car,86.10,267.543,3.972,722.106,20.030,0.55,0.60,4,1596.21,
Player1_Car,86.12,267.844,4.327,679.214,20.031,-0.35,0.60,4,1553.49,
Player2_Car,86.12,267.504,3.969,722.505,20.030,0.55,0.60,4,1596.61,
Player1_Car,86.14,267.804,4.323,679.613,20.031,-0.35,0.60,4,1553.89,
Player2_Car,86.14,267.464,3.965,722.903,20.030,0.55,0.60,4,1597.01,
Player1_Car,86.16,267.765,4.320,680.011,20.031,-0.35,0.60,4,1554.29,
Player2_Car,86.16,267.425,3.962,723.302,20.030,0.55,0.60,4,1597.41,
Player1_Car,86.18,267.725,4.317,680.410,20.031,-0.35,0.60,4,1554.69,
Player2_Car,86.18,267.385,3.959,723.701,20.030,0.55,0.60,4,1597.81,
Player1_Car,86.20,267.685,4.313,680.809,20.031,-0.34,0.60,4,1555.10,
Player2_Car,86.20,267.346,3.955,724.099,20.030,0.55,0.60,4,1598.21,
Player1_Car,86.22,267.646,4.310,681.207,20.031,-0.34,0.60,4,1555.50,
Player2_Car,86.22,267.307,3.952,724.498,20.030,0.55,0.60,4,1598.61,
Player1_Car,86.24,267.606,4.307,681.606,20.031,-0.34,0.60,4,1555.90,
Player2_Car,86.24,267.267,3.949,724.897,20.030,0.55,0.60,4,1599.01,
Player1_Car,86.26,267.566,4.303,682.005,20.031,-0.34,0.60,4,1556.30,
Player2_Car,86.26,267.228,3.945,725.295,20.030,0.55,0.60,4,1599.42,
Player1_Car,86.28,267.527,4.300,682.403,20.031,-0.33,0.60,4,1556.70,
Player2_Car,86.28,267.188,3.942,725.694,20.030,0.55,0.60,4,1599.82,
Player1_Car,86.30,267.487,4.297,682.802,20.031,-0.33,0.60,4,1557.10,
Player2_Car,86.30,267.149,3.939,726.092,20.030,0.55,0.60,4,1600.22,
Player1_Car,86.32,267.447,4.293,683.201,20.031,-0.33,0.60,4,1557.50,
Player2_Car,86.32,267.109,3.935,726.491,20.030,0.55,0.60,4,1600.62,
Player1_Car,86.34,267.408,4.290,683.599,20.031,-0.33,0.60,4,1557.90,
Player2_Car,86.34,267.070,3.932,726.890,20.030,0.55,0.60,4,1601.02,
Player1_Car,86.36,267.368,4.287,683.998,20.032,-0.32,0.60,4,1558.30,
Player2_Car,86.36,267.030,3.929,727.288,20.030,0.55,0.60,4,1601.42,
Player1_Car,86.38,267.328,4.283,684.397,20.032,-0.32,0.60,4,1558.70,
Player2_Car,86.38,266.991,3.925,727.687,20.030,0.55,0.60,4,1601.82,
Player1_Car,86.40,267.289,4.280,684.795,20.032,-0.32,0.60,4,1559.10,
Player2_Car,86.40,266.951,3.922,728.086,20.030,0.56,0.60,4,1602.22,
Player1_Car,86.42,267.249,4.277,685.194,20.032,-0.32,0.60,4,1559.50,
Player2_Car,86.42,266.912,3.919,728.484,20.030,0.56,0.60,4,1602.62,
Player1_Car,86.44,267.209,4.273,685.593,20.032,-0.31,0.60,4,1559.90,
Player2_Car,86.44,266.872,3.915,728.883,20.030,0.56,0.60,4,1603.02,
Player1_Car,86.46,267.170,4.270,685.991,20.032,-0.31,0.60,4,1560.30,
Player2_Car,86.46,266.833,3.912,729.281,20.030,0.56,0.60,4,1603.42,
Player1_Car,86.48,267.130,4.267,686.390,20.032,-0.31,0.60,4,1560.70,
Player2_Car,86.48,266.793,3.909,729.680,20.030,0.56,0.60,4,1603.82,
Player1_Car,86.50,267.090,4.263,686.789,20.032,-0.31,0.60,4,1561.10,
Player2_Car,86.50,266.754,3.905,730.079,20.030,0.56,0.60,4,1604.22,
Player1_Car,86.52,267.051,4.260,687.187,20.032,-0.31,0.60,4,1561.51,
Player2_Car,86.52,266.714,3.902,730.477,20.030,0.56,0.60,4,1604.62,
Player1_Car,86.54,267.011,4.257,687.586,20.032,-0.30,0.60,4,1561.91,
Player2_Car,86.54,266.675,3.899,730.876,20.030,0.56,0.60,4,1605.02,
Player1_Car,86.56,266.971,4.253,687.985,20.032,-0.30,0.60,4,1562.31,
Player2_Car,86.56,266.635,3.896,731.275,20.030,0.56,0.60,4,1605.43,
Player1_Car,86.58,266.932,4.250,688.383,20.032,-0.30,0.60,4,1562.71,
Player2_Car,86.58,266.596,3.892,731.673,20.030,0.56,0.60,4,1605.83,
Player1_Car,86.60,266.892,4.247,688.782,20.032,-0.30,0.60,4,1563.11,
Player2_Car,86.60,266.556,3.889,732.072,20.030,0.56,0.60,4,1606.23,
Player1_Car,86.62,266.852,4.244,689.181,20.032,-0.30,0.60,4,1563.51,
Player2_Car,86.62,266.517,3.886,732.470,20.030,0.56,0.60,4,1606.63,
Player1_Car,86.64,266.813,4.240,689.580,20.032,-0.29,0.60,4,1563.91,
Player2_Car,86.64,266.477,3.882,732.869,20.030,0.56,0.60,4,1607.03,
Player1_Car,86.66,266.773,4.237,689.978,20.032,-0.29,0.60,4,1564.31,
Player2_Car,86.66,266.438,3.879,733.268,20.030,0.56,0.60,4,1607.43,
Player1_Car,86.68,266.734,4.234,690.377,20.032,-0.29,0.60,4,1564.71,
Player2_Car,86.68,266.398,3.876,733.666,20.030,0.56,0.60,4,1607.83,
Player1_Car,86.70,266.694,4.230,690.776,20.032,-0.29,0.60,4,1565.11,
Player2_Car,86.70,266.359,3.872,734.065,20.030,0.56,0.60,4,1608.23,
Player1_Car,86.72,266.654,4.227,691.174,20.032,-0.29,0.60,4,1565.51,
Player2_Car,86.72,266.319,3.869,734.463,20.030,0.56,0.60,4,1608.63,
Player1_Car,86.74,266.615,4.224,691.573,20.032,-0.28,0.60,4,1565.91,
Player2_Car,86.74,266.280,3.866,734.862,20.030,0.56,0.60,4,1609.03,
Player1_Car,86.76,266.575,4.220,691.972,20.032,-0.28,0.60,4,1566.31,
Player2_Car,86.76,266.240,3.862,735.261,20.030,0.56,0.60,4,1609.43,
Player1_Car,86.78,266.535,4.217,692.370,20.032,-0.28,0.60,4,1566.71,
Player2_Car,86.78,266.201,3.859,735.659,20.030,0.56,0.60,4,1609.83,
Player1_Car,86.80,266.496,4.214,692.769,20.032,-0.28,0.60,4,1567.11,
Player2_Car,86.80,266.162,3.856,736.058,20.030,0.56,0.60,4,1610.23,
Player1_Car,86.82,266.456,4.210,693.168,20.032,-0.28,0.60,4,1567.51,
Player2_Car,86.82,266.122,3.852,736.457,20.030,0.56,0.60,4,1610.63,
Player1_Car,86.84,266.416,4.207,693.566,20.032,-0.27,0.60,4,1567.92,
Player2_Car,86.84,266.083,3.849,736.855,20.030,0.56,0.60,4,1611.04,
Player1_Car,86.86,266.377,4.204,693.965,20.032,-0.27,0.60,4,1568.32,
Player2_Car,86.86,266.043,3.846,737.254,20.030,0.56,0.60,4,1611.43,
Player1_Car,86.88,266.337,4.200,694.364,20.032,-0.27,0.60,4,1568.72,
Player2_Car,86.88,266.004,3.842,737.652,20.030,0.56,0.60,4,1611.84,
Player1_Car,86.90,266.298,4.197,694.762,20.032,-0.27,0.60,4,1569.12,
Player2_Car,86.90,265.964,3.839,738.051,20.030,0.57,0.60,4,1612.24,
Player1_Car,86.92,266.258,4.194,695.161,20.032,-0.27,0.60,4,1569.52,
Player2_Car,86.92,265.925,3.836,738.450,20.030,0.57,0.60,4,1612.64,
Player1_Car,86.94,266.218,4.190,695.560,20.032,-0.27,0.60,4,1569.92,
Player2_Car,86.94,265.885,3.832,738.848,20.030,0.57,0.60,4,1613.04,
Player1_Car,86.96,266.179,4.187,695.958,20.032,-0.26,0.60,4,1570.32,
Player2_Car,86.96,265.846,3.829,739.247,20.030,0.57,0.60,4,1613.44,
Player1_Car,86.98,266.139,4.184,696.357,20.032,-0.26,0.60,4,1570.72,
Player2_Car,86.98,265.806,3.826,739.646,20.030,0.57,0.60,4,1613.84,
Player1_Car,87.00,266.100,4.180,696.756,20.032,-0.26,0.60,4,1571.12,
Player2_Car,87.00,265.767,3.822,740.044,20.030,0.57,0.60,4,1614.24,
Player1_Car,87.02,266.060,4.177,697.154,20.032,-0.26,0.60,4,1571.52,
Player2_Car,87.02,265.728,3.819,740.443,20.030,0.57,0.60,4,1614.64,
Player1_Car,87.04,266.020,4.174,697.553,20.032,-0.26,0.60,4,1571.92,
Player2_Car,87.04,265.688,3.816,740.841,20.030,0.57,0.60,4,1615.04,
Player1_Car,87.06,265.981,4.170,697.952,20.032,-0.25,0.60,4,1572.32,
Player2_Car,87.06,265.649,3.812,741.240,20.030,0.57,0.60,4,1615.44,
Player1_Car,87.08,265.941,4.167,698.351,20.032,-0.25,0.60,4,1572.72,
Player2_Car,87.08,265.609,3.809,741.639,20.030,0.57,0.60,4,1615.84,
Player1_Car,87.10,265.901,4.164,698.749,20.032,-0.25,0.60,4,1573.12,
Player2_Car,87.10,265.570,3.806,742.037,20.030,0.57,0.60,4,1616.24,
Player1_Car,87.12,265.862,4.160,699.148,20.032,-0.25,0.60,4,1573.52,
Player2_Car,87.12,265.530,3.802,742.436,20.030,0.57,0.60,4,1616.64,
Player1_Car,87.14,265.822,4.157,699.547,20.032,-0.25,0.60,4,1573.93,
Player2_Car,87.14,265.491,3.799,742.835,20.030,0.57,0.60,4,1617.04,
Player1_Car,87.16,265.783,4.154,699.945,20.032,-0.25,0.60,4,1574.33,
Player2_Car,87.16,265.451,3.796,743.233,20.030,0.57,0.60,4,1617.44,
Player1_Car,87.18,265.743,4.150,700.344,20.032,-0.24,0.60,4,1574.73,
Player2_Car,87.18,265.412,3.792,743.632,20.030,0.57,0.60,4,1617.84,
Player1_Car,87.20,265.703,4.147,700.743,20.032,-0.24,0.60,4,1575.13,
Player2_Car,87.20,265.372,3.789,744.030,20.030,0.57,0.60,4,1618.25,
Player1_Car,87.22,265.664,4.144,701.141,20.032,-0.24,0.60,4,1575.53,
Player2_Car,87.22,265.333,3.786,744.429,20.030,0.57,0.60,4,1618.65,
Player1_Car,87.24,265.624,4.140,701.540,20.032,-0.24,0.60,4,1575.93,
Player2_Car,87.24,265.293,3.782,744.828,20.030,0.57,0.60,4,1619.05,
Player1_Car,87.26,265.585,4.137,701.939,20.032,-0.24,0.60,4,1576.33,
Player2_Car,87.26,265.254,3.779,745.226,20.030,0.57,0.60,4,1619.45,
Player1_Car,87.28,265.545,4.134,702.337,20.032,-0.24,0.60,4,1576.73,
Player2_Car,87.28,265.215,3.776,745.625,20.030,0.57,0.60,4,1619.85,
Player1_Car,87.30,265.505,4.130,702.736,20.032,-0.24,0.60,4,1577.13,
Player2_Car,87.30,265.175,3.772,746.023,20.030,0.57,0.60,4,1620.25,
Player1_Car,87.32,265.466,4.127,703.135,20.032,-0.23,0.60,4,1577.53,
Player2_Car,87.32,265.136,3.769,746.422,20.030,0.57,0.60,4,1620.65,
Player1_Car,87.34,265.426,4.124,703.533,20.032,-0.23,0.60,4,1577.93,
Player2_Car,87.34,265.096,3.766,746.821,20.030,0.57,0.60,4,1621.05,
Player1_Car,87.36,265.387,4.120,703.932,20.032,-0.23,0.60,4,1578.33,
Player2_Car,87.36,265.057,3.762,747.219,20.030,0.57,0.60,4,1621.45,
Player1_Car,87.38,265.347,4.117,704.331,20.032,-0.23,0.60,4,1578.73,
Player2_Car,87.38,265.017,3.759,747.618,20.030,0.57,0.60,4,1621.85,
Player1_Car,87.40,265.308,4.114,704.729,20.032,-0.23,0.60,4,1579.13,
Player2_Car,87.40,264.978,3.756,748.017,20.030,0.57,0.60,4,1622.25,
Player1_Car,87.42,265.268,4.110,705.128,20.032,-0.23,0.60,4,1579.53,
Player2_Car,87.42,264.938,3.752,748.415,20.030,0.57,0.60,4,1622.65,
Player1_Car,87.44,265.228,4.107,705.527,20.032,-0.23,0.60,4,1579.93,
Player2_Car,87.44,264.899,3.749,748.814,20.030,0.57,0.60,4,1623.05,
Player1_Car,87.46,265.189,4.104,705.925,20.032,-0.23,0.60,4,1580.34,
Player2_Car,87.46,264.859,3.746,749.212,20.030,0.57,0.60,4,1623.45,
Player1_Car,87.48,265.149,4.100,706.324,20.032,-0.22,0.60,4,1580.74,
Player2_Car,87.48,264.820,3.743,749.611,20.030,0.60,0.60,4,1623.85,
Player1_Car,87.50,265.110,4.097,706.723,20.032,-0.22,0.60,4,1581.14,
Player2_Car,87.50,264.781,3.739,750.010,20.030,0.64,0.60,4,1624.25,
Player1_Car,87.52,265.070,4.094,707.122,20.032,-0.22,0.60,4,1581.54,
Player2_Car,87.52,264.741,3.736,750.408,20.030,0.67,0.60,4,1624.66,
Player1_Car,87.54,265.031,4.090,707.520,20.032,-0.22,0.60,4,1581.94,
Player2_Car,87.54,264.702,3.733,750.807,20.030,0.71,0.60,4,1625.06,
Player1_Car,87.56,264.991,4.087,707.919,20.032,-0.22,0.60,4,1582.34,
Player2_Car,87.56,264.663,3.729,751.206,20.030,0.80,0.60,4,1625.46,
Player1_Car,87.58,264.951,4.084,708.318,20.032,-0.22,0.60,4,1582.74,
Player2_Car,87.58,264.624,3.726,751.604,20.030,0.89,0.60,4,1625.86,
Player1_Car,87.60,264.912,4.081,708.716,20.032,-0.22,0.60,4,1583.14,
Player2_Car,87.60,264.585,3.723,752.003,20.030,0.98,-0.72,4,1626.26,
Player1_Car,87.62,264.872,4.077,709.115,20.032,-0.22,0.60,4,1583.54,
Player2_Car,87.62,264.546,3.719,752.402,20.029,1.10,-0.72,4,1626.66,
Player1_Car,87.64,264.833,4.074,709.514,20.032,-0.21,0.60,4,1583.94,
Player2_Car,87.64,264.509,3.716,752.785,19.237,1.14,-0.63,4,1627.04,
Player1_Car,87.66,264.793,4.071,709.912,20.032,-0.21,0.60,4,1584.34,
Player2_Car,87.66,264.473,3.713,753.152,18.454,1.17,-0.53,4,1627.41,
Player1_Car,87.68,264.754,4.067,710.311,20.032,-0.21,0.60,4,1584.74,
Player2_Car,87.68,264.440,3.710,753.505,17.737,1.21,-0.45,4,1627.77,
Player1_Car,87.70,264.714,4.064,710.710,20.032,-0.21,0.60,4,1585.14,
Player2_Car,87.70,264.407,3.707,753.845,17.086,1.26,-0.37,4,1628.11,
Player1_Car,87.72,264.674,4.061,711.108,20.032,-0.21,0.60,4,1585.54,
Player2_Car,87.72,264.376,3.704,754.174,16.494,1.31,-0.30,4,1628.44,
Player1_Car,87.74,264.635,4.057,711.507,20.032,-0.21,0.60,4,1585.94,
Player2_Car,87.74,264.346,3.702,754.492,15.956,1.35,-0.23,4,1628.76,
Player1_Car,87.76,264.595,4.054,711.906,20.032,-0.21,0.60,4,1586.34,
Player2_Car,87.76,264.317,3.699,754.800,15.466,1.39,-0.18,4,1629.07,
Player1_Car,87.78,264.556,4.051,712.304,20.032,-0.21,0.60,4,1586.75,
Player2_Car,87.78,264.289,3.697,755.099,15.022,1.41,-0.12,4,1629.37,
Player1_Car,87.80,264.516,4.047,712.703,20.032,-0.21,0.60,4,1587.15,
Player2_Car,87.80,264.263,3.694,755.390,14.618,1.44,-0.07,4,1629.66,
Player1_Car,87.82,264.477,4.044,713.102,20.032,-0.20,0.60,4,1587.55,
Player2_Car,87.82,264.236,3.692,755.674,14.250,1.48,-0.03,4,1629.95,
Player1_Car,87.84,264.437,4.041,713.500,20.032,-0.20,0.60,4,1587.95,
Player2_Car,87.84,264.211,3.690,755.951,13.917,1.51,0.01,4,1630.22,
Player1_Car,87.86,264.398,4.037,713.899,20.032,-0.20,0.60,4,1588.35,
Player2_Car,87.86,264.186,3.687,756.222,13.613,1.56,0.05,4,1630.50,
Player1_Car,87.88,264.358,4.034,714.298,20.032,-0.20,0.60,4,1588.75,
Player2_Car,87.88,264.162,3.685,756.488,13.338,1.62,0.08,4,1630.76,
Player1_Car,87.90,264.319,4.031,714.696,20.032,-0.20,0.60,4,1589.15,
Player2_Car,87.90,264.139,3.683,756.748,13.087,1.68,0.11,4,1631.02,
Player1_Car,87.92,264.279,4.027,715.095,20.032,-0.20,0.60,4,1589.55,
Player2_Car,87.92,264.116,3.681,757.004,12.859,1.72,0.14,4,1631.28,
Player1_Car,87.94,264.239,4.024,715.494,20.032,-0.20,0.60,4,1589.95,
Player2_Car,87.94,264.094,3.679,757.256,12.652,1.76,0.16,4,1631.53,
Player1_Car,87.96,264.200,4.021,715.893,20.032,-0.20,0.60,4,1590.35,
Player2_Car,87.96,264.072,3.677,757.505,12.464,1.80,0.18,4,1631.78,
Player1_Car,87.98,264.160,4.017,716.291,20.032,-0.20,0.60,4,1590.75,
Player2_Car,87.98,264.051,3.675,757.750,12.293,1.84,0.20,4,1632.03,
Player1_Car,88.00,264.121,4.014,716.690,20.032,-0.20,0.60,4,1591.15,
Player2_Car,88.00,264.031,3.673,757.992,12.137,1.87,0.22,4,1632.27,
Player1_Car,88.02,264.081,4.011,717.089,20.032,-0.19,0.60,4,1591.55,
Player2_Car,88.02,264.011,3.671,758.231,11.996,1.93,0.24,4,1632.51,
Player1_Car,88.04,264.042,4.007,717.487,20.032,-0.19,0.60,4,1591.95,
Player2_Car,88.04,263.991,3.669,758.467,11.868,2.00,0.26,4,1632.75,
Player1_Car,88.06,264.002,4.004,717.886,20.032,-0.19,0.60,4,1592.35,
Player2_Car,88.06,263.972,3.667,758.701,11.751,2.06,0.27,4,1632.98,
Player1_Car,88.08,263.963,4.001,718.285,20.032,-0.19,0.60,4,1592.75,
Player2_Car,88.08,263.953,3.665,758.934,11.645,2.10,0.28,4,1633.22,
Player1_Car,88.10,263.923,3.997,718.683,20.032,-0.19,0.60,4,1593.16,
Player2_Car,88.10,263.935,3.663,759.164,11.548,2.14,0.29,4,1633.45,
Player1_Car,88.12,263.884,3.994,719.082,20.032,-0.19,0.60,4,1593.56,
Player2_Car,88.12,263.917,3.661,759.392,11.458,2.19,0.31,4,1633.68,
Player1_Car,88.14,263.844,3.991,719.481,20.032,-0.19,0.60,4,1593.96,
Player2_Car,88.14,263.900,3.659,759.619,11.379,2.22,0.31,4,1633.90,
Player1_Car,88.16,263.805,3.987,719.879,20.032,-0.19,0.60,4,1594.36,
Player2_Car,88.16,263.883,3.657,759.845,11.307,2.27,0.32,4,1634.13,
Player1_Car,88.18,263.765,3.984,720.278,20.032,-0.19,0.60,4,1594.76,
Player2_Car,88.18,263.867,3.655,760.069,11.246,2.32,0.33,4,1634.36,
Player1_Car,88.20,263.726,3.981,720.677,20.032,-0.19,0.60,4,1595.16,
Player2_Car,88.20,263.851,3.653,760.292,11.184,2.41,0.34,4,1634.58,
Player1_Car,88.22,263.686,3.977,721.075,20.032,-0.19,0.60,4,1595.56,
Player2_Car,88.22,263.835,3.652,760.514,11.129,2.47,0.34,4,1634.80,
Player1_Car,88.24,263.646,3.974,721.474,20.032,-0.19,0.60,4,1595.96,
Player2_Car,88.24,263.820,3.650,760.735,11.079,2.50,0.35,4,1635.02,
Player1_Car,88.26,263.607,3.971,721.873,20.032,-0.18,0.60,4,1596.36,
Player2_Car,88.26,263.805,3.648,760.955,11.026,2.56,0.36,4,1635.24,
Player1_Car,88.28,263.567,3.967,722.271,20.032,-0.18,0.60,4,1596.76,
Player2_Car,88.28,263.791,3.646,761.174,10.987,2.57,0.36,4,1635.46,
Player1_Car,88.30,263.528,3.964,722.670,20.032,-0.18,0.60,4,1597.16,
Player2_Car,88.30,263.778,3.645,761.393,10.951,2.62,0.37,4,1635.68,
Player1_Car,88.32,263.488,3.961,723.069,20.032,-0.18,0.60,4,1597.56,
Player2_Car,88.32,263.764,3.642,761.611,10.932,2.64,0.37,4,1635.90,
Player1_Car,88.34,263.449,3.957,723.467,20.032,-0.18,0.60,4,1597.96,
Player2_Car,88.34,263.752,3.640,761.829,10.897,2.76,0.37,4,1636.12,
Player1_Car,88.36,263.409,3.954,723.866,20.032,-0.18,0.60,4,1598.36,
Player2_Car,88.36,263.739,3.638,762.046,10.868,2.83,0.38,4,1636.34,
Player1_Car,88.38,263.370,3.951,724.265,20.032,-0.18,0.60,4,1598.76,
Player2_Car,88.38,263.728,3.637,762.262,10.828,2.94,0.38,4,1636.58,
Player1_Car,88.40,263.330,3.947,724.664,20.032,-0.18,0.60,4,1599.17,
Player2_Car,88.40,263.717,3.635,762.478,10.804,2.91,0.38,4,1636.79,
Player1_Car,88.42,263.291,3.944,725.062,20.032,-0.18,0.60,4,1599.57,
Player2_Car,88.42,263.706,3.634,762.693,10.786,2.92,0.39,4,1637.01,
Player1_Car,88.44,263.251,3.941,725.461,20.032,-0.18,0.60,4,1599.97,
Player2_Car,88.44,263.696,3.632,762.908,10.769,2.99,0.39,4,1637.23,
Player1_Car,88.46,263.212,3.937,725.860,20.032,-0.18,0.60,4,1600.37,
Player2_Car,88.46,263.686,3.629,763.123,10.772,2.98,0.39,4,1637.44,
Player1_Car,88.48,263.172,3.934,726.258,20.032,-0.18,0.60,4,1600.77,
Player2_Car,88.48,263.677,3.627,763.338,10.748,3.11,0.39,4,1637.66,
Player1_Car,88.50,263.133,3.931,726.657,20.032,-0.18,0.60,4,1601.17,
Player2_Car,88.50,263.669,3.625,763.552,10.733,3.18,0.39,4,1637.87,
Player1_Car,88.52,263.093,3.927,727.056,20.032,-0.17,0.60,4,1601.57,
Player2_Car,88.52,263.661,3.624,763.766,10.701,3.33,0.40,4,1638.13,
Player1_Car,88.54,263.054,3.924,727.454,20.032,-0.17,0.60,4,1601.97,
Player2_Car,88.54,263.654,3.623,763.979,10.687,3.34,0.40,4,1638.35,
Player1_Car,88.56,263.014,3.921,727.853,20.032,-0.17,0.60,4,1602.37,
Player2_Car,88.56,263.648,3.621,764.193,10.680,3.31,0.40,4,1638.56,
Player1_Car,88.58,262.975,3.917,728.252,20.032,-0.17,0.60,4,1602.77,
Player2_Car,88.58,263.642,3.618,764.407,10.693,3.24,0.40,4,1638.77,
Player1_Car,88.60,262.935,3.914,728.650,20.032,-0.17,0.60,4,1603.17,
Player2_Car,88.60,263.636,3.616,764.620,10.678,3.39,0.40,4,1638.99,
Player1_Car,88.62,262.896,3.911,729.049,20.032,-0.17,0.60,4,1603.57,
Player2_Car,88.62,263.631,3.614,764.833,10.668,3.50,0.40,4,1639.20,
Player1_Car,88.64,262.856,3.908,729.448,20.032,-0.17,0.60,4,1603.97,
Player2_Car,88.64,263.627,3.613,765.046,10.641,3.60,0.40,4,1639.41,
Player1_Car,88.66,262.817,3.904,729.846,20.032,-0.17,0.60,4,1604.37,
Player2_Car,88.66,263.624,3.611,765.258,10.632,3.67,0.40,4,1639.68,
Player1_Car,88.68,262.777,3.901,730.245,20.032,-0.17,0.60,4,1604.77,
Player2_Car,88.68,263.622,3.610,765.471,10.626,3.66,0.40,4,1639.89,
Player1_Car,88.70,262.738,3.898,730.644,20.032,-0.17,0.60,4,1605.17,
Player2_Car,88.70,263.620,3.607,765.684,10.647,3.54,0.40,4,1640.10,
Player1_Car,88.72,262.698,3.894,731.042,20.032,-0.17,0.60,4,1605.58,
Player2_Car,88.72,263.619,3.605,765.897,10.639,3.65,0.40,4,1640.31,
Player1_Car,88.74,262.659,3.891,731.441,20.032,-0.17,0.60,4,1605.98,
Player2_Car,88.74,263.618,3.602,766.109,10.632,3.77,0.40,4,1640.53,
Player1_Car,88.76,262.619,3.888,731.840,20.032,-0.17,0.60,4,1606.38,
Player2_Car,88.76,263.619,3.601,766.321,10.605,3.94,0.41,4,1640.74,
Player1_Car,88.78,262.580,3.884,732.238,20.032,-0.17,0.60,4,1606.78,
Player2_Car,88.78,263.620,3.599,766.533,10.599,4.00,0.41,4,1641.01,
Player1_Car,88.80,262.540,3.881,732.637,20.032,-0.17,0.60,4,1607.18,
Player2_Car,88.80,263.622,3.598,766.745,10.596,3.95,0.41,4,1641.22,
Player1_Car,88.82,262.501,3.878,733.036,20.032,-0.17,0.60,4,1607.58,
Player2_Car,88.82,263.625,3.596,766.957,10.596,3.92,0.41,4,1641.43,
Player1_Car,88.84,262.461,3.874,733.434,20.032,-0.17,0.60,4,1607.98,
Player2_Car,88.84,263.628,3.593,767.169,10.622,3.82,0.41,4,1641.64,
Player1_Car,88.86,262.422,3.871,733.833,20.032,-0.17,0.60,4,1608.38,
Player2_Car,88.86,263.633,3.590,767.381,10.613,4.02,0.41,4,1641.85,
Player1_Car,88.88,262.382,3.868,734.232,20.032,-0.17,0.60,4,1608.78,
Player2_Car,88.88,263.638,3.589,767.593,10.585,4.29,0.41,4,1642.07,
Player1_Car,88.90,262.343,3.864,734.631,20.032,-0.17,0.60,4,1609.18,
Player2_Car,88.90,263.644,3.587,767.804,10.581,4.33,0.41,4,1642.34,
Player1_Car,88.92,262.303,3.861,735.029,20.032,-0.16,0.60,4,1609.58,
Player2_Car,88.92,263.651,3.586,768.016,10.577,4.23,0.41,4,1642.55,
Player1_Car,88.94,262.264,3.858,735.428,20.032,-0.16,0.60,4,1609.98,
Player2_Car,88.94,263.659,3.584,768.227,10.575,4.19,0.41,4,1642.76,
Player1_Car,88.96,262.224,3.854,735.827,20.032,-0.16,0.60,4,1610.38,
Player2_Car,88.96,263.668,3.581,768.439,10.611,4.10,0.41,4,1642.97,
Player1_Car,88.98,262.185,3.851,736.225,20.032,-0.16,0.60,4,1610.78,
Player2_Car,88.98,263.678,3.578,768.651,10.601,4.34,0.41,4,1643.18,
Player1_Car,89.00,262.145,3.848,736.624,20.032,-0.16,0.60,4,1611.18,
Player2_Car,89.00,263.688,3.577,768.862,10.571,4.61,0.41,4,1643.40,
Player1_Car,89.02,262.106,3.844,737.023,20.032,-0.16,0.60,4,1611.58,
Player2_Car,89.02,263.700,3.575,769.073,10.570,4.62,0.41,4,1643.67,
Player1_Car,89.04,262.066,3.841,737.421,20.032,-0.16,0.60,4,1611.99,
Player2_Car,89.04,263.713,3.573,769.284,10.565,4.51,0.41,4,1643.88,
Player1_Car,89.06,262.027,3.838,737.820,20.032,-0.16,0.60,4,1612.39,
Player2_Car,89.06,263.726,3.571,769.495,10.590,4.38,0.41,4,1644.09,
Player1_Car,89.08,261.987,3.834,738.219,20.032,-0.16,0.60,4,1612.79,
Player2_Car,89.08,263.741,3.568,769.707,10.593,4.55,0.41,4,1644.30,
Player1_Car,89.10,261.948,3.831,738.617,20.032,-0.16,0.60,4,1613.19,
Player2_Car,89.10,263.756,3.566,769.918,10.591,4.73,0.41,4,1644.52,
Player1_Car,89.12,261.908,3.828,739.016,20.032,-0.16,0.60,4,1613.59,
Player2_Car,89.12,263.773,3.564,770.128,10.559,4.89,0.41,4,1644.73,
Player1_Car,89.14,261.869,3.824,739.415,20.032,-0.16,0.60,4,1613.99,
Player2_Car,89.14,263.791,3.562,770.338,10.560,4.87,0.41,4,1645.01,
Player1_Car,89.16,261.829,3.821,739.813,20.032,-0.16,0.60,4,1614.39,
Player2_Car,89.16,263.810,3.561,770.549,10.555,4.84,0.41,4,1645.22,
Player1_Car,89.18,261.790,3.818,740.212,20.032,-0.16,0.60,4,1614.79,
Player2_Car,89.18,263.830,3.558,770.759,10.584,4.75,0.41,4,1645.43,
Player1_Car,89.20,261.751,3.814,740.611,20.032,-0.16,0.60,4,1615.19,
Player2_Car,89.20,263.851,3.555,770.970,10.587,4.88,0.41,4,1645.64,
Player1_Car,89.22,261.711,3.811,741.009,20.032,-0.16,0.60,4,1615.59,
Player2_Car,89.22,263.873,3.553,771.181,10.585,5.01,0.41,4,1645.85,
Player1_Car,89.24,261.672,3.808,741.408,20.032,-0.16,0.60,4,1615.99,
Player2_Car,89.24,263.896,3.551,771.390,10.548,5.19,0.41,4,1646.06,
Player1_Car,89.26,261.632,3.804,741.807,20.032,-0.16,0.60,4,1616.39,
Player2_Car,89.26,263.920,3.550,771.600,10.550,5.25,0.41,4,1646.35,
Player1_Car,89.28,261.593,3.801,742.205,20.032,-0.16,0.60,4,1616.79,
Player2_Car,89.28,263.946,3.548,771.809,10.546,5.22,0.41,4,1646.56,
Player1_Car,89.30,261.553,3.798,742.604,20.032,-0.16,0.60,4,1617.19,
Player2_Car,89.30,263.973,3.545,772.019,10.586,5.02,0.41,4,1646.77,
Player1_Car,89.32,261.514,3.794,743.003,20.032,-0.16,0.60,4,1617.59,
Player2_Car,89.32,264.001,3.542,772.229,10.582,5.17,0.41,4,1646.98,
Player1_Car,89.34,261.474,3.791,743.402,20.032,-0.16,0.60,4,1617.99,
Player2_Car,89.34,264.029,3.541,772.437,10.544,5.48,0.41,4,1647.19,
Player1_Car,89.36,261.435,3.788,743.800,20.032,-0.16,0.60,4,1618.40,
Player2_Car,89.36,264.060,3.539,772.646,10.554,5.59,0.41,4,1647.48,
Player1_Car,89.38,261.395,3.784,744.199,20.032,-0.16,0.60,4,1618.80,
Player2_Car,89.38,264.091,3.537,772.855,10.544,5.55,0.41,4,1647.69,
Player1_Car,89.40,261.356,3.781,744.598,20.032,-0.16,0.60,4,1619.20,
Player2_Car,89.40,264.125,3.534,773.064,10.577,5.33,0.41,4,1647.90,
Player1_Car,89.42,261.316,3.778,744.996,20.032,-0.16,0.60,4,1619.60,
Player2_Car,89.42,264.159,3.531,773.272,10.578,5.43,0.41,4,1648.11,
Player1_Car,89.44,261.277,3.774,745.395,20.032,-0.16,0.60,4,1620.00,
Player2_Car,89.44,264.194,3.530,773.480,10.539,5.80,0.42,4,1648.32,
Player1_Car,89.46,261.238,3.771,745.794,20.032,-0.15,0.60,4,1620.40,
Player2_Car,89.46,264.231,3.528,773.688,10.547,5.76,0.41,4,1648.53,
Player1_Car,89.48,261.198,3.768,746.192,20.032,-0.15,0.60,4,1620.80,
Player2_Car,89.48,264.269,3.526,773.895,10.546,5.84,0.41,4,1648.83,
Player1_Car,89.50,261.159,3.764,746.591,20.032,-0.15,0.60,4,1621.20,
Player2_Car,89.50,264.309,3.523,774.103,10.577,5.70,0.41,4,1649.04,
Player1_Car,89.52,261.119,3.761,746.990,20.032,-0.15,0.60,4,1621.60,
Player2_Car,89.52,264.349,3.521,774.310,10.573,5.79,0.41,4,1649.25,
Player1_Car,89.54,261.080,3.758,747.388,20.032,-0.15,0.60,4,1622.00,
Player2_Car,89.54,264.391,3.519,774.516,10.535,6.13,0.42,4,1649.46,
Player1_Car,89.56,261.040,3.754,747.787,20.032,-0.15,0.60,4,1622.40,
Player2_Car,89.56,264.435,3.517,774.722,10.541,6.08,0.42,4,1649.67,
Player1_Car,89.58,261.001,3.751,748.186,20.032,-0.15,0.60,4,1622.80,
Player2_Car,89.58,264.480,3.515,774.928,10.544,6.14,0.41,4,1649.97,
Player1_Car,89.60,260.961,3.748,748.584,20.032,-0.15,0.60,4,1623.20,
Player2_Car,89.60,264.527,3.512,775.135,10.576,5.99,0.41,4,1650.18,
Player1_Car,89.62,260.922,3.745,748.983,20.032,-0.14,0.60,4,1623.60,
Player2_Car,89.62,264.575,3.510,775.340,10.569,6.18,0.41,4,1650.39,
Player1_Car,89.64,260.882,3.741,749.382,20.032,-0.11,0.60,4,1624.00,
Player2_Car,89.64,264.624,3.509,775.545,10.529,6.52,0.42,4,1650.60,
Player1_Car,89.66,260.843,3.738,749.780,20.032,-0.07,0.60,4,1624.41,
Player2_Car,89.66,264.674,3.507,775.749,10.533,6.41,0.42,4,1650.81,
Player1_Car,89.68,260.804,3.735,750.179,20.032,-0.04,-0.72,4,1624.81,
Player2_Car,89.68,264.727,3.505,775.953,10.538,6.44,0.42,4,1651.12,
Player1_Car,89.70,260.764,3.731,750.578,20.032,0.03,0.60,4,1625.21,
Player2_Car,89.70,264.781,3.501,776.158,10.578,6.31,0.41,4,1651.33,
Player1_Car,89.72,260.727,3.728,750.961,19.240,0.05,0.69,4,1625.59,
Player2_Car,89.72,264.837,3.499,776.361,10.566,6.55,0.41,4,1651.54,
Player1_Car,89.74,260.689,3.725,751.344,19.250,0.14,-0.63,4,1625.98,
Player2_Car,89.74,264.893,3.498,776.563,10.522,6.89,0.42,4,1651.75,
Player1_Car,89.76,260.651,3.722,751.728,19.316,0.24,-0.64,4,1626.36,
Player2_Car,89.76,264.952,3.496,776.765,10.526,6.72,0.42,4,1651.96,
Player1_Car,89.78,260.615,3.719,752.098,18.589,0.26,-0.55,4,1626.73,
Player2_Car,89.78,265.012,3.494,776.967,10.532,6.76,0.42,4,1652.27,
Player1_Car,89.80,260.581,3.716,752.454,17.866,0.28,-0.46,4,1627.09,
Player2_Car,89.80,265.074,3.490,777.170,10.581,6.65,0.41,4,1652.48,
Player1_Car,89.82,260.548,3.713,752.797,17.204,0.30,-0.38,4,1627.44,
Player2_Car,89.82,265.137,3.488,777.371,10.564,6.93,0.41,4,1652.69,
Player1_Car,89.84,260.516,3.710,753.127,16.602,0.32,-0.31,4,1627.77,
Player2_Car,89.84,265.202,3.487,777.570,10.513,7.26,0.42,4,1652.90,
Player1_Car,89.86,260.485,3.707,753.447,16.055,0.36,-0.25,4,1628.09,
Player2_Car,89.86,265.268,3.486,777.770,10.519,7.03,0.42,4,1653.11,
Player1_Car,89.88,260.455,3.705,753.756,15.558,0.41,-0.19,4,1628.40,
Player2_Car,89.88,265.337,3.484,777.969,10.526,7.13,0.42,4,1653.42,
Player1_Car,89.90,260.427,3.702,754.057,15.106,0.47,-0.13,4,1628.70,
Player2_Car,89.90,265.407,3.480,778.168,10.583,6.99,0.41,4,1653.64,
Player1_Car,89.92,260.399,3.700,754.350,14.696,0.53,-0.08,4,1629.00,
Player2_Car,89.92,265.479,3.479,778.366,10.512,7.48,0.42,4,1653.85,
Player1_Car,89.94,260.372,3.697,754.635,14.323,0.59,-0.04,4,1629.28,
Player2_Car,89.94,265.552,3.477,778.563,10.505,7.45,0.42,4,1654.06,
Player1_Car,89.96,260.345,3.695,754.913,13.984,0.66,0.00,4,1629.56,
Player2_Car,89.96,265.627,3.476,778.759,10.518,7.48,0.42,4,1654.38,
Player1_Car,89.98,260.320,3.693,755.186,13.675,0.72,0.04,4,1629.84,
Player2_Car,89.98,265.704,3.471,778.956,10.581,7.23,0.41,4,1654.59,
Player1_Car,90.00,260.295,3.691,755.452,13.395,0.80,0.07,4,1630.10,
Player2_Car,90.00,265.783,3.469,779.152,10.554,7.50,0.41,4,1654.80,
Player1_Car,90.02,260.271,3.688,755.714,13.141,0.87,0.10,4,1630.37,
Player2_Car,90.02,265.863,3.469,779.345,10.501,7.86,0.42,4,1655.01,
Player1_Car,90.04,260.247,3.686,755.971,12.909,0.94,0.13,4,1630.62,
Player2_Car,90.04,265.945,3.467,779.538,10.501,7.64,0.42,4,1655.22,
Player1_Car,90.06,260.224,3.684,756.224,12.699,1.04,0.16,4,1630.88,
Player2_Car,90.06,266.029,3.465,779.731,10.514,7.77,0.42,4,1655.54,
Player1_Car,90.08,260.201,3.682,756.473,12.508,1.16,0.18,4,1631.13,
Player2_Car,90.08,266.115,3.461,779.924,10.588,7.54,0.41,4,1655.76,
Player1_Car,90.10,260.179,3.680,756.719,12.334,1.27,0.20,4,1631.37,
Player2_Car,90.10,266.202,3.460,780.115,10.500,8.08,0.42,4,1655.97,
Player1_Car,90.12,260.157,3.678,756.961,12.175,1.39,0.22,4,1631.62,
Player2_Car,90.12,266.291,3.459,780.305,10.487,8.05,0.42,4,1656.17,
Player1_Car,90.14,260.136,3.676,757.201,12.031,1.51,0.24,4,1631.86,
Player2_Car,90.14,266.382,3.457,780.494,10.507,7.87,0.42,4,1656.51,
Player1_Car,90.16,260.115,3.674,757.438,11.900,1.61,0.25,4,1632.10,
Player2_Car,90.16,266.476,3.453,780.684,10.585,7.56,0.41,4,1656.72,
Player1_Car,90.18,260.095,3.672,757.673,11.781,1.67,0.27,4,1632.33,
Player2_Car,90.18,266.571,3.452,780.871,10.500,8.26,0.42,4,1656.93,
Player1_Car,90.20,260.075,3.670,757.906,11.673,1.72,0.28,4,1632.57,
Player2_Car,90.20,266.667,3.451,781.058,10.490,8.20,0.42,4,1657.14,
Player1_Car,90.22,260.056,3.668,758.136,11.573,1.81,0.29,4,1632.80,
Player2_Car,90.22,266.765,3.449,781.243,10.500,7.72,0.42,4,1657.35,
Player1_Car,90.24,260.037,3.666,758.365,11.483,1.91,0.30,4,1633.03,
Player2_Car,90.24,266.867,3.445,781.429,10.581,7.80,0.41,4,1657.68,
Player1_Car,90.26,260.018,3.664,758.592,11.401,1.98,0.31,4,1633.26,
Player2_Car,90.26,266.969,3.442,781.614,10.562,8.44,0.41,4,1657.89,
Player1_Car,90.28,260.000,3.663,758.818,11.327,2.03,0.32,4,1633.48,
Player2_Car,90.28,267.072,3.442,781.796,10.498,8.66,0.42,4,1658.10,
Player1_Car,90.30,259.982,3.661,759.043,11.259,2.09,0.33,4,1633.71,
Player2_Car,90.30,267.178,3.441,781.976,10.483,8.11,0.42,4,1658.31,
Player1_Car,90.32,259.964,3.659,759.266,11.198,2.14,0.34,4,1633.93,
Player2_Car,90.32,267.287,3.438,782.157,10.568,7.92,0.41,4,1658.66,
Player1_Car,90.34,259.947,3.657,759.488,11.142,2.20,0.34,4,1634.15,
Player2_Car,90.34,267.397,3.434,782.338,10.565,8.49,0.41,4,1658.87,
Player1_Car,90.36,259.930,3.655,759.709,11.091,2.29,0.35,4,1634.38,
Player2_Car,90.36,267.508,3.434,782.515,10.497,8.92,0.42,4,1659.08,
Player1_Car,90.38,259.914,3.653,759.929,11.045,2.37,0.35,4,1634.60,
Player2_Car,90.38,267.622,3.434,782.691,10.483,8.40,0.42,4,1659.29,
Player1_Car,90.40,259.898,3.652,760.149,11.003,2.42,0.36,4,1634.82,
Player2_Car,90.40,267.737,3.432,782.866,10.502,8.37,0.42,4,1659.63,
Player1_Car,90.42,259.882,3.650,760.368,10.965,2.47,0.36,4,1635.04,
Player2_Car,90.42,267.856,3.427,783.042,10.601,8.22,0.41,4,1659.84,
Player1_Car,90.44,259.867,3.648,760.586,10.929,2.52,0.37,4,1635.25,
Player2_Car,90.44,267.974,3.427,783.215,10.500,9.00,0.42,4,1660.05,
Player1_Car,90.46,259.852,3.646,760.803,10.898,2.56,0.37,4,1635.47,
Player2_Car,90.46,268.095,3.426,783.387,10.485,8.79,0.42,4,1660.26,
Player1_Car,90.48,259.838,3.644,761.020,10.869,2.64,0.38,4,1635.69,
Player2_Car,90.48,268.218,3.425,783.557,10.496,8.62,0.42,4,1660.61,
Player1_Car,90.50,259.824,3.643,761.236,10.843,2.72,0.38,4,1635.91,
Player2_Car,90.50,268.344,3.420,783.727,10.593,8.24,0.41,4,1660.82,
Player1_Car,90.52,259.811,3.641,761.452,10.819,2.78,0.38,4,1636.12,
Player2_Car,90.52,268.471,3.420,783.894,10.494,9.03,0.42,4,1661.03,
Player1_Car,90.54,259.798,3.639,761.668,10.796,2.82,0.38,4,1636.34,
Player2_Car,90.54,268.598,3.419,784.060,10.486,8.90,0.42,4,1661.24,
Player1_Car,90.56,259.786,3.637,761.883,10.778,2.82,0.39,4,1636.53,
Player2_Car,90.56,268.729,3.418,784.225,10.491,8.78,0.42,4,1661.59,
Player1_Car,90.58,259.774,3.636,762.098,10.757,2.87,0.39,4,1636.74,
Player2_Car,90.58,268.862,3.413,784.389,10.582,8.34,0.41,4,1661.80,
Player1_Car,90.60,259.763,3.634,762.312,10.740,2.95,0.39,4,1636.96,
Player2_Car,90.60,268.996,3.413,784.550,10.483,9.05,0.42,4,1662.01,
Player1_Car,90.62,259.752,3.632,762.526,10.725,3.03,0.39,4,1637.17,
Player2_Car,90.62,269.130,3.412,784.710,10.466,8.94,0.42,4,1662.22,
Player1_Car,90.64,259.742,3.630,762.740,10.717,3.05,0.39,4,1637.39,
Player2_Car,90.64,269.268,3.411,784.868,10.461,8.85,0.42,4,1662.57,
Player1_Car,90.66,259.733,3.628,762.954,10.704,3.10,0.40,4,1637.60,
Player2_Car,90.66,269.408,3.407,785.026,10.543,8.39,0.41,4,1662.79,
Player1_Car,90.68,259.723,3.627,763.168,10.686,3.18,0.40,4,1637.81,
Player2_Car,90.68,269.548,3.406,785.181,10.440,9.04,0.43,4,1662.99,
Player1_Car,90.70,259.715,3.625,763.381,10.679,3.15,0.40,4,1638.00,
Player2_Car,90.70,269.689,3.405,785.334,10.422,8.92,0.43,4,1663.20,
Player1_Car,90.72,259.707,3.623,763.594,10.666,3.19,0.40,4,1638.20,
Player2_Car,90.72,269.829,3.410,785.484,10.294,8.76,0.44,4,1663.55,
Player1_Car,90.74,259.700,3.622,763.807,10.656,3.30,0.40,4,1638.41,
Player2_Car,90.74,269.974,3.412,785.634,10.388,8.13,0.43,4,1663.76,
Player1_Car,90.76,259.693,3.620,764.020,10.648,3.37,0.40,4,1638.63,
Player2_Car,90.76,270.120,3.412,785.782,10.439,8.35,0.43,4,1663.97,
Player1_Car,90.78,259.687,3.618,764.233,10.656,3.32,0.40,4,1638.84,
Player2_Car,90.78,270.269,3.409,785.931,10.513,8.50,0.42,4,1664.18,
Player1_Car,90.80,259.682,3.616,764.446,10.647,3.39,0.40,4,1639.05,
Player2_Car,90.80,270.421,3.404,786.078,10.547,8.81,0.41,4,1664.54,
Player1_Car,90.82,259.677,3.614,764.658,10.628,3.52,0.40,4,1639.26,
Player2_Car,90.82,270.574,3.397,786.223,10.571,8.54,0.41,4,1664.75,
Player1_Car,90.84,259.673,3.613,764.871,10.627,3.47,0.40,4,1639.44,
Player2_Car,90.84,270.728,3.394,786.365,10.445,8.80,0.43,4,1664.96,
Player1_Car,90.86,259.670,3.611,765.083,10.617,3.52,0.41,4,1639.65,
Player2_Car,90.86,270.881,3.394,786.503,10.335,8.85,0.44,4,1665.16,
Player1_Car,90.88,259.667,3.609,765.295,10.612,3.61,0.41,4,1639.86,
Player2_Car,90.88,271.036,3.393,786.639,10.316,8.61,0.44,4,1665.51,
Player1_Car,90.90,259.665,3.608,765.507,10.607,3.66,0.41,4,1640.07,
Player2_Car,90.90,271.193,3.389,786.775,10.373,8.09,0.44,4,1665.72,
Player1_Car,90.92,259.663,3.605,765.720,10.624,3.57,0.41,4,1640.28,
Player2_Car,90.92,271.350,3.388,786.908,10.289,8.57,0.45,4,1665.93,
Player1_Car,90.94,259.663,3.603,765.932,10.618,3.65,0.41,4,1640.50,
Player2_Car,90.94,271.508,3.387,787.039,10.269,8.59,0.45,4,1666.13,
Player1_Car,90.96,259.663,3.602,766.144,10.597,3.87,0.41,4,1640.71,
Player2_Car,90.96,271.668,3.387,787.168,10.257,8.56,0.45,4,1666.48,
Player1_Car,90.98,259.664,3.600,766.356,10.597,3.82,0.41,4,1640.88,
Player2_Car,90.98,271.829,3.384,787.296,10.306,8.09,0.44,4,1666.68,
Player1_Car,91.00,259.665,3.598,766.568,10.590,3.81,0.41,4,1641.09,
Player2_Car,91.00,271.991,3.383,787.421,10.241,8.35,0.45,4,1666.89,
Player1_Car,91.02,259.668,3.597,766.779,10.587,3.87,0.41,4,1641.30,
Player2_Car,91.02,272.154,3.382,787.545,10.228,8.36,0.45,4,1667.09,
Player1_Car,91.04,259.671,3.595,766.991,10.585,3.92,0.41,4,1641.51,
Player2_Car,91.04,272.318,3.381,787.667,10.222,8.45,0.45,4,1667.44,
Player1_Car,91.06,259.675,3.592,767.203,10.608,3.83,0.41,4,1641.73,
Player2_Car,91.06,272.484,3.379,787.788,10.265,8.07,0.45,4,1667.64,
Player1_Car,91.08,259.680,3.590,767.415,10.602,3.99,0.41,4,1641.94,
Player2_Car,91.08,272.651,3.377,787.907,10.248,8.00,0.45,4,1667.85,
Player1_Car,91.10,259.685,3.588,767.626,10.579,4.22,0.41,4,1642.15,
Player2_Car,91.10,272.818,3.377,788.024,10.202,8.25,0.46,4,1668.05,
Player1_Car,91.12,259.692,3.587,767.838,10.577,4.12,0.41,4,1642.32,
Player2_Car,91.12,272.986,3.377,788.139,10.195,8.07,0.46,4,1668.26,
Player1_Car,91.14,259.699,3.585,768.049,10.574,4.06,0.41,4,1642.53,
Player2_Car,91.14,273.157,3.375,788.252,10.236,7.95,0.45,4,1668.60,
Player1_Car,91.16,259.707,3.584,768.260,10.572,4.11,0.41,4,1642.74,
Player2_Car,91.16,273.328,3.373,788.364,10.228,8.02,0.45,4,1668.80,
Player1_Car,91.18,259.716,3.582,768.471,10.572,4.21,0.41,4,1642.95,
Player2_Car,91.18,273.499,3.373,788.474,10.187,8.07,0.46,4,1669.01,
Player1_Car,91.20,259.726,3.579,768.683,10.597,4.17,0.41,4,1643.16,
Player2_Car,91.20,273.672,3.373,788.582,10.181,7.80,1.00,4,1669.21,
Player1_Car,91.22,259.737,3.577,768.895,10.592,4.30,0.41,4,1643.37,
Player2_Car,91.22,273.846,3.372,788.689,10.194,7.89,1.00,4,1669.55,
Player1_Car,91.24,259.749,3.575,769.106,10.566,4.46,0.41,4,1643.56,
Player2_Car,91.24,274.025,3.379,788.793,10.367,9.10,1.00,4,1669.75,
Player1_Car,91.26,259.761,3.574,769.316,10.565,4.38,0.41,4,1643.75,
Player2_Car,91.26,274.211,3.383,788.901,10.765,7.98,1.00,4,1669.97,
Player1_Car,91.28,259.775,3.572,769.527,10.564,4.33,0.41,4,1643.96,
Player2_Car,91.28,274.405,3.385,789.010,11.157,6.89,1.00,4,1670.19,
Player1_Car,91.30,259.790,3.570,769.738,10.564,4.43,0.41,4,1644.18,
Player2_Car,91.30,274.608,3.383,789.123,11.576,7.50,1.00,4,1670.55,
Player1_Car,91.32,259.805,3.568,769.949,10.588,4.44,0.41,4,1644.39,
Player2_Car,91.32,274.817,3.378,789.239,11.975,8.13,1.00,4,1670.79,
Player1_Car,91.34,259.821,3.565,770.160,10.586,4.55,0.41,4,1644.60,
Player2_Car,91.34,275.034,3.372,789.355,12.336,7.77,1.00,4,1671.04,
Player1_Car,91.36,259.839,3.564,770.371,10.563,4.73,0.41,4,1644.81,
Player2_Car,91.36,275.259,3.365,789.471,12.644,7.66,1.00,4,1671.29,
Player1_Car,91.38,259.857,3.562,770.581,10.560,4.61,0.41,4,1644.98,
Player2_Car,91.38,275.488,3.362,789.585,12.803,8.85,1.00,4,1671.67,
Player1_Car,91.40,259.877,3.560,770.791,10.558,4.58,0.41,4,1645.19,
Player2_Car,91.40,275.722,3.362,789.699,13.029,8.72,1.00,4,1671.93,
Player1_Car,91.42,259.897,3.559,771.001,10.559,4.70,0.41,4,1645.40,
Player2_Car,91.42,275.963,3.361,789.812,13.298,7.51,1.00,4,1672.20,
Player1_Car,91.44,259.919,3.557,771.211,10.559,4.80,0.41,4,1645.61,
Player2_Car,91.44,276.211,3.360,789.924,13.607,7.27,1.00,4,1672.59,
Player1_Car,91.46,259.941,3.554,771.422,10.592,4.67,0.41,4,1645.82,
Player2_Car,91.46,276.465,3.358,790.037,13.894,8.02,1.00,4,1672.87,
Player1_Car,91.48,259.965,3.552,771.632,10.564,4.89,0.41,4,1646.03,
Player2_Car,91.48,276.724,3.359,790.150,14.136,8.38,1.00,4,1673.15,
Player1_Car,91.50,259.989,3.550,771.842,10.557,4.90,0.41,4,1646.20,
Player2_Car,91.50,276.990,3.357,790.260,14.422,7.55,1.00,4,1673.44,
Player1_Car,91.52,260.015,3.548,772.051,10.554,4.91,0.41,4,1646.41,
Player2_Car,91.52,277.262,3.356,790.369,14.683,7.28,1.00,4,1673.84,
Player1_Car,91.54,260.042,3.547,772.260,10.554,4.97,0.41,4,1646.62,
Player2_Car,91.54,277.540,3.356,790.478,14.921,7.79,1.00,4,1674.14,
Player1_Car,91.56,260.070,3.545,772.469,10.552,5.03,0.41,4,1646.83,
Player2_Car,91.56,277.824,3.355,790.586,15.202,7.71,1.00,4,1674.44,
Player1_Car,91.58,260.099,3.542,772.679,10.589,4.89,0.41,4,1647.04,
Player2_Car,91.58,278.114,3.354,790.691,15.452,7.43,1.00,4,1674.86,
Player1_Car,91.60,260.129,3.539,772.889,10.584,5.05,0.41,4,1647.25,
Player2_Car,91.60,278.410,3.354,790.794,15.676,7.38,1.00,4,1675.17,
Player1_Car,91.62,260.160,3.538,773.097,10.551,5.29,0.41,4,1647.42,
Player2_Car,91.62,278.712,3.354,790.896,15.923,7.30,1.00,4,1675.49,
Player1_Car,91.64,260.193,3.536,773.305,10.548,5.28,0.41,4,1647.63,
Player2_Car,91.64,279.020,3.352,790.996,16.188,7.20,1.00,4,1675.92,
Player1_Car,91.66,260.227,3.535,773.514,10.547,5.21,0.41,4,1647.84,
Player2_Car,91.66,279.333,3.352,791.094,16.406,7.25,1.00,4,1676.25,
Player1_Car,91.68,260.262,3.533,773.721,10.545,5.24,0.41,4,1648.05,
Player2_Car,91.68,279.651,3.352,791.190,16.642,7.07,1.00,4,1676.58,
Player1_Car,91.70,260.298,3.530,773.930,10.587,5.14,0.41,4,1648.26,
Player2_Car,91.70,279.976,3.351,791.283,16.892,6.88,0.97,4,1677.01,
Player1_Car,91.72,260.335,3.527,774.138,10.582,5.38,0.41,4,1648.47,
Player2_Car,91.72,280.306,3.351,791.374,17.106,6.95,0.95,4,1677.36,
Player1_Car,91.74,260.373,3.526,774.346,10.547,5.60,0.41,4,1648.64,
Player2_Car,91.74,280.641,3.350,791.462,17.318,6.87,0.92,4,1677.70,
Player1_Car,91.76,260.413,3.525,774.552,10.543,5.54,0.41,4,1648.85,
Player2_Car,91.76,280.981,3.350,791.547,17.525,6.54,0.90,4,1678.05,
Player1_Car,91.78,260.454,3.523,774.759,10.542,5.45,0.41,4,1649.06,
Player2_Car,91.78,281.324,3.350,791.630,17.687,6.63,0.88,4,1678.50,
Player1_Car,91.80,260.496,3.522,774.966,10.540,5.50,0.42,4,1649.27,
Player2_Car,91.80,281.672,3.349,791.710,17.849,6.65,0.86,4,1678.85,
Player1_Car,91.82,260.540,3.519,775.173,10.587,5.45,0.41,4,1649.48,
Player2_Car,91.82,282.024,3.349,791.787,18.004,6.34,0.84,4,1679.21,
Player1_Car,91.84,260.584,3.516,775.380,10.581,5.70,0.41,4,1649.69,
Player2_Car,91.84,282.379,3.349,791.860,18.125,6.25,0.82,4,1679.66,
Player1_Car,91.86,260.630,3.515,775.585,10.542,5.89,0.41,4,1649.85,
Player2_Car,91.86,282.737,3.349,791.930,18.248,6.20,0.81,4,1680.03,
Player1_Car,91.88,260.678,3.513,775.790,10.538,5.79,0.42,4,1650.06,
Player2_Car,91.88,283.098,3.348,791.997,18.366,6.00,0.80,4,1680.40,
Player1_Car,91.90,260.726,3.512,775.995,10.537,5.71,0.42,4,1650.27,
Player2_Car,91.90,283.462,3.348,792.061,18.460,5.91,0.78,4,1680.85,
Player1_Car,91.92,260.776,3.510,776.200,10.535,5.83,0.42,4,1650.49,
Player2_Car,91.92,283.828,3.348,792.122,18.553,5.76,0.77,4,1681.22,
Player1_Car,91.94,260.828,3.507,776.405,10.591,5.72,0.41,4,1650.70,
Player2_Car,91.94,284.196,3.348,792.180,18.643,5.54,0.76,4,1681.59,
Player1_Car,91.96,260.880,3.504,776.610,10.579,5.97,0.41,4,1650.91,
Player2_Car,91.96,284.566,3.348,792.234,18.717,5.45,0.75,4,1682.04,
Player1_Car,91.98,260.934,3.503,776.813,10.537,6.17,0.42,4,1651.07,
Player2_Car,91.98,284.938,3.348,792.286,18.791,5.32,0.75,4,1682.42,
Player1_Car,92.00,260.989,3.502,777.016,10.532,6.07,0.42,4,1651.28,
Player2_Car,92.00,285.312,3.348,792.334,18.859,5.11,0.74,4,1682.79,
Player1_Car,92.02,261.046,3.501,777.219,10.529,6.04,0.42,4,1651.49,
Player2_Car,92.02,285.688,3.348,792.380,18.922,4.96,0.73,4,1683.24,
Player1_Car,92.04,261.105,3.499,777.421,10.535,6.11,0.42,4,1651.70,
Player2_Car,92.04,286.065,3.348,792.423,18.979,4.85,0.72,4,1683.62,
Player1_Car,92.06,261.164,3.495,777.625,10.592,5.96,0.41,4,1651.91,
Player2_Car,92.06,286.444,3.348,792.463,19.034,4.69,0.72,4,1684.00,
Player1_Car,92.08,261.225,3.494,777.826,10.534,6.29,0.42,4,1652.08,
Player2_Car,92.08,286.824,3.348,792.500,19.084,4.50,0.71,4,1684.39,
Player1_Car,92.10,261.287,3.492,778.027,10.531,6.34,0.42,4,1652.29,
Player2_Car,92.10,287.205,3.348,792.535,19.132,4.38,0.70,4,1684.84,
Player1_Car,92.12,261.351,3.491,778.228,10.529,6.31,0.42,4,1652.50,
Player2_Car,92.12,287.587,3.348,792.567,19.176,4.27,0.70,4,1685.22,
Player1_Car,92.14,261.416,3.490,778.428,10.526,6.35,0.42,4,1652.71,
Player2_Car,92.14,287.970,3.348,792.597,19.217,4.10,0.69,4,1685.60,
Player1_Car,92.16,261.483,3.488,778.628,10.540,6.35,0.42,4,1652.92,
Player2_Car,92.16,288.354,3.348,792.624,19.255,3.97,0.69,4,1686.05,
Player1_Car,92.18,261.552,3.484,778.828,10.588,6.23,0.41,4,1653.13,
Player2_Car,92.18,288.739,3.348,792.650,19.291,3.84,0.69,4,1686.44,
Player1_Car,92.20,261.621,3.483,779.027,10.534,6.54,0.42,4,1653.29,
Player2_Car,92.20,289.125,3.348,792.673,19.325,3.71,0.68,4,1686.82,
Player1_Car,92.22,261.692,3.482,779.225,10.527,6.65,0.42,4,1653.50,
Player2_Car,92.22,289.511,3.348,792.694,19.357,3.60,0.68,4,1687.27,
Player1_Car,92.24,261.765,3.480,779.422,10.522,6.60,0.42,4,1653.71,
Player2_Car,92.24,289.899,3.348,792.713,19.387,3.47,0.67,4,1687.66,
Player1_Car,92.26,261.839,3.479,779.619,10.531,6.54,0.42,4,1653.92,
Player2_Car,92.26,290.287,3.348,792.730,19.415,3.34,0.67,4,1688.04,
Player1_Car,92.28,261.915,3.475,779.817,10.584,6.37,0.41,4,1654.13,
Player2_Car,92.28,290.675,3.348,792.745,19.442,3.23,0.67,4,1688.43,
Player1_Car,92.30,261.992,3.474,780.013,10.528,6.74,0.42,4,1654.30,
Player2_Car,92.30,291.064,3.348,792.758,19.467,3.13,0.66,4,1688.88,
Player1_Car,92.32,262.070,3.472,780.208,10.525,6.85,0.42,4,1654.51,
Player2_Car,92.32,291.454,3.348,792.770,19.491,3.03,0.66,4,1689.27,
Player1_Car,92.34,262.150,3.471,780.403,10.520,6.80,0.42,4,1654.72,
Player2_Car,92.34,291.844,3.348,792.780,19.513,2.91,0.66,4,1689.66,
Player1_Car,92.36,262.232,3.470,780.597,10.523,6.74,0.42,4,1654.93,
Player2_Car,92.36,292.235,3.348,792.789,19.535,2.82,0.66,4,1690.09,
Player1_Car,92.38,262.315,3.468,780.790,10.531,6.76,0.42,4,1655.14,
Player2_Car,92.38,292.626,3.348,792.796,19.555,2.73,0.65,4,1690.48,
Player1_Car,92.40,262.401,3.464,780.984,10.585,6.68,0.41,4,1655.34,
Player2_Car,92.40,293.017,3.348,792.802,19.574,2.64,0.65,4,1690.87,
Player1_Car,92.42,262.487,3.463,781.176,10.529,7.03,0.42,4,1655.51,
Player2_Car,92.42,293.409,3.348,792.806,19.592,2.54,0.65,4,1691.26,
Player1_Car,92.44,262.574,3.462,781.367,10.520,7.10,0.42,4,1655.72,
Player2_Car,92.44,293.801,3.348,792.809,19.609,2.46,0.65,4,1691.66,
Player1_Car,92.46,262.664,3.461,781.557,10.516,6.99,0.42,4,1655.93,
Player2_Car,92.46,294.194,3.348,792.811,19.626,2.38,0.64,4,1692.06,
Player1_Car,92.48,262.755,3.459,781.747,10.529,6.88,0.42,4,1656.14,
Player2_Car,92.48,294.586,3.348,792.812,19.642,2.31,0.64,4,1692.45,
Player1_Car,92.50,262.848,3.456,781.937,10.577,6.85,0.41,4,1656.35,
Player2_Car,92.50,294.979,3.348,792.812,19.656,2.23,0.64,4,1692.84,
Player1_Car,92.52,262.941,3.455,782.125,10.527,7.19,0.42,4,1656.52,
Player2_Car,92.52,295.373,3.348,792.810,19.671,2.15,0.64,4,1693.23,
Player1_Car,92.54,263.037,3.453,782.312,10.517,7.26,0.42,4,1656.73,
Player2_Car,92.54,295.767,3.348,792.808,19.684,2.09,0.64,4,1693.63,
Player1_Car,92.56,263.134,3.452,782.499,10.511,7.15,0.42,4,1656.94,
Player2_Car,92.56,296.160,3.348,792.805,19.697,2.03,0.64,4,1694.02,
Player1_Car,92.58,263.233,3.450,782.684,10.527,7.02,0.42,4,1657.15,
Player2_Car,92.58,296.555,3.348,792.800,19.709,1.96,0.63,4,1694.41,
Player1_Car,92.60,263.333,3.447,782.870,10.571,7.01,0.41,4,1657.36,
Player2_Car,92.60,296.949,3.348,792.795,19.721,1.90,0.63,4,1694.81,
Player1_Car,92.62,263.435,3.446,783.054,10.524,7.34,0.42,4,1657.52,
Player2_Car,92.62,297.344,3.348,792.789,19.732,1.85,0.63,4,1695.20,
Player1_Car,92.64,263.538,3.445,783.237,10.516,7.39,0.42,4,1657.73,
Player2_Car,92.64,297.738,3.348,792.783,19.743,1.80,0.63,4,1695.60,
Player1_Car,92.66,263.643,3.444,783.419,10.509,7.29,0.42,4,1657.94,
Player2_Car,92.66,298.133,3.348,792.776,19.753,1.74,0.63,4,1695.99,
Player1_Car,92.68,263.750,3.442,783.601,10.524,7.17,0.42,4,1658.15,
Player2_Car,92.68,298.528,3.348,792.768,19.762,1.69,0.63,4,1696.39,
Player1_Car,92.70,263.858,3.439,783.782,10.567,7.15,0.41,4,1658.36,
Player2_Car,92.70,298.924,3.348,792.759,19.772,1.65,0.63,4,1696.78,
Player1_Car,92.72,263.968,3.436,783.963,10.570,7.26,0.41,4,1658.53,
Player2_Car,92.72,299.319,3.348,792.750,19.780,1.60,0.63,4,1697.18,
Player1_Car,92.74,264.079,3.436,784.140,10.517,7.65,0.42,4,1658.74,
Player2_Car,92.74,299.715,3.348,792.740,19.789,1.56,0.63,4,1697.57,
Player1_Car,92.76,264.191,3.436,784.318,10.505,7.59,0.42,4,1658.95,
Player2_Car,92.76,300.111,3.348,792.729,19.797,1.52,0.62,4,1697.97,
Player1_Car,92.78,264.305,3.434,784.494,10.520,7.31,0.42,4,1659.16,
Player2_Car,92.78,300.507,3.348,792.718,19.804,1.48,0.62,4,1698.37,
Player1_Car,92.80,264.421,3.432,784.670,10.512,7.42,0.42,4,1659.37,
Player2_Car,92.80,300.903,3.348,792.707,19.812,1.45,0.62,4,1698.76,
Player1_Car,92.82,264.539,3.429,784.845,10.581,7.15,0.41,4,1659.54,
Player2_Car,92.82,301.299,3.348,792.695,19.818,1.41,0.62,4,1699.16,
Player1_Car,92.84,264.658,3.428,785.018,10.514,7.64,0.42,4,1659.75,
Player2_Car,92.84,301.695,3.348,792.683,19.825,1.38,0.62,4,1699.56,
Player1_Car,92.86,264.777,3.428,785.191,10.503,7.73,0.42,4,1659.96,
Player2_Car,92.86,302.092,3.348,792.670,19.831,1.35,0.62,4,1699.95,
Player1_Car,92.88,264.899,3.426,785.362,10.519,7.45,0.42,4,1660.17,
Player2_Car,92.88,302.488,3.348,792.657,19.837,1.32,0.62,4,1700.35,
Player1_Car,92.90,265.023,3.425,785.532,10.510,7.49,0.42,4,1660.38,
Player2_Car,92.90,302.885,3.348,792.643,19.843,1.29,0.62,4,1700.75,
Player1_Car,92.92,265.149,3.421,785.703,10.580,7.19,0.41,4,1660.55,
Player2_Car,92.92,303.281,3.348,792.630,19.848,1.26,0.62,4,1701.14,
Player1_Car,92.94,265.275,3.421,785.870,10.512,7.71,0.42,4,1660.76,
Player2_Car,92.94,303.678,3.348,792.615,19.854,1.24,0.62,4,1701.54,
Player1_Car,92.96,265.402,3.420,786.037,10.503,7.80,0.42,4,1660.97,
Player2_Car,92.96,304.075,3.348,792.601,19.859,1.22,0.62,4,1701.94,
Player1_Car,92.98,265.531,3.419,786.203,10.516,7.51,0.42,4,1661.18,
Player2_Car,92.98,304.472,3.348,792.586,19.863,1.19,0.62,4,1702.33,
Player1_Car,93.00,265.662,3.417,786.367,10.509,7.52,0.42,4,1661.39,
Player2_Car,93.00,304.869,3.348,792.571,19.868,1.17,0.62,4,1702.73,
Player1_Car,93.02,265.795,3.414,786.531,10.580,7.21,0.41,4,1661.56,
Player2_Car,93.02,305.266,3.348,792.556,19.872,1.15,0.62,4,1703.13,
Player1_Car,93.04,265.929,3.414,786.693,10.511,7.76,0.42,4,1661.77,
Player2_Car,93.04,305.664,3.348,792.540,19.876,1.13,0.61,4,1703.53,
Player1_Car,93.06,266.063,3.413,786.854,10.502,7.84,0.42,4,1661.98,
Player2_Car,93.06,306.061,3.348,792.525,19.880,1.11,0.61,4,1703.92,
Player1_Car,93.08,266.200,3.411,787.014,10.512,7.56,0.42,4,1662.19,
Player2_Car,93.08,306.458,3.348,792.509,19.884,1.10,0.61,4,1704.32,
Player1_Car,93.10,266.338,3.410,787.172,10.507,7.53,0.42,4,1662.40,
Player2_Car,93.10,306.856,3.348,792.493,19.887,1.08,0.61,4,1704.72,
Player1_Car,93.12,266.479,3.407,787.331,10.582,7.20,0.41,4,1662.57,
Player2_Car,93.12,307.253,3.348,792.476,19.890,1.07,0.61,4,1705.12,
Player1_Car,93.14,266.619,3.407,787.486,10.510,7.78,0.42,4,1662.78,
Player2_Car,93.14,307.651,3.348,792.460,19.893,1.05,0.61,4,1705.51,
Player1_Car,93.16,266.761,3.406,787.641,10.503,7.86,0.42,4,1662.99,
Player2_Car,93.16,308.048,3.348,792.443,19.896,1.04,0.61,4,1705.91,
Player1_Car,93.18,266.904,3.405,787.794,10.509,7.57,0.42,4,1663.20,
Player2_Car,93.18,308.446,3.348,792.426,19.899,1.02,0.61,4,1706.31,
Player1_Car,93.20,267.050,3.402,787.947,10.561,7.26,0.41,4,1663.41,
Player2_Car,93.20,308.843,3.348,792.409,19.902,1.01,0.61,4,1706.71,
Player1_Car,93.22,267.196,3.401,788.098,10.509,7.64,0.42,4,1663.58,
Player2_Car,93.22,309.241,3.348,792.392,19.905,1.00,0.61,4,1707.11,
Player1_Car,93.24,267.343,3.400,788.247,10.502,7.76,0.42,4,1663.79,
Player2_Car,93.24,309.639,3.348,792.375,19.907,0.99,0.61,4,1707.50,
Player1_Car,93.26,267.492,3.399,788.396,10.506,7.60,0.42,4,1664.00,
Player2_Car,93.26,310.037,3.348,792.358,19.909,0.98,0.61,4,1707.90,
Player1_Car,93.28,267.643,3.398,788.542,10.510,7.47,0.42,4,1664.21,
Player2_Car,93.28,310.434,3.348,792.340,19.912,0.97,0.61,4,1708.30,
Player1_Car,93.30,267.795,3.395,788.689,10.564,7.18,0.41,4,1664.39,
Player2_Car,93.30,310.832,3.348,792.323,19.914,0.96,0.61,4,1708.70,
Player1_Car,93.32,267.948,3.395,788.833,10.513,7.63,0.42,4,1664.59,
Player2_Car,93.32,311.230,3.348,792.305,19.916,0.95,0.61,4,1709.10,
Player1_Car,93.34,268.101,3.394,788.976,10.504,7.75,0.42,4,1664.80,
Player2_Car,93.34,311.628,3.348,792.288,19.917,0.94,0.61,4,1709.50,
Player1_Car,93.36,268.257,3.393,789.117,10.509,7.55,0.42,4,1665.01,
Player2_Car,93.36,312.026,3.348,792.270,19.919,0.94,0.61,4,1709.89,
Player1_Car,93.38,268.414,3.392,789.257,10.512,7.41,0.42,4,1665.22,
Player2_Car,93.38,312.424,3.348,792.252,19.921,0.93,0.61,4,1710.29,
Player1_Car,93.40,268.572,3.389,789.397,10.566,7.10,0.41,4,1665.39,
Player2_Car,93.40,312.822,3.348,792.234,19.923,0.92,0.61,4,1710.69,
Player1_Car,93.42,268.731,3.389,789.534,10.512,7.57,0.42,4,1665.60,
Player2_Car,93.42,313.220,3.348,792.216,19.924,0.92,0.61,4,1711.09,
Player1_Car,93.44,268.891,3.388,789.670,10.505,7.69,0.42,4,1665.81,
Player2_Car,93.44,313.618,3.348,792.198,19.926,0.91,0.61,4,1711.49,
Player1_Car,93.46,269.052,3.387,789.805,10.510,7.47,0.42,4,1666.02,
Player2_Car,93.46,314.016,3.348,792.180,19.927,0.91,0.61,4,1711.89,
Player1_Car,93.48,269.215,3.386,789.938,10.511,7.35,0.42,4,1666.23,
Player2_Car,93.48,314.415,3.348,792.162,19.928,0.90,0.61,4,1712.28,
Player1_Car,93.50,269.380,3.383,790.070,10.569,7.02,0.41,4,1666.41,
Player2_Car,93.50,314.813,3.348,792.144,19.930,0.90,0.61,4,1712.68,
Player1_Car,93.52,269.544,3.384,790.200,10.513,7.47,0.42,4,1666.62,
Player2_Car,93.52,315.211,3.348,792.126,19.931,0.89,0.61,4,1713.08,
Player1_Car,93.54,269.710,3.383,790.330,10.506,7.59,0.42,4,1666.83,
Player2_Car,93.54,315.609,3.348,792.107,19.932,0.89,0.61,4,1713.48,
Player1_Car,93.56,269.877,3.382,790.457,10.511,7.38,0.42,4,1667.04,
Player2_Car,93.56,316.007,3.348,792.089,19.932,0.89,0.61,4,1713.88,
Player1_Car,93.58,270.045,3.381,790.583,10.511,7.26,0.42,4,1667.25,
Player2_Car,93.58,316.405,3.348,792.071,19.933,0.88,0.61,4,1714.28,
Player1_Car,93.60,270.215,3.378,790.708,10.568,6.93,0.41,4,1667.42,
Player2_Car,93.60,316.804,3.348,792.052,19.934,0.88,0.61,4,1714.68,
Player1_Car,93.62,270.385,3.378,790.831,10.513,7.36,0.42,4,1667.63,
Player2_Car,93.62,317.202,3.348,792.034,19.935,0.88,0.61,4,1715.08,
Player1_Car,93.64,270.556,3.378,790.953,10.507,7.45,0.42,4,1667.84,
Player2_Car,93.64,317.600,3.348,792.015,19.936,0.87,0.61,4,1715.47,
Player1_Car,93.66,270.728,3.377,791.074,10.512,7.25,0.42,4,1668.05,
Player2_Car,93.66,317.998,3.348,791.997,19.936,0.87,0.61,4,1715.87,
Player1_Car,93.68,270.902,3.376,791.192,10.511,7.15,0.42,4,1668.26,
Player2_Car,93.68,318.397,3.348,791.979,19.937,0.87,0.61,4,1716.27,
Player1_Car,93.70,271.077,3.374,791.310,10.565,6.84,0.41,4,1668.44,
Player2_Car,93.70,318.795,3.348,791.960,19.938,0.86,0.61,4,1716.67,
Player1_Car,93.72,271.252,3.374,791.426,10.514,7.24,0.42,4,1668.65,
Player2_Car,93.72,319.193,3.348,791.942,19.938,0.86,0.61,4,1717.07,
Player1_Car,93.74,271.428,3.373,791.541,10.509,7.29,0.42,4,1668.86,
Player2_Car,93.74,319.592,3.348,791.923,19.939,0.86,0.61,4,1717.47,
Player1_Car,93.76,271.605,3.373,791.654,10.515,7.08,1.00,4,1669.07,
Player2_Car,93.76,319.990,3.348,791.905,19.939,0.86,0.61,4,1717.87,
Player1_Car,93.78,271.783,3.372,791.766,10.513,7.00,1.00,4,1669.28,
Player2_Car,93.78,320.388,3.348,791.886,19.940,0.85,0.61,4,1718.26,
Player1_Car,93.80,271.969,3.369,791.880,10.911,6.83,1.00,4,1669.46,
Player2_Car,93.80,320.787,3.348,791.868,19.940,0.85,0.61,4,1718.66,
Player1_Car,93.82,272.161,3.370,791.995,11.209,7.37,1.00,4,1669.68,
Player2_Car,93.82,321.185,3.348,791.849,19.941,0.85,0.61,4,1719.06,
Player1_Car,93.84,272.355,3.377,792.114,11.394,7.56,1.00,4,1669.91,
Player2_Car,93.84,321.584,3.348,791.831,19.941,0.85,0.61,4,1719.46,
Player1_Car,93.86,272.560,3.381,792.232,11.804,7.03,1.00,4,1670.15,
Player2_Car,93.86,321.982,3.348,791.812,19.942,0.84,0.61,4,1719.86,
Player1_Car,93.88,272.773,3.383,792.352,12.219,6.79,1.00,4,1670.39,
Player2_Car,93.88,322.380,3.348,791.794,19.942,0.84,0.61,4,1720.26,
Player1_Car,93.90,272.994,3.382,792.474,12.641,6.84,1.00,4,1670.61,
Player2_Car,93.90,322.779,3.348,791.775,19.943,0.84,0.61,4,1720.66,
Player1_Car,93.92,273.224,3.379,792.598,13.042,7.15,1.00,4,1670.87,
Player2_Car,93.92,323.177,3.348,791.756,19.943,0.83,0.61,4,1721.06,
Player1_Car,93.94,273.462,3.374,792.722,13.434,7.27,1.00,4,1671.14,
Player2_Car,93.94,323.576,3.348,791.738,19.943,0.83,0.61,4,1721.46,
Player1_Car,93.96,273.707,3.369,792.845,13.736,7.22,1.00,4,1671.41,
Player2_Car,93.96,323.974,3.348,791.719,19.944,0.83,0.61,4,1721.85,
Player1_Car,93.98,273.959,3.364,792.970,14.054,7.38,1.00,4,1671.66,
Player2_Car,93.98,324.372,3.348,791.700,19.944,0.82,0.61,4,1722.25,
Player1_Car,94.00,274.216,3.362,793.095,14.260,7.93,1.00,4,1671.94,
Player2_Car,94.00,324.771,3.348,791.682,19.945,0.82,0.61,4,1722.65,
Player1_Car,94.02,274.479,3.361,793.219,14.545,7.69,1.00,4,1672.23,
Player2_Car,94.02,325.169,3.348,791.663,19.945,0.81,0.61,4,1723.05,
Player1_Car,94.04,274.750,3.359,793.342,14.871,6.99,1.00,4,1672.49,
Player2_Car,94.04,325.568,3.348,791.645,19.945,0.81,0.61,4,1723.45,
Player1_Car,94.06,275.026,3.359,793.465,15.135,7.16,1.00,4,1672.80,
Player2_Car,94.06,325.966,3.348,791.626,19.946,0.80,0.61,4,1723.85,
Player1_Car,94.08,275.309,3.359,793.588,15.432,7.43,1.00,4,1673.10,
Player2_Car,94.08,326.365,3.348,791.607,19.946,0.80,0.61,4,1724.25,
Player1_Car,94.10,275.599,3.358,793.710,15.726,7.38,1.00,4,1673.42,
Player2_Car,94.10,326.763,3.348,791.588,19.947,0.79,0.61,4,1724.65,
Player1_Car,94.12,275.891,3.370,793.826,15.747,6.54,1.00,4,1673.70,
Player2_Car,94.12,327.162,3.348,791.570,19.947,0.79,0.61,4,1725.05,
Player1_Car,94.14,276.192,3.379,793.943,16.122,6.37,1.00,4,1674.02,
Player2_Car,94.14,327.560,3.348,791.551,19.948,0.78,0.61,4,1725.44,
Player1_Car,94.16,276.500,3.386,794.062,16.505,6.70,1.00,4,1674.35,
Player2_Car,94.16,327.959,3.348,791.532,19.948,0.78,0.61,4,1725.84,
Player1_Car,94.18,276.816,3.389,794.180,16.886,6.80,0.97,4,1674.67,
Player2_Car,94.18,328.357,3.348,791.514,19.948,0.77,0.61,4,1726.24,
Player1_Car,94.20,277.140,3.389,794.297,17.241,6.76,0.93,4,1675.00,
Player2_Car,94.20,328.756,3.348,791.495,19.949,0.77,0.61,4,1726.64,
Player1_Car,94.22,277.473,3.387,794.411,17.578,6.67,0.89,4,1675.35,
Player2_Car,94.22,329.154,3.348,791.476,19.949,0.76,0.61,4,1727.04,
Player1_Car,94.24,277.811,3.383,794.524,17.855,6.96,0.86,4,1675.70,
Player2_Car,94.24,329.553,3.348,791.458,19.950,0.76,0.61,4,1727.44,
Player1_Car,94.26,278.156,3.376,794.635,18.121,6.89,0.83,4,1676.03,
Player2_Car,94.26,329.951,3.348,791.439,19.950,0.75,0.61,4,1727.84,
Player1_Car,94.28,278.507,3.368,794.743,18.360,6.69,0.80,4,1676.40,
Player2_Car,94.28,330.350,3.348,791.420,19.951,0.75,0.61,4,1728.24,
Player1_Car,94.30,278.864,3.357,794.849,18.579,6.61,0.77,4,1676.77,
Player2_Car,94.30,330.748,3.348,791.401,19.951,0.74,0.61,4,1728.64,
Player1_Car,94.32,279.221,3.352,794.951,18.563,7.18,0.77,4,1677.11,
Player2_Car,94.32,331.147,3.348,791.383,19.952,0.74,0.61,4,1729.04,
Player1_Car,94.34,279.578,3.351,795.049,18.541,7.41,0.78,4,1677.48,
Player2_Car,94.34,331.546,3.348,791.364,19.952,0.73,0.61,4,1729.43,
Player1_Car,94.36,279.939,3.350,795.143,18.636,6.64,0.76,4,1677.85,
Player2_Car,94.36,331.944,3.348,791.345,19.953,0.73,0.61,4,1729.83,
Player1_Car,94.38,280.303,3.349,795.233,18.763,5.91,0.75,4,1678.19,
Player2_Car,94.38,332.343,3.348,791.326,19.953,0.73,0.61,4,1730.23,
Player1_Car,94.40,280.669,3.349,795.322,18.858,6.11,0.74,4,1678.57,
Player2_Car,94.40,332.741,3.348,791.308,19.954,0.72,0.61,4,1730.63,
Player1_Car,94.42,281.038,3.349,795.408,18.963,6.40,0.72,4,1678.95,
Player2_Car,94.42,333.140,3.348,791.289,19.954,0.72,0.61,4,1731.03,
Player1_Car,94.44,281.410,3.349,795.491,19.066,6.21,0.71,4,1679.32,
Player2_Car,94.44,333.539,3.348,791.270,19.954,0.71,0.61,4,1731.43,
Player1_Car,94.46,281.785,3.349,795.570,19.135,5.94,0.70,4,1679.67,
Player2_Car,94.46,333.937,3.348,791.251,19.955,0.71,0.61,4,1731.83,
Player1_Car,94.48,282.161,3.349,795.645,19.211,5.78,0.69,4,1680.06,
Player2_Car,94.48,334.336,3.348,791.233,19.955,0.70,0.61,4,1732.23,
Player1_Car,94.50,282.540,3.348,795.718,19.289,5.69,0.69,4,1680.44,
Player2_Car,94.50,334.735,3.348,791.214,19.956,0.70,0.61,4,1732.63,
Player1_Car,94.52,282.921,3.348,795.788,19.345,5.66,0.68,4,1680.80,
Player2_Car,94.52,335.133,3.348,791.195,19.956,0.69,0.61,4,1733.03,
Player1_Car,94.54,283.303,3.348,795.855,19.402,5.52,0.67,4,1681.18,
Player2_Car,94.54,335.532,3.348,791.176,19.957,0.69,0.61,4,1733.43,
Player1_Car,94.56,283.687,3.348,795.918,19.456,5.35,0.67,4,1681.57,
Player2_Car,94.56,335.931,3.348,791.157,19.957,0.68,0.61,4,1733.82,
Player1_Car,94.58,284.072,3.348,795.978,19.502,5.20,0.66,4,1681.93,
Player2_Car,94.58,336.329,3.348,791.139,19.958,0.68,0.61,4,1734.22,
Player1_Car,94.60,284.459,3.348,796.036,19.546,5.10,0.65,4,1682.32,
Player2_Car,94.60,336.728,3.348,791.120,19.958,0.67,0.61,4,1734.62,
Player1_Car,94.62,284.847,3.348,796.090,19.586,5.00,0.65,4,1682.71,
Player2_Car,94.62,337.127,3.348,791.101,19.959,0.67,0.60,4,1735.02,
Player1_Car,94.64,285.236,3.348,796.142,19.624,4.87,0.65,4,1683.10,
Player2_Car,94.64,337.526,3.348,791.082,19.959,0.66,0.60,4,1735.42,
Player1_Car,94.66,285.626,3.348,796.191,19.656,4.73,0.64,4,1683.46,
Player2_Car,94.66,337.924,3.348,791.063,19.960,0.66,0.60,4,1735.82,
Player1_Car,94.68,286.017,3.348,796.237,19.686,4.61,0.64,4,1683.86,
Player2_Car,94.68,338.323,3.348,791.045,19.960,0.65,0.60,4,1736.22,
Player1_Car,94.70,286.409,3.348,796.280,19.714,4.50,0.63,4,1684.25,
Player2_Car,94.70,338.722,3.348,791.026,19.961,0.65,0.60,4,1736.62,
Player1_Car,94.72,286.801,3.348,796.321,19.740,4.37,0.63,4,1684.61,
Player2_Car,94.72,339.121,3.348,791.007,19.961,0.64,0.60,4,1737.02,
Player1_Car,94.74,287.195,3.348,796.359,19.764,4.26,0.63,4,1685.01,
Player2_Car,94.74,339.519,3.348,790.988,19.962,0.64,0.60,4,1737.42,
Player1_Car,94.76,287.589,3.348,796.395,19.785,4.15,0.63,4,1685.40,
Player2_Car,94.76,339.918,3.348,790.969,19.962,0.63,0.60,4,1737.82,
Player1_Car,94.78,287.983,3.348,796.429,19.804,4.04,0.62,4,1685.78,
Player2_Car,94.78,340.317,3.348,790.951,19.963,0.63,0.60,4,1738.22,
Player1_Car,94.80,288.379,3.348,796.460,19.822,3.93,0.62,4,1686.16,
Player2_Car,94.80,340.716,3.348,790.932,19.963,0.62,0.60,4,1738.61,
Player1_Car,94.82,288.774,3.348,796.489,19.838,3.82,0.62,4,1686.56,
Player2_Car,94.82,341.115,3.348,790.913,19.963,0.62,0.60,4,1739.01,
Player1_Car,94.84,289.170,3.348,796.517,19.853,3.73,0.62,4,1686.95,
Player2_Car,94.84,341.513,3.348,790.894,19.964,0.62,0.60,4,1739.41,
Player1_Car,94.86,289.567,3.348,796.542,19.867,3.62,0.62,4,1687.32,
Player2_Car,94.86,341.912,3.348,790.875,19.964,0.61,0.60,4,1739.81,
Player1_Car,94.88,289.964,3.348,796.565,19.879,3.52,0.61,4,1687.71,
Player2_Car,94.88,342.311,3.348,790.856,19.965,0.61,0.60,4,1740.21,
Player1_Car,94.90,290.361,3.348,796.586,19.890,3.43,0.61,4,1688.11,
Player2_Car,94.90,342.710,3.348,790.838,19.965,0.60,0.60,4,1740.61,
Player1_Car,94.92,290.759,3.348,796.605,19.901,3.35,0.61,4,1688.51,
Player2_Car,94.92,343.109,3.348,790.819,19.966,0.60,0.60,4,1741.01,
Player1_Car,94.94,291.156,3.348,796.623,19.910,3.25,0.61,4,1688.87,
Player2_Car,94.94,343.508,3.348,790.800,19.966,0.59,0.60,4,1741.41,
Player1_Car,94.96,291.554,3.348,796.639,19.919,3.16,0.61,4,1689.27,
Player2_Car,94.96,343.906,3.348,790.781,19.967,0.59,0.60,4,1741.81,
Player1_Car,94.98,291.953,3.348,796.653,19.926,3.08,0.61,4,1689.67,
Player2_Car,94.98,344.305,3.348,790.762,19.967,0.58,0.60,4,1742.21,
Player1_Car,95.00,292.351,3.348,796.666,19.934,3.00,0.61,4,1690.05,
Player2_Car,95.00,344.704,3.348,790.743,19.968,0.58,0.60,4,1742.61,
Player1_Car,95.02,292.750,3.348,796.677,19.940,2.92,0.61,4,1690.43,
Player2_Car,95.02,345.103,3.348,790.724,19.968,0.57,0.60,4,1743.01,
Player1_Car,95.04,293.149,3.348,796.687,19.946,2.84,0.61,4,1690.83,
Player2_Car,95.04,345.502,3.348,790.706,19.969,0.57,0.60,4,1743.41,
Player1_Car,95.06,293.548,3.348,796.695,19.952,2.77,0.61,4,1691.23,
Player2_Car,95.06,345.901,3.348,790.687,19.969,0.56,0.60,4,1743.81,
Player1_Car,95.08,293.947,3.348,796.702,19.957,2.70,0.61,4,1691.62,
Player2_Car,95.08,346.300,3.348,790.668,19.970,0.56,0.60,4,1744.21,
Player1_Car,95.10,294.346,3.348,796.708,19.962,2.63,0.60,4,1692.02,
Player2_Car,95.10,346.699,3.348,790.649,19.970,0.55,0.60,4,1744.60,
Player1_Car,95.12,294.745,3.348,796.712,19.966,2.56,0.60,4,1692.42,
Player2_Car,95.12,347.098,3.348,790.630,19.970,0.55,0.60,4,1745.00,
Player1_Car,95.14,295.145,3.348,796.716,19.970,2.50,0.60,4,1692.82,
Player2_Car,95.14,347.497,3.348,790.611,19.971,0.55,0.60,4,1745.40,
Player1_Car,95.16,295.544,3.348,796.718,19.973,2.44,0.60,4,1693.22,
Player2_Car,95.16,347.896,3.348,790.592,19.971,0.54,0.60,4,1745.80,
Player1_Car,95.18,295.944,3.348,796.719,19.977,2.38,0.60,4,1693.61,
Player2_Car,95.18,348.295,3.348,790.574,19.972,0.54,0.60,4,1746.20,
Player1_Car,95.20,296.343,3.348,796.720,19.980,2.32,0.60,4,1694.01,
Player2_Car,95.20,348.694,3.348,790.555,19.972,0.53,0.60,4,1746.60,
Player1_Car,95.22,296.743,3.348,796.719,19.982,2.27,0.60,4,1694.41,
Player2_Car,95.22,349.093,3.348,790.536,19.973,0.53,0.60,4,1747.00,
Player1_Car,95.24,297.143,3.348,796.717,19.985,2.21,0.60,4,1694.81,
Player2_Car,95.24,349.492,3.348,790.517,19.973,0.52,0.60,4,1747.40,
Player1_Car,95.26,297.542,3.348,796.715,19.987,2.16,0.60,4,1695.21,
Player2_Car,95.26,349.891,3.348,790.498,19.974,0.52,0.60,4,1747.80,
Player1_Car,95.28,297.942,3.348,796.711,19.990,2.11,0.60,4,1695.61,
Player2_Car,95.28,350.290,3.348,790.479,19.974,0.52,0.60,4,1748.20,
Player1_Car,95.30,298.342,3.348,796.707,19.992,2.06,0.60,4,1696.01,
Player2_Car,95.30,350.689,3.348,790.460,19.974,0.51,0.60,4,1748.60,
Player1_Car,95.32,298.742,3.348,796.702,19.993,2.02,0.60,4,1696.41,
Player2_Car,95.32,351.088,3.348,790.442,19.975,0.51,0.60,4,1749.00,
Player1_Car,95.34,299.142,3.348,796.696,19.995,1.98,0.60,4,1696.81,
Player2_Car,95.34,351.487,3.348,790.423,19.975,0.50,0.60,4,1749.40,
Player1_Car,95.36,299.541,3.348,796.690,19.997,1.93,0.60,4,1697.21,
Player2_Car,95.36,351.886,3.348,790.404,19.976,0.50,0.60,4,1749.80,
Player1_Car,95.38,299.941,3.348,796.683,19.998,1.89,0.60,4,1697.61,
Player2_Car,95.38,352.285,3.348,790.385,19.976,0.49,0.60,4,1750.20,
Player1_Car,95.40,300.341,3.348,796.675,20.000,1.85,0.60,4,1698.01,
Player2_Car,95.40,352.684,3.348,790.366,19.977,0.49,0.60,4,1750.60,
Player1_Car,95.42,300.741,3.348,796.667,20.001,1.82,0.60,4,1698.41,
Player2_Car,95.42,353.083,3.348,790.347,19.977,0.49,0.60,4,1751.00,
Player1_Car,95.44,301.141,3.348,796.658,20.002,1.78,0.60,4,1698.81,
Player2_Car,95.44,353.482,3.348,790.328,19.977,0.48,0.60,4,1751.40,
Player1_Car,95.46,301.541,3.348,796.649,20.003,1.75,0.60,4,1699.21,
Player2_Car,95.46,353.881,3.348,790.310,19.978,0.48,0.60,4,1751.79,
Player1_Car,95.48,301.941,3.348,796.639,20.004,1.72,0.60,4,1699.61,
Player2_Car,95.48,354.280,3.348,790.291,19.978,0.47,0.60,4,1752.19,
Player1_Car,95.50,302.341,3.348,796.628,20.005,1.68,0.60,4,1700.01,
Player2_Car,95.50,354.680,3.348,790.272,19.979,0.47,0.60,4,1752.59,
Player1_Car,95.52,302.741,3.348,796.617,20.006,1.65,0.60,4,1700.41,
Player2_Car,95.52,355.079,3.348,790.253,19.979,0.47,0.60,4,1752.99,
Player1_Car,95.54,303.141,3.348,796.606,20.007,1.63,0.60,4,1700.81,
Player2_Car,95.54,355.478,3.348,790.234,19.980,0.46,0.60,4,1753.39,
Player1_Car,95.56,303.541,3.348,796.594,20.007,1.60,0.60,4,1701.21,
Player2_Car,95.56,355.877,3.348,790.215,19.980,0.46,0.60,4,1753.79,
Player1_Car,95.58,303.941,3.348,796.582,20.008,1.57,0.60,4,1701.61,
Player2_Car,95.58,356.276,3.348,790.196,19.980,0.45,0.60,4,1754.19,
Player1_Car,95.60,304.341,3.348,796.569,20.009,1.55,0.60,4,1702.01,
Player2_Car,95.60,356.675,3.348,790.178,19.981,0.45,0.60,4,1754.59,
Player1_Car,95.62,304.741,3.348,796.557,20.009,1.52,0.60,4,1702.41,
Player2_Car,95.62,357.074,3.348,790.159,19.981,0.45,0.60,4,1754.99,
Player1_Car,95.64,305.141,3.348,796.543,20.010,1.50,0.60,4,1702.81,
Player2_Car,95.64,357.474,3.348,790.140,19.982,0.44,0.60,4,1755.39,
Player1_Car,95.66,305.541,3.348,796.530,20.011,1.48,0.60,4,1703.21,
Player2_Car,95.66,357.873,3.348,790.121,19.982,0.44,0.60,4,1755.79,
Player1_Car,95.68,305.941,3.348,796.516,20.011,1.46,0.60,4,1703.61,
Player2_Car,95.68,358.272,3.348,790.102,19.982,0.43,0.60,4,1756.19,
Player1_Car,95.70,306.341,3.348,796.502,20.012,1.44,0.60,4,1704.01,
Player2_Car,95.70,358.671,3.348,790.083,19.983,0.43,0.60,4,1756.59,
Player1_Car,95.72,306.741,3.348,796.487,20.012,1.42,0.60,4,1704.41,
Player2_Car,95.72,359.070,3.348,790.064,19.983,0.43,0.60,4,1756.99,
Player1_Car,95.74,307.141,3.348,796.473,20.012,1.41,0.60,4,1704.81,
Player2_Car,95.74,359.470,3.348,790.046,19.983,0.42,0.60,4,1757.39,
Player1_Car,95.76,307.541,3.348,796.458,20.013,1.39,0.60,4,1705.21,
Player2_Car,95.76,359.869,3.348,790.027,19.984,0.42,0.60,4,1757.79,
Player1_Car,95.78,307.940,3.348,796.443,20.013,1.37,0.60,4,1705.61,
Player2_Car,95.78,360.268,3.348,790.008,19.984,0.42,0.60,4,1758.19,
Player1_Car,95.80,308.340,3.348,796.427,20.013,1.36,0.60,4,1706.01,
Player2_Car,95.80,360.667,3.348,789.989,19.985,0.41,0.60,4,1758.59,
Player1_Car,95.82,308.740,3.348,796.412,20.014,1.34,0.60,4,1706.41,
Player2_Car,95.82,361.067,3.348,789.970,19.985,0.41,0.60,4,1758.99,
Player1_Car,95.84,309.140,3.348,796.396,20.014,1.33,0.60,4,1706.81,
Player2_Car,95.84,361.466,3.348,789.951,19.985,0.41,0.60,4,1759.39,
Player1_Car,95.86,309.540,3.348,796.380,20.014,1.32,0.60,4,1707.21,
Player2_Car,95.86,361.865,3.348,789.932,19.986,0.40,0.60,4,1759.79,
Player1_Car,95.88,309.940,3.348,796.364,20.014,1.30,0.60,4,1707.61,
Player2_Car,95.88,362.264,3.348,789.914,19.986,0.40,0.60,4,1760.19,
Player1_Car,95.90,310.340,3.348,796.348,20.015,1.29,0.60,4,1708.01,
Player2_Car,95.90,362.664,3.348,789.895,19.986,0.39,0.60,4,1760.59,
Player1_Car,95.92,310.740,3.348,796.331,20.015,1.28,0.60,4,1708.41,
Player2_Car,95.92,363.063,3.348,789.876,19.987,0.39,0.60,4,1760.99,
Player1_Car,95.94,311.140,3.348,796.315,20.015,1.27,0.60,4,1708.81,
Player2_Car,95.94,363.462,3.348,789.857,19.987,0.39,0.60,4,1761.39,
Player1_Car,95.96,311.540,3.348,796.298,20.015,1.26,0.60,4,1709.21,
Player2_Car,95.96,363.861,3.348,789.838,19.988,0.38,0.60,4,1761.79,
Player1_Car,95.98,311.940,3.348,796.281,20.015,1.25,0.60,4,1709.61,
Player2_Car,95.98,364.261,3.348,789.819,19.988,0.38,0.60,4,1762.19,
Player1_Car,96.00,312.340,3.348,796.264,20.015,1.24,0.60,4,1710.01,
Player2_Car,96.00,364.660,3.348,789.800,19.988,0.38,0.60,4,1762.59,
Player1_Car,96.02,312.740,3.348,796.247,20.016,1.23,0.60,4,1710.41,
Player2_Car,96.02,365.059,3.348,789.781,19.989,0.37,0.60,4,1762.99,
Player1_Car,96.04,313.140,3.348,796.230,20.016,1.23,0.60,4,1710.82,
Player2_Car,96.04,365.459,3.348,789.763,19.989,0.37,0.60,4,1763.38,
Player1_Car,96.06,313.540,3.348,796.213,20.016,1.22,0.60,4,1711.22,
Player2_Car,96.06,365.858,3.348,789.744,19.989,0.37,0.60,4,1763.78,
Player1_Car,96.08,313.940,3.348,796.195,20.016,1.21,0.60,4,1711.62,
Player2_Car,96.08,366.257,3.348,789.725,19.990,0.36,0.60,4,1764.18,
Player1_Car,96.10,314.340,3.348,796.178,20.016,1.20,0.60,4,1712.02,
Player2_Car,96.10,366.657,3.348,789.706,19.990,0.36,0.60,4,1764.58,
Player1_Car,96.12,314.740,3.348,796.160,20.017,1.20,0.60,4,1712.42,
Player2_Car,96.12,367.056,3.348,789.687,19.990,0.36,0.60,4,1764.98,
Player1_Car,96.14,315.140,3.348,796.143,20.017,1.19,0.60,4,1712.82,
Player2_Car,96.14,367.455,3.348,789.669,19.991,0.36,0.60,4,1765.38,
Player1_Car,96.16,315.539,3.348,796.125,20.017,1.18,0.60,4,1713.22,
Player2_Car,96.16,367.855,3.348,789.650,19.991,0.35,0.60,4,1765.78,
Player1_Car,96.18,315.939,3.348,796.107,20.017,1.18,0.60,4,1713.62,
Player2_Car,96.18,368.254,3.348,789.631,19.991,0.35,0.60,4,1766.18,
Player1_Car,96.20,316.339,3.348,796.089,20.017,1.18,0.60,4,1714.02,
Player2_Car,96.20,368.654,3.348,789.612,19.992,0.35,0.60,4,1766.58,
Player1_Car,96.22,316.739,3.348,796.071,20.017,1.17,0.60,4,1714.42,
Player2_Car,96.22,369.053,3.348,789.593,19.992,0.34,0.60,4,1766.98,
Player1_Car,96.24,317.139,3.348,796.053,20.017,1.17,0.60,4,1714.82,
Player2_Car,96.24,369.452,3.348,789.575,19.992,0.34,0.60,4,1767.38,
Player1_Car,96.26,317.539,3.348,796.035,20.017,1.16,0.60,4,1715.22,
Player2_Car,96.26,369.852,3.348,789.556,19.992,0.34,0.60,4,1767.78,
Player1_Car,96.28,317.939,3.348,796.017,20.017,1.16,0.60,4,1715.62,
Player2_Car,96.28,370.251,3.348,789.537,19.993,0.34,0.60,4,1768.18,
Player1_Car,96.30,318.339,3.348,795.999,20.017,1.15,0.60,4,1716.02,
Player2_Car,96.30,370.651,3.348,789.518,19.993,0.33,0.60,4,1768.58,
Player1_Car,96.32,318.739,3.348,795.981,20.017,1.15,0.60,4,1716.42,
Player2_Car,96.32,371.050,3.348,789.499,19.993,0.33,0.60,4,1768.98,
Player1_Car,96.34,319.139,3.348,795.963,20.017,1.15,0.60,4,1716.82,
Player2_Car,96.34,371.449,3.348,789.481,19.994,0.33,0.60,4,1769.38,
Player1_Car,96.36,319.539,3.348,795.945,20.017,1.14,0.60,4,1717.22,
Player2_Car,96.36,371.849,3.348,789.462,19.994,0.33,0.60,4,1769.78,
Player1_Car,96.38,319.939,3.348,795.927,20.017,1.14,0.60,4,1717.62,
Player2_Car,96.38,372.248,3.348,789.443,19.994,0.32,0.60,4,1770.18,
Player1_Car,96.40,320.339,3.348,795.908,20.017,1.14,0.60,4,1718.02,
Player2_Car,96.40,372.648,3.348,789.424,19.995,0.32,0.60,4,1770.58,
Player1_Car,96.42,320.739,3.348,795.890,20.017,1.14,0.60,4,1718.42,
Player2_Car,96.42,373.047,3.348,789.405,19.995,0.32,0.60,4,1770.98,
Player1_Car,96.44,321.139,3.348,795.872,20.017,1.13,0.60,4,1718.82,
Player2_Car,96.44,373.447,3.348,789.387,19.995,0.31,0.60,4,1771.38,
Player1_Car,96.46,321.538,3.348,795.854,20.017,1.13,0.60,4,1719.22,
Player2_Car,96.46,373.846,3.348,789.368,19.995,0.31,0.60,4,1771.78,
Player1_Car,96.48,321.938,3.348,795.835,20.017,1.13,0.60,4,1719.62,
Player2_Car,96.48,374.245,3.348,789.349,19.996,0.31,0.60,4,1772.18,
Player1_Car,96.50,322.338,3.348,795.817,20.018,1.12,0.60,4,1720.02,
Player2_Car,96.50,374.645,3.348,789.330,19.996,0.31,0.60,4,1772.58,
Player1_Car,96.52,322.738,3.348,795.798,20.018,1.12,0.60,4,1720.42,
Player2_Car,96.52,375.044,3.348,789.311,19.996,0.30,0.60,4,1772.98,
Player1_Car,96.54,323.138,3.348,795.780,20.018,1.12,0.60,4,1720.82,
Player2_Car,96.54,375.444,3.348,789.293,19.996,0.30,0.60,4,1773.38,
Player1_Car,96.56,323.538,3.348,795.762,20.018,1.12,0.60,4,1721.22,
Player2_Car,96.56,375.843,3.348,789.274,19.997,0.30,0.60,4,1773.78,
Player1_Car,96.58,323.938,3.348,795.743,20.018,1.11,0.60,4,1721.63,
Player2_Car,96.58,376.243,3.348,789.255,19.997,0.30,0.60,4,1774.18,
Player1_Car,96.60,324.338,3.348,795.725,20.018,1.11,0.60,4,1722.03,
Player2_Car,96.60,376.642,3.348,789.236,19.997,0.29,0.60,4,1774.58,
Player1_Car,96.62,324.738,3.348,795.706,20.018,1.11,0.60,4,1722.43,
Player2_Car,96.62,377.042,3.348,789.217,19.997,0.29,0.60,4,1774.98,
Player1_Car,96.64,325.138,3.348,795.688,20.018,1.10,0.60,4,1722.83,
Player2_Car,96.64,377.441,3.348,789.199,19.998,0.29,0.60,4,1775.38,
Player1_Car,96.66,325.538,3.348,795.669,20.018,1.10,0.60,4,1723.23,
Player2_Car,96.66,377.841,3.348,789.180,19.998,0.29,0.60,4,1775.78,
Player1_Car,96.68,325.938,3.348,795.651,20.018,1.10,0.60,4,1723.63,
Player2_Car,96.68,378.240,3.348,789.161,19.998,0.28,0.60,4,1776.18,
Player1_Car,96.70,326.338,3.348,795.632,20.018,1.09,0.60,4,1724.03,
Player2_Car,96.70,378.640,3.348,789.142,19.998,0.28,0.60,4,1776.58,
Player1_Car,96.72,326.738,3.348,795.614,20.018,1.09,0.60,4,1724.43,
Player2_Car,96.72,379.039,3.348,789.123,19.999,0.28,0.60,4,1776.98,
Player1_Car,96.74,327.138,3.348,795.595,20.018,1.08,0.60,4,1724.83,
Player2_Car,96.74,379.439,3.348,789.105,19.999,0.28,0.60,4,1777.38,
Player1_Car,96.76,327.537,3.348,795.576,20.018,1.07,0.60,4,1725.23,
Player2_Car,96.76,379.838,3.348,789.086,19.999,0.27,0.60,4,1777.78,
Player1_Car,96.78,327.937,3.348,795.558,20.018,1.07,0.60,4,1725.63,
Player2_Car,96.78,380.238,3.348,789.067,19.999,0.27,0.60,4,1778.18,
Player1_Car,96.80,328.337,3.348,795.539,20.018,1.06,0.60,4,1726.03,
Player2_Car,96.80,380.638,3.348,789.048,20.000,0.27,0.60,4,1778.58,
Player1_Car,96.82,328.737,3.348,795.521,20.018,1.06,0.60,4,1726.43,
Player2_Car,96.82,381.037,3.348,789.029,20.000,0.27,0.60,4,1778.98,
Player1_Car,96.84,329.137,3.348,795.502,20.018,1.05,0.60,4,1726.83,
Player2_Car,96.84,381.437,3.348,789.011,20.000,0.27,0.60,4,1779.38,
Player1_Car,96.86,329.537,3.348,795.483,20.018,1.05,0.60,4,1727.23,
Player2_Car,96.86,381.836,3.348,788.992,20.000,0.26,0.60,4,1779.78,
Player1_Car,96.88,329.937,3.348,795.465,20.018,1.04,0.60,4,1727.63,
Player2_Car,96.88,382.236,3.348,788.973,20.001,0.26,0.60,4,1780.18,
Player1_Car,96.90,330.337,3.348,795.446,20.019,1.03,0.60,4,1728.03,
Player2_Car,96.90,382.635,3.348,788.954,20.001,0.26,0.60,4,1780.58,
Player1_Car,96.92,330.737,3.348,795.427,20.019,1.03,0.60,4,1728.43,
Player2_Car,96.92,383.035,3.348,788.935,20.001,0.26,0.60,4,1780.98,
Player1_Car,96.94,331.137,3.348,795.409,20.019,1.02,0.60,4,1728.83,
Player2_Car,96.94,383.434,3.348,788.917,20.001,0.25,0.60,4,1781.38,
Player1_Car,96.96,331.537,3.348,795.390,20.019,1.02,0.60,4,1729.23,
Player2_Car,96.96,383.834,3.348,788.898,20.001,0.25,0.60,4,1781.78,
Player1_Car,96.98,331.937,3.348,795.371,20.019,1.01,0.60,4,1729.63,
Player2_Car,96.98,384.234,3.348,788.879,20.002,0.25,0.60,4,1782.18,
Player1_Car,97.00,332.337,3.348,795.352,20.019,1.00,0.60,4,1730.03,
Player2_Car,97.00,384.633,3.348,788.861,20.002,0.25,0.60,4,1782.58,
Player1_Car,97.02,332.737,3.348,795.334,20.019,1.00,0.60,4,1730.43,
Player2_Car,97.02,385.033,3.348,788.842,20.002,0.25,0.60,4,1782.98,
Player1_Car,97.04,333.137,3.348,795.315,20.019,0.99,0.60,4,1730.83,
Player2_Car,97.04,385.432,3.348,788.823,20.002,0.25,0.60,4,1783.38,
Player1_Car,97.06,333.536,3.348,795.296,20.019,0.98,0.60,4,1731.23,
Player2_Car,97.06,385.832,3.348,788.804,20.003,0.24,0.60,4,1783.78,
Player1_Car,97.08,333.936,3.348,795.277,20.019,0.98,0.60,4,1731.63,
Player2_Car,97.08,386.232,3.348,788.786,20.003,0.24,0.60,4,1784.18,
Player1_Car,97.10,334.336,3.348,795.259,20.019,0.97,0.60,4,1732.03,
Player2_Car,97.10,386.631,3.348,788.767,20.003,0.24,0.60,4,1784.58,
Player1_Car,97.12,334.736,3.348,795.240,20.019,0.96,0.60,4,1732.44,
Player2_Car,97.12,387.031,3.348,788.748,20.003,0.24,0.60,4,1784.98,
Player1_Car,97.14,335.136,3.348,795.221,20.020,0.96,0.60,4,1732.84,
Player2_Car,97.14,387.430,3.348,788.729,20.003,0.24,0.60,4,1785.38,
Player1_Car,97.16,335.536,3.348,795.202,20.020,0.95,0.60,4,1733.24,
Player2_Car,97.16,387.830,3.348,788.711,20.004,0.24,0.60,4,1785.78,
Player1_Car,97.18,335.936,3.348,795.183,20.020,0.95,0.60,4,1733.64,
Player2_Car,97.18,388.230,3.348,788.692,20.004,0.23,0.60,4,1786.18,
Player1_Car,97.20,336.336,3.348,795.165,20.020,0.94,0.60,4,1734.04,
Player2_Car,97.20,388.629,3.348,788.673,20.004,0.23,0.60,4,1786.58,
Player1_Car,97.22,336.736,3.348,795.146,20.020,0.93,0.60,4,1734.44,
Player2_Car,97.22,389.029,3.348,788.654,20.004,0.23,0.60,4,1786.98,
Player1_Car,97.24,337.136,3.348,795.127,20.020,0.93,0.60,4,1734.84,
Player2_Car,97.24,389.429,3.348,788.636,20.004,0.23,0.60,4,1787.38,
Player1_Car,97.26,337.536,3.348,795.108,20.020,0.92,0.60,4,1735.24,
Player2_Car,97.26,389.828,3.348,788.617,20.004,0.23,0.60,4,1787.78,
Player1_Car,97.28,337.936,3.348,795.089,20.020,0.91,0.60,4,1735.64,
Player2_Car,97.28,390.228,3.348,788.598,20.005,0.23,0.60,4,1788.18,
Player1_Car,97.30,338.336,3.348,795.070,20.020,0.91,0.60,4,1736.04,
Player2_Car,97.30,390.627,3.348,788.579,20.005,0.22,0.60,4,1788.58,
Player1_Car,97.32,338.736,3.348,795.051,20.020,0.90,0.60,4,1736.44,
Player2_Car,97.32,391.027,3.348,788.561,20.005,0.22,0.60,4,1788.98,
Player1_Car,97.34,339.136,3.348,795.033,20.020,0.89,0.60,4,1736.84,
Player2_Car,97.34,391.427,3.348,788.542,20.005,0.22,0.60,4,1789.38,
Player1_Car,97.36,339.536,3.348,795.014,20.020,0.89,0.60,4,1737.24,
Player2_Car,97.36,391.826,3.348,788.523,20.005,0.22,0.60,4,1789.78,
Player1_Car,97.38,339.936,3.348,794.995,20.021,0.88,0.60,4,1737.64,
Player2_Car,97.38,392.226,3.348,788.505,20.005,0.22,0.60,4,1790.18,
Player1_Car,97.40,340.336,3.348,794.976,20.021,0.87,0.60,4,1738.04,
Player2_Car,97.40,392.626,3.348,788.486,20.006,0.22,0.60,4,1790.58,
Player1_Car,97.42,340.736,3.348,794.957,20.021,0.86,0.60,4,1738.44,
Player2_Car,97.42,393.025,3.348,788.467,20.006,0.21,0.60,4,1790.98,
Player1_Car,97.44,341.136,3.348,794.938,20.021,0.86,0.60,4,1738.84,
Player2_Car,97.44,393.425,3.348,788.448,20.006,0.21,0.60,4,1791.38,
Player1_Car,97.46,341.536,3.348,794.919,20.021,0.85,0.60,4,1739.24,
Player2_Car,97.46,393.825,3.348,788.430,20.006,0.21,0.60,4,1791.78,
Player1_Car,97.48,341.936,3.348,794.900,20.021,0.84,0.60,4,1739.64,
Player2_Car,97.48,394.224,3.348,788.411,20.006,0.21,0.60,4,1792.18,
Player1_Car,97.50,342.335,3.348,794.881,20.021,0.84,0.60,4,1740.04,
Player2_Car,97.50,394.624,3.348,788.392,20.006,0.21,0.60,4,1792.58,
Player1_Car,97.52,342.735,3.348,794.862,20.021,0.83,0.60,4,1740.44,
Player2_Car,97.52,395.024,3.348,788.373,20.007,0.21,0.60,4,1792.98,
Player1_Car,97.54,343.135,3.348,794.843,20.021,0.82,0.60,4,1740.84,
Player2_Car,97.54,395.424,3.348,788.355,20.007,0.20,0.60,4,1793.38,
Player1_Car,97.56,343.535,3.348,794.824,20.021,0.82,0.60,4,1741.24,
Player2_Car,97.56,395.823,3.348,788.336,20.007,0.20,0.60,4,1793.78,
Player1_Car,97.58,343.935,3.348,794.805,20.021,0.81,0.60,4,1741.64,
Player2_Car,97.58,396.223,3.348,788.317,20.007,0.20,0.60,4,1794.18,
Player1_Car,97.60,344.335,3.348,794.786,20.021,0.80,0.60,4,1742.05,
Player2_Car,97.60,396.623,3.348,788.298,20.007,0.20,0.60,4,1794.58,
Player1_Car,97.62,344.735,3.348,794.767,20.022,0.80,0.60,4,1742.45,
Player2_Car,97.62,397.022,3.348,788.280,20.007,0.20,0.60,4,1794.98,
Player1_Car,97.64,345.135,3.348,794.748,20.022,0.79,0.60,4,1742.85,
Player2_Car,97.64,397.422,3.348,788.261,20.007,0.20,0.60,4,1795.38,
Player1_Car,97.66,345.535,3.348,794.729,20.022,0.78,0.60,4,1743.25,
Player2_Car,97.66,397.822,3.348,788.242,20.008,0.20,0.60,4,1795.78,
Player1_Car,97.68,345.935,3.348,794.710,20.022,0.78,0.60,4,1743.65,
Player2_Car,97.68,398.221,3.348,788.224,20.008,0.20,0.60,4,1796.18,
Player1_Car,97.70,346.335,3.348,794.692,20.022,0.77,0.60,4,1744.05,
Player2_Car,97.70,398.621,3.348,788.205,20.008,0.19,0.60,4,1796.58,
Player1_Car,97.72,346.735,3.348,794.673,20.022,0.76,0.60,4,1744.45,
Player2_Car,97.72,399.021,3.348,788.186,20.008,0.19,0.60,4,1796.98,
Player1_Car,97.74,347.135,3.348,794.654,20.022,0.75,0.60,4,1744.85,
Player2_Car,97.74,399.421,3.348,788.168,20.008,0.19,0.60,4,1797.38,
Player1_Car,97.76,347.535,3.348,794.635,20.022,0.75,0.60,4,1745.25,
Player2_Car,97.76,399.820,3.348,788.149,20.008,0.19,0.60,4,1797.78,
Player1_Car,97.78,347.935,3.348,794.616,20.022,0.74,0.60,4,1745.65,
Player2_Car,97.78,400.220,3.348,788.130,20.008,0.19,0.60,4,1798.18,
Player1_Car,97.80,348.335,3.348,794.597,20.022,0.73,0.60,4,1746.05,
Player2_Car,97.80,400.620,3.348,788.112,20.009,0.19,0.60,4,1798.58,
Player1_Car,97.82,348.735,3.348,794.578,20.022,0.73,0.60,4,1746.45,
Player2_Car,97.82,401.019,3.348,788.093,20.009,0.19,0.60,4,1798.99,
Player1_Car,97.84,349.135,3.348,794.559,20.022,0.72,0.60,4,1746.85,
Player2_Car,97.84,401.419,3.348,788.074,20.009,0.19,0.60,4,1799.39,
Player1_Car,97.86,349.535,3.348,794.540,20.023,0.71,0.60,4,1747.25,
Player2_Car,97.86,401.819,3.348,788.056,20.009,0.19,0.60,4,1799.79,
Player1_Car,97.88,349.935,3.348,794.520,20.023,0.71,0.60,4,1747.65,
Player2_Car,97.88,402.219,3.348,788.037,20.009,0.19,0.60,4,1800.19,
Player1_Car,97.90,350.335,3.348,794.501,20.023,0.70,0.60,4,1748.05,
Player2_Car,97.90,402.618,3.348,788.018,20.009,0.18,0.60,4,1800.59,
Player1_Car,97.92,350.735,3.348,794.482,20.023,0.69,0.60,4,1748.45,
Player2_Car,97.92,403.018,3.348,788.000,20.009,0.18,0.60,4,1800.99,
Player1_Car,97.94,351.135,3.348,794.463,20.023,0.69,0.60,4,1748.85,
Player2_Car,97.94,403.418,3.348,787.981,20.009,0.18,0.60,4,1801.39,
Player1_Car,97.96,351.535,3.348,794.444,20.023,0.68,0.60,4,1749.25,
Player2_Car,97.96,403.818,3.348,787.962,20.009,0.18,0.60,4,1801.79,
Player1_Car,97.98,351.935,3.348,794.425,20.023,0.67,0.60,4,1749.65,
Player2_Car,97.98,404.217,3.348,787.944,20.010,0.18,0.60,4,1802.19,
Player1_Car,98.00,352.335,3.348,794.406,20.023,0.66,0.60,4,1750.05,
Player2_Car,98.00,404.617,3.348,787.925,20.010,0.18,0.60,4,1802.59,
Player1_Car,98.02,352.735,3.348,794.387,20.023,0.66,0.60,4,1750.45,
Player2_Car,98.02,405.017,3.348,787.906,20.010,0.18,0.60,4,1802.99,
Player1_Car,98.04,353.135,3.348,794.368,20.023,0.65,0.60,4,1750.85,
Player2_Car,98.04,405.417,3.348,787.888,20.010,0.18,0.60,4,1803.39,
Player1_Car,98.06,353.535,3.348,794.349,20.023,0.64,0.60,4,1751.25,
Player2_Car,98.06,405.816,3.348,787.869,20.010,0.18,0.60,4,1803.79,
Player1_Car,98.08,353.935,3.348,794.330,20.023,0.64,0.60,4,1751.66,
Player2_Car,98.08,406.216,3.348,787.850,20.010,0.18,0.60,4,1804.19,
Player1_Car,98.10,354.335,3.348,794.311,20.023,0.63,0.60,4,1752.06,
Player2_Car,98.10,406.616,3.348,787.832,20.010,0.17,0.60,4,1804.59,
Player1_Car,98.12,354.735,3.348,794.292,20.024,0.62,0.60,4,1752.46,
Player2_Car,98.12,407.016,3.348,787.813,20.010,0.17,0.60,4,1804.99,
Player1_Car,98.14,355.135,3.348,794.273,20.024,0.62,0.60,4,1752.86,
Player2_Car,98.14,407.415,3.348,787.794,20.010,0.17,0.60,4,1805.39,
Player1_Car,98.16,355.535,3.348,794.254,20.024,0.61,0.60,4,1753.26,
Player2_Car,98.16,407.815,3.348,787.776,20.010,0.17,0.60,4,1805.79,
Player1_Car,98.18,355.935,3.348,794.235,20.024,0.60,0.60,4,1753.66,
Player2_Car,98.18,408.215,3.348,787.757,20.011,0.17,0.60,4,1806.19,
Player1_Car,98.20,356.335,3.348,794.216,20.024,0.60,0.60,4,1754.06,
Player2_Car,98.20,408.615,3.348,787.738,20.011,0.17,0.60,4,1806.59,
Player1_Car,98.22,356.735,3.348,794.197,20.024,0.59,0.60,4,1754.46,
Player2_Car,98.22,409.014,3.348,787.719,20.011,0.17,0.60,4,1806.99,
Player1_Car,98.24,357.135,3.348,794.178,20.024,0.59,0.60,4,1754.86,
Player2_Car,98.24,409.414,3.348,787.701,20.011,0.17,0.60,4,1807.39,
Player1_Car,98.26,357.535,3.348,794.159,20.024,0.58,0.60,4,1755.26,
Player2_Car,98.26,409.814,3.348,787.682,20.011,0.17,0.60,4,1807.79,
Player1_Car,98.28,357.935,3.348,794.140,20.024,0.57,0.60,4,1755.66,
Player2_Car,98.28,410.214,3.348,787.663,20.011,0.17,0.60,4,1808.19,
Player1_Car,98.30,358.335,3.348,794.121,20.024,0.57,0.60,4,1756.06,
Player2_Car,98.30,410.614,3.348,787.645,20.011,0.17,0.60,4,1808.59,
Player1_Car,98.32,358.736,3.348,794.102,20.024,0.56,0.60,4,1756.46,
Player2_Car,98.32,411.013,3.348,787.626,20.011,0.16,0.60,4,1808.99,
Player1_Car,98.34,359.136,3.348,794.083,20.024,0.55,0.60,4,1756.86,
Player2_Car,98.34,411.413,3.348,787.607,20.011,0.16,0.60,4,1809.39,
Player1_Car,98.36,359.536,3.348,794.063,20.024,0.55,0.60,4,1757.26,
Player2_Car,98.36,411.813,3.348,787.589,20.011,0.16,0.60,4,1809.79,
Player1_Car,98.38,359.936,3.348,794.044,20.024,0.54,0.60,4,1757.66,
Player2_Car,98.38,412.213,3.348,787.570,20.011,0.16,0.60,4,1810.19,
Player1_Car,98.40,360.336,3.348,794.025,20.024,0.53,0.60,4,1758.06,
Player2_Car,98.40,412.612,3.348,787.551,20.012,0.16,0.60,4,1810.59,
Player1_Car,98.42,360.736,3.348,794.006,20.024,0.53,0.60,4,1758.46,
Player2_Car,98.42,413.012,3.348,787.533,20.012,0.16,0.60,4,1810.99,
Player1_Car,98.44,361.136,3.348,793.987,20.025,0.52,0.60,4,1758.86,
Player2_Car,98.44,413.412,3.348,787.514,20.012,0.16,0.60,4,1811.39,
Player1_Car,98.46,361.536,3.348,793.968,20.025,0.51,0.60,4,1759.26,
Player2_Car,98.46,413.812,3.348,787.496,20.012,0.16,0.60,4,1811.79,
Player1_Car,98.48,361.936,3.348,793.949,20.025,0.51,0.60,4,1759.66,
Player2_Car,98.48,414.212,3.348,787.477,20.012,0.16,0.60,4,1812.19,
Player1_Car,98.50,362.336,3.348,793.930,20.025,0.50,0.60,4,1760.06,
Player2_Car,98.50,414.611,3.348,787.458,20.012,0.16,0.60,4,1812.59,
Player1_Car,98.52,362.736,3.348,793.911,20.025,0.49,0.60,4,1760.46,
Player2_Car,98.52,415.011,3.348,787.440,20.012,0.16,0.60,4,1812.99,
Player1_Car,98.54,363.136,3.348,793.892,20.025,0.49,0.60,4,1760.86,
Player2_Car,98.54,415.411,3.348,787.421,20.012,0.16,0.60,4,1813.39,
Player1_Car,98.56,363.536,3.348,793.873,20.025,0.48,0.60,4,1761.26,
Player2_Car,98.56,415.811,3.348,787.403,20.012,0.16,0.60,4,1813.79,
Player1_Car,98.58,363.936,3.348,793.854,20.025,0.47,0.60,4,1761.67,
Player2_Car,98.58,416.211,3.348,787.384,20.012,0.16,0.60,4,1814.19,
Player1_Car,98.60,364.336,3.348,793.835,20.025,0.47,0.60,4,1762.07,
Player2_Car,98.60,416.610,3.348,787.365,20.012,0.16,0.60,4,1814.59,
Player1_Car,98.62,364.736,3.348,793.815,20.025,0.46,0.60,4,1762.47,
Player2_Car,98.62,417.010,3.348,787.347,20.012,0.16,0.60,4,1814.99,
Player1_Car,98.64,365.136,3.348,793.796,20.025,0.46,0.60,4,1762.87,
Player2_Car,98.64,417.410,3.348,787.328,20.012,0.16,0.60,4,1815.39,
Player1_Car,98.66,365.536,3.348,793.777,20.025,0.45,0.60,4,1763.27,
Player2_Car,98.66,417.810,3.348,787.309,20.012,0.16,0.60,4,1815.79,
Player1_Car,98.68,365.936,3.348,793.758,20.025,0.45,0.60,4,1763.67,
Player2_Car,98.68,418.210,3.348,787.291,20.012,0.16,0.60,4,1816.19,
Player1_Car,98.70,366.336,3.348,793.739,20.025,0.44,0.60,4,1764.07,
Player2_Car,98.70,418.609,3.348,787.272,20.013,0.15,0.60,4,1816.59,
Player1_Car,98.72,366.736,3.348,793.720,20.025,0.43,0.60,4,1764.47,
Player2_Car,98.72,419.009,3.348,787.254,20.013,0.15,0.60,4,1816.99,
Player1_Car,98.74,367.136,3.348,793.701,20.025,0.43,0.60,4,1764.87,
Player2_Car,98.74,419.409,3.348,787.235,20.013,0.15,0.60,4,1817.39,
Player1_Car,98.76,367.536,3.348,793.682,20.025,0.42,0.60,4,1765.27,
Player2_Car,98.76,419.809,3.348,787.216,20.013,0.15,0.60,4,1817.79,
Player1_Car,98.78,367.936,3.348,793.663,20.025,0.41,0.60,4,1765.67,
Player2_Car,98.78,420.209,3.348,787.198,20.013,0.15,0.60,4,1818.19,
Player1_Car,98.80,368.336,3.348,793.644,20.025,0.41,0.60,4,1766.07,
Player2_Car,98.80,420.609,3.348,787.179,20.013,0.15,0.60,4,1818.59,
Player1_Car,98.82,368.737,3.348,793.625,20.025,0.40,0.60,4,1766.47,
Player2_Car,98.82,421.008,3.348,787.161,20.013,0.15,0.60,4,1818.99,
Player1_Car,98.84,369.137,3.348,793.606,20.026,0.40,0.60,4,1766.87,
Player2_Car,98.84,421.408,3.348,787.142,20.013,0.15,0.60,4,1819.40,
Player1_Car,98.86,369.537,3.348,793.587,20.026,0.39,0.60,4,1767.27,
Player2_Car,98.86,421.808,3.348,787.123,20.013,0.15,0.60,4,1819.80,
Player1_Car,98.88,369.937,3.348,793.568,20.026,0.39,0.60,4,1767.67,
Player2_Car,98.88,422.208,3.348,787.105,20.013,0.15,0.60,4,1820.20,
Player1_Car,98.90,370.337,3.348,793.549,20.026,0.38,0.60,4,1768.07,
Player2_Car,98.90,422.608,3.348,787.086,20.013,0.15,0.60,4,1820.60,
Player1_Car,98.92,370.737,3.348,793.530,20.026,0.38,0.60,4,1768.47,
Player2_Car,98.92,423.007,3.348,787.067,20.013,0.15,0.60,4,1821.00,
Player1_Car,98.94,371.137,3.348,793.511,20.026,0.37,0.60,4,1768.87,
Player2_Car,98.94,423.407,3.348,787.049,20.013,0.15,0.60,4,1821.40,
Player1_Car,98.96,371.537,3.348,793.492,20.026,0.36,0.60,4,1769.28,
Player2_Car,98.96,423.807,3.348,787.030,20.013,0.15,0.60,4,1821.80,
Player1_Car,98.98,371.937,3.348,793.473,20.026,0.36,0.60,4,1769.68,
Player2_Car,98.98,424.207,3.348,787.012,20.013,0.15,0.60,4,1822.20,
Player1_Car,99.00,372.337,3.348,793.454,20.026,0.35,0.60,4,1770.08,
Player2_Car,99.00,424.607,3.348,786.993,20.013,0.15,0.60,4,1822.60,
Player1_Car,99.02,372.737,3.348,793.434,20.026,0.35,0.60,4,1770.48,
Player2_Car,99.02,425.006,3.348,786.974,20.013,0.15,0.60,4,1823.00,
Player1_Car,99.04,373.137,3.348,793.415,20.026,0.34,0.60,4,1770.88,
Player2_Car,99.04,425.406,3.348,786.956,20.013,0.15,0.60,4,1823.40,
Player1_Car,99.06,373.537,3.348,793.396,20.026,0.34,0.60,4,1771.28,
Player2_Car,99.06,425.806,3.348,786.937,20.013,0.15,0.60,4,1823.80,
Player1_Car,99.08,373.937,3.348,793.377,20.026,0.33,0.60,4,1771.68,
Player2_Car,99.08,426.206,3.348,786.919,20.013,0.15,0.60,4,1824.20,
Player1_Car,99.10,374.337,3.348,793.358,20.026,0.32,0.60,4,1772.08,
Player2_Car,99.10,426.606,3.348,786.900,20.013,0.15,0.60,4,1824.60,
Player1_Car,99.12,374.737,3.348,793.339,20.026,0.32,0.60,4,1772.48,
Player2_Car,99.12,427.006,3.348,786.881,20.013,0.15,0.60,4,1825.00,
Player1_Car,99.14,375.137,3.348,793.320,20.026,0.31,0.60,4,1772.88,
Player2_Car,99.14,427.405,3.348,786.863,20.013,0.15,0.60,4,1825.40,
Player1_Car,99.16,375.537,3.348,793.301,20.026,0.31,0.60,4,1773.28,
Player2_Car,99.16,427.805,3.348,786.844,20.014,0.15,0.60,4,1825.80,
Player1_Car,99.18,375.938,3.348,793.282,20.026,0.30,0.60,4,1773.68,
Player2_Car,99.18,428.205,3.348,786.825,20.014,0.15,0.60,4,1826.20,
Player1_Car,99.20,376.338,3.348,793.263,20.026,0.30,0.60,4,1774.08,
Player2_Car,99.20,428.605,3.348,786.807,20.014,0.15,0.60,4,1826.60,
Player1_Car,99.22,376.738,3.348,793.244,20.026,0.29,0.60,4,1774.48,
Player2_Car,99.22,429.005,3.348,786.788,20.014,0.14,0.60,4,1827.00,
Player1_Car,99.24,377.138,3.348,793.225,20.026,0.29,0.60,4,1774.88,
Player2_Car,99.24,429.405,3.348,786.770,20.014,0.14,0.60,4,1827.40,
Player1_Car,99.26,377.538,3.348,793.206,20.026,0.28,0.60,4,1775.28,
Player2_Car,99.26,429.804,3.348,786.751,20.014,0.14,0.60,4,1827.80,
Player1_Car,99.28,377.938,3.348,793.187,20.026,0.28,0.60,4,1775.68,
Player2_Car,99.28,430.204,3.348,786.732,20.014,0.14,0.60,4,1828.20,
Player1_Car,99.30,378.338,3.348,793.168,20.026,0.27,0.60,4,1776.08,
Player2_Car,99.30,430.604,3.348,786.714,20.014,0.14,0.60,4,1828.60,
Player1_Car,99.32,378.738,3.348,793.149,20.026,0.27,0.60,4,1776.48,
Player2_Car,99.32,431.004,3.348,786.695,20.014,0.14,0.60,4,1829.00,
Player1_Car,99.34,379.138,3.348,793.130,20.026,0.26,0.60,4,1776.88,
Player2_Car,99.34,431.404,3.348,786.677,20.014,0.14,0.60,4,1829.40,
Player1_Car,99.36,379.538,3.348,793.111,20.026,0.26,0.60,4,1777.29,
Player2_Car,99.36,431.804,3.348,786.658,20.014,0.14,0.60,4,1829.80,
Player1_Car,99.38,379.938,3.348,793.092,20.026,0.25,0.60,4,1777.69,
Player2_Car,99.38,432.204,3.348,786.639,20.014,0.14,0.60,4,1830.20,
Player1_Car,99.40,380.338,3.348,793.073,20.026,0.25,0.60,4,1778.09,
Player2_Car,99.40,432.603,3.348,786.621,20.014,0.14,0.60,4,1830.60,
Player1_Car,99.42,380.738,3.348,793.054,20.026,0.24,0.60,4,1778.49,
Player2_Car,99.42,433.003,3.348,786.602,20.014,0.14,0.60,4,1831.00,
Player1_Car,99.44,381.138,3.348,793.035,20.026,0.24,0.60,4,1778.89,
Player2_Car,99.44,433.403,3.348,786.583,20.014,0.14,0.60,4,1831.40,
Player1_Car,99.46,381.538,3.348,793.016,20.027,0.23,0.60,4,1779.29,
Player2_Car,99.46,433.803,3.348,786.565,20.014,0.14,0.60,4,1831.80,
Player1_Car,99.48,381.938,3.348,792.997,20.027,0.23,0.60,4,1779.69,
Player2_Car,99.48,434.203,3.348,786.546,20.014,0.14,0.60,4,1832.20,
Player1_Car,99.50,382.339,3.348,792.977,20.027,0.22,0.60,4,1780.09,
Player2_Car,99.50,434.603,3.348,786.528,20.014,0.14,0.60,4,1832.60,
Player1_Car,99.52,382.739,3.348,792.958,20.027,0.22,0.60,4,1780.49,
Player2_Car,99.52,435.002,3.348,786.509,20.014,0.14,0.60,4,1833.00,
Player1_Car,99.54,383.139,3.348,792.939,20.027,0.21,0.60,4,1780.89,
Player2_Car,99.54,435.402,3.348,786.491,20.014,0.14,0.60,4,1833.40,
Player1_Car,99.56,383.539,3.348,792.920,20.027,0.21,0.60,4,1781.29,
Player2_Car,99.56,435.802,3.348,786.472,20.014,0.14,0.60,4,1833.80,
Player1_Car,99.58,383.939,3.348,792.901,20.027,0.20,0.60,4,1781.69,
Player2_Car,99.58,436.202,3.348,786.453,20.014,0.14,0.60,4,1834.20,
Player1_Car,99.60,384.339,3.348,792.882,20.027,0.20,0.60,4,1782.09,
Player2_Car,99.60,436.602,3.348,786.435,20.014,0.14,0.60,4,1834.61,
Player1_Car,99.62,384.739,3.348,792.863,20.027,0.19,0.60,4,1782.49,
Player2_Car,99.62,437.002,3.348,786.416,20.014,0.14,0.60,4,1835.01,
Player1_Car,99.64,385.139,3.348,792.844,20.027,0.19,0.60,4,1782.89,
Player2_Car,99.64,437.401,3.348,786.398,20.014,0.14,0.60,4,1835.41,
Player1_Car,99.66,385.539,3.348,792.825,20.027,0.18,0.60,4,1783.29,
Player2_Car,99.66,437.801,3.348,786.379,20.014,0.14,0.60,4,1835.81,
Player1_Car,99.68,385.939,3.348,792.806,20.027,0.18,0.60,4,1783.69,
Player2_Car,99.68,438.201,3.348,786.361,20.014,0.14,0.60,4,1836.21,
Player1_Car,99.70,386.339,3.348,792.787,20.027,0.17,0.60,4,1784.09,
Player2_Car,99.70,438.601,3.348,786.342,20.014,0.14,0.60,4,1836.61,
Player1_Car,99.72,386.740,3.348,792.768,20.027,0.17,0.60,4,1784.50,
Player2_Car,99.72,439.001,3.348,786.324,20.014,0.14,0.60,4,1837.01,
Player1_Car,99.74,387.140,3.348,792.749,20.027,0.16,0.60,4,1784.90,
Player2_Car,99.74,439.401,3.348,786.305,20.014,0.14,0.60,4,1837.41,
Player1_Car,99.76,387.540,3.348,792.730,20.027,0.16,0.60,4,1785.30,
Player2_Car,99.76,439.800,3.348,786.286,20.014,0.14,0.60,4,1837.81,
Player1_Car,99.78,387.940,3.348,792.711,20.027,0.16,0.60,4,1785.70,
Player2_Car,99.78,440.200,3.348,786.268,20.014,0.14,0.60,4,1838.21,
Player1_Car,99.80,388.340,3.348,792.692,20.027,0.15,0.60,4,1786.10,
Player2_Car,99.80,440.600,3.348,786.249,20.014,0.14,0.60,4,1838.61,
Player1_Car,99.82,388.740,3.348,792.673,20.027,0.15,0.60,4,1786.50,
Player2_Car,99.82,441.000,3.348,786.231,20.014,0.14,0.60,4,1839.01,
Player1_Car,99.84,389.140,3.348,792.654,20.027,0.14,0.60,4,1786.90,
Player2_Car,99.84,441.400,3.348,786.212,20.014,0.14,0.60,4,1839.41,
Player1_Car,99.86,389.540,3.348,792.635,20.027,0.14,0.60,4,1787.30,
Player2_Car,99.86,441.800,3.348,786.194,20.014,0.14,0.60,4,1839.81,
Player1_Car,99.88,389.940,3.348,792.616,20.027,0.13,0.60,4,1787.70,
Player2_Car,99.88,442.200,3.348,786.175,20.014,0.14,0.60,4,1840.21,
Player1_Car,99.90,390.340,3.348,792.597,20.027,0.13,0.60,4,1788.10,
Player2_Car,99.90,442.599,3.348,786.157,20.014,0.14,0.60,4,1840.61,
Player1_Car,99.92,390.740,3.348,792.578,20.027,0.13,0.60,4,1788.50,
Player2_Car,99.92,442.999,3.348,786.138,20.014,0.14,0.60,4,1841.01,
Player1_Car,99.94,391.140,3.348,792.559,20.027,0.12,0.60,4,1788.90,
Player2_Car,99.94,443.399,3.348,786.119,20.014,0.14,0.60,4,1841.41,
Player1_Car,99.96,391.541,3.348,792.541,20.027,0.12,0.60,4,1789.30,
Player2_Car,99.96,443.799,3.348,786.101,20.014,0.14,0.60,4,1841.81,
Player1_Car,99.98,391.941,3.348,792.522,20.027,0.11,0.60,4,1789.70,
Player2_Car,99.98,444.199,3.348,786.082,20.014,0.14,0.60,4,1842.21,
Player1_Car,100.00,392.341,3.348,792.503,20.027,0.11,0.60,4,1790.10,
Player2_Car,100.00,444.599,3.348,786.064,20.014,0.14,0.60,4,1842.61,
Player1_Car,100.02,392.741,3.348,792.484,20.027,0.11,0.60,4,1790.50,
Player2_Car,100.02,444.998,3.348,786.045,20.014,0.14,0.60,4,1843.01,
Player1_Car,100.04,393.141,3.348,792.465,20.027,0.10,0.60,4,1790.90,
Player2_Car,100.04,445.398,3.348,786.027,20.014,0.14,0.60,4,1843.41,
Player1_Car,100.06,393.541,3.348,792.446,20.027,0.10,0.60,4,1791.30,
Player2_Car,100.06,445.798,3.348,786.008,20.014,0.14,0.60,4,1843.81,
Player1_Car,100.08,393.941,3.348,792.427,20.027,0.09,0.60,4,1791.70,
Player2_Car,100.08,446.198,3.348,785.990,20.014,0.14,0.60,4,1844.21,
Player1_Car,100.10,394.341,3.348,792.408,20.027,0.09,0.60,4,1792.10,
Player2_Car,100.10,446.598,3.348,785.971,20.014,0.14,0.60,4,1844.61,
Player1_Car,100.12,394.741,3.348,792.389,20.027,0.08,0.60,4,1792.51,
Player2_Car,100.12,446.998,3.348,785.952,20.014,0.14,0.60,4,1845.01,
Player1_Car,100.14,395.141,3.348,792.370,20.027,0.08,0.60,4,1792.91,
Player2_Car,100.14,447.397,3.348,785.934,20.014,0.15,0.60,4,1845.41,
Player1_Car,100.16,395.541,3.348,792.351,20.027,0.08,0.60,4,1793.31,
Player2_Car,100.16,447.797,3.348,785.915,20.014,0.15,0.60,4,1845.81,
Player1_Car,100.18,395.941,3.348,792.332,20.027,0.07,0.60,4,1793.71,
Player2_Car,100.18,448.197,3.348,785.897,20.014,0.15,0.60,4,1846.21,
Player1_Car,100.20,396.342,3.348,792.313,20.027,0.07,0.60,4,1794.11,
Player2_Car,100.20,448.597,3.348,785.878,20.014,0.17,0.60,4,1846.61,
Player1_Car,100.22,396.742,3.348,792.294,20.027,0.07,0.60,4,1794.51,
Player2_Car,100.22,448.997,3.348,785.860,20.014,0.22,0.60,4,1847.01,
Player1_Car,100.24,397.142,3.348,792.275,20.027,0.06,0.60,4,1794.91,
Player2_Car,100.24,449.397,3.348,785.841,20.014,0.26,0.60,4,1847.41,
Player1_Car,100.26,397.542,3.348,792.256,20.027,0.06,0.60,4,1795.31,
Player2_Car,100.26,449.796,3.348,785.822,20.013,0.31,0.60,4,1847.81,
Player1_Car,100.28,397.942,3.348,792.237,20.027,0.06,0.60,4,1795.71,
Player2_Car,100.28,450.196,3.348,785.803,20.013,0.39,0.60,4,1848.21,
Player1_Car,100.30,398.342,3.348,792.218,20.027,0.05,0.60,4,1796.11,
Player2_Car,100.30,450.596,3.348,785.785,20.011,0.49,0.60,4,1848.61,
Player1_Car,100.32,398.742,3.348,792.199,20.027,0.05,0.60,4,1796.51,
Player2_Car,100.32,450.996,3.348,785.765,20.010,0.59,0.60,4,1849.01,
Player1_Car,100.34,399.142,3.348,792.180,20.027,0.04,0.60,4,1796.91,
Player2_Car,100.34,451.395,3.348,785.746,20.007,0.69,0.60,4,1849.41,
Player1_Car,100.36,399.542,3.348,792.161,20.027,0.04,0.60,4,1797.31,
Player2_Car,100.36,451.795,3.348,785.727,20.004,0.85,0.60,4,1849.81,
Player1_Car,100.38,399.942,3.348,792.143,20.027,0.04,0.60,4,1797.71,
Player2_Car,100.38,452.195,3.348,785.707,20.000,1.00,0.60,4,1850.21,
Player1_Car,100.40,400.342,3.348,792.124,20.027,0.03,0.60,4,1798.11,
Player2_Car,100.40,452.594,3.348,785.687,19.995,1.14,-0.72,4,1850.61,
Player1_Car,100.42,400.743,3.348,792.105,20.027,0.03,0.60,4,1798.51,
Player2_Car,100.42,452.993,3.348,785.666,19.990,1.20,-0.72,4,1851.01,
Player1_Car,100.44,401.143,3.348,792.086,20.027,0.03,0.60,4,1798.91,
Player2_Car,100.44,453.377,3.348,785.646,19.191,1.19,-0.62,4,1851.40,
Player1_Car,100.46,401.543,3.348,792.067,20.027,0.02,0.60,4,1799.31,
Player2_Car,100.46,453.744,3.348,785.627,18.403,1.15,-0.53,4,1851.77,
Player1_Car,100.48,401.943,3.348,792.048,20.027,0.02,0.60,4,1799.71,
Player2_Car,100.48,454.097,3.348,785.608,17.681,1.17,-0.44,4,1852.12,
Player1_Car,100.50,402.343,3.348,792.029,20.027,0.02,0.60,4,1800.12,
Player2_Car,100.50,454.437,3.348,785.590,17.026,1.23,-0.36,4,1852.46,
Player1_Car,100.52,402.743,3.348,792.010,20.027,0.01,0.60,4,1800.52,
Player2_Car,100.52,454.765,3.348,785.572,16.431,1.25,-0.29,4,1852.79,
Player1_Car,100.54,403.143,3.348,791.991,20.027,0.01,0.60,4,1800.92,
Player2_Car,100.54,455.083,3.348,785.554,15.890,1.26,-0.23,4,1853.11,
Player1_Car,100.56,403.543,3.348,791.972,20.027,0.01,0.60,4,1801.32,
Player2_Car,100.56,455.390,3.348,785.537,15.398,1.28,-0.17,4,1853.41,
Player1_Car,100.58,403.943,3.348,791.953,20.027,0.00,0.60,4,1801.72,
Player2_Car,100.58,455.689,3.348,785.520,14.951,1.32,-0.11,4,1853.71,
Player1_Car,100.60,404.343,3.348,791.934,20.027,0.00,0.60,4,1802.12,
Player2_Car,100.60,455.979,3.348,785.503,14.546,1.36,-0.07,4,1854.00,
Player1_Car,100.62,404.743,3.348,791.916,20.027,0.00,0.60,4,1802.52,
Player2_Car,100.62,456.262,3.348,785.486,14.177,1.38,-0.02,4,1854.29,
Player1_Car,100.64,405.143,3.348,791.897,20.027,-0.01,0.60,4,1802.92,
Player2_Car,100.64,456.538,3.348,785.470,13.841,1.40,0.02,4,1854.56,
Player1_Car,100.66,405.544,3.348,791.878,20.027,-0.01,0.60,4,1803.32,
Player2_Car,100.66,456.809,3.348,785.453,13.537,1.45,0.06,4,1854.84,
Player1_Car,100.68,405.944,3.348,791.859,20.027,-0.01,0.60,4,1803.72,
Player2_Car,100.68,457.073,3.348,785.437,13.260,1.52,0.09,4,1855.10,
Player1_Car,100.70,406.344,3.348,791.840,20.027,-0.01,0.60,4,1804.12,
Player2_Car,100.70,457.333,3.348,785.421,13.008,1.57,0.12,4,1855.36,
Player1_Car,100.72,406.744,3.348,791.821,20.027,-0.02,0.60,4,1804.52,
Player2_Car,100.72,457.588,3.348,785.404,12.779,1.61,0.15,4,1855.62,
Player1_Car,100.74,407.144,3.348,791.802,20.027,-0.02,0.60,4,1804.92,
Player2_Car,100.74,457.839,3.348,785.388,12.571,1.65,0.17,4,1855.87,
Player1_Car,100.76,407.544,3.348,791.783,20.027,-0.02,0.60,4,1805.32,
Player2_Car,100.76,458.086,3.348,785.372,12.381,1.69,0.19,4,1856.12,
Player1_Car,100.78,407.944,3.348,791.765,20.027,-0.03,0.60,4,1805.72,
Player2_Car,100.78,458.329,3.348,785.355,12.209,1.74,0.21,4,1856.36,
Player1_Car,100.80,408.344,3.348,791.746,20.027,-0.03,0.60,4,1806.12,
Player2_Car,100.80,458.570,3.348,785.338,12.052,1.77,0.23,4,1856.60,
Player1_Car,100.82,408.744,3.348,791.727,20.027,-0.03,0.60,4,1806.52,
Player2_Car,100.82,458.807,3.348,785.322,11.910,1.82,0.25,4,1856.84,
Player1_Car,100.84,409.144,3.348,791.708,20.027,-0.03,0.60,4,1806.92,
Player2_Car,100.84,459.042,3.348,785.305,11.780,1.89,0.27,4,1857.07,
Player1_Car,100.86,409.544,3.348,791.689,20.027,-0.04,0.60,4,1807.32,
Player2_Car,100.86,459.275,3.348,785.287,11.662,1.96,0.28,4,1857.31,
Player1_Car,100.88,409.944,3.348,791.670,20.027,-0.04,0.60,4,1807.73,
Player2_Car,100.88,459.506,3.348,785.270,11.555,2.01,0.29,4,1857.54,
Player1_Car,100.90,410.345,3.348,791.651,20.027,-0.04,0.60,4,1808.13,
Player2_Car,100.90,459.734,3.348,785.252,11.457,2.04,0.31,4,1857.77,
Player1_Car,100.92,410.745,3.348,791.633,20.027,-0.04,0.60,4,1808.53,
Player2_Car,100.92,459.961,3.348,785.234,11.367,2.08,0.32,4,1857.99,
Player1_Car,100.94,411.145,3.348,791.614,20.027,-0.05,0.60,4,1808.93,
Player2_Car,100.94,460.186,3.348,785.216,11.286,2.13,0.33,4,1858.22,
Player1_Car,100.96,411.545,3.348,791.595,20.027,-0.05,0.60,4,1809.33,
Player2_Car,100.96,460.409,3.348,785.198,11.212,2.18,0.33,4,1858.45,
Player1_Car,100.98,411.945,3.348,791.576,20.027,-0.05,0.60,4,1809.73,
Player2_Car,100.98,460.631,3.348,785.179,11.145,2.25,0.34,4,1858.67,
Player1_Car,101.00,412.345,3.348,791.557,20.027,-0.06,0.60,4,1810.13,
Player2_Car,101.00,460.852,3.348,785.160,11.083,2.32,0.35,4,1858.89,
Player1_Car,101.02,412.745,3.348,791.538,20.027,-0.06,0.60,4,1810.53,
Player2_Car,101.02,461.072,3.348,785.141,11.027,2.36,0.36,4,1859.11,
Player1_Car,101.04,413.145,3.348,791.519,20.027,-0.06,0.60,4,1810.93,
Player2_Car,101.04,461.290,3.348,785.121,10.976,2.39,0.36,4,1859.33,
Player1_Car,101.06,413.545,3.348,791.501,20.027,-0.06,0.60,4,1811.33,
Player2_Car,101.06,461.508,3.348,785.101,10.929,2.46,0.37,4,1859.59,
Player1_Car,101.08,413.945,3.348,791.482,20.027,-0.07,0.60,4,1811.73,
Player2_Car,101.08,461.725,3.348,785.080,10.886,2.50,0.37,4,1859.80,
Player1_Car,101.10,414.345,3.348,791.463,20.027,-0.07,0.60,4,1812.13,
Player2_Car,101.10,461.941,3.348,785.059,10.847,2.55,0.38,4,1860.02,
Player1_Car,101.12,414.746,3.348,791.444,20.027,-0.07,0.60,4,1812.53,
Player2_Car,101.12,462.156,3.348,785.037,10.811,2.62,0.38,4,1860.24,
Player1_Car,101.14,415.146,3.348,791.425,20.027,-0.07,0.60,4,1812.93,
Player2_Car,101.14,462.370,3.348,785.015,10.779,2.67,0.39,4,1860.45,
Player1_Car,101.16,415.546,3.348,791.406,20.027,-0.08,0.60,4,1813.33,
Player2_Car,101.16,462.584,3.348,784.993,10.749,2.70,0.39,4,1860.67,
Player1_Car,101.18,415.946,3.348,791.388,20.027,-0.08,0.60,4,1813.73,
Player2_Car,101.18,462.797,3.348,784.970,10.721,2.73,0.39,4,1860.88,
Player1_Car,101.20,416.346,3.348,791.369,20.027,-0.08,0.60,4,1814.13,
Player2_Car,101.20,463.010,3.348,784.946,10.696,2.81,0.40,4,1861.14,
Player1_Car,101.22,416.746,3.348,791.350,20.027,-0.08,0.60,4,1814.53,
Player2_Car,101.22,463.222,3.348,784.922,10.673,2.87,0.40,4,1861.36,
Player1_Car,101.24,417.146,3.348,791.331,20.027,-0.08,0.60,4,1814.93,
Player2_Car,101.24,463.433,3.348,784.898,10.652,2.92,0.40,4,1861.57,
Player1_Car,101.26,417.546,3.348,791.312,20.027,-0.09,0.60,4,1815.34,
Player2_Car,101.26,463.644,3.348,784.873,10.632,2.95,0.40,4,1861.78,
Player1_Car,101.28,417.946,3.348,791.294,20.027,-0.09,0.60,4,1815.74,
Player2_Car,101.28,463.855,3.348,784.847,10.614,2.99,0.41,4,1862.00,
Player1_Car,101.30,418.346,3.348,791.275,20.027,-0.09,0.60,4,1816.14,
Player2_Car,101.30,464.065,3.348,784.821,10.598,3.02,0.41,4,1862.21,
Player1_Car,101.32,418.746,3.348,791.256,20.027,-0.09,0.60,4,1816.54,
Player2_Car,101.32,464.275,3.348,784.794,10.582,3.10,0.41,4,1862.47,
Player1_Car,101.34,419.146,3.348,791.237,20.027,-0.09,0.60,4,1816.94,
Player2_Car,101.34,464.485,3.348,784.766,10.569,3.16,0.41,4,1862.68,
Player1_Car,101.36,419.547,3.348,791.218,20.027,-0.10,0.60,4,1817.34,
Player2_Car,101.36,464.694,3.348,784.738,10.555,3.19,0.41,4,1862.89,
Player1_Car,101.38,419.947,3.348,791.200,20.027,-0.10,0.60,4,1817.74,
Player2_Car,101.38,464.903,3.348,784.709,10.543,3.22,0.41,4,1863.10,
Player1_Car,101.40,420.347,3.348,791.181,20.027,-0.10,0.60,4,1818.14,
Player2_Car,101.40,465.112,3.348,784.680,10.532,3.25,0.42,4,1863.32,
Player1_Car,101.42,420.747,3.348,791.162,20.027,-0.10,0.60,4,1818.54,
Player2_Car,101.42,465.320,3.348,784.650,10.522,3.28,0.42,4,1863.53,
Player1_Car,101.44,421.147,3.348,791.143,20.027,-0.10,0.60,4,1818.94,
Player2_Car,101.44,465.528,3.348,784.619,10.512,3.30,0.42,4,1863.74,
Player1_Car,101.46,421.547,3.348,791.124,20.027,-0.11,0.60,4,1819.34,
Player2_Car,101.46,465.736,3.348,784.588,10.504,3.43,0.42,4,1864.00,
Player1_Car,101.48,421.947,3.348,791.106,20.027,-0.11,0.60,4,1819.74,
Player2_Car,101.48,465.943,3.348,784.555,10.496,3.50,0.42,4,1864.21,
Player1_Car,101.50,422.347,3.348,791.087,20.027,-0.11,0.60,4,1820.14,
Player2_Car,101.50,466.150,3.348,784.522,10.487,3.48,0.42,4,1864.42,
Player1_Car,101.52,422.747,3.348,791.068,20.027,-0.11,0.60,4,1820.54,
Player2_Car,101.52,466.357,3.348,784.489,10.480,3.48,0.42,4,1864.63,
Player1_Car,101.54,423.147,3.348,791.049,20.027,-0.11,0.60,4,1820.94,
Player2_Car,101.54,466.564,3.348,784.454,10.473,3.52,0.42,4,1864.84,
Player1_Car,101.56,423.547,3.348,791.030,20.027,-0.12,0.60,4,1821.34,
Player2_Car,101.56,466.770,3.348,784.419,10.467,3.55,0.42,4,1865.05,
Player1_Car,101.58,423.947,3.348,791.012,20.027,-0.12,0.60,4,1821.74,
Player2_Car,101.58,466.976,3.348,784.383,10.461,3.70,0.42,4,1865.32,
Player1_Car,101.60,424.348,3.348,790.993,20.027,-0.12,0.60,4,1822.14,
Player2_Car,101.60,467.182,3.348,784.347,10.456,3.75,0.43,4,1865.53,
Player1_Car,101.62,424.748,3.348,790.974,20.027,-0.12,0.60,4,1822.54,
Player2_Car,101.62,467.387,3.348,784.309,10.450,3.71,0.43,4,1865.74,
Player1_Car,101.64,425.148,3.348,790.955,20.027,-0.12,0.60,4,1822.95,
Player2_Car,101.64,467.593,3.348,784.271,10.445,3.71,0.43,4,1865.94,
Player1_Car,101.66,425.548,3.348,790.936,20.027,-0.13,0.60,4,1823.35,
Player2_Car,101.66,467.798,3.348,784.232,10.440,3.75,0.43,4,1866.15,
Player1_Car,101.67,425.948,3.348,790.918,20.027,-0.13,0.60,4,1823.75,
Player2_Car,101.67,468.003,3.348,784.192,10.436,3.81,0.43,4,1866.36,
Player1_Car,101.69,426.348,3.348,790.899,20.027,-0.13,0.60,4,1824.15,
Player2_Car,101.69,468.207,3.348,784.152,10.432,3.96,0.43,4,1866.63,
Player1_Car,101.71,426.748,3.348,790.880,20.027,-0.13,0.60,4,1824.55,
Player2_Car,101.71,468.412,3.348,784.110,10.428,3.98,0.43,4,1866.84,
Player1_Car,101.73,427.148,3.348,790.861,20.027,-0.13,0.60,4,1824.95,
Player2_Car,101.73,468.616,3.348,784.068,10.423,3.93,0.43,4,1867.05,
Player1_Car,101.75,427.548,3.348,790.843,20.027,-0.13,0.60,4,1825.35,
Player2_Car,101.75,468.820,3.348,784.024,10.419,3.93,0.43,4,1867.26,
Player1_Car,101.77,427.948,3.348,790.824,20.027,-0.14,0.60,4,1825.75,
Player2_Car,101.77,469.023,3.348,783.980,10.416,3.98,0.43,4,1867.47,
Player1_Car,101.79,428.348,3.348,790.805,20.027,-0.14,0.60,4,1826.15,
Player2_Car,101.79,469.227,3.348,783.935,10.413,4.06,0.43,4,1867.67,
Player1_Car,101.81,428.748,3.348,790.786,20.027,-0.14,0.60,4,1826.55,
Player2_Car,101.81,469.430,3.348,783.889,10.410,4.20,0.43,4,1867.95,
Player1_Car,101.83,429.149,3.348,790.768,20.027,-0.14,0.60,4,1826.95,
Player2_Car,101.83,469.632,3.348,783.843,10.407,4.20,0.43,4,1868.16,
Player1_Car,101.85,429.549,3.348,790.749,20.027,-0.14,0.60,4,1827.35,
Player2_Car,101.85,469.835,3.348,783.795,10.403,4.14,0.43,4,1868.37,
Player1_Car,101.87,429.949,3.348,790.730,20.027,-0.14,0.60,4,1827.75,
Player2_Car,101.87,470.037,3.348,783.746,10.400,4.13,0.43,4,1868.57,
Player1_Car,101.89,430.349,3.348,790.711,20.027,-0.15,0.60,4,1828.15,
Player2_Car,101.89,470.239,3.348,783.697,10.397,4.23,0.43,4,1868.78,
Player1_Car,101.91,430.749,3.348,790.693,20.027,-0.15,0.60,4,1828.55,
Player2_Car,101.91,470.441,3.348,783.646,10.395,4.31,0.43,4,1868.99,
Player1_Car,101.93,431.149,3.348,790.674,20.027,-0.15,0.60,4,1828.95,
Player2_Car,101.93,470.642,3.348,783.595,10.392,4.42,0.43,4,1869.27,
Player1_Car,101.95,431.549,3.348,790.655,20.027,-0.15,0.60,4,1829.35,
Player2_Car,101.95,470.843,3.348,783.542,10.390,4.40,0.43,4,1869.47,
