player,time,x,y,z,speed,steering,pedal,grounded,distance,wall
Player1_Car,0.02,431.261,3.348,790.675,0.000,0.00,1.00,4,0.00,
Player2_Car,0.02,431.075,3.348,786.679,0.000,0.00,1.00,4,0.00,
Player1_Car,0.04,431.261,3.348,790.675,0.000,0.00,1.00,4,0.00,
Player2_Car,0.04,431.075,3.348,786.679,0.000,0.00,1.00,4,0.00,
Player1_Car,0.06,431.270,3.348,790.674,0.482,0.00,1.00,4,0.01,
Player2_Car,0.06,431.085,3.348,786.678,0.482,0.00,1.00,4,0.01,
Player1_Car,0.08,431.290,3.348,790.673,0.959,0.00,1.00,4,0.03,
Player2_Car,0.08,431.104,3.348,786.677,0.959,0.00,1.00,4,0.03,
Player1_Car,0.10,431.318,3.348,790.672,1.430,0.00,1.00,4,0.06,
Player2_Car,0.10,431.133,3.348,786.676,1.430,0.00,1.00,4,0.06,
Player1_Car,0.12,431.356,3.348,790.670,1.895,-0.01,1.00,4,0.10,
Player2_Car,0.12,431.171,3.348,786.674,1.895,0.00,1.00,4,0.10,
Player1_Car,0.14,431.403,3.348,790.668,2.355,-0.01,1.00,4,0.14,
Player2_Car,0.14,431.218,3.348,786.672,2.355,0.00,1.00,4,0.14,
Player1_Car,0.16,431.459,3.348,790.665,2.809,-0.01,1.00,4,0.20,
Player2_Car,0.16,431.274,3.348,786.670,2.809,0.00,1.00,4,0.20,
Player1_Car,0.18,431.524,3.348,790.662,3.257,-0.01,1.00,4,0.26,
Player2_Car,0.18,431.339,3.348,786.666,3.257,0.00,1.00,4,0.26,
Player1_Car,0.20,431.598,3.348,790.659,3.700,-0.01,1.00,4,0.34,
Player2_Car,0.20,431.413,3.348,786.663,3.700,0.00,1.00,4,0.34,
Player1_Car,0.22,431.681,3.348,790.655,4.138,-0.01,1.00,4,0.43,
Player2_Car,0.22,431.495,3.348,786.659,4.138,0.00,1.00,4,0.42,
Player1_Car,0.24,431.772,3.348,790.651,4.571,-0.01,1.00,4,0.51,
Player2_Car,0.24,431.587,3.348,786.655,4.571,0.00,1.00,4,0.51,
Player1_Car,0.26,431.872,3.348,790.646,4.998,-0.01,1.00,4,0.61,
Player2_Car,0.26,431.687,3.348,786.650,4.998,0.00,1.00,4,0.61,
Player1_Car,0.28,431.980,3.348,790.641,5.421,-0.01,1.00,4,0.72,
Player2_Car,0.28,431.795,3.348,786.645,5.421,0.00,1.00,4,0.72,
Player1_Car,0.30,432.097,3.348,790.636,5.838,-0.01,1.00,4,0.84,
Player2_Car,0.30,431.911,3.348,786.640,5.838,0.00,1.00,4,0.84,
Player1_Car,0.32,432.222,3.348,790.630,6.250,-0.01,1.00,4,0.96,
Player2_Car,0.32,432.036,3.348,786.634,6.250,0.01,1.00,4,0.96,
Player1_Car,0.34,432.355,3.348,790.624,6.657,-0.01,1.00,4,1.10,
Player2_Car,0.34,432.169,3.348,786.628,6.657,0.01,1.00,4,1.09,
Player1_Car,0.36,432.496,3.348,790.617,7.060,-0.01,1.00,4,1.24,
Player2_Car,0.36,432.310,3.348,786.621,7.060,0.01,1.00,4,1.24,
Player1_Car,0.38,432.645,3.348,790.611,7.457,-0.01,1.00,4,1.39,
Player2_Car,0.38,432.459,3.348,786.614,7.457,0.01,1.00,4,1.39,
Player1_Car,0.40,432.802,3.348,790.603,7.850,-0.01,1.00,4,1.54,
Player2_Car,0.40,432.616,3.348,786.607,7.850,0.01,1.00,4,1.54,
Player1_Car,0.42,432.966,3.348,790.596,8.238,-0.01,1.00,4,1.71,
Player2_Car,0.42,432.781,3.348,786.600,8.238,0.01,1.00,4,1.71,
Player1_Car,0.44,433.138,3.348,790.588,8.622,-0.01,1.00,4,1.88,
Player2_Car,0.44,432.953,3.348,786.592,8.622,0.01,1.00,4,1.88,
Player1_Car,0.46,433.318,3.348,790.579,9.000,-0.02,1.00,4,2.06,
Player2_Car,0.46,433.133,3.348,786.583,9.000,0.01,1.00,4,2.06,
Player1_Car,0.48,433.505,3.348,790.571,9.375,-0.02,1.00,4,2.25,
Player2_Car,0.48,433.320,3.348,786.575,9.375,0.01,1.00,4,2.25,
Player1_Car,0.50,433.700,3.348,790.562,9.744,-0.02,1.00,4,2.44,
Player2_Car,0.50,433.515,3.348,786.566,9.744,0.01,1.00,4,2.44,
Player1_Car,0.52,433.902,3.348,790.552,10.110,-0.02,1.00,4,2.64,
Player2_Car,0.52,433.717,3.348,786.556,10.110,0.01,1.00,4,2.64,
Player1_Car,0.54,434.111,3.348,790.542,10.471,-0.02,1.00,4,2.85,
Player2_Car,0.54,433.926,3.348,786.546,10.471,0.01,1.00,4,2.85,
Player1_Car,0.56,434.328,3.348,790.532,10.827,-0.02,1.00,4,3.07,
Player2_Car,0.56,434.142,3.348,786.536,10.827,0.01,1.00,4,3.07,
Player1_Car,0.58,434.551,3.348,790.522,11.180,-0.02,1.00,4,3.29,
Player2_Car,0.58,434.366,3.348,786.526,11.180,0.01,1.00,4,3.29,
Player1_Car,0.60,434.781,3.348,790.511,11.528,-0.02,1.00,4,3.52,
Player2_Car,0.60,434.596,3.348,786.515,11.528,0.02,1.00,4,3.52,
Player1_Car,0.62,435.018,3.348,790.500,11.872,-0.02,1.00,4,3.76,
Player2_Car,0.62,434.833,3.348,786.504,11.872,0.02,1.00,4,3.76,
Player1_Car,0.64,435.262,3.348,790.489,12.212,-0.02,1.00,4,4.01,
Player2_Car,0.64,435.077,3.348,786.493,12.212,0.02,1.00,4,4.01,
Player1_Car,0.66,435.513,3.348,790.477,12.547,-0.02,1.00,4,4.26,
Player2_Car,0.66,435.328,3.348,786.482,12.547,0.02,1.00,4,4.26,
Player1_Car,0.68,435.770,3.348,790.465,12.879,-0.02,1.00,4,4.51,
Player2_Car,0.68,435.585,3.348,786.470,12.879,0.02,1.00,4,4.51,
Player1_Car,0.70,436.034,3.348,790.453,13.207,-0.02,1.00,4,4.78,
Player2_Car,0.70,435.849,3.348,786.457,13.207,0.02,1.00,4,4.78,
Player1_Car,0.72,436.305,3.348,790.441,13.531,-0.03,1.00,4,5.05,
Player2_Car,0.72,436.119,3.348,786.445,13.531,0.02,1.00,4,5.05,
Player1_Car,0.74,436.581,3.348,790.428,13.851,-0.03,1.00,4,5.33,
Player2_Car,0.74,436.396,3.348,786.432,13.851,0.02,1.00,4,5.33,
Player1_Car,0.76,436.864,3.348,790.415,14.167,-0.03,1.00,4,5.61,
Player2_Car,0.76,436.679,3.348,786.419,14.167,0.02,1.00,4,5.61,
Player1_Car,0.78,437.154,3.348,790.401,14.479,-0.03,1.00,4,5.90,
Player2_Car,0.78,436.968,3.348,786.406,14.479,0.02,1.00,4,5.90,
Player1_Car,0.80,437.449,3.348,790.387,14.787,-0.03,1.00,4,6.19,
Player2_Car,0.80,437.264,3.348,786.392,14.787,0.02,1.00,4,6.19,
Player1_Car,0.82,437.750,3.348,790.373,15.092,-0.03,1.00,4,6.50,
Player2_Car,0.82,437.565,3.348,786.378,15.092,0.02,1.00,4,6.50,
Player1_Car,0.84,438.058,3.348,790.359,15.393,-0.03,1.00,4,6.80,
Player2_Car,0.84,437.873,3.348,786.364,15.393,0.02,1.00,4,6.80,
Player1_Car,0.86,438.371,3.348,790.345,15.691,-0.03,1.00,4,7.12,
Player2_Car,0.86,438.186,3.348,786.349,15.691,0.03,1.00,4,7.12,
Player1_Car,0.88,438.691,3.348,790.330,15.985,-0.03,1.00,4,7.44,
Player2_Car,0.88,438.505,3.348,786.334,15.985,0.03,1.00,4,7.44,
Player1_Car,0.90,439.016,3.348,790.315,16.275,-0.03,1.00,4,7.76,
Player2_Car,0.90,438.831,3.348,786.319,16.275,0.03,1.00,4,7.76,
Player1_Car,0.92,439.347,3.348,790.299,16.562,-0.03,1.00,4,8.09,
Player2_Car,0.92,439.161,3.348,786.304,16.562,0.03,1.00,4,8.09,
Player1_Car,0.94,439.683,3.348,790.284,16.846,-0.03,0.98,4,8.43,
Player2_Car,0.94,439.498,3.348,786.288,16.846,0.03,0.98,4,8.43,
Player1_Car,0.96,440.026,3.348,790.268,17.126,-0.03,0.94,4,8.77,
Player2_Car,0.96,439.840,3.348,786.273,17.126,0.03,0.94,4,8.77,
Player1_Car,0.98,440.373,3.348,790.251,17.390,-0.04,0.91,4,9.12,
Player2_Car,0.98,440.187,3.348,786.257,17.390,0.03,0.91,4,9.12,
Player1_Car,1.00,440.725,3.348,790.235,17.630,-0.04,0.88,4,9.47,
Player2_Car,1.00,440.540,3.348,786.240,17.630,0.03,0.88,4,9.47,
Player1_Car,1.02,441.082,3.348,790.218,17.849,-0.04,0.86,4,9.83,
Player2_Car,1.02,440.896,3.348,786.224,17.849,0.03,0.86,4,9.83,
Player1_Car,1.04,441.442,3.348,790.202,18.048,-0.04,0.83,4,10.19,
Player2_Car,1.04,441.257,3.348,786.207,18.048,0.03,0.83,4,10.19,
Player1_Car,1.06,441.806,3.348,790.185,18.228,-0.04,0.81,4,10.56,
Player2_Car,1.06,441.621,3.348,786.190,18.228,0.03,0.81,4,10.56,
Player1_Car,1.08,442.174,3.348,790.168,18.392,-0.04,0.79,4,10.92,
Player2_Car,1.08,441.989,3.348,786.173,18.392,0.03,0.79,4,10.92,
Player1_Car,1.10,442.544,3.348,790.150,18.542,-0.04,0.78,4,11.30,
Player2_Car,1.10,442.359,3.348,786.156,18.542,0.04,0.78,4,11.30,
Player1_Car,1.12,442.917,3.348,790.133,18.677,-0.04,0.76,4,11.67,
Player2_Car,1.12,442.732,3.348,786.139,18.677,0.04,0.76,4,11.67,
Player1_Car,1.14,443.293,3.348,790.116,18.800,-0.04,0.74,4,12.05,
Player2_Car,1.14,443.108,3.348,786.121,18.800,0.04,0.74,4,12.04,
Player1_Car,1.16,443.671,3.348,790.098,18.912,-0.04,0.73,4,12.42,
Player2_Car,1.16,443.486,3.348,786.104,18.912,0.04,0.73,4,12.42,
Player1_Car,1.18,444.051,3.348,790.080,19.014,-0.04,0.72,4,12.80,
Player2_Car,1.18,443.865,3.348,786.086,19.014,0.04,0.72,4,12.80,
Player1_Car,1.20,444.432,3.348,790.063,19.106,-0.04,0.71,4,13.19,
Player2_Car,1.20,444.247,3.348,786.069,19.106,0.04,0.71,4,13.19,
Player1_Car,1.22,444.816,3.348,790.045,19.190,-0.05,0.70,4,13.57,
Player2_Car,1.22,444.630,3.348,786.051,19.190,0.04,0.70,4,13.57,
Player1_Car,1.24,445.201,3.348,790.027,19.267,-0.05,0.69,4,13.96,
Player2_Car,1.24,445.015,3.348,786.033,19.267,0.04,0.69,4,13.95,
Player1_Car,1.26,445.587,3.348,790.009,19.336,-0.05,0.68,4,14.34,
Player2_Car,1.26,445.402,3.348,786.015,19.336,0.04,0.68,4,14.34,
Player1_Car,1.28,445.975,3.348,789.991,19.399,-0.05,0.67,4,14.73,
Player2_Car,1.28,445.789,3.348,785.997,19.399,0.04,0.67,4,14.73,
Player1_Car,1.30,446.363,3.348,789.973,19.456,-0.05,0.67,4,15.12,
Player2_Car,1.30,446.178,3.348,785.979,19.456,0.04,0.67,4,15.12,
Player1_Car,1.32,446.753,3.348,789.955,19.508,-0.05,0.66,4,15.51,
Player2_Car,1.32,446.568,3.348,785.961,19.508,0.04,0.66,4,15.51,
Player1_Car,1.34,447.144,3.348,789.936,19.556,-0.05,0.65,4,15.90,
Player2_Car,1.34,446.958,3.348,785.943,19.556,0.05,0.65,4,15.90,
Player1_Car,1.36,447.535,3.348,789.918,19.599,-0.05,0.65,4,16.29,
Player2_Car,1.36,447.350,3.348,785.925,19.599,0.05,0.65,4,16.29,
Player1_Car,1.38,447.928,3.348,789.900,19.638,-0.05,0.64,4,16.68,
Player2_Car,1.38,447.742,3.348,785.907,19.638,0.05,0.64,4,16.68,
Player1_Car,1.40,448.321,3.348,789.882,19.673,-0.04,0.64,4,17.08,
Player2_Car,1.40,448.135,3.348,785.889,19.673,0.06,0.64,4,17.08,
Player1_Car,1.42,448.714,3.348,789.863,19.706,-0.04,0.64,4,17.47,
Player2_Car,1.42,448.529,3.348,785.871,19.706,0.06,0.64,4,17.47,
Player1_Car,1.44,449.109,3.348,789.845,19.735,0.00,0.63,4,17.87,
Player2_Car,1.44,448.923,3.348,785.853,19.735,0.10,0.63,4,17.87,
Player1_Car,1.46,449.503,3.348,789.826,19.762,0.05,0.63,4,18.26,
Player2_Car,1.46,449.318,3.348,785.834,19.762,0.15,0.63,4,18.26,
Player1_Car,1.48,449.899,3.348,789.808,19.786,0.10,0.63,4,18.66,
Player2_Car,1.48,449.713,3.348,785.816,19.786,0.20,0.63,4,18.66,
Player1_Car,1.50,450.294,3.348,789.789,19.808,0.16,0.62,4,19.05,
Player2_Car,1.50,450.109,3.348,785.797,19.808,0.26,0.62,4,19.05,
Player1_Car,1.52,450.690,3.348,789.771,19.828,0.27,0.62,4,19.45,
Player2_Car,1.52,450.505,3.348,785.779,19.828,0.37,0.62,4,19.45,
Player1_Car,1.54,451.087,3.348,789.752,19.846,0.38,0.62,4,19.85,
Player2_Car,1.54,450.902,3.348,785.760,19.846,0.47,0.62,4,19.85,
Player1_Car,1.56,451.484,3.348,789.732,19.862,0.48,-0.70,4,20.25,
Player2_Car,1.56,451.298,3.348,785.741,19.862,0.57,-0.70,4,20.24,
Player1_Car,1.58,451.881,3.348,789.713,19.877,0.62,0.61,4,20.64,
Player2_Car,1.58,451.695,3.348,785.722,19.877,0.71,0.61,4,20.64,
Player1_Car,1.60,452.262,3.348,789.694,19.099,0.66,0.71,4,21.02,
Player2_Car,1.60,452.077,3.348,785.703,19.099,0.75,0.71,4,21.02,
Player1_Car,1.62,452.644,3.348,789.675,19.121,0.82,-0.61,4,21.41,
Player2_Car,1.62,452.459,3.348,785.684,19.120,0.90,-0.61,4,21.41,
Player1_Car,1.64,453.028,3.348,789.656,19.198,0.99,-0.62,4,21.79,
Player2_Car,1.64,452.842,3.348,785.665,19.198,1.07,-0.62,4,21.79,
Player1_Car,1.66,453.397,3.348,789.637,18.481,1.03,-0.54,4,22.16,
Player2_Car,1.66,453.211,3.348,785.646,18.480,1.11,-0.54,4,22.16,
Player1_Car,1.68,453.752,3.348,789.618,17.766,1.07,-0.45,4,22.52,
Player2_Car,1.68,453.566,3.348,785.628,17.766,1.15,-0.45,4,22.52,
Player1_Car,1.70,454.093,3.348,789.600,17.112,1.11,-0.37,4,22.86,
Player2_Car,1.70,453.908,3.348,785.610,17.112,1.20,-0.37,4,22.86,
Player1_Car,1.72,454.423,3.348,789.582,16.517,1.17,-0.30,4,23.19,
Player2_Car,1.72,454.238,3.348,785.592,16.517,1.25,-0.30,4,23.19,
Player1_Car,1.74,454.742,3.348,789.565,15.976,1.24,-0.24,4,23.51,
Player2_Car,1.74,454.557,3.348,785.575,15.976,1.32,-0.24,4,23.51,
Player1_Car,1.76,455.052,3.348,789.548,15.485,1.32,-0.18,4,23.82,
Player2_Car,1.76,454.866,3.348,785.559,15.484,1.39,-0.18,4,23.82,
Player1_Car,1.78,455.352,3.348,789.532,15.038,1.40,-0.12,4,24.12,
Player2_Car,1.78,455.167,3.348,785.542,15.037,1.44,-0.12,4,24.12,
Player1_Car,1.80,455.644,3.348,789.515,14.632,1.46,-0.08,4,24.41,
Player2_Car,1.80,455.459,3.348,785.526,14.630,1.48,-0.08,4,24.41,
Player1_Car,1.82,455.929,3.348,789.499,14.262,1.50,-0.03,4,24.70,
Player2_Car,1.82,455.743,3.348,785.510,14.261,1.52,-0.03,4,24.70,
Player1_Car,1.84,456.207,3.348,789.483,13.927,1.55,0.01,4,24.97,
Player2_Car,1.84,456.022,3.348,785.494,13.926,1.57,0.01,4,24.97,
Player1_Car,1.86,456.479,3.348,789.467,13.622,1.60,0.05,4,25.25,
Player2_Car,1.86,456.293,3.348,785.479,13.621,1.62,0.05,4,25.25,
Player1_Car,1.88,456.745,3.348,789.452,13.344,1.66,0.08,4,25.51,
Player2_Car,1.88,456.560,3.348,785.463,13.343,1.66,0.08,4,25.51,
Player1_Car,1.90,457.007,3.348,789.436,13.092,1.70,0.11,4,25.78,
Player2_Car,1.90,456.821,3.348,785.448,13.091,1.71,0.11,4,25.78,
Player1_Car,1.92,457.263,3.348,789.420,12.862,1.75,0.14,4,26.03,
Player2_Car,1.92,457.078,3.348,785.432,12.862,1.76,0.14,4,26.03,
Player1_Car,1.94,457.516,3.348,789.405,12.654,1.83,0.16,4,26.29,
Player2_Car,1.94,457.331,3.348,785.417,12.654,1.83,0.16,4,26.29,
Player1_Car,1.96,457.765,3.348,789.389,12.465,1.91,0.18,4,26.53,
Player2_Car,1.96,457.579,3.348,785.402,12.465,1.90,0.18,4,26.53,
Player1_Car,1.98,458.010,3.348,789.374,12.292,1.96,0.20,4,26.78,
Player2_Car,1.98,457.825,3.348,785.386,12.292,1.95,0.20,4,26.78,
Player1_Car,2.00,458.252,3.348,789.358,12.136,2.01,0.22,4,27.02,
Player2_Car,2.00,458.067,3.348,785.371,12.136,2.00,0.22,4,27.02,
Player1_Car,2.02,458.492,3.348,789.342,11.993,2.06,0.24,4,27.26,
Player2_Car,2.02,458.306,3.348,785.355,11.994,2.04,0.24,4,27.26,
Player1_Car,2.04,458.728,3.348,789.326,11.864,2.11,0.26,4,27.50,
Player2_Car,2.04,458.543,3.348,785.339,11.864,2.09,0.26,4,27.50,
Player1_Car,2.06,458.963,3.348,789.310,11.746,2.15,0.27,4,27.74,
Player2_Car,2.06,458.777,3.348,785.323,11.747,2.13,0.27,4,27.74,
Player1_Car,2.08,459.195,3.348,789.293,11.639,2.22,0.28,4,27.97,
Player2_Car,2.08,459.010,3.348,785.307,11.640,2.20,0.28,4,27.97,
Player1_Car,2.10,459.425,3.348,789.277,11.542,2.30,0.29,4,28.20,
Player2_Car,2.10,459.240,3.348,785.290,11.542,2.28,0.29,4,28.20,
Player1_Car,2.12,459.654,3.348,789.260,11.454,2.36,0.31,4,28.43,
Player2_Car,2.12,459.468,3.348,785.273,11.454,2.34,0.31,4,28.43,
Player1_Car,2.14,459.881,3.348,789.243,11.373,2.41,0.32,4,28.66,
Player2_Car,2.14,459.695,3.348,785.256,11.374,2.38,0.32,4,28.65,
Player1_Car,2.16,460.106,3.348,789.226,11.300,2.45,0.32,4,28.88,
Player2_Car,2.16,459.921,3.348,785.239,11.300,2.42,0.32,4,28.88,
Player1_Car,2.18,460.330,3.348,789.208,11.233,2.49,0.33,4,29.10,
Player2_Car,2.18,460.145,3.348,785.221,11.234,2.46,0.33,4,29.11,
Player1_Car,2.20,460.553,3.348,789.190,11.173,2.53,0.34,4,29.33,
Player2_Car,2.20,460.367,3.348,785.203,11.173,2.50,0.34,4,29.33,
Player1_Car,2.22,460.774,3.348,789.171,11.118,2.60,0.35,4,29.55,
Player2_Car,2.22,460.589,3.348,785.185,11.118,2.57,0.35,4,29.55,
Player1_Car,2.24,460.995,3.348,789.153,11.068,2.68,0.35,4,29.77,
Player2_Car,2.24,460.809,3.348,785.166,11.068,2.65,0.35,4,29.77,
Player1_Car,2.26,461.214,3.348,789.134,11.022,2.73,0.36,4,29.99,
Player2_Car,2.26,461.029,3.348,785.147,11.023,2.70,0.36,4,30.00,
Player1_Car,2.28,461.433,3.348,789.114,10.980,2.77,0.36,4,30.21,
Player2_Car,2.28,461.248,3.348,785.128,10.981,2.74,0.36,4,30.21,
Player1_Car,2.30,461.651,3.348,789.094,10.943,2.79,0.37,4,30.41,
Player2_Car,2.30,461.466,3.348,785.108,10.943,2.80,0.37,4,30.47,
Player1_Car,2.32,461.868,3.348,789.074,10.908,2.81,0.37,4,30.62,
Player2_Car,2.32,461.683,3.348,785.088,10.909,2.84,0.37,4,30.69,
Player1_Car,2.34,462.085,3.348,789.053,10.877,2.86,0.37,4,30.83,
Player2_Car,2.34,461.900,3.348,785.067,10.878,2.88,0.37,4,30.91,
Player1_Car,2.36,462.301,3.348,789.032,10.849,2.94,0.38,4,31.05,
Player2_Car,2.36,462.116,3.348,785.046,10.849,2.95,0.38,4,31.12,
Player1_Car,2.38,462.516,3.348,789.010,10.823,3.01,0.38,4,31.27,
Player2_Car,2.38,462.331,3.348,785.024,10.824,3.01,0.38,4,31.34,
Player1_Car,2.40,462.731,3.348,788.988,10.799,3.05,0.38,4,31.48,
Player2_Car,2.40,462.546,3.348,785.002,10.800,3.04,0.38,4,31.55,
Player1_Car,2.42,462.945,3.348,788.965,10.778,3.07,0.39,4,31.70,
Player2_Car,2.42,462.760,3.348,784.979,10.778,3.07,0.39,4,31.77,
Player1_Car,2.44,463.159,3.348,788.942,10.758,3.08,0.39,4,31.89,
Player2_Car,2.44,462.974,3.348,784.956,10.759,3.14,0.39,4,32.03,
Player1_Car,2.46,463.373,3.348,788.918,10.740,3.09,0.39,4,32.09,
Player2_Car,2.46,463.188,3.348,784.932,10.741,3.20,0.39,4,32.25,
Player1_Car,2.48,463.586,3.348,788.894,10.724,3.17,0.39,4,32.30,
Player2_Car,2.48,463.401,3.348,784.907,10.725,3.25,0.39,4,32.46,
Player1_Car,2.50,463.798,3.348,788.869,10.710,3.25,0.39,4,32.52,
Player2_Car,2.50,463.613,3.348,784.882,10.710,3.29,0.39,4,32.68,
Player1_Car,2.52,464.011,3.348,788.844,10.696,3.30,0.40,4,32.73,
Player2_Car,2.52,463.826,3.348,784.856,10.696,3.32,0.40,4,32.89,
Player1_Car,2.54,464.223,3.348,788.818,10.684,3.32,0.40,4,32.94,
Player2_Car,2.54,464.038,3.348,784.830,10.684,3.34,0.40,4,33.11,
Player1_Car,2.56,464.435,3.348,788.791,10.672,3.34,0.40,4,33.16,
Player2_Car,2.56,464.250,3.348,784.803,10.673,3.42,0.40,4,33.37,
Player1_Car,2.58,464.646,3.348,788.764,10.662,3.33,0.40,4,33.33,
Player2_Car,2.58,464.461,3.348,784.776,10.663,3.48,0.40,4,33.58,
Player1_Car,2.60,464.857,3.348,788.736,10.653,3.38,0.40,4,33.54,
Player2_Car,2.60,464.672,3.348,784.748,10.653,3.52,0.40,4,33.80,
Player1_Car,2.62,465.068,3.348,788.708,10.645,3.47,0.40,4,33.75,
Player2_Car,2.62,464.883,3.348,784.719,10.645,3.55,0.40,4,34.01,
Player1_Car,2.64,465.279,3.348,788.679,10.637,3.53,0.40,4,33.97,
Player2_Car,2.64,465.094,3.348,784.689,10.637,3.57,0.40,4,34.22,
Player1_Car,2.66,465.490,3.348,788.649,10.630,3.55,0.40,4,34.18,
Player2_Car,2.66,465.304,3.348,784.659,10.630,3.59,0.40,4,34.44,
Player1_Car,2.68,465.700,3.348,788.618,10.623,3.56,0.41,4,34.39,
Player2_Car,2.68,465.514,3.348,784.628,10.623,3.61,0.41,4,34.65,
Player1_Car,2.70,465.910,3.348,788.587,10.617,3.58,0.41,4,34.60,
Player2_Car,2.70,465.724,3.348,784.596,10.618,3.75,0.41,4,34.92,
Player1_Car,2.72,466.120,3.348,788.556,10.612,3.58,0.41,4,34.77,
Player2_Car,2.72,465.934,3.348,784.564,10.612,3.82,0.41,4,35.13,
Player1_Car,2.74,466.329,3.348,788.523,10.607,3.65,0.41,4,34.99,
Player2_Car,2.74,466.144,3.348,784.531,10.607,3.81,0.41,4,35.34,
Player1_Car,2.76,466.539,3.348,788.490,10.602,3.73,0.41,4,35.20,
Player2_Car,2.76,466.353,3.348,784.497,10.602,3.80,0.41,4,35.55,
Player1_Car,2.78,466.748,3.348,788.456,10.598,3.76,0.41,4,35.41,
Player2_Car,2.78,466.562,3.348,784.462,10.598,3.82,0.41,4,35.76,
Player1_Car,2.80,466.957,3.348,788.422,10.594,3.77,0.41,4,35.62,
Player2_Car,2.80,466.771,3.348,784.427,10.595,3.86,0.41,4,35.98,
Player1_Car,2.82,467.166,3.348,788.386,10.591,3.78,0.41,4,35.83,
Player2_Car,2.82,466.980,3.348,784.390,10.591,4.02,0.41,4,36.25,
Player1_Car,2.84,467.375,3.348,788.350,10.587,3.84,0.41,4,36.05,
Player2_Car,2.84,467.188,3.348,784.353,10.588,4.06,0.41,4,36.46,
Player1_Car,2.86,467.583,3.348,788.313,10.585,3.85,0.41,4,36.22,
Player2_Car,2.86,467.396,3.348,784.315,10.585,4.03,0.41,4,36.67,
Player1_Car,2.88,467.791,3.348,788.276,10.582,3.89,0.41,4,36.43,
Player2_Car,2.88,467.605,3.348,784.276,10.582,4.02,0.41,4,36.88,
Player1_Car,2.90,468.000,3.348,788.238,10.579,3.94,0.41,4,36.64,
Player2_Car,2.90,467.812,3.348,784.237,10.579,4.04,0.41,4,37.09,
Player1_Car,2.92,468.207,3.348,788.198,10.577,3.97,0.41,4,36.85,
Player2_Car,2.92,468.020,3.348,784.196,10.577,4.12,0.41,4,37.31,
Player1_Car,2.94,468.415,3.348,788.158,10.575,3.98,0.41,4,37.06,
Player2_Car,2.94,468.227,3.348,784.155,10.575,4.28,0.41,4,37.58,
Player1_Car,2.96,468.623,3.348,788.118,10.573,4.03,0.41,4,37.27,
Player2_Car,2.96,468.435,3.348,784.113,10.573,4.29,0.41,4,37.79,
Player1_Car,2.98,468.830,3.348,788.076,10.571,4.10,0.41,4,37.48,
Player2_Car,2.98,468.642,3.348,784.070,10.571,4.24,0.41,4,38.00,
Player1_Car,3.00,469.037,3.348,788.034,10.570,4.08,0.41,4,37.65,
Player2_Car,3.00,468.848,3.348,784.026,10.569,4.23,0.41,4,38.21,
Player1_Car,3.02,469.244,3.348,787.991,10.568,4.09,0.41,4,37.86,
Player2_Car,3.02,469.055,3.348,783.981,10.568,4.29,0.41,4,38.42,
Player1_Car,3.04,469.451,3.348,787.947,10.567,4.14,0.41,4,38.08,
Player2_Car,3.04,469.261,3.348,783.935,10.567,4.37,0.41,4,38.64,
Player1_Car,3.06,469.657,3.348,787.902,10.565,4.17,0.41,4,38.29,
Player2_Car,3.06,469.467,3.348,783.888,10.565,4.50,0.41,4,38.91,
Player1_Car,3.08,469.863,3.348,787.856,10.564,4.23,0.41,4,38.50,
Player2_Car,3.08,469.673,3.348,783.841,10.564,4.50,0.41,4,39.12,
Player1_Car,3.10,470.069,3.348,787.810,10.563,4.29,0.41,4,38.71,
Player2_Car,3.10,469.879,3.348,783.792,10.562,4.45,0.41,4,39.34,
Player1_Car,3.12,470.275,3.348,787.762,10.562,4.25,0.41,4,38.88,
Player2_Car,3.12,470.084,3.348,783.742,10.561,4.46,0.41,4,39.55,
Player1_Car,3.14,470.481,3.348,787.714,10.561,4.27,0.41,4,39.09,
Player2_Car,3.14,470.289,3.348,783.692,10.561,4.54,0.41,4,39.76,
Player1_Car,3.16,470.686,3.348,787.665,10.560,4.31,0.41,4,39.30,
Player2_Car,3.16,470.494,3.348,783.640,10.560,4.60,0.41,4,39.97,
Player1_Car,3.18,470.891,3.348,787.615,10.559,4.36,0.41,4,39.51,
Player2_Car,3.18,470.698,3.348,783.588,10.559,4.71,0.41,4,40.25,
Player1_Car,3.20,471.096,3.348,787.564,10.558,4.42,0.41,4,39.72,
Player2_Car,3.20,470.903,3.348,783.534,10.558,4.70,0.41,4,40.46,
Player1_Car,3.22,471.301,3.348,787.512,10.557,4.47,0.41,4,39.93,
Player2_Car,3.22,471.107,3.348,783.479,10.557,4.67,0.41,4,40.67,
Player1_Car,3.24,471.505,3.348,787.459,10.556,4.48,0.41,4,40.14,
Player2_Car,3.24,471.310,3.348,783.424,10.556,4.71,0.41,4,40.88,
Player1_Car,3.26,471.710,3.348,787.405,10.556,4.44,0.41,4,40.31,
Player2_Car,3.26,471.514,3.348,783.367,10.555,4.78,0.41,4,41.09,
Player1_Car,3.28,471.913,3.348,787.350,10.555,4.45,0.41,4,40.52,
Player2_Car,3.28,471.717,3.348,783.310,10.555,4.80,0.41,4,41.30,
Player1_Car,3.30,472.117,3.348,787.295,10.555,4.54,0.41,4,40.73,
Player2_Car,3.30,471.919,3.348,783.251,10.554,4.91,0.41,4,41.59,
Player1_Car,3.32,472.320,3.348,787.238,10.554,4.62,0.41,4,40.94,
Player2_Car,3.32,472.122,3.348,783.191,10.553,4.92,0.41,4,41.80,
Player1_Car,3.34,472.524,3.348,787.181,10.553,4.65,0.41,4,41.15,
Player2_Car,3.34,472.324,3.348,783.130,10.552,4.93,0.41,4,42.01,
Player1_Car,3.36,472.726,3.348,787.122,10.553,4.66,0.41,4,41.36,
Player2_Car,3.36,472.526,3.348,783.068,10.552,4.96,0.41,4,42.22,
Player1_Car,3.38,472.929,3.348,787.063,10.552,4.60,0.41,4,41.53,
Player2_Car,3.38,472.727,3.348,783.005,10.551,4.98,0.41,4,42.43,
Player1_Car,3.40,473.131,3.348,787.002,10.551,4.61,0.41,4,41.74,
Player2_Car,3.40,472.928,3.348,782.941,10.551,5.12,0.41,4,42.72,
Player1_Car,3.42,473.333,3.348,786.941,10.551,4.73,0.41,4,41.95,
Player2_Car,3.42,473.129,3.348,782.876,10.551,5.13,0.41,4,42.93,
Player1_Car,3.44,473.534,3.348,786.879,10.551,4.81,0.41,4,42.16,
Player2_Car,3.44,473.329,3.348,782.809,10.550,5.13,0.41,4,43.14,
Player1_Car,3.46,473.736,3.348,786.815,10.550,4.83,0.41,4,42.37,
Player2_Car,3.46,473.529,3.348,782.741,10.549,5.15,0.41,4,43.35,
Player1_Car,3.48,473.937,3.348,786.751,10.550,4.82,0.41,4,42.59,
Player2_Car,3.48,473.728,3.348,782.673,10.549,5.17,0.41,4,43.56,
Player1_Car,3.50,474.137,3.348,786.685,10.549,4.75,0.41,4,42.75,
Player2_Car,3.50,473.927,3.348,782.603,10.548,5.17,0.41,4,43.77,
Player1_Car,3.52,474.337,3.348,786.619,10.549,4.80,0.41,4,42.96,
Player2_Car,3.52,474.126,3.348,782.532,10.548,5.33,0.41,4,44.06,
Player1_Car,3.54,474.537,3.348,786.551,10.549,4.92,0.41,4,43.17,
Player2_Car,3.54,474.324,3.348,782.460,10.548,5.39,0.41,4,44.27,
Player1_Car,3.56,474.737,3.348,786.483,10.549,4.98,0.41,4,43.38,
Player2_Car,3.56,474.522,3.348,782.386,10.547,5.37,0.41,4,44.49,
Player1_Car,3.58,474.936,3.348,786.413,10.548,4.99,0.41,4,43.59,
Player2_Car,3.58,474.719,3.348,782.312,10.546,5.34,0.41,4,44.70,
Player1_Car,3.60,475.135,3.348,786.343,10.547,4.98,0.41,4,43.81,
Player2_Car,3.60,474.916,3.348,782.236,10.546,5.35,0.41,4,44.91,
Player1_Car,3.62,475.333,3.348,786.271,10.547,4.91,0.41,4,43.97,
Player2_Car,3.62,475.112,3.348,782.159,10.546,5.54,0.41,4,45.20,
Player1_Car,3.64,475.531,3.348,786.198,10.547,4.99,0.41,4,44.18,
Player2_Car,3.64,475.308,3.348,782.081,10.546,5.61,0.41,4,45.41,
Player1_Car,3.66,475.729,3.348,786.124,10.547,5.10,0.41,4,44.39,
Player2_Car,3.66,475.504,3.348,782.002,10.545,5.56,0.41,4,45.62,
Player1_Car,3.68,475.926,3.348,786.050,10.546,5.15,0.41,4,44.60,
Player2_Car,3.68,475.698,3.348,781.921,10.544,5.52,0.41,4,45.83,
Player1_Car,3.70,476.123,3.348,785.974,10.546,5.14,0.41,4,44.81,
Player2_Car,3.70,475.893,3.348,781.839,10.544,5.52,0.41,4,46.04,
Player1_Car,3.72,476.319,3.348,785.897,10.545,5.14,0.41,4,45.02,
Player2_Car,3.72,476.087,3.348,781.756,10.544,5.56,0.41,4,46.25,
Player1_Car,3.74,476.515,3.348,785.818,10.545,5.10,0.41,4,45.19,
Player2_Car,3.74,476.280,3.348,781.672,10.544,5.81,0.41,4,46.55,
Player1_Car,3.76,476.710,3.348,785.739,10.545,5.18,0.41,4,45.40,
Player2_Car,3.76,476.473,3.348,781.586,10.544,5.84,0.41,4,46.76,
Player1_Car,3.78,476.905,3.348,785.659,10.545,5.27,0.41,4,45.61,
Player2_Car,3.78,476.665,3.348,781.499,10.542,5.74,0.41,4,46.97,
Player1_Car,3.80,477.100,3.348,785.578,10.544,5.30,0.41,4,45.82,
Player2_Car,3.80,476.856,3.348,781.411,10.541,5.68,0.42,4,47.18,
Player1_Car,3.82,477.294,3.348,785.495,10.544,5.29,0.41,4,46.03,
Player2_Car,3.82,477.047,3.348,781.322,10.542,5.74,0.42,4,47.40,
Player1_Car,3.84,477.487,3.348,785.411,10.543,5.31,0.41,4,46.24,
Player2_Car,3.84,477.238,3.348,781.231,10.542,6.02,0.41,4,47.70,
Player1_Car,3.86,477.680,3.348,785.327,10.543,5.28,0.41,4,46.41,
Player2_Car,3.86,477.428,3.348,781.139,10.542,6.04,0.41,4,47.91,
Player1_Car,3.88,477.873,3.348,785.241,10.543,5.35,0.41,4,46.62,
Player2_Car,3.88,477.616,3.348,781.046,10.540,5.92,0.42,4,48.12,
Player1_Car,3.90,478.065,3.348,785.154,10.543,5.41,0.41,4,46.83,
Player2_Car,3.90,477.805,3.348,780.951,10.539,5.84,0.42,4,48.33,
Player1_Car,3.92,478.257,3.348,785.066,10.542,5.44,0.41,4,47.04,
Player2_Car,3.92,477.993,3.348,780.856,10.540,5.92,0.42,4,48.54,
Player1_Car,3.94,478.448,3.348,784.976,10.542,5.43,0.41,4,47.25,
Player2_Car,3.94,478.180,3.348,780.759,10.540,6.22,0.42,4,48.84,
Player1_Car,3.96,478.638,3.348,784.886,10.541,5.49,0.42,4,47.46,
Player2_Car,3.96,478.366,3.348,780.660,10.540,6.23,0.42,4,49.05,
Player1_Car,3.98,478.828,3.348,784.794,10.541,5.46,0.42,4,47.63,
Player2_Car,3.98,478.552,3.348,780.560,10.538,6.08,0.42,4,49.27,
Player1_Car,4.00,479.017,3.348,784.702,10.541,5.49,0.42,4,47.84,
Player2_Car,4.00,478.737,3.348,780.459,10.537,6.01,0.42,4,49.48,
Player1_Car,4.02,479.206,3.348,784.608,10.541,5.55,0.42,4,48.05,
Player2_Car,4.02,478.921,3.348,780.357,10.538,6.10,0.42,4,49.69,
Player1_Car,4.04,479.394,3.348,784.513,10.541,5.57,0.42,4,48.26,
Player2_Car,4.04,479.104,3.348,780.253,10.539,6.40,0.42,4,49.99,
Player1_Car,4.06,479.582,3.348,784.417,10.540,5.60,0.42,4,48.47,
Player2_Car,4.06,479.287,3.348,780.148,10.538,6.39,0.42,4,50.20,
Player1_Car,4.08,479.769,3.348,784.319,10.540,5.66,0.42,4,48.68,
Player2_Car,4.08,479.469,3.348,780.041,10.536,6.23,0.42,4,50.42,
Player1_Car,4.10,479.955,3.348,784.221,10.540,5.60,0.42,4,48.84,
Player2_Car,4.10,479.650,3.348,779.934,10.536,6.19,0.42,4,50.63,
Player1_Car,4.12,480.141,3.348,784.121,10.539,5.61,0.42,4,49.05,
Player2_Car,4.12,479.830,3.348,779.825,10.537,6.27,0.42,4,50.84,
Player1_Car,4.14,480.326,3.348,784.020,10.539,5.67,0.42,4,49.26,
Player2_Car,4.14,480.010,3.348,779.714,10.537,6.56,0.42,4,51.15,
Player1_Car,4.16,480.510,3.348,783.918,10.539,5.71,0.42,4,49.48,
Player2_Car,4.16,480.188,3.348,779.603,10.537,6.53,0.42,4,51.36,
Player1_Car,4.18,480.694,3.348,783.815,10.539,5.77,0.42,4,49.69,
Player2_Car,4.18,480.366,3.348,779.489,10.535,6.36,0.42,4,51.57,
Player1_Car,4.20,480.877,3.348,783.711,10.538,5.70,0.42,4,49.85,
Player2_Car,4.20,480.543,3.348,779.375,10.534,6.34,0.42,4,51.78,
Player1_Car,4.22,481.060,3.348,783.605,10.538,5.72,0.42,4,50.06,
Player2_Car,4.22,480.719,3.348,779.259,10.535,6.43,0.42,4,51.99,
Player1_Car,4.24,481.242,3.348,783.499,10.538,5.78,0.42,4,50.27,
Player2_Car,4.24,480.894,3.348,779.142,10.536,6.70,0.42,4,52.30,
Player1_Car,4.26,481.423,3.348,783.391,10.538,5.81,0.42,4,50.48,
Player2_Car,4.26,481.068,3.348,779.023,10.535,6.66,0.42,4,52.51,
Player1_Car,4.28,481.603,3.348,783.282,10.538,5.85,0.42,4,50.69,
Player2_Car,4.28,481.241,3.348,778.903,10.533,6.49,0.42,4,52.72,
Player1_Car,4.30,481.783,3.348,783.172,10.537,5.90,0.42,4,50.90,
Player2_Car,4.30,481.414,3.348,778.782,10.533,6.48,0.42,4,52.94,
Player1_Car,4.32,481.962,3.348,783.060,10.537,5.82,0.42,4,51.07,
Player2_Car,4.32,481.585,3.348,778.659,10.534,6.81,0.42,4,53.25,
Player1_Car,4.34,482.140,3.348,782.948,10.536,5.83,0.42,4,51.28,
Player2_Car,4.34,481.756,3.348,778.536,10.534,6.82,0.42,4,53.46,
Player1_Car,4.36,482.317,3.348,782.834,10.537,5.88,0.42,4,51.49,
Player2_Car,4.36,481.925,3.348,778.410,10.532,6.64,0.42,4,53.67,
Player1_Car,4.38,482.494,3.348,782.719,10.537,5.93,0.42,4,51.70,
Player2_Car,4.38,482.093,3.348,778.283,10.532,6.56,0.42,4,53.88,
Player1_Car,4.40,482.670,3.348,782.603,10.536,5.99,0.42,4,51.91,
Player2_Car,4.40,482.260,3.348,778.156,10.533,6.62,0.42,4,54.09,
Player1_Car,4.42,482.845,3.348,782.486,10.536,5.93,0.42,4,52.08,
Player2_Car,4.42,482.427,3.348,778.026,10.534,6.93,0.42,4,54.41,
Player1_Car,4.44,483.019,3.348,782.367,10.536,5.91,0.42,4,52.28,
Player2_Car,4.44,482.592,3.348,777.896,10.533,6.90,0.42,4,54.62,
Player1_Car,4.46,483.193,3.348,782.248,10.536,5.96,0.42,4,52.50,
Player2_Car,4.46,482.756,3.348,777.764,10.531,6.70,0.42,4,54.83,
Player1_Car,4.48,483.365,3.348,782.127,10.536,5.99,0.42,4,52.71,
Player2_Car,4.48,482.919,3.348,777.630,10.531,6.65,0.42,4,55.04,
Player1_Car,4.50,483.537,3.348,782.005,10.536,6.05,0.42,4,52.92,
Player2_Car,4.50,483.081,3.348,777.496,10.532,6.72,0.42,4,55.25,
Player1_Car,4.52,483.708,3.348,781.882,10.535,6.09,0.42,4,53.13,
Player2_Car,4.52,483.242,3.348,777.360,10.533,7.01,0.42,4,55.57,
Player1_Car,4.54,483.879,3.348,781.758,10.535,5.99,0.42,4,53.29,
Player2_Car,4.54,483.402,3.348,777.223,10.533,6.96,0.42,4,55.78,
Player1_Car,4.56,484.048,3.348,781.633,10.534,5.99,0.42,4,53.50,
Player2_Car,4.56,483.561,3.348,777.084,10.531,6.76,0.42,4,56.00,
Player1_Car,4.58,484.216,3.348,781.506,10.535,6.04,0.42,4,53.71,
Player2_Car,4.58,483.718,3.348,776.944,10.530,6.72,0.42,4,56.21,
Player1_Car,4.60,484.384,3.348,781.379,10.535,6.10,0.42,4,53.92,
Player2_Car,4.60,483.875,3.348,776.803,10.532,6.78,0.42,4,56.42,
Player1_Car,4.62,484.551,3.348,781.250,10.535,6.15,0.42,4,54.13,
Player2_Car,4.62,484.030,3.348,776.661,10.532,7.06,0.42,4,56.74,
Player1_Car,4.64,484.717,3.348,781.120,10.534,6.05,0.42,4,54.30,
Player2_Car,4.64,484.184,3.348,776.518,10.532,7.00,0.42,4,56.95,
Player1_Car,4.66,484.881,3.348,780.989,10.534,6.05,0.42,4,54.51,
Player2_Car,4.66,484.337,3.348,776.373,10.530,6.80,0.42,4,57.16,
Player1_Car,4.68,485.045,3.348,780.856,10.534,6.10,0.42,4,54.72,
Player2_Car,4.68,484.489,3.348,776.226,10.530,6.77,0.42,4,57.37,
Player1_Car,4.70,485.209,3.348,780.723,10.534,6.13,0.42,4,54.93,
Player2_Car,4.70,484.639,3.348,776.079,10.531,7.08,0.42,4,57.69,
Player1_Car,4.72,485.371,3.348,780.589,10.534,6.18,0.42,4,55.14,
Player2_Car,4.72,484.789,3.348,775.931,10.532,7.08,0.42,4,57.90,
Player1_Car,4.74,485.532,3.348,780.453,10.534,6.21,0.42,4,55.35,
Player2_Car,4.74,484.936,3.348,775.781,10.530,6.88,0.42,4,58.11,
Player1_Car,4.76,485.692,3.348,780.316,10.533,6.10,0.42,4,55.52,
Player2_Car,4.76,485.083,3.348,775.630,10.530,6.76,0.42,4,58.32,
Player1_Car,4.78,485.851,3.348,780.178,10.533,6.10,0.42,4,55.73,
Player2_Car,4.78,485.228,3.348,775.477,10.531,6.81,0.42,4,58.53,
Player1_Car,4.80,486.010,3.348,780.039,10.534,6.14,0.42,4,55.94,
Player2_Car,4.80,485.373,3.348,775.324,10.532,7.11,0.42,4,58.86,
Player1_Car,4.82,486.167,3.348,779.899,10.534,6.20,0.42,4,56.15,
Player2_Car,4.82,485.516,3.348,775.170,10.532,7.06,0.42,4,59.07,
Player1_Car,4.84,486.324,3.348,779.758,10.534,6.23,0.42,4,56.36,
Player2_Car,4.84,485.658,3.348,775.014,10.530,6.85,0.42,4,59.28,
Player1_Car,4.86,486.479,3.348,779.616,10.536,6.12,0.42,4,56.53,
Player2_Car,4.86,485.798,3.348,774.856,10.530,6.74,0.42,4,59.49,
Player1_Car,4.88,486.633,3.348,779.472,10.533,6.13,0.42,4,56.74,
Player2_Car,4.88,485.937,3.348,774.698,10.531,7.06,0.42,4,59.81,
Player1_Car,4.90,486.787,3.348,779.328,10.533,6.18,0.42,4,56.95,
Player2_Car,4.90,486.075,3.348,774.539,10.532,7.08,0.42,4,60.02,
Player1_Car,4.92,486.939,3.348,779.183,10.533,6.19,0.42,4,57.16,
Player2_Car,4.92,486.211,3.348,774.379,10.530,6.89,0.42,4,60.23,
Player1_Car,4.94,487.091,3.348,779.036,10.533,6.23,0.42,4,57.37,
Player2_Car,4.94,486.346,3.348,774.217,10.530,6.74,0.42,4,60.44,
Player1_Car,4.96,487.241,3.348,778.889,10.533,6.24,0.42,4,57.57,
Player2_Car,4.96,486.480,3.348,774.054,10.531,6.73,0.42,4,60.65,
Player1_Car,4.98,487.390,3.348,778.740,10.533,6.15,0.42,4,57.75,
Player2_Car,4.98,486.613,3.348,773.891,10.532,7.03,0.42,4,60.98,
Player1_Car,5.00,487.538,3.348,778.590,10.533,6.15,0.42,4,57.96,
Player2_Car,5.00,486.744,3.348,773.726,10.533,7.02,0.42,4,61.19,
Player1_Car,5.02,487.685,3.348,778.439,10.533,6.18,0.42,4,58.17,
Player2_Car,5.02,486.874,3.348,773.560,10.531,6.81,0.42,4,61.40,
Player1_Car,5.04,487.832,3.348,778.288,10.533,6.21,0.42,4,58.38,
Player2_Car,5.04,487.002,3.348,773.393,10.530,6.68,0.42,4,61.61,
Player1_Car,5.06,487.977,3.348,778.135,10.533,6.24,0.42,4,58.59,
Player2_Car,5.06,487.129,3.348,773.225,10.531,6.66,0.42,4,61.82,
Player1_Car,5.08,488.120,3.348,777.981,10.533,6.15,0.42,4,58.75,
Player2_Car,5.08,487.255,3.348,773.057,10.533,6.95,0.42,4,62.14,
Player1_Car,5.10,488.263,3.348,777.826,10.533,6.14,0.42,4,58.96,
Player2_Car,5.10,487.380,3.348,772.887,10.533,6.93,0.42,4,62.35,
Player1_Car,5.12,488.405,3.348,777.671,10.533,6.18,0.42,4,59.18,
Player2_Car,5.12,487.503,3.348,772.716,10.531,6.73,0.42,4,62.56,
Player1_Car,5.14,488.546,3.348,777.514,10.533,6.18,0.42,4,59.39,
Player2_Car,5.14,487.624,3.348,772.544,10.531,6.60,0.42,4,62.77,
Player1_Car,5.16,488.685,3.348,777.356,10.533,6.20,0.42,4,59.60,
Player2_Car,5.16,487.745,3.348,772.371,10.532,6.82,0.42,4,63.09,
Player1_Car,5.18,488.824,3.348,777.197,10.533,6.12,0.42,4,59.76,
Player2_Car,5.18,487.864,3.348,772.197,10.533,6.85,0.42,4,63.30,
Player1_Car,5.20,488.961,3.348,777.038,10.533,6.13,0.42,4,59.97,
Player2_Car,5.20,487.981,3.348,772.022,10.532,6.70,0.42,4,63.51,
Player1_Car,5.22,489.098,3.348,776.877,10.533,6.17,0.42,4,60.19,
Player2_Car,5.22,488.097,3.348,771.847,10.532,6.57,0.42,4,63.72,
Player1_Car,5.24,489.233,3.348,776.715,10.533,6.17,0.42,4,60.40,
Player2_Car,5.24,488.212,3.348,771.670,10.533,6.52,0.42,4,63.93,
Player1_Car,5.26,489.367,3.348,776.553,10.533,6.14,0.42,4,60.61,
Player2_Car,5.26,488.326,3.348,771.492,10.534,6.72,1.00,4,64.25,
Player1_Car,5.28,489.500,3.348,776.389,10.533,6.17,0.42,4,60.82,
Player2_Car,5.28,488.438,3.348,771.314,10.534,6.71,1.00,4,64.46,
Player1_Car,5.30,489.631,3.348,776.225,10.533,6.09,0.42,4,60.98,
Player2_Car,5.30,488.552,3.348,771.129,10.883,6.60,1.00,4,64.68,
Player1_Car,5.32,489.762,3.348,776.060,10.533,6.09,0.42,4,61.20,
Player2_Car,5.32,488.668,3.348,770.936,11.230,6.60,1.00,4,64.91,
Player1_Car,5.34,489.891,3.348,775.894,10.534,6.12,0.42,4,61.41,
Player2_Car,5.34,488.786,3.348,770.737,11.573,6.69,1.00,4,65.14,
Player1_Car,5.36,490.020,3.348,775.727,10.534,6.12,0.42,4,61.62,
Player2_Car,5.36,488.906,3.348,770.532,11.912,6.99,1.00,4,65.48,
Player1_Car,5.38,490.147,3.348,775.559,10.534,6.10,0.42,4,61.83,
Player2_Car,5.38,489.028,3.348,770.319,12.247,6.98,1.00,4,65.73,
Player1_Car,5.40,490.273,3.348,775.390,10.534,6.02,0.42,4,61.99,
Player2_Car,5.40,489.150,3.348,770.099,12.576,6.81,1.00,4,65.98,
Player1_Car,5.42,490.398,3.348,775.220,10.534,6.04,0.42,4,62.21,
Player2_Car,5.42,489.274,3.348,769.873,12.902,6.78,1.00,4,66.24,
Player1_Car,5.44,490.522,3.348,775.050,10.534,6.08,0.42,4,62.42,
Player2_Car,5.44,489.398,3.348,769.639,13.226,7.00,1.00,4,66.60,
Player1_Car,5.46,490.644,3.348,774.878,10.534,6.08,0.42,4,62.63,
Player2_Car,5.46,489.524,3.348,769.399,13.546,7.01,1.00,4,66.87,
Player1_Car,5.48,490.766,3.348,774.706,10.534,6.04,0.42,4,62.84,
Player2_Car,5.48,489.650,3.348,769.152,13.860,6.88,1.00,4,67.15,
Player1_Car,5.50,490.886,3.348,774.533,10.534,5.95,0.42,4,63.01,
Player2_Car,5.50,489.776,3.348,768.898,14.171,6.79,1.00,4,67.43,
Player1_Car,5.52,491.005,3.348,774.359,10.534,5.96,0.42,4,63.22,
Player2_Car,5.52,489.902,3.348,768.638,14.480,6.93,1.00,4,67.82,
Player1_Car,5.54,491.123,3.348,774.185,10.535,6.01,0.42,4,63.43,
Player2_Car,5.54,490.029,3.348,768.371,14.785,6.96,1.00,4,68.12,
Player1_Car,5.56,491.240,3.348,774.009,10.535,6.02,0.42,4,63.64,
Player2_Car,5.56,490.155,3.348,768.097,15.085,6.83,1.00,4,68.42,
Player1_Car,5.58,491.356,3.348,773.833,10.535,5.99,0.42,4,63.85,
Player2_Car,5.58,490.280,3.348,767.816,15.381,6.84,1.00,4,68.83,
Player1_Car,5.60,491.470,3.348,773.656,10.535,5.95,0.42,4,64.06,
Player2_Car,5.60,490.406,3.348,767.528,15.675,6.84,1.00,4,69.14,
Player1_Car,5.62,491.583,3.348,773.479,10.535,5.85,1.00,4,64.23,
Player2_Car,5.62,490.530,3.348,767.234,15.965,6.74,1.00,4,69.46,
Player1_Car,5.64,491.695,3.348,773.300,10.535,5.88,1.00,4,64.44,
Player2_Car,5.64,490.654,3.348,766.934,16.252,6.78,1.00,4,69.88,
Player1_Car,5.66,491.810,3.348,773.115,10.886,6.02,1.00,4,64.66,
Player2_Car,5.66,490.776,3.348,766.627,16.535,6.75,1.00,4,70.21,
Player1_Car,5.68,491.926,3.348,772.923,11.232,6.16,1.00,4,64.88,
Player2_Car,5.68,490.898,3.348,766.313,16.815,6.63,0.98,4,70.55,
Player1_Car,5.70,492.045,3.348,772.724,11.575,6.23,1.00,4,65.11,
Player2_Car,5.70,491.018,3.348,765.993,17.092,6.53,0.95,4,70.89,
Player1_Car,5.72,492.166,3.348,772.519,11.913,6.22,1.00,4,65.31,
Player2_Car,5.72,491.136,3.348,765.667,17.355,6.63,0.92,4,71.33,
Player1_Car,5.74,492.288,3.348,772.307,12.247,6.27,1.00,4,65.55,
Player2_Car,5.74,491.253,3.348,765.335,17.595,6.60,0.89,4,71.68,
Player1_Car,5.76,492.412,3.348,772.088,12.577,6.33,1.00,4,65.80,
Player2_Car,5.76,491.368,3.348,764.997,17.812,6.44,0.86,4,72.03,
Player1_Car,5.78,492.537,3.348,771.862,12.904,6.40,1.00,4,66.06,
Player2_Car,5.78,491.480,3.348,764.655,18.009,6.45,0.84,4,72.48,
Player1_Car,5.80,492.664,3.348,771.630,13.227,6.44,1.00,4,66.33,
Player2_Car,5.80,491.590,3.348,764.309,18.190,6.40,0.82,4,72.84,
Player1_Car,5.82,492.791,3.348,771.391,13.545,6.35,1.00,4,66.56,
Player2_Car,5.82,491.698,3.348,763.958,18.353,6.27,0.80,4,73.21,
Player1_Car,5.84,492.920,3.348,771.145,13.860,6.35,1.00,4,66.83,
Player2_Car,5.84,491.802,3.348,763.603,18.502,6.29,0.78,4,73.67,
Player1_Car,5.86,493.049,3.348,770.893,14.172,6.43,1.00,4,67.12,
Player2_Car,5.86,491.904,3.348,763.244,18.637,6.22,0.76,4,74.04,
Player1_Car,5.88,493.178,3.348,770.634,14.480,6.46,1.00,4,67.41,
Player2_Car,5.88,492.003,3.348,762.882,18.759,6.07,0.75,4,74.41,
Player1_Car,5.90,493.308,3.348,770.368,14.784,6.35,1.00,4,67.66,
Player2_Car,5.90,492.100,3.348,762.517,18.871,6.06,0.74,4,74.87,
Player1_Car,5.92,493.438,3.348,770.096,15.084,6.34,1.00,4,67.96,
Player2_Car,5.92,492.193,3.348,762.149,18.973,6.01,0.72,4,75.25,
Player1_Car,5.94,493.568,3.348,769.817,15.381,6.39,1.00,4,68.27,
Player2_Car,5.94,492.283,3.348,761.779,19.065,5.86,0.71,4,75.63,
Player1_Car,5.96,493.698,3.348,769.532,15.675,6.38,1.00,4,68.58,
Player2_Car,5.96,492.369,3.348,761.406,19.149,5.79,0.70,4,76.09,
Player1_Car,5.98,493.827,3.348,769.240,15.964,6.31,1.00,4,68.86,
Player2_Car,5.98,492.453,3.348,761.031,19.225,5.68,0.69,4,76.48,
Player1_Car,6.00,493.956,3.348,768.942,16.251,6.29,1.00,4,69.19,
Player2_Car,6.00,492.534,3.348,760.653,19.295,5.53,0.68,4,76.86,
Player1_Car,6.02,494.085,3.348,768.637,16.534,6.29,1.00,4,69.52,
Player2_Car,6.02,492.611,3.348,760.274,19.358,5.45,0.68,4,77.32,
Player1_Car,6.04,494.212,3.348,768.326,16.814,6.25,0.98,4,69.82,
Player2_Car,6.04,492.686,3.348,759.893,19.416,5.33,0.67,4,77.71,
Player1_Car,6.06,494.339,3.348,768.008,17.091,6.24,0.95,4,70.16,
Player2_Car,6.06,492.757,3.348,759.510,19.468,5.17,0.66,4,78.10,
Player1_Car,6.08,494.465,3.348,767.685,17.353,6.21,0.92,4,70.50,
Player2_Car,6.08,492.826,3.348,759.126,19.516,5.07,0.66,4,78.56,
Player1_Car,6.10,494.589,3.348,767.355,17.593,6.20,0.89,4,70.86,
Player2_Car,6.10,492.892,3.348,758.740,19.559,4.94,0.65,4,78.95,
Player1_Car,6.12,494.711,3.348,767.021,17.811,6.13,0.86,4,71.17,
Player2_Car,6.12,492.955,3.348,758.353,19.599,4.79,0.65,4,79.35,
Player1_Car,6.14,494.832,3.348,766.682,18.008,6.07,0.84,4,71.53,
Player2_Car,6.14,493.015,3.348,757.965,19.635,4.65,0.64,4,79.74,
Player1_Car,6.16,494.950,3.348,766.338,18.188,6.05,0.82,4,71.90,
Player2_Car,6.16,493.072,3.348,757.576,19.668,4.55,0.64,4,80.20,
Player1_Car,6.18,495.067,3.348,765.990,18.352,5.99,0.80,4,72.23,
Player2_Car,6.18,493.127,3.348,757.186,19.698,4.43,0.64,4,80.59,
Player1_Car,6.20,495.181,3.348,765.638,18.501,5.94,0.78,4,72.60,
Player2_Car,6.20,493.180,3.348,756.795,19.726,4.28,0.63,4,80.99,
Player1_Car,6.22,495.292,3.348,765.282,18.636,5.89,0.76,4,72.97,
Player2_Car,6.22,493.230,3.348,756.403,19.750,4.17,0.63,4,81.45,
Player1_Car,6.24,495.401,3.348,764.923,18.759,5.86,0.75,4,73.34,
Player2_Car,6.24,493.278,3.348,756.011,19.773,4.05,0.63,4,81.84,
Player1_Car,6.26,495.508,3.348,764.561,18.870,5.78,0.74,4,73.68,
Player2_Car,6.26,493.323,3.348,755.617,19.794,3.93,0.62,4,82.24,
Player1_Car,6.28,495.611,3.348,764.196,18.971,5.71,0.72,4,74.06,
Player2_Car,6.28,493.366,3.348,755.224,19.813,3.82,0.62,4,82.69,
Player1_Car,6.30,495.712,3.348,763.828,19.064,5.66,0.71,4,74.44,
Player2_Car,6.30,493.407,3.348,754.829,19.830,3.71,0.62,4,83.09,
Player1_Car,6.32,495.810,3.348,763.458,19.148,5.58,0.70,4,74.79,
Player2_Car,6.32,493.446,3.348,754.434,19.846,3.59,0.62,4,83.49,
Player1_Car,6.34,495.905,3.348,763.085,19.224,5.52,0.69,4,75.17,
Player2_Car,6.34,493.484,3.348,754.039,19.860,3.47,0.62,4,83.88,
Player1_Car,6.36,495.997,3.348,762.711,19.294,5.46,0.68,4,75.56,
Player2_Car,6.36,493.519,3.348,753.643,19.873,3.39,0.62,4,84.34,
Player1_Car,6.38,496.087,3.348,762.334,19.357,5.34,0.68,4,75.91,
Player2_Car,6.38,493.552,3.348,753.247,19.885,3.29,0.61,4,84.74,
Player1_Car,6.40,496.173,3.348,761.955,19.414,5.24,0.67,4,76.30,
Player2_Car,6.40,493.584,3.348,752.850,19.896,3.18,0.61,4,85.13,
Player1_Car,6.42,496.257,3.348,761.575,19.466,5.17,0.66,4,76.69,
Player2_Car,6.42,493.614,3.348,752.453,19.906,3.09,0.61,4,85.58,
Player1_Car,6.44,496.338,3.348,761.193,19.514,5.09,0.66,4,77.08,
Player2_Car,6.44,493.643,3.348,752.056,19.915,3.00,0.61,4,85.98,
Player1_Car,6.46,496.416,3.348,760.810,19.558,4.96,0.65,4,77.43,
Player2_Car,6.46,493.670,3.348,751.658,19.924,2.91,0.61,4,86.38,
Player1_Car,6.48,496.491,3.348,760.425,19.597,4.85,0.65,4,77.83,
Player2_Car,6.48,493.695,3.348,751.260,19.931,2.82,0.61,4,86.78,
Player1_Car,6.50,496.563,3.348,760.040,19.633,4.77,0.64,4,78.22,
Player2_Car,6.50,493.719,3.348,750.862,19.938,2.74,0.61,4,87.22,
Player1_Car,6.52,496.633,3.348,759.653,19.666,4.66,0.64,4,78.58,
Player2_Car,6.52,493.742,3.348,750.464,19.945,2.66,0.61,4,87.61,
Player1_Car,6.54,496.701,3.348,759.264,19.696,4.55,0.64,4,78.97,
Player2_Car,6.54,493.764,3.348,750.065,19.950,2.58,0.61,4,88.01,
Player1_Car,6.56,496.765,3.348,758.875,19.723,4.46,0.63,4,79.36,
Player2_Car,6.56,493.784,3.348,749.667,19.956,2.51,0.61,4,88.41,
Player1_Car,6.58,496.828,3.348,758.485,19.748,4.37,0.63,4,79.76,
Player2_Car,6.58,493.804,3.348,749.268,19.961,2.44,0.60,4,88.81,
Player1_Car,6.60,496.887,3.348,758.094,19.770,4.25,0.63,4,80.12,
Player2_Car,6.60,493.822,3.348,748.869,19.965,2.37,0.60,4,89.21,
Player1_Car,6.62,496.945,3.348,757.703,19.791,4.15,0.63,4,80.52,
Player2_Car,6.62,493.839,3.348,748.470,19.969,2.31,0.60,4,89.61,
Player1_Car,6.64,497.000,3.348,757.310,19.810,4.06,0.62,4,80.91,
Player2_Car,6.64,493.855,3.348,748.071,19.973,2.25,0.60,4,90.01,
Player1_Car,6.66,497.053,3.348,756.917,19.827,3.95,0.62,4,81.27,
Player2_Car,6.66,493.871,3.348,747.672,19.977,2.19,0.60,4,90.41,
Player1_Car,6.68,497.104,3.348,756.524,19.843,3.86,0.62,4,81.67,
Player2_Car,6.68,493.885,3.348,747.273,19.980,2.13,0.60,4,90.81,
Player1_Car,6.70,497.152,3.348,756.130,19.857,3.77,0.62,4,82.07,
Player2_Car,6.70,493.899,3.348,746.873,19.983,2.08,0.60,4,91.21,
Player1_Car,6.72,497.199,3.348,755.735,19.870,3.68,0.62,4,82.46,
Player2_Car,6.72,493.911,3.348,746.474,19.985,2.03,0.60,4,91.61,
Player1_Car,6.74,497.243,3.348,755.340,19.882,3.58,0.61,4,82.83,
Player2_Car,6.74,493.923,3.348,746.074,19.988,1.98,0.60,4,92.01,
Player1_Car,6.76,497.286,3.348,754.944,19.893,3.49,0.61,4,83.23,
Player2_Car,6.76,493.935,3.348,745.674,19.990,1.93,0.60,4,92.41,
Player1_Car,6.78,497.327,3.348,754.548,19.903,3.41,0.61,4,83.62,
Player2_Car,6.78,493.945,3.348,745.275,19.992,1.89,0.60,4,92.81,
Player1_Car,6.80,497.366,3.348,754.152,19.912,3.32,0.61,4,83.99,
Player2_Car,6.80,493.955,3.348,744.875,19.994,1.84,0.60,4,93.21,
Player1_Car,6.82,497.403,3.348,753.755,19.920,3.23,0.61,4,84.38,
Player2_Car,6.82,493.965,3.348,744.475,19.996,1.80,0.60,4,93.61,
Player1_Car,6.84,497.438,3.348,753.358,19.928,3.16,0.61,4,84.78,
Player2_Car,6.84,493.974,3.348,744.075,19.998,1.76,0.60,4,94.01,
Player1_Car,6.86,497.472,3.348,752.961,19.935,3.08,0.61,4,85.18,
Player2_Car,6.86,493.982,3.348,743.675,19.999,1.73,0.60,4,94.41,
Player1_Car,6.88,497.505,3.348,752.564,19.941,3.00,0.61,4,85.54,
Player2_Car,6.88,493.990,3.348,743.276,20.001,1.69,0.60,4,94.81,
Player1_Car,6.90,497.536,3.348,752.166,19.947,2.92,0.61,4,85.94,
Player2_Car,6.90,493.997,3.348,742.876,20.002,1.66,0.60,4,95.21,
Player1_Car,6.92,497.565,3.348,751.768,19.953,2.86,0.61,4,86.34,
Player2_Car,6.92,494.004,3.348,742.476,20.003,1.63,0.60,4,95.61,
Player1_Car,6.94,497.594,3.348,751.370,19.958,2.79,0.61,4,86.74,
Player2_Car,6.94,494.010,3.348,742.076,20.004,1.60,0.60,4,96.01,
Player1_Car,6.96,497.620,3.348,750.971,19.962,2.72,0.60,4,87.11,
Player2_Car,6.96,494.016,3.348,741.676,20.005,1.57,0.60,4,96.41,
Player1_Car,6.98,497.646,3.348,750.573,19.966,2.65,0.60,4,87.51,
Player2_Car,6.98,494.022,3.348,741.275,20.006,1.54,0.60,4,96.81,
Player1_Car,7.00,497.670,3.348,750.174,19.970,2.59,0.60,4,87.91,
Player2_Car,7.00,494.027,3.348,740.875,20.007,1.52,0.60,4,97.21,
Player1_Car,7.02,497.693,3.348,749.776,19.974,2.53,0.60,4,88.31,
Player2_Car,7.02,494.032,3.348,740.475,20.008,1.49,0.60,4,97.61,
Player1_Car,7.04,497.715,3.348,749.377,19.977,2.47,0.60,4,88.70,
Player2_Car,7.04,494.037,3.348,740.075,20.008,1.47,0.60,4,98.01,
Player1_Car,7.06,497.736,3.348,748.978,19.980,2.41,0.60,4,89.10,
Player2_Car,7.06,494.041,3.348,739.675,20.009,1.45,0.60,4,98.41,
Player1_Car,7.08,497.756,3.348,748.578,19.982,2.35,0.60,4,89.50,
Player2_Car,7.08,494.045,3.348,739.275,20.010,1.43,0.60,4,98.81,
Player1_Car,7.10,497.775,3.348,748.179,19.985,2.30,0.60,4,89.90,
Player2_Car,7.10,494.049,3.348,738.875,20.010,1.41,0.60,4,99.21,
Player1_Car,7.12,497.793,3.348,747.780,19.987,2.25,0.60,4,90.30,
Player2_Car,7.12,494.052,3.348,738.474,20.011,1.39,0.60,4,99.61,
Player1_Car,7.14,497.810,3.348,747.380,19.989,2.20,0.60,4,90.70,
Player2_Car,7.14,494.055,3.348,738.074,20.011,1.37,0.60,4,100.01,
Player1_Car,7.16,497.826,3.348,746.981,19.991,2.15,0.60,4,91.10,
Player2_Car,7.16,494.058,3.348,737.674,20.012,1.35,0.60,4,100.41,
Player1_Car,7.18,497.842,3.348,746.581,19.993,2.10,0.60,4,91.50,
Player2_Car,7.18,494.061,3.348,737.274,20.012,1.34,0.60,4,100.81,
Player1_Car,7.20,497.856,3.348,746.182,19.995,2.05,0.60,4,91.90,
Player2_Car,7.20,494.064,3.348,736.873,20.013,1.32,0.60,4,101.21,
Player1_Car,7.22,497.870,3.348,745.782,19.996,2.01,0.60,4,92.30,
Player2_Car,7.22,494.066,3.348,736.473,20.013,1.31,0.60,4,101.61,
Player1_Car,7.24,497.883,3.348,745.382,19.998,1.97,0.60,4,92.70,
Player2_Car,7.24,494.068,3.348,736.073,20.014,1.29,0.60,4,102.01,
Player1_Car,7.26,497.896,3.348,744.983,19.999,1.93,0.60,4,93.10,
Player2_Car,7.26,494.070,3.348,735.673,20.014,1.28,0.60,4,102.41,
Player1_Car,7.28,497.907,3.348,744.583,20.000,1.89,0.60,4,93.50,
Player2_Car,7.28,494.072,3.348,735.272,20.014,1.27,0.60,4,102.81,
Player1_Car,7.30,497.918,3.348,744.183,20.002,1.85,0.60,4,93.90,
Player2_Car,7.30,494.074,3.348,734.872,20.014,1.26,0.60,4,103.21,
Player1_Car,7.32,497.929,3.348,743.783,20.003,1.82,0.60,4,94.30,
Player2_Car,7.32,494.076,3.348,734.472,20.015,1.25,0.60,4,103.61,
Player1_Car,7.34,497.939,3.348,743.383,20.004,1.78,0.60,4,94.70,
Player2_Car,7.34,494.077,3.348,734.072,20.015,1.24,0.60,4,104.01,
Player1_Car,7.36,497.948,3.348,742.983,20.005,1.75,0.60,4,95.10,
Player2_Car,7.36,494.078,3.348,733.671,20.015,1.23,0.60,4,104.41,
Player1_Car,7.38,497.957,3.348,742.583,20.005,1.72,0.60,4,95.50,
Player2_Car,7.38,494.080,3.348,733.271,20.015,1.22,0.60,4,104.81,
Player1_Car,7.40,497.965,3.348,742.183,20.006,1.69,0.60,4,95.90,
Player2_Car,7.40,494.081,3.348,732.871,20.016,1.21,0.60,4,105.21,
Player1_Car,7.42,497.973,3.348,741.783,20.007,1.66,0.60,4,96.30,
Player2_Car,7.42,494.082,3.348,732.470,20.016,1.20,0.60,4,105.61,
Player1_Car,7.44,497.981,3.348,741.383,20.008,1.63,0.60,4,96.70,
Player2_Car,7.44,494.083,3.348,732.070,20.016,1.19,0.60,4,106.01,
Player1_Car,7.46,497.988,3.348,740.983,20.008,1.60,0.60,4,97.10,
Player2_Car,7.46,494.084,3.348,731.670,20.016,1.19,0.60,4,106.41,
Player1_Car,7.48,497.994,3.348,740.583,20.009,1.58,0.60,4,97.50,
Player2_Car,7.48,494.085,3.348,731.269,20.016,1.18,0.60,4,106.81,
Player1_Car,7.50,498.001,3.348,740.182,20.009,1.55,0.60,4,97.90,
Player2_Car,7.50,494.085,3.348,730.869,20.016,1.17,0.60,4,107.21,
Player1_Car,7.52,498.007,3.348,739.782,20.010,1.53,0.60,4,98.30,
Player2_Car,7.52,494.086,3.348,730.469,20.017,1.17,0.60,4,107.61,
Player1_Car,7.54,498.012,3.348,739.382,20.010,1.51,0.60,4,98.70,
Player2_Car,7.54,494.087,3.348,730.068,20.017,1.16,0.60,4,108.01,
Player1_Car,7.56,498.017,3.348,738.982,20.011,1.49,0.60,4,99.10,
Player2_Car,7.56,494.087,3.348,729.668,20.017,1.16,0.60,4,108.41,
Player1_Car,7.58,498.022,3.348,738.582,20.011,1.47,0.60,4,99.50,
Player2_Car,7.58,494.088,3.348,729.268,20.017,1.15,0.60,4,108.81,
Player1_Car,7.60,498.027,3.348,738.181,20.012,1.45,0.60,4,99.90,
Player2_Car,7.60,494.088,3.348,728.867,20.017,1.15,0.60,4,109.21,
Player1_Car,7.62,498.031,3.348,737.781,20.012,1.43,0.60,4,100.30,
Player2_Car,7.62,494.088,3.348,728.467,20.017,1.14,0.60,4,109.61,
Player1_Car,7.64,498.035,3.348,737.381,20.013,1.41,0.60,4,100.70,
Player2_Car,7.64,494.089,3.348,728.067,20.017,1.14,0.60,4,110.01,
Player1_Car,7.66,498.039,3.348,736.981,20.013,1.39,0.60,4,101.10,
Player2_Car,7.66,494.089,3.348,727.666,20.017,1.14,0.60,4,110.41,
Player1_Car,7.68,498.043,3.348,736.581,20.013,1.38,0.60,4,101.50,
Player2_Car,7.68,494.089,3.348,727.266,20.017,1.13,0.60,4,110.82,
Player1_Car,7.70,498.046,3.348,736.180,20.013,1.36,0.60,4,101.90,
Player2_Car,7.70,494.090,3.348,726.866,20.017,1.13,0.60,4,111.22,
Player1_Car,7.72,498.049,3.348,735.780,20.014,1.35,0.60,4,102.30,
Player2_Car,7.72,494.090,3.348,726.465,20.017,1.13,0.60,4,111.62,
Player1_Car,7.74,498.052,3.348,735.380,20.014,1.34,0.60,4,102.70,
Player2_Car,7.74,494.090,3.348,726.065,20.018,1.12,0.60,4,112.02,
Player1_Car,7.76,498.055,3.348,734.979,20.014,1.32,0.60,4,103.10,
Player2_Car,7.76,494.090,3.348,725.665,20.018,1.12,0.60,4,112.42,
Player1_Car,7.78,498.058,3.348,734.579,20.015,1.31,0.60,4,103.50,
Player2_Car,7.78,494.090,3.348,725.264,20.018,1.12,0.60,4,112.82,
Player1_Car,7.80,498.060,3.348,734.179,20.015,1.30,0.60,4,103.90,
Player2_Car,7.80,494.091,3.348,724.864,20.018,1.12,0.60,4,113.22,
Player1_Car,7.82,498.062,3.348,733.779,20.015,1.29,0.60,4,104.30,
Player2_Car,7.82,494.091,3.348,724.464,20.018,1.11,0.60,4,113.62,
Player1_Car,7.84,498.065,3.348,733.378,20.015,1.28,0.60,4,104.70,
Player2_Car,7.84,494.091,3.348,724.063,20.018,1.11,0.60,4,114.02,
Player1_Car,7.86,498.066,3.348,732.978,20.015,1.27,0.60,4,105.10,
Player2_Car,7.86,494.091,3.348,723.663,20.018,1.11,0.60,4,114.42,
Player1_Car,7.88,498.068,3.348,732.578,20.015,1.26,0.60,4,105.50,
Player2_Car,7.88,494.091,3.348,723.263,20.018,1.11,0.60,4,114.82,
Player1_Car,7.90,498.070,3.348,732.177,20.016,1.25,0.60,4,105.90,
Player2_Car,7.90,494.091,3.348,722.862,20.018,1.10,0.60,4,115.22,
Player1_Car,7.92,498.072,3.348,731.777,20.016,1.24,0.60,4,106.30,
Player2_Car,7.92,494.091,3.348,722.462,20.018,1.10,0.60,4,115.62,
Player1_Car,7.94,498.073,3.348,731.377,20.016,1.23,0.60,4,106.70,
Player2_Car,7.94,494.091,3.348,722.062,20.018,1.10,0.60,4,116.02,
Player1_Car,7.96,498.075,3.348,730.976,20.016,1.22,0.60,4,107.10,
Player2_Car,7.96,494.091,3.348,721.661,20.018,1.10,0.60,4,116.42,
Player1_Car,7.98,498.076,3.348,730.576,20.017,1.22,0.60,4,107.50,
Player2_Car,7.98,494.091,3.348,721.261,20.018,1.09,0.60,4,116.82,
Player1_Car,8.00,498.077,3.348,730.176,20.017,1.21,0.60,4,107.91,
Player2_Car,8.00,494.091,3.348,720.861,20.018,1.09,0.60,4,117.22,
Player1_Car,8.02,498.078,3.348,729.776,20.017,1.20,0.60,4,108.31,
Player2_Car,8.02,494.091,3.348,720.460,20.018,1.09,0.60,4,117.62,
Player1_Car,8.04,498.079,3.348,729.375,20.017,1.20,0.60,4,108.71,
Player2_Car,8.04,494.091,3.348,720.060,20.018,1.09,0.60,4,118.02,
Player1_Car,8.06,498.080,3.348,728.975,20.017,1.19,0.60,4,109.11,
Player2_Car,8.06,494.091,3.348,719.660,20.018,1.08,0.60,4,118.42,
Player1_Car,8.08,498.081,3.348,728.575,20.017,1.19,0.60,4,109.51,
Player2_Car,8.08,494.091,3.348,719.259,20.018,1.08,0.60,4,118.82,
Player1_Car,8.10,498.082,3.348,728.174,20.017,1.18,0.60,4,109.91,
Player2_Car,8.10,494.091,3.348,718.859,20.018,1.07,0.60,4,119.22,
Player1_Car,8.12,498.083,3.348,727.774,20.018,1.18,0.60,4,110.31,
Player2_Car,8.12,494.091,3.348,718.459,20.018,1.07,0.60,4,119.62,
Player1_Car,8.14,498.083,3.348,727.374,20.018,1.17,0.60,4,110.71,
Player2_Car,8.14,494.091,3.348,718.058,20.018,1.06,0.60,4,120.02,
Player1_Car,8.16,498.084,3.348,726.973,20.017,1.17,0.60,4,111.11,
Player2_Car,8.16,494.090,3.348,717.658,20.019,1.06,0.60,4,120.42,
Player1_Car,8.18,498.085,3.348,726.573,20.017,1.16,0.60,4,111.51,
Player2_Car,8.18,494.090,3.348,717.258,20.019,1.05,0.60,4,120.82,
Player1_Car,8.20,498.085,3.348,726.173,20.017,1.16,0.60,4,111.91,
Player2_Car,8.20,494.090,3.348,716.857,20.019,1.05,0.60,4,121.22,
Player1_Car,8.22,498.086,3.348,725.772,20.018,1.16,0.60,4,112.31,
Player2_Car,8.22,494.090,3.348,716.457,20.019,1.05,0.60,4,121.62,
Player1_Car,8.24,498.086,3.348,725.372,20.018,1.15,0.60,4,112.71,
Player2_Car,8.24,494.090,3.348,716.056,20.019,1.04,0.60,4,122.02,
Player1_Car,8.26,498.087,3.348,724.972,20.018,1.15,0.60,4,113.11,
Player2_Car,8.26,494.090,3.348,715.656,20.019,1.04,0.60,4,122.43,
Player1_Car,8.28,498.087,3.348,724.571,20.018,1.15,0.60,4,113.51,
Player2_Car,8.28,494.090,3.348,715.256,20.019,1.03,0.60,4,122.83,
Player1_Car,8.30,498.087,3.348,724.171,20.018,1.14,0.60,4,113.91,
Player2_Car,8.30,494.089,3.348,714.855,20.019,1.03,0.60,4,123.23,
Player1_Car,8.32,498.088,3.348,723.771,20.018,1.14,0.60,4,114.31,
Player2_Car,8.32,494.089,3.348,714.455,20.019,1.02,0.60,4,123.63,
Player1_Car,8.34,498.088,3.348,723.370,20.018,1.14,0.60,4,114.71,
Player2_Car,8.34,494.089,3.348,714.054,20.019,1.02,0.60,4,124.03,
Player1_Car,8.36,498.088,3.348,722.970,20.018,1.14,0.60,4,115.11,
Player2_Car,8.36,494.089,3.348,713.654,20.019,1.01,0.60,4,124.43,
Player1_Car,8.38,498.089,3.348,722.570,20.018,1.13,0.60,4,115.51,
Player2_Car,8.38,494.089,3.348,713.254,20.019,1.01,0.60,4,124.83,
Player1_Car,8.40,498.089,3.348,722.169,20.018,1.13,0.60,4,115.91,
Player2_Car,8.40,494.089,3.348,712.853,20.019,1.00,0.60,4,125.23,
Player1_Car,8.42,498.089,3.348,721.769,20.018,1.13,0.60,4,116.31,
Player2_Car,8.42,494.088,3.348,712.453,20.019,1.00,0.60,4,125.63,
Player1_Car,8.44,498.089,3.348,721.369,20.018,1.12,0.60,4,116.71,
Player2_Car,8.44,494.088,3.348,712.052,20.019,0.99,0.60,4,126.03,
Player1_Car,8.46,498.089,3.348,720.968,20.018,1.12,0.60,4,117.11,
Player2_Car,8.46,494.088,3.348,711.652,20.019,0.99,0.60,4,126.43,
Player1_Car,8.48,498.090,3.348,720.568,20.018,1.12,0.60,4,117.51,
Player2_Car,8.48,494.088,3.348,711.252,20.019,0.98,0.60,4,126.83,
Player1_Car,8.50,498.090,3.348,720.168,20.018,1.12,0.60,4,117.91,
Player2_Car,8.50,494.088,3.348,710.851,20.019,0.98,0.60,4,127.23,
Player1_Car,8.52,498.090,3.348,719.767,20.018,1.11,0.60,4,118.31,
Player2_Car,8.52,494.087,3.348,710.451,20.020,0.97,0.60,4,127.63,
Player1_Car,8.54,498.090,3.348,719.367,20.018,1.11,0.60,4,118.71,
Player2_Car,8.54,494.087,3.348,710.051,20.020,0.97,0.60,4,128.03,
Player1_Car,8.56,498.090,3.348,718.967,20.018,1.11,0.60,4,119.11,
Player2_Car,8.56,494.087,3.348,709.650,20.020,0.96,0.60,4,128.43,
Player1_Car,8.58,498.090,3.348,718.566,20.018,1.11,0.60,4,119.51,
Player2_Car,8.58,494.087,3.348,709.250,20.020,0.96,0.60,4,128.83,
Player1_Car,8.60,498.090,3.348,718.166,20.018,1.10,0.60,4,119.92,
Player2_Car,8.60,494.086,3.348,708.849,20.020,0.95,0.60,4,129.23,
Player1_Car,8.62,498.090,3.348,717.766,20.018,1.10,0.60,4,120.32,
Player2_Car,8.62,494.086,3.348,708.449,20.020,0.95,0.60,4,129.63,
Player1_Car,8.64,498.090,3.348,717.365,20.018,1.09,0.60,4,120.72,
Player2_Car,8.64,494.086,3.348,708.049,20.020,0.94,0.60,4,130.03,
Player1_Car,8.66,498.090,3.348,716.965,20.018,1.09,0.60,4,121.12,
Player2_Car,8.66,494.085,3.348,707.648,20.020,0.94,0.60,4,130.43,
Player1_Car,8.68,498.090,3.348,716.565,20.018,1.08,0.60,4,121.52,
Player2_Car,8.68,494.085,3.348,707.248,20.020,0.93,0.60,4,130.83,
Player1_Car,8.70,498.090,3.348,716.164,20.018,1.08,0.60,4,121.92,
Player2_Car,8.70,494.085,3.348,706.847,20.020,0.93,0.60,4,131.23,
Player1_Car,8.72,498.090,3.348,715.764,20.018,1.07,0.60,4,122.32,
Player2_Car,8.72,494.085,3.348,706.447,20.020,0.92,0.60,4,131.63,
Player1_Car,8.74,498.090,3.348,715.364,20.018,1.07,0.60,4,122.72,
Player2_Car,8.74,494.084,3.348,706.047,20.020,0.92,0.60,4,132.03,
Player1_Car,8.76,498.090,3.348,714.963,20.018,1.06,0.60,4,123.12,
Player2_Car,8.76,494.084,3.348,705.646,20.020,0.91,0.60,4,132.43,
Player1_Car,8.78,498.090,3.348,714.563,20.018,1.06,0.60,4,123.52,
Player2_Car,8.78,494.084,3.348,705.246,20.020,0.91,0.60,4,132.84,
Player1_Car,8.80,498.090,3.348,714.163,20.018,1.05,0.60,4,123.92,
Player2_Car,8.80,494.083,3.348,704.845,20.020,0.90,0.60,4,133.24,
Player1_Car,8.82,498.090,3.348,713.762,20.018,1.05,0.60,4,124.32,
Player2_Car,8.82,494.083,3.348,704.445,20.021,0.90,0.60,4,133.64,
Player1_Car,8.84,498.090,3.348,713.362,20.018,1.04,0.60,4,124.72,
Player2_Car,8.84,494.083,3.348,704.045,20.021,0.89,0.60,4,134.04,
Player1_Car,8.86,498.090,3.348,712.961,20.019,1.03,0.60,4,125.12,
Player2_Car,8.86,494.083,3.348,703.644,20.021,0.89,0.60,4,134.44,
Player1_Car,8.88,498.090,3.348,712.561,20.019,1.03,0.60,4,125.52,
Player2_Car,8.88,494.082,3.348,703.244,20.021,0.88,0.60,4,134.84,
Player1_Car,8.90,498.089,3.348,712.161,20.019,1.02,0.60,4,125.92,
Player2_Car,8.90,494.082,3.348,702.843,20.021,0.87,0.60,4,135.24,
Player1_Car,8.92,498.089,3.348,711.760,20.019,1.02,0.60,4,126.32,
Player2_Car,8.92,494.082,3.348,702.443,20.021,0.87,0.60,4,135.64,
Player1_Car,8.94,498.089,3.348,711.360,20.019,1.01,0.60,4,126.72,
Player2_Car,8.94,494.081,3.348,702.043,20.021,0.86,0.60,4,136.04,
Player1_Car,8.96,498.089,3.348,710.960,20.019,1.01,0.60,4,127.12,
Player2_Car,8.96,494.081,3.348,701.642,20.021,0.86,0.60,4,136.44,
Player1_Car,8.98,498.089,3.348,710.559,20.019,1.00,0.60,4,127.52,
Player2_Car,8.98,494.081,3.348,701.242,20.021,0.85,0.60,4,136.84,
Player1_Car,9.00,498.089,3.348,710.159,20.019,0.99,0.60,4,127.92,
Player2_Car,9.00,494.080,3.348,700.842,20.021,0.85,0.60,4,137.24,
Player1_Car,9.02,498.088,3.348,709.758,20.019,0.99,0.60,4,128.32,
Player2_Car,9.02,494.080,3.348,700.441,20.021,0.84,0.60,4,137.64,
Player1_Car,9.04,498.088,3.348,709.358,20.019,0.98,0.60,4,128.72,
Player2_Car,9.04,494.080,3.348,700.041,20.021,0.84,0.60,4,138.04,
Player1_Car,9.06,498.088,3.348,708.958,20.019,0.97,0.60,4,129.12,
Player2_Car,9.06,494.079,3.348,699.640,20.021,0.83,0.60,4,138.44,
Player1_Car,9.08,498.088,3.348,708.557,20.019,0.97,0.60,4,129.52,
Player2_Car,9.08,494.079,3.348,699.240,20.021,0.83,0.60,4,138.84,
Player1_Car,9.10,498.087,3.348,708.157,20.019,0.96,0.60,4,129.92,
Player2_Car,9.10,494.079,3.348,698.840,20.021,0.82,0.60,4,139.24,
Player1_Car,9.12,498.087,3.348,707.756,20.020,0.96,0.60,4,130.32,
Player2_Car,9.12,494.078,3.348,698.439,20.022,0.82,0.60,4,139.64,
Player1_Car,9.14,498.087,3.348,707.356,20.020,0.95,0.60,4,130.72,
Player2_Car,9.14,494.078,3.348,698.039,20.022,0.81,0.60,4,140.04,
Player1_Car,9.16,498.087,3.348,706.956,20.020,0.94,0.60,4,131.13,
Player2_Car,9.16,494.078,3.348,697.638,20.022,0.81,0.60,4,140.44,
Player1_Car,9.18,498.086,3.348,706.555,20.020,0.94,0.60,4,131.53,
Player2_Car,9.18,494.077,3.348,697.238,20.022,0.80,0.60,4,140.84,
Player1_Car,9.20,498.086,3.348,706.155,20.020,0.93,0.60,4,131.93,
Player2_Car,9.20,494.077,3.348,696.837,20.022,0.80,0.60,4,141.24,
Player1_Car,9.22,498.086,3.348,705.754,20.020,0.92,0.60,4,132.33,
Player2_Car,9.22,494.076,3.348,696.437,20.022,0.79,0.60,4,141.64,
Player1_Car,9.24,498.086,3.348,705.354,20.020,0.92,0.60,4,132.73,
Player2_Car,9.24,494.076,3.348,696.036,20.022,0.79,0.60,4,142.04,
Player1_Car,9.26,498.085,3.348,704.954,20.020,0.91,0.60,4,133.13,
Player2_Car,9.26,494.076,3.348,695.636,20.022,0.78,0.60,4,142.45,
Player1_Car,9.28,498.085,3.348,704.553,20.020,0.91,0.60,4,133.53,
Player2_Car,9.28,494.075,3.348,695.236,20.022,0.78,0.60,4,142.85,
Player1_Car,9.30,498.085,3.348,704.153,20.020,0.90,0.60,4,133.93,
Player2_Car,9.30,494.075,3.348,694.835,20.022,0.77,0.60,4,143.25,
Player1_Car,9.32,498.084,3.348,703.752,20.020,0.89,0.60,4,134.33,
Player2_Car,9.32,494.075,3.348,694.435,20.022,0.77,0.60,4,143.65,
Player1_Car,9.34,498.084,3.348,703.352,20.020,0.89,0.60,4,134.73,
Player2_Car,9.34,494.074,3.348,694.034,20.022,0.76,0.60,4,144.05,
Player1_Car,9.36,498.084,3.348,702.952,20.021,0.88,0.60,4,135.13,
Player2_Car,9.36,494.074,3.348,693.634,20.022,0.76,0.60,4,144.45,
Player1_Car,9.38,498.083,3.348,702.551,20.021,0.87,0.60,4,135.53,
Player2_Car,9.38,494.074,3.348,693.233,20.022,0.75,0.60,4,144.85,
Player1_Car,9.40,498.083,3.348,702.151,20.021,0.87,0.60,4,135.93,
Player2_Car,9.40,494.073,3.348,692.833,20.022,0.75,0.60,4,145.25,
Player1_Car,9.42,498.083,3.348,701.751,20.021,0.86,0.60,4,136.33,
Player2_Car,9.42,494.073,3.348,692.432,20.022,0.74,0.60,4,145.65,
Player1_Car,9.44,498.082,3.348,701.350,20.021,0.85,0.60,4,136.73,
Player2_Car,9.44,494.072,3.348,692.032,20.023,0.74,0.60,4,146.05,
Player1_Car,9.46,498.082,3.348,700.950,20.021,0.85,0.60,4,137.13,
Player2_Car,9.46,494.072,3.348,691.631,20.023,0.73,0.60,4,146.45,
Player1_Car,9.48,498.081,3.348,700.549,20.021,0.84,0.60,4,137.53,
Player2_Car,9.48,494.072,3.348,691.231,20.023,0.73,0.60,4,146.85,
Player1_Car,9.50,498.081,3.348,700.149,20.021,0.83,0.60,4,137.93,
Player2_Car,9.50,494.071,3.348,690.831,20.023,0.72,0.60,4,147.25,
Player1_Car,9.52,498.081,3.348,699.749,20.021,0.83,0.60,4,138.33,
Player2_Car,9.52,494.071,3.348,690.430,20.023,0.72,0.60,4,147.65,
Player1_Car,9.54,498.080,3.348,699.348,20.021,0.82,0.60,4,138.73,
Player2_Car,9.54,494.071,3.348,690.030,20.023,0.71,0.60,4,148.05,
Player1_Car,9.56,498.080,3.348,698.948,20.021,0.81,0.60,4,139.13,
Player2_Car,9.56,494.070,3.348,689.629,20.023,0.71,0.60,4,148.45,
Player1_Car,9.58,498.080,3.348,698.547,20.021,0.81,0.60,4,139.53,
Player2_Car,9.58,494.070,3.348,689.229,20.023,0.70,0.60,4,148.85,
Player1_Car,9.60,498.079,3.348,698.147,20.022,0.80,0.60,4,139.93,
Player2_Car,9.60,494.069,3.348,688.828,20.023,0.70,0.60,4,149.25,
Player1_Car,9.62,498.079,3.348,697.746,20.022,0.79,0.60,4,140.33,
Player2_Car,9.62,494.069,3.348,688.428,20.023,0.69,0.60,4,149.65,
Player1_Car,9.64,498.078,3.348,697.346,20.022,0.79,0.60,4,140.73,
Player2_Car,9.64,494.069,3.348,688.027,20.023,0.69,0.60,4,150.05,
Player1_Car,9.66,498.078,3.348,696.946,20.022,0.78,0.60,4,141.14,
Player2_Car,9.66,494.068,3.348,687.627,20.023,0.68,0.60,4,150.45,
Player1_Car,9.68,498.078,3.348,696.545,20.022,0.77,0.60,4,141.54,
Player2_Car,9.68,494.068,3.348,687.226,20.023,0.68,0.60,4,150.85,
Player1_Car,9.70,498.077,3.348,696.145,20.022,0.77,0.60,4,141.94,
Player2_Car,9.70,494.067,3.348,686.826,20.023,0.67,0.60,4,151.26,
Player1_Car,9.72,498.077,3.348,695.744,20.022,0.76,0.60,4,142.34,
Player2_Car,9.72,494.067,3.348,686.426,20.023,0.67,0.60,4,151.66,
Player1_Car,9.74,498.076,3.348,695.344,20.022,0.75,0.60,4,142.74,
Player2_Car,9.74,494.067,3.348,686.025,20.023,0.66,0.60,4,152.06,
Player1_Car,9.76,498.076,3.348,694.943,20.022,0.75,0.60,4,143.14,
Player2_Car,9.76,494.066,3.348,685.625,20.023,0.66,0.60,4,152.46,
Player1_Car,9.78,498.075,3.348,694.543,20.022,0.74,0.60,4,143.54,
Player2_Car,9.78,494.066,3.348,685.224,20.023,0.66,0.60,4,152.86,
Player1_Car,9.80,498.075,3.348,694.142,20.022,0.73,0.60,4,143.94,
Player2_Car,9.80,494.065,3.348,684.824,20.023,0.65,0.60,4,153.26,
Player1_Car,9.82,498.075,3.348,693.742,20.022,0.73,0.60,4,144.34,
Player2_Car,9.82,494.065,3.348,684.423,20.024,0.65,0.60,4,153.66,
Player1_Car,9.84,498.074,3.348,693.341,20.023,0.72,0.60,4,144.74,
Player2_Car,9.84,494.065,3.348,684.023,20.024,0.64,0.60,4,154.06,
Player1_Car,9.86,498.074,3.348,692.941,20.023,0.71,0.60,4,145.14,
Player2_Car,9.86,494.064,3.348,683.622,20.024,0.64,0.60,4,154.46,
Player1_Car,9.88,498.073,3.348,692.541,20.023,0.71,0.60,4,145.54,
Player2_Car,9.88,494.064,3.348,683.222,20.024,0.63,0.60,4,154.86,
Player1_Car,9.90,498.073,3.348,692.140,20.023,0.70,0.60,4,145.94,
Player2_Car,9.90,494.063,3.348,682.822,20.024,0.63,0.60,4,155.26,
Player1_Car,9.92,498.072,3.348,691.740,20.023,0.69,0.60,4,146.34,
Player2_Car,9.92,494.063,3.348,682.421,20.024,0.62,0.60,4,155.66,
Player1_Car,9.94,498.072,3.348,691.339,20.023,0.69,0.60,4,146.74,
Player2_Car,9.94,494.063,3.348,682.021,20.024,0.62,0.60,4,156.06,
Player1_Car,9.96,498.071,3.348,690.939,20.023,0.68,0.60,4,147.14,
Player2_Car,9.96,494.062,3.348,681.620,20.024,0.61,0.60,4,156.46,
Player1_Car,9.98,498.071,3.348,690.538,20.023,0.67,0.60,4,147.54,
Player2_Car,9.98,494.062,3.348,681.220,20.024,0.61,0.60,4,156.86,
Player1_Car,10.00,498.070,3.348,690.138,20.023,0.67,0.60,4,147.94,
Player2_Car,10.00,494.062,3.348,680.819,20.024,0.61,0.60,4,157.26,
Player1_Car,10.02,498.070,3.348,689.737,20.023,0.66,0.60,4,148.34,
Player2_Car,10.02,494.061,3.348,680.419,20.024,0.60,0.60,4,157.66,
Player1_Car,10.04,498.069,3.348,689.337,20.023,0.66,0.60,4,148.74,
Player2_Car,10.04,494.061,3.348,680.018,20.024,0.60,0.60,4,158.06,
Player1_Car,10.06,498.069,3.348,688.937,20.023,0.65,0.60,4,149.14,
Player2_Car,10.06,494.061,3.348,679.618,20.024,0.59,0.60,4,158.46,
Player1_Car,10.08,498.069,3.348,688.536,20.023,0.64,0.60,4,149.54,
Player2_Car,10.08,494.060,3.348,679.217,20.024,0.59,0.60,4,158.86,
Player1_Car,10.10,498.068,3.348,688.136,20.023,0.64,0.60,4,149.95,
Player2_Car,10.10,494.060,3.348,678.817,20.024,0.58,0.60,4,159.26,
Player1_Car,10.12,498.068,3.348,687.735,20.023,0.63,0.60,4,150.35,
Player2_Car,10.12,494.059,3.348,678.417,20.024,0.58,0.60,4,159.66,
Player1_Car,10.14,498.067,3.348,687.335,20.024,0.62,0.60,4,150.75,
Player2_Car,10.14,494.059,3.348,678.016,20.024,0.58,0.60,4,160.07,
Player1_Car,10.16,498.067,3.348,686.934,20.024,0.62,0.60,4,151.15,
Player2_Car,10.16,494.059,3.348,677.616,20.024,0.57,0.60,4,160.47,
Player1_Car,10.18,498.066,3.348,686.534,20.024,0.61,0.60,4,151.55,
Player2_Car,10.18,494.058,3.348,677.215,20.024,0.57,0.60,4,160.87,
Player1_Car,10.20,498.066,3.348,686.133,20.024,0.60,0.60,4,151.95,
Player2_Car,10.20,494.058,3.348,676.815,20.024,0.56,0.60,4,161.27,
Player1_Car,10.22,498.065,3.348,685.733,20.024,0.60,0.60,4,152.35,
Player2_Car,10.22,494.058,3.348,676.414,20.024,0.56,0.60,4,161.67,
Player1_Car,10.24,498.065,3.348,685.332,20.024,0.59,0.60,4,152.75,
Player2_Car,10.24,494.057,3.348,676.014,20.024,0.56,0.60,4,162.07,
Player1_Car,10.26,498.064,3.348,684.932,20.024,0.58,0.60,4,153.15,
Player2_Car,10.26,494.057,3.348,675.613,20.025,0.55,0.60,4,162.47,
Player1_Car,10.28,498.064,3.348,684.532,20.024,0.58,0.60,4,153.55,
Player2_Car,10.28,494.057,3.348,675.213,20.025,0.55,0.60,4,162.87,
Player1_Car,10.30,498.063,3.348,684.131,20.024,0.57,0.60,4,153.95,
Player2_Car,10.30,494.056,3.348,674.812,20.025,0.54,0.60,4,163.27,
Player1_Car,10.32,498.063,3.348,683.731,20.024,0.57,0.60,4,154.35,
Player2_Car,10.32,494.056,3.348,674.412,20.025,0.54,0.60,4,163.67,
Player1_Car,10.34,498.062,3.348,683.330,20.024,0.56,0.60,4,154.75,
Player2_Car,10.34,494.055,3.348,674.011,20.025,0.53,0.60,4,164.07,
Player1_Car,10.36,498.062,3.348,682.930,20.024,0.55,0.60,4,155.15,
Player2_Car,10.36,494.055,3.348,673.611,20.025,0.53,0.60,4,164.47,
Player1_Car,10.38,498.061,3.348,682.529,20.024,0.55,0.60,4,155.55,
Player2_Car,10.38,494.055,3.348,673.210,20.025,0.53,0.60,4,164.87,
Player1_Car,10.40,498.061,3.348,682.129,20.024,0.54,0.60,4,155.95,
Player2_Car,10.40,494.054,3.348,672.810,20.025,0.52,0.60,4,165.27,
Player1_Car,10.42,498.060,3.348,681.728,20.024,0.53,0.60,4,156.35,
Player2_Car,10.42,494.054,3.348,672.409,20.025,0.52,0.60,4,165.67,
Player1_Car,10.44,498.060,3.348,681.328,20.024,0.53,0.60,4,156.75,
Player2_Car,10.44,494.054,3.348,672.009,20.025,0.51,0.60,4,166.07,
Player1_Car,10.46,498.059,3.348,680.927,20.025,0.52,0.60,4,157.15,
Player2_Car,10.46,494.053,3.348,671.608,20.025,0.51,0.60,4,166.47,
Player1_Car,10.48,498.059,3.348,680.527,20.025,0.52,0.60,4,157.55,
Player2_Car,10.48,494.053,3.348,671.208,20.025,0.51,0.60,4,166.87,
Player1_Car,10.50,498.058,3.348,680.126,20.025,0.51,0.60,4,157.95,
Player2_Car,10.50,494.053,3.348,670.807,20.025,0.50,0.60,4,167.27,
Player1_Car,10.52,498.058,3.348,679.726,20.025,0.50,0.60,4,158.36,
Player2_Car,10.52,494.052,3.348,670.407,20.025,0.50,0.60,4,167.67,
Player1_Car,10.54,498.057,3.348,679.325,20.025,0.50,0.60,4,158.76,
Player2_Car,10.54,494.052,3.348,670.006,20.025,0.50,0.60,4,168.08,
Player1_Car,10.56,498.057,3.348,678.925,20.025,0.49,0.60,4,159.16,
Player2_Car,10.56,494.051,3.348,669.606,20.025,0.49,0.60,4,168.48,
Player1_Car,10.58,498.056,3.348,678.524,20.025,0.49,0.60,4,159.56,
Player2_Car,10.58,494.051,3.348,669.205,20.025,0.49,0.60,4,168.88,
Player1_Car,10.60,498.056,3.348,678.124,20.025,0.48,0.60,4,159.96,
Player2_Car,10.60,494.051,3.348,668.805,20.025,0.48,0.60,4,169.28,
Player1_Car,10.62,498.055,3.348,677.723,20.025,0.48,0.60,4,160.36,
Player2_Car,10.62,494.050,3.348,668.404,20.025,0.48,0.60,4,169.68,
Player1_Car,10.64,498.055,3.348,677.323,20.025,0.47,0.60,4,160.76,
Player2_Car,10.64,494.050,3.348,668.004,20.025,0.48,0.60,4,170.08,
Player1_Car,10.66,498.054,3.348,676.922,20.025,0.46,0.60,4,161.16,
Player2_Car,10.66,494.050,3.348,667.603,20.025,0.47,0.60,4,170.48,
Player1_Car,10.68,498.054,3.348,676.522,20.025,0.46,0.60,4,161.56,
Player2_Car,10.68,494.049,3.348,667.203,20.025,0.47,0.60,4,170.88,
Player1_Car,10.70,498.053,3.348,676.121,20.025,0.45,0.60,4,161.96,
Player2_Car,10.70,494.049,3.348,666.802,20.025,0.46,0.60,4,171.28,
Player1_Car,10.72,498.053,3.348,675.721,20.025,0.45,0.60,4,162.36,
Player2_Car,10.72,494.049,3.348,666.402,20.025,0.43,0.60,4,171.68,
Player1_Car,10.74,498.052,3.348,675.320,20.025,0.44,0.60,4,162.76,
Player2_Car,10.74,494.048,3.348,666.001,20.025,0.38,0.60,4,172.08,
Player1_Car,10.76,498.052,3.348,674.920,20.025,0.43,0.60,4,163.16,
Player2_Car,10.76,494.048,3.348,665.601,20.025,0.34,0.60,4,172.48,
Player1_Car,10.78,498.051,3.348,674.519,20.025,0.43,0.60,4,163.56,
Player2_Car,10.78,494.048,3.348,665.200,20.025,0.29,0.60,4,172.88,
Player1_Car,10.80,498.051,3.348,674.119,20.025,0.42,0.60,4,163.96,
Player2_Car,10.80,494.048,3.348,664.800,20.025,0.19,0.60,4,173.28,
Player1_Car,10.82,498.050,3.348,673.718,20.025,0.42,0.60,4,164.36,
Player2_Car,10.82,494.048,3.348,664.399,20.026,0.08,0.60,4,173.68,
Player1_Car,10.84,498.050,3.348,673.318,20.025,0.41,0.60,4,164.76,
Player2_Car,10.84,494.048,3.348,663.999,20.026,-0.02,-0.72,4,174.08,
Player1_Car,10.86,498.049,3.348,672.917,20.025,0.41,0.60,4,165.16,
Player2_Car,10.86,494.048,3.348,663.598,20.026,-0.15,-0.72,4,174.48,
Player1_Car,10.88,498.049,3.348,672.517,20.026,0.40,0.60,4,165.56,
Player2_Car,10.88,494.049,3.348,663.213,19.234,-0.18,-0.63,4,174.87,
Player1_Car,10.90,498.049,3.348,672.116,20.026,0.40,0.60,4,165.96,
Player2_Car,10.90,494.050,3.348,662.844,18.452,-0.20,-0.53,4,175.24,
Player1_Car,10.92,498.048,3.348,671.716,20.026,0.39,0.60,4,166.37,
Player2_Car,10.92,494.051,3.348,662.490,17.736,-0.23,-0.45,4,175.59,
Player1_Car,10.94,498.048,3.348,671.315,20.026,0.38,0.60,4,166.77,
Player2_Car,10.94,494.052,3.348,662.148,17.084,-0.27,-0.37,4,175.93,
Player1_Car,10.96,498.047,3.348,670.915,20.026,0.38,0.60,4,167.17,
Player2_Car,10.96,494.053,3.348,661.818,16.493,-0.31,-0.30,4,176.26,
Player1_Car,10.98,498.047,3.348,670.514,20.026,0.37,0.60,4,167.57,
Player2_Car,10.98,494.054,3.348,661.499,15.955,-0.36,-0.23,4,176.58,
Player1_Car,11.00,498.046,3.348,670.114,20.026,0.37,0.60,4,167.97,
Player2_Car,11.00,494.055,3.348,661.190,15.466,-0.41,-0.18,4,176.89,
Player1_Car,11.02,498.046,3.348,669.713,20.026,0.36,0.60,4,168.37,
Player2_Car,11.02,494.056,3.348,660.889,15.022,-0.47,-0.12,4,177.19,
Player1_Car,11.04,498.045,3.348,669.313,20.026,0.36,0.60,4,168.77,
Player2_Car,11.04,494.057,3.348,660.597,14.618,-0.53,-0.07,4,177.48,
Player1_Car,11.06,498.045,3.348,668.912,20.026,0.35,0.60,4,169.17,
Player2_Car,11.06,494.059,3.348,660.312,14.252,-0.59,-0.03,4,177.77,
Player1_Car,11.08,498.044,3.348,668.512,20.026,0.35,0.60,4,169.57,
Player2_Car,11.08,494.060,3.348,660.034,13.918,-0.66,0.01,4,178.05,
Player1_Car,11.10,498.044,3.348,668.111,20.026,0.34,0.60,4,169.97,
Player2_Car,11.10,494.062,3.348,659.761,13.615,-0.75,0.05,4,178.32,
Player1_Car,11.12,498.043,3.348,667.710,20.026,0.33,0.60,4,170.37,
Player2_Car,11.12,494.063,3.348,659.495,13.339,-0.86,0.08,4,178.59,
Player1_Car,11.14,498.043,3.348,667.310,20.026,0.33,0.60,4,170.77,
Player2_Car,11.14,494.065,3.348,659.233,13.089,-0.96,0.11,4,178.85,
Player1_Car,11.16,498.042,3.348,666.909,20.026,0.32,0.60,4,171.17,
Player2_Car,11.16,494.067,3.348,658.976,12.861,-1.08,0.14,4,179.11,
Player1_Car,11.18,498.042,3.348,666.509,20.026,0.30,0.60,4,171.57,
Player2_Car,11.18,494.070,3.348,658.723,12.654,-1.19,0.16,4,179.36,
Player1_Car,11.20,498.041,3.348,666.108,20.026,0.25,0.60,4,171.97,
Player2_Car,11.20,494.072,3.348,658.473,12.466,-1.30,0.18,4,179.61,
Player1_Car,11.22,498.041,3.348,665.708,20.026,0.21,0.60,4,172.37,
Player2_Car,11.22,494.075,3.348,658.227,12.294,-1.42,0.20,4,179.85,
Player1_Car,11.24,498.041,3.348,665.307,20.026,0.17,-0.72,4,172.77,
Player2_Car,11.24,494.077,3.348,657.985,12.138,-1.54,0.22,4,180.10,
Player1_Car,11.26,498.040,3.348,664.907,20.026,0.08,0.60,4,173.17,
Player2_Car,11.26,494.080,3.348,657.745,11.996,-1.64,0.24,4,180.34,
Player1_Car,11.28,498.040,3.348,664.522,19.234,0.06,0.69,4,173.56,
Player2_Car,11.28,494.084,3.348,657.507,11.868,-1.73,0.26,4,180.57,
Player1_Car,11.30,498.040,3.348,664.137,19.244,-0.04,-0.63,4,173.94,
Player2_Car,11.30,494.087,3.348,657.272,11.750,-1.81,0.27,4,180.81,
Player1_Car,11.32,498.040,3.348,663.751,19.310,-0.14,-0.64,4,174.33,
Player2_Car,11.32,494.091,3.348,657.040,11.643,-1.89,0.28,4,181.04,
Player1_Car,11.34,498.040,3.348,663.380,18.583,-0.16,-0.55,4,174.70,
Player2_Car,11.34,494.095,3.348,656.809,11.545,-1.95,0.29,4,181.27,
Player1_Car,11.36,498.041,3.348,663.022,17.860,-0.18,-0.46,4,175.06,
Player2_Car,11.36,494.099,3.348,656.580,11.457,-2.01,0.31,4,181.50,
Player1_Car,11.38,498.041,3.348,662.678,17.198,-0.20,-0.38,4,175.40,
Player2_Car,11.38,494.103,3.348,656.352,11.376,-2.07,0.31,4,181.73,
Player1_Car,11.40,498.042,3.348,662.346,16.596,-0.24,-0.31,4,175.73,
Player2_Car,11.40,494.108,3.348,656.126,11.303,-2.14,0.32,4,181.95,
Player1_Car,11.42,498.042,3.348,662.026,16.049,-0.29,-0.25,4,176.06,
Player2_Car,11.42,494.112,3.348,655.902,11.236,-2.24,0.33,4,182.18,
Player1_Car,11.44,498.043,3.348,661.714,15.552,-0.34,-0.19,4,176.37,
Player2_Car,11.44,494.118,3.348,655.678,11.176,-2.32,0.34,4,182.40,
Player1_Car,11.46,498.044,3.348,661.412,15.100,-0.40,-0.13,4,176.67,
Player2_Car,11.46,494.123,3.348,655.456,11.121,-2.38,0.35,4,182.63,
Player1_Car,11.48,498.044,3.348,661.119,14.689,-0.46,-0.08,4,176.96,
Player2_Car,11.48,494.129,3.348,655.234,11.070,-2.43,0.35,4,182.85,
Player1_Car,11.50,498.045,3.348,660.832,14.316,-0.53,-0.04,4,177.25,
Player2_Car,11.50,494.135,3.348,655.014,11.025,-2.48,0.36,4,183.07,
Player1_Car,11.52,498.046,3.348,660.553,13.977,-0.59,0.00,4,177.53,
Player2_Car,11.52,494.142,3.348,654.795,10.983,-2.52,0.36,4,183.29,
Player1_Car,11.54,498.047,3.348,660.279,13.668,-0.66,0.04,4,177.80,
Player2_Car,11.54,494.149,3.348,654.576,10.946,-2.61,0.37,4,183.50,
Player1_Car,11.56,498.049,3.348,660.012,13.388,-0.74,0.07,4,178.07,
Player2_Car,11.56,494.156,3.348,654.358,10.911,-2.69,0.37,4,183.72,
Player1_Car,11.58,498.050,3.348,659.749,13.133,-0.81,0.10,4,178.33,
Player2_Car,11.58,494.164,3.348,654.140,10.880,-2.75,0.37,4,183.94,
Player1_Car,11.60,498.051,3.348,659.491,12.901,-0.90,0.13,4,178.59,
Player2_Car,11.60,494.172,3.348,653.923,10.851,-2.79,0.38,4,184.16,
Player1_Car,11.62,498.053,3.348,659.237,12.691,-1.02,0.16,4,178.84,
Player2_Car,11.62,494.181,3.348,653.707,10.825,-2.82,0.38,4,184.36,
Player1_Car,11.64,498.055,3.348,658.987,12.499,-1.13,0.18,4,179.09,
Player2_Car,11.64,494.191,3.348,653.491,10.801,-2.84,0.38,4,184.56,
Player1_Car,11.66,498.057,3.348,658.741,12.325,-1.25,0.20,4,179.34,
Player2_Car,11.66,494.200,3.348,653.276,10.780,-2.91,0.39,4,184.78,
Player1_Car,11.68,498.059,3.348,658.498,12.167,-1.37,0.22,4,179.58,
Player2_Car,11.68,494.210,3.348,653.061,10.760,-3.00,0.39,4,184.99,
Player1_Car,11.70,498.061,3.348,658.257,12.022,-1.49,0.24,4,179.82,
Player2_Car,11.70,494.221,3.348,652.846,10.742,-3.07,0.39,4,185.21,
Player1_Car,11.72,498.064,3.348,658.019,11.891,-1.59,0.25,4,180.06,
Player2_Car,11.72,494.233,3.348,652.632,10.726,-3.10,0.39,4,185.42,
Player1_Car,11.74,498.066,3.348,657.784,11.771,-1.65,0.27,4,180.30,
Player2_Car,11.74,494.244,3.348,652.418,10.711,-3.13,0.39,4,185.64,
Player1_Car,11.76,498.069,3.348,657.551,11.663,-1.72,0.28,4,180.53,
Player2_Car,11.76,494.257,3.348,652.205,10.697,-3.15,0.40,4,185.84,
Player1_Car,11.78,498.073,3.348,657.319,11.564,-1.82,0.29,4,180.76,
Player2_Car,11.78,494.270,3.348,651.991,10.685,-3.17,0.40,4,186.02,
Player1_Car,11.80,498.076,3.348,657.090,11.474,-1.90,0.30,4,180.99,
Player2_Car,11.80,494.283,3.348,651.778,10.674,-3.26,0.40,4,186.24,
Player1_Car,11.82,498.079,3.348,656.862,11.392,-1.96,0.31,4,181.22,
Player2_Car,11.82,494.298,3.348,651.565,10.664,-3.34,0.40,4,186.45,
Player1_Car,11.84,498.083,3.348,656.636,11.318,-2.02,0.32,4,181.45,
Player2_Car,11.84,494.312,3.348,651.353,10.654,-3.38,0.40,4,186.66,
Player1_Car,11.86,498.087,3.348,656.411,11.250,-2.07,0.33,4,181.67,
Player2_Car,11.86,494.328,3.348,651.140,10.646,-3.40,0.40,4,186.88,
Player1_Car,11.88,498.092,3.348,656.187,11.188,-2.12,0.34,4,181.89,
Player2_Car,11.88,494.344,3.348,650.928,10.638,-3.43,0.40,4,187.09,
Player1_Car,11.90,498.096,3.348,655.965,11.132,-2.21,0.34,4,182.12,
Player2_Car,11.90,494.361,3.348,650.716,10.631,-3.45,0.40,4,187.28,
Player1_Car,11.92,498.101,3.348,655.743,11.081,-2.30,0.35,4,182.34,
Player2_Car,11.92,494.378,3.348,650.505,10.624,-3.51,0.41,4,187.47,
Player1_Car,11.94,498.106,3.348,655.522,11.035,-2.36,0.36,4,182.56,
Player2_Car,11.94,494.396,3.348,650.293,10.618,-3.59,0.41,4,187.69,
Player1_Car,11.96,498.112,3.348,655.303,10.993,-2.41,0.36,4,182.78,
Player2_Car,11.96,494.415,3.348,650.081,10.613,-3.63,0.41,4,187.90,
Player1_Car,11.98,498.118,3.348,655.084,10.954,-2.46,0.37,4,183.00,
Player2_Car,11.98,494.434,3.348,649.870,10.607,-3.66,0.41,4,188.11,
Player1_Car,12.00,498.124,3.348,654.865,10.919,-2.50,0.37,4,183.22,
Player2_Car,12.00,494.454,3.348,649.659,10.603,-3.67,0.41,4,188.32,
Player1_Car,12.02,498.131,3.348,654.648,10.887,-2.56,0.37,4,183.43,
Player2_Car,12.02,494.475,3.348,649.448,10.599,-3.73,0.41,4,188.53,
Player1_Car,12.04,498.138,3.348,654.431,10.858,-2.65,0.38,4,183.65,
Player2_Car,12.04,494.497,3.348,649.237,10.595,-3.75,0.41,4,188.70,
Player1_Car,12.06,498.146,3.348,654.214,10.832,-2.72,0.38,4,183.87,
Player2_Car,12.06,494.519,3.348,649.027,10.591,-3.81,0.41,4,188.92,
Player1_Car,12.08,498.154,3.348,653.998,10.808,-2.76,0.38,4,184.08,
Player2_Car,12.08,494.542,3.348,648.816,10.588,-3.87,0.41,4,189.13,
Player1_Car,12.10,498.162,3.348,653.783,10.786,-2.80,0.39,4,184.30,
Player2_Car,12.10,494.566,3.348,648.606,10.585,-3.90,0.41,4,189.34,
Player1_Car,12.12,498.171,3.348,653.568,10.766,-2.86,0.39,4,184.55,
Player2_Car,12.12,494.591,3.348,648.396,10.582,-3.91,0.41,4,189.55,
Player1_Car,12.14,498.181,3.348,653.353,10.748,-2.92,0.39,4,184.76,
Player2_Car,12.14,494.616,3.348,648.186,10.579,-3.98,0.41,4,189.76,
Player1_Car,12.16,498.191,3.348,653.138,10.731,-2.99,0.39,4,184.97,
Player2_Car,12.16,494.642,3.348,647.976,10.577,-4.05,0.41,4,189.97,
Player1_Car,12.18,498.201,3.348,652.924,10.716,-3.05,0.39,4,185.19,
Player2_Car,12.18,494.669,3.348,647.766,10.575,-4.03,0.41,4,190.14,
Player1_Car,12.20,498.212,3.348,652.711,10.702,-3.09,0.40,4,185.40,
Player2_Car,12.20,494.697,3.348,647.556,10.573,-4.05,0.41,4,190.35,
Player1_Car,12.22,498.224,3.348,652.497,10.689,-3.12,0.40,4,185.62,
Player2_Car,12.22,494.726,3.348,647.347,10.571,-4.10,0.41,4,190.57,
Player1_Car,12.24,498.236,3.348,652.284,10.678,-3.20,0.40,4,185.88,
Player2_Car,12.24,494.756,3.348,647.138,10.569,-4.15,0.41,4,190.78,
Player1_Car,12.26,498.249,3.348,652.071,10.667,-3.26,0.40,4,186.09,
Player2_Car,12.26,494.786,3.348,646.928,10.568,-4.21,0.41,4,190.99,
Player1_Car,12.28,498.263,3.348,651.858,10.658,-3.31,0.40,4,186.31,
Player2_Car,12.28,494.817,3.348,646.719,10.566,-4.25,0.41,4,191.20,
Player1_Car,12.30,498.277,3.348,651.646,10.649,-3.36,0.40,4,186.52,
Player2_Car,12.30,494.850,3.348,646.511,10.565,-4.25,0.41,4,191.40,
Player1_Car,12.32,498.292,3.348,651.434,10.641,-3.39,0.40,4,186.73,
Player2_Car,12.32,494.883,3.348,646.302,10.564,-4.22,0.41,4,191.58,
Player1_Car,12.34,498.307,3.348,651.221,10.634,-3.42,0.40,4,186.94,
Player2_Car,12.34,494.917,3.348,646.094,10.563,-4.24,0.41,4,191.79,
Player1_Car,12.36,498.323,3.348,651.010,10.627,-3.44,0.40,4,187.16,
Player2_Car,12.36,494.952,3.348,645.885,10.562,-4.31,0.41,4,192.00,
Player1_Car,12.38,498.340,3.348,650.798,10.621,-3.58,0.41,4,187.42,
Player2_Car,12.38,494.987,3.348,645.677,10.561,-4.36,0.41,4,192.21,
Player1_Car,12.40,498.357,3.348,650.586,10.615,-3.65,0.41,4,187.63,
Player2_Car,12.40,495.024,3.348,645.469,10.560,-4.38,0.41,4,192.42,
Player1_Car,12.42,498.375,3.348,650.375,10.610,-3.66,0.41,4,187.85,
Player2_Car,12.42,495.062,3.348,645.261,10.559,-4.39,0.41,4,192.63,
Player1_Car,12.44,498.394,3.348,650.164,10.605,-3.66,0.41,4,188.06,
Player2_Car,12.44,495.100,3.348,645.054,10.560,-4.32,0.41,4,192.80,
Player1_Car,12.46,498.414,3.348,649.952,10.601,-3.69,0.41,4,188.27,
Player2_Car,12.46,495.139,3.349,644.846,10.560,-4.34,0.41,4,193.01,
Player1_Car,12.48,498.434,3.348,649.742,10.597,-3.73,0.41,4,188.48,
Player2_Car,12.48,495.180,3.349,644.639,10.559,-4.43,0.41,4,193.22,
Player1_Car,12.50,498.456,3.348,649.531,10.594,-3.90,0.41,4,188.75,
Player2_Car,12.50,495.221,3.349,644.432,10.559,-4.48,0.41,4,193.43,
Player1_Car,12.52,498.477,3.348,649.320,10.590,-3.95,0.41,4,188.96,
Player2_Car,12.52,495.263,3.349,644.225,10.558,-4.48,0.41,4,193.64,
Player1_Car,12.54,498.500,3.348,649.109,10.587,-3.93,0.41,4,189.17,
Player2_Car,12.54,495.306,3.349,644.019,10.558,-4.47,0.41,4,193.86,
Player1_Car,12.56,498.524,3.348,648.899,10.584,-3.92,0.41,4,189.39,
Player2_Car,12.56,495.350,3.350,643.813,10.557,-4.42,0.41,4,194.02,
Player1_Car,12.58,498.548,3.348,648.689,10.581,-3.95,0.41,4,189.60,
Player2_Car,12.58,495.395,3.350,643.607,10.559,-4.44,0.41,4,194.23,
Player1_Car,12.60,498.574,3.348,648.479,10.579,-4.04,0.41,4,189.81,
Player2_Car,12.60,495.440,3.350,643.401,10.558,-4.53,0.41,4,194.44,
Player1_Car,12.62,498.600,3.348,648.269,10.577,-4.12,0.41,4,190.02,
Player2_Car,12.62,495.487,3.351,643.195,10.558,-4.57,0.41,4,194.65,
Player1_Car,12.64,498.627,3.348,648.059,10.575,-4.23,0.41,4,190.29,
Player2_Car,12.64,495.534,3.351,642.989,10.557,-4.56,0.41,4,194.86,
Player1_Car,12.66,498.655,3.348,647.850,10.573,-4.24,0.41,4,190.50,
Player2_Car,12.66,495.583,3.351,642.784,10.557,-4.54,0.41,4,195.08,
Player1_Car,12.68,498.683,3.348,647.640,10.571,-4.20,0.41,4,190.71,
Player2_Car,12.68,495.632,3.352,642.580,10.542,-4.56,0.41,4,195.24,
Player1_Car,12.70,498.713,3.348,647.431,10.569,-4.25,0.41,4,190.93,
Player2_Car,12.70,495.682,3.353,642.375,10.543,-4.57,0.41,4,195.45,
Player1_Car,12.72,498.744,3.348,647.222,10.568,-4.33,0.41,4,191.14,
Player2_Car,12.72,495.734,3.354,642.171,10.550,-4.57,0.41,4,195.66,
Player1_Car,12.74,498.775,3.348,647.013,10.566,-4.37,0.41,4,191.35,
Player2_Car,12.74,495.786,3.355,641.967,10.550,-4.60,0.41,4,195.87,
Player1_Car,12.76,498.808,3.348,646.804,10.565,-4.47,0.41,4,191.62,
Player2_Car,12.76,495.839,3.355,641.763,10.550,-4.62,0.41,4,196.08,
Player1_Car,12.78,498.841,3.348,646.596,10.564,-4.47,0.41,4,191.84,
Player2_Car,12.78,495.893,3.356,641.559,10.551,-4.61,0.41,4,196.29,
Player1_Car,12.80,498.876,3.348,646.387,10.562,-4.47,0.41,4,192.05,
Player2_Car,12.80,495.947,3.358,641.356,10.528,-4.67,0.42,4,196.46,
Player1_Car,12.82,498.911,3.348,646.179,10.561,-4.50,0.41,4,192.26,
Player2_Car,12.82,496.003,3.359,641.154,10.523,-4.68,0.42,4,196.67,
Player1_Car,12.84,498.948,3.348,645.971,10.561,-4.53,0.41,4,192.47,
Player2_Car,12.84,496.060,3.360,640.951,10.540,-4.57,0.42,4,196.88,
Player1_Car,12.86,498.985,3.348,645.763,10.562,-4.63,0.41,4,192.75,
Player2_Car,12.86,496.117,3.361,640.748,10.544,-4.57,0.41,4,197.09,
Player1_Car,12.88,499.023,3.349,645.556,10.562,-4.64,0.41,4,192.96,
Player2_Car,12.88,496.176,3.362,640.546,10.545,-4.65,0.41,4,197.30,
Player1_Car,12.90,499.063,3.349,645.348,10.561,-4.62,0.41,4,193.17,
Player2_Car,12.90,496.235,3.363,640.344,10.535,-4.73,0.42,4,197.51,
Player1_Car,12.92,499.103,3.349,645.141,10.559,-4.64,0.41,4,193.38,
Player2_Car,12.92,496.295,3.366,640.143,10.500,-4.80,0.42,4,197.67,
Player1_Car,12.94,499.145,3.349,644.934,10.559,-4.66,0.41,4,193.59,
Player2_Car,12.94,496.357,3.368,639.942,10.504,-4.67,0.42,4,197.88,
Player1_Car,12.96,499.187,3.349,644.728,10.560,-4.66,0.41,4,193.80,
Player2_Car,12.96,496.419,3.369,639.741,10.540,-4.43,0.42,4,198.09,
Player1_Car,12.98,499.230,3.350,644.521,10.560,-4.77,0.41,4,194.09,
Player2_Car,12.98,496.482,3.370,639.540,10.537,-4.57,0.42,4,198.30,
Player1_Car,13.00,499.275,3.350,644.315,10.560,-4.80,0.41,4,194.30,
Player2_Car,13.00,496.546,3.371,639.339,10.542,-4.69,0.41,4,198.51,
Player1_Car,13.02,499.320,3.351,644.109,10.558,-4.79,0.41,4,194.51,
Player2_Car,13.02,496.611,3.374,639.139,10.531,-4.78,0.42,4,198.72,
Player1_Car,13.04,499.367,3.351,643.903,10.557,-4.77,0.41,4,194.72,
Player2_Car,13.04,496.677,3.377,638.941,10.484,-4.87,0.42,4,198.88,
Player1_Car,13.06,499.414,3.351,643.698,10.558,-4.75,0.41,4,194.93,
Player2_Car,13.06,496.744,3.379,638.741,10.529,-4.49,0.42,4,199.09,
Player1_Car,13.08,499.463,3.352,643.493,10.562,-4.74,0.41,4,195.14,
Player2_Car,13.08,496.812,3.381,638.542,10.532,-4.49,0.42,4,199.30,
Player1_Car,13.10,499.512,3.353,643.288,10.546,-4.99,0.41,4,195.43,
Player2_Car,13.10,496.880,3.382,638.343,10.535,-4.66,0.42,4,199.51,
Player1_Car,13.12,499.562,3.354,643.084,10.544,-5.00,0.41,4,195.64,
Player2_Car,13.12,496.950,3.384,638.144,10.534,-4.74,0.42,4,199.72,
Player1_Car,13.14,499.614,3.355,642.880,10.542,-4.88,0.41,4,195.85,
Player2_Car,13.14,497.020,3.387,637.946,10.531,-4.74,0.42,4,199.93,
Player1_Car,13.16,499.666,3.355,642.676,10.550,-4.77,0.41,4,196.06,
Player2_Car,13.16,497.091,3.391,637.750,10.476,-4.89,0.42,4,200.10,
Player1_Car,13.18,499.720,3.356,642.472,10.554,-4.80,0.41,4,196.27,
Player2_Car,13.18,497.164,3.393,637.552,10.528,-4.50,0.42,4,200.31,
Player1_Car,13.20,499.774,3.358,642.268,10.558,-5.00,0.41,4,196.56,
Player2_Car,13.20,497.237,3.395,637.355,10.530,-4.50,0.42,4,200.52,
Player1_Car,13.22,499.830,3.360,642.066,10.529,-5.18,0.42,4,196.77,
Player2_Car,13.22,497.311,3.397,637.158,10.533,-4.67,0.42,4,200.73,
Player1_Car,13.24,499.886,3.361,641.864,10.526,-5.04,0.42,4,196.98,
Player2_Car,13.24,497.386,3.400,636.962,10.529,-4.78,1.00,4,200.94,
Player1_Car,13.26,499.944,3.362,641.661,10.526,-4.87,0.42,4,197.20,
Player2_Car,13.26,497.462,3.403,636.766,10.529,-4.70,1.00,4,201.12,
Player1_Car,13.28,500.003,3.364,641.459,10.533,-4.83,0.42,4,197.41,
Player2_Car,13.28,497.541,3.408,636.565,10.823,-4.95,1.00,4,201.33,
Player1_Car,13.30,500.062,3.365,641.257,10.541,-5.02,0.42,4,197.70,
Player2_Car,13.30,497.625,3.410,636.357,11.225,-4.65,0.33,4,201.56,
Player1_Car,13.32,500.123,3.368,641.057,10.516,-5.20,0.42,4,197.91,
Player2_Car,13.32,497.712,3.413,636.143,11.564,-4.75,1.00,4,201.79,
Player1_Car,13.34,500.184,3.370,640.856,10.509,-5.10,0.42,4,198.12,
Player2_Car,13.34,497.796,3.425,635.933,11.285,-6.43,1.00,4,202.02,
Player1_Car,13.36,500.248,3.372,640.655,10.510,-4.90,0.42,4,198.33,
Player2_Car,13.36,497.886,3.435,635.717,11.710,-5.22,1.00,4,202.23,
Player1_Car,13.38,500.312,3.373,640.455,10.540,-4.73,0.42,4,198.54,
Player2_Car,13.38,497.983,3.442,635.495,12.106,-3.67,1.00,4,202.46,
Player1_Car,13.40,500.376,3.375,640.255,10.536,-4.91,0.42,4,198.75,
Player2_Car,13.40,498.082,3.447,635.265,12.524,-3.73,0.18,4,202.71,
Player1_Car,13.42,500.442,3.378,640.056,10.500,-5.32,0.42,4,199.05,
Player2_Car,13.42,498.185,3.449,635.027,12.966,-4.57,0.12,4,202.97,
Player1_Car,13.44,500.508,3.381,639.857,10.497,-5.19,0.42,4,199.26,
Player2_Car,13.44,498.287,3.448,634.791,12.868,-4.69,0.14,4,203.22,
Player1_Car,13.46,500.577,3.384,639.658,10.499,-4.90,0.42,4,199.47,
Player2_Car,13.46,498.392,3.447,634.560,12.687,-4.55,1.00,4,203.44,
Player1_Car,13.48,500.646,3.385,639.459,10.544,-4.63,0.41,4,199.68,
Player2_Car,13.48,498.495,3.450,634.336,12.331,-5.48,1.00,4,203.69,
Player1_Car,13.50,500.716,3.387,639.261,10.536,-4.91,0.42,4,199.89,
Player2_Car,13.50,498.603,3.453,634.106,12.699,-5.06,0.16,4,203.94,
Player1_Car,13.52,500.787,3.391,639.064,10.492,-5.39,0.42,4,200.18,
Player2_Car,13.52,498.716,3.456,633.872,12.988,-4.73,0.12,4,204.20,
Player1_Car,13.54,500.858,3.394,638.867,10.487,-5.21,0.42,4,200.39,
Player2_Car,13.54,498.827,3.461,633.643,12.800,-4.74,0.14,4,204.46,
Player1_Car,13.56,500.932,3.398,638.670,10.491,-4.86,0.42,4,200.60,
Player2_Car,13.56,498.936,3.470,633.419,12.496,-5.25,0.18,4,204.67,
Player1_Car,13.58,501.007,3.399,638.473,10.545,-4.56,0.41,4,200.81,
Player2_Car,13.58,499.046,3.475,633.198,12.326,-4.88,0.20,4,204.92,
Player1_Car,13.60,501.082,3.402,638.277,10.534,-4.91,1.00,4,201.02,
Player2_Car,13.60,499.156,3.478,632.979,12.268,-3.93,0.21,4,205.16,
Player1_Car,13.62,501.157,3.406,638.082,10.485,-5.41,1.00,4,201.29,
Player2_Car,13.62,499.266,3.482,632.764,12.081,-4.35,0.23,4,205.41,
Player1_Car,13.64,501.237,3.410,637.880,10.834,-5.21,0.38,4,201.51,
Player2_Car,13.64,499.374,3.488,632.552,11.933,-4.77,0.25,4,205.61,
Player1_Car,13.66,501.321,3.414,637.673,11.180,-4.90,1.00,4,201.73,
Player2_Car,13.66,499.481,3.496,632.346,11.700,-5.14,0.28,4,205.84,
Player1_Car,13.68,501.406,3.416,637.466,11.202,-4.74,1.00,4,201.96,
Player2_Car,13.68,499.590,3.501,632.139,11.668,-4.21,0.28,4,206.07,
Player1_Car,13.70,501.494,3.420,637.253,11.533,-5.09,1.00,4,202.19,
Player2_Car,13.70,499.700,3.505,631.936,11.573,-3.98,0.29,4,206.31,
Player1_Car,13.72,501.585,3.425,637.036,11.818,-5.62,1.00,4,202.49,
Player2_Car,13.72,499.808,3.510,631.734,11.474,-4.38,0.30,4,206.53,
Player1_Car,13.74,501.681,3.430,636.813,12.150,-5.47,0.22,4,202.73,
Player2_Car,13.74,499.915,3.517,631.535,11.389,-4.56,0.31,4,206.73,
Player1_Car,13.76,501.782,3.435,636.585,12.476,-5.15,0.18,4,202.98,
Player2_Car,13.76,500.023,3.527,631.340,11.204,-4.96,0.34,4,206.95,
Player1_Car,13.78,501.883,3.438,636.358,12.407,-4.81,0.19,4,203.23,
Player2_Car,13.78,500.131,3.534,631.145,11.156,-4.47,0.34,4,207.17,
Player1_Car,13.80,501.983,3.443,636.136,12.225,-5.22,0.21,4,203.54,
Player2_Car,13.80,500.241,3.537,630.950,11.211,-3.56,0.33,4,207.40,
Player1_Car,13.82,502.082,3.449,635.918,11.996,-5.69,1.00,4,203.77,
Player2_Car,13.82,500.348,3.548,630.757,11.048,-4.01,0.35,4,207.62,
Player1_Car,13.84,502.182,3.455,635.703,11.865,-5.25,0.26,4,204.01,
Player2_Car,13.84,500.455,3.556,630.564,11.033,-4.39,0.36,4,207.83,
Player1_Car,13.86,502.288,3.459,635.482,12.265,-4.51,0.21,4,204.26,
Player2_Car,13.86,500.564,3.564,630.374,10.993,-4.38,0.36,4,208.02,
Player1_Car,13.88,502.393,3.463,635.264,12.131,-4.97,0.22,4,204.56,
Player2_Car,13.88,500.675,3.571,630.185,10.958,-4.08,0.37,4,208.24,
Player1_Car,13.90,502.497,3.471,635.050,11.909,-5.65,0.25,4,204.80,
Player2_Car,13.90,500.787,3.575,629.995,11.025,-3.50,0.36,4,208.46,
Player1_Car,13.92,502.601,3.477,634.839,11.788,-5.21,0.27,4,205.04,
Player2_Car,13.92,500.896,3.587,629.808,10.862,-3.91,0.38,4,208.68,
Player1_Car,13.94,502.707,3.483,634.631,11.667,-4.71,0.28,4,205.27,
Player2_Car,13.94,501.004,3.598,629.621,10.833,-4.40,0.38,4,208.90,
Player1_Car,13.96,502.813,3.486,634.424,11.648,-4.28,0.28,4,205.50,
Player2_Car,13.96,501.116,3.608,629.435,10.814,-4.31,0.38,4,209.08,
Player1_Car,13.98,502.917,3.494,634.221,11.440,-5.25,0.31,4,205.80,
Player2_Car,13.98,501.229,3.618,629.252,10.771,-3.96,0.39,4,209.30,
Player1_Car,14.00,503.022,3.500,634.020,11.360,-5.22,0.32,4,206.02,
Player2_Car,14.00,501.344,3.625,629.067,10.862,-3.33,0.38,4,209.51,
Player1_Car,14.02,503.128,3.506,633.821,11.282,-4.67,0.33,4,206.25,
Player2_Car,14.02,501.458,3.631,628.883,10.881,-3.51,0.37,4,209.73,
Player1_Car,14.04,503.235,3.511,633.623,11.282,-4.16,0.33,4,206.47,
Player2_Car,14.04,501.566,3.648,628.704,10.572,-5.06,0.41,4,209.94,
Player1_Car,14.06,503.341,3.518,633.427,11.208,-4.65,0.34,4,206.76,
Player2_Car,14.06,501.678,3.662,628.526,10.547,-4.78,0.41,4,210.12,
Player1_Car,14.08,503.446,3.527,633.234,11.061,-5.35,0.35,4,206.98,
Player2_Car,14.08,501.793,3.675,628.350,10.512,-3.82,0.42,4,210.33,
Player1_Car,14.10,503.553,3.534,633.042,11.003,-4.99,0.36,4,207.20,
Player2_Car,14.10,501.909,3.685,628.172,10.629,-3.02,0.40,4,210.54,
Player1_Car,14.12,503.661,3.542,632.851,10.951,-4.48,0.37,4,207.42,
Player2_Car,14.12,502.025,3.693,627.992,10.721,-3.13,0.39,4,210.76,
Player1_Car,14.14,503.765,3.552,632.662,10.872,-4.74,0.38,4,207.64,
Player2_Car,14.14,502.137,3.712,627.816,10.460,-4.95,0.42,4,210.97,
Player1_Car,14.16,503.872,3.560,632.473,10.851,-4.75,0.38,4,207.92,
Player2_Car,14.16,502.253,3.729,627.640,10.507,-4.22,0.42,4,211.18,
Player1_Car,14.18,503.980,3.567,632.286,10.821,-4.70,0.38,4,208.14,
Player2_Car,14.18,502.369,3.747,627.468,10.464,-3.38,0.42,4,211.35,
Player1_Car,14.20,504.089,3.575,632.100,10.801,-4.45,0.38,4,208.35,
Player2_Car,14.20,502.486,3.765,627.295,10.458,-3.60,0.43,4,211.56,
Player1_Car,14.22,504.197,3.588,631.915,10.687,-4.38,0.40,4,208.57,
Player2_Car,14.22,502.604,3.778,627.119,10.586,-3.38,0.41,4,211.77,
Player1_Car,14.24,504.305,3.599,631.731,10.712,-4.25,0.39,4,208.78,
Player2_Car,14.24,502.724,3.789,626.942,10.711,-3.07,0.39,4,211.99,
Player1_Car,14.26,504.415,3.608,631.546,10.734,-4.39,0.39,4,209.07,
Player2_Car,14.26,502.845,3.800,626.765,10.708,-3.07,0.40,4,212.20,
Player1_Car,14.28,504.526,3.617,631.363,10.727,-4.56,0.39,4,209.28,
Player2_Car,14.28,502.963,3.819,626.593,10.423,-4.94,0.43,4,212.38,
Player1_Car,14.30,504.639,3.627,631.181,10.683,-4.43,0.40,4,209.49,
Player2_Car,14.30,503.081,3.838,626.422,10.379,-4.58,0.43,4,212.59,
Player1_Car,14.32,504.749,3.642,631.000,10.609,-4.57,0.41,4,209.71,
Player2_Car,14.32,503.203,3.854,626.252,10.497,-2.93,0.42,4,212.80,
Player1_Car,14.34,504.862,3.653,630.820,10.674,-3.91,0.40,4,209.92,
Player2_Car,14.34,503.327,3.867,626.079,10.629,-2.39,0.40,4,213.01,
Player1_Car,14.36,504.977,3.664,630.639,10.696,-3.82,0.40,4,210.20,
Player2_Car,14.36,503.445,3.888,625.906,10.482,-4.22,0.42,4,213.22,
Player1_Car,14.38,505.090,3.679,630.462,10.547,-4.85,0.41,4,210.41,
Player2_Car,14.38,503.567,3.906,625.734,10.538,-3.92,0.42,4,213.43,
Player1_Car,14.40,505.205,3.693,630.284,10.572,-4.54,0.41,4,210.62,
Player2_Car,14.40,503.688,3.930,625.568,10.369,-3.85,0.44,4,213.61,
Player1_Car,14.42,505.319,3.709,630.107,10.542,-4.05,0.41,4,210.84,
Player2_Car,14.42,503.811,3.953,625.401,10.373,-3.61,0.44,4,213.82,
Player1_Car,14.44,505.436,3.722,629.930,10.614,-3.48,0.41,4,211.05,
Player2_Car,14.44,503.935,3.971,625.231,10.505,-2.94,0.42,4,214.03,
Player1_Car,14.46,505.552,3.742,629.756,10.472,-3.37,0.42,4,211.33,
Player2_Car,14.46,504.061,3.986,625.060,10.638,-2.69,0.40,4,214.25,
Player1_Car,14.48,505.668,3.761,629.582,10.474,-4.22,0.42,4,211.54,
Player2_Car,14.48,504.183,4.004,624.888,10.524,-3.78,0.42,4,214.46,
Player1_Car,14.50,505.786,3.778,629.406,10.557,-4.17,0.41,4,211.75,
Player2_Car,14.50,504.306,4.027,624.722,10.340,-4.87,0.44,4,214.65,
Player1_Car,14.52,505.907,3.791,629.230,10.678,-3.38,0.40,4,211.96,
Player2_Car,14.52,504.430,4.050,624.558,10.300,-4.16,0.44,4,214.85,
Player1_Car,14.54,506.024,3.807,629.054,10.579,-4.32,0.41,4,212.17,
Player2_Car,14.54,504.557,4.069,624.393,10.427,-2.70,0.43,4,215.06,
Player1_Car,14.56,506.142,3.822,628.879,10.583,-4.32,0.41,4,212.45,
Player2_Car,14.56,504.685,4.087,624.226,10.519,-2.47,0.42,4,215.27,
Player1_Car,14.58,506.263,3.840,628.708,10.448,-4.67,0.43,4,212.66,
Player2_Car,14.58,504.808,4.112,624.060,10.364,-3.45,0.44,4,215.48,
Player1_Car,14.60,506.383,3.859,628.539,10.393,-4.15,0.43,4,212.87,
Player2_Car,14.60,504.933,4.136,623.893,10.393,-3.78,0.43,4,215.69,
Player1_Car,14.62,506.505,3.878,628.369,10.450,-2.95,0.43,4,213.08,
Player2_Car,14.62,505.059,4.162,623.731,10.300,-4.11,0.44,4,215.88,
Player1_Car,14.64,506.626,3.895,628.197,10.499,-3.15,0.42,4,213.29,
Player2_Car,14.64,505.186,4.188,623.569,10.303,-3.53,0.44,4,216.09,
Player1_Car,14.66,506.746,3.918,628.029,10.345,-3.87,0.44,4,213.55,
Player2_Car,14.66,505.316,4.210,623.406,10.439,-2.66,0.43,4,216.30,
Player1_Car,14.68,506.867,3.941,627.861,10.363,-4.23,0.44,4,213.76,
Player2_Car,14.68,505.447,4.229,623.240,10.563,-2.52,0.41,4,216.51,
Player1_Car,14.70,506.991,3.962,627.693,10.448,-3.73,0.43,4,213.97,
Player2_Car,14.70,505.571,4.257,623.078,10.287,-4.13,0.45,4,216.72,
Player1_Car,14.72,507.117,3.982,627.525,10.474,-2.74,0.42,4,214.18,
Player2_Car,14.72,505.698,4.291,622.922,10.073,-5.13,0.47,4,216.90,
Player1_Car,14.74,507.239,4.003,627.356,10.419,-3.65,0.43,4,214.39,
Player2_Car,14.74,505.826,4.323,622.765,10.184,-3.58,0.46,4,217.11,
Player1_Car,14.76,507.362,4.024,627.187,10.441,-4.05,0.43,4,214.63,
Player2_Car,14.76,505.958,4.352,622.606,10.286,-2.16,0.45,4,217.31,
Player1_Car,14.78,507.487,4.045,627.022,10.395,-4.17,0.43,4,214.84,
Player2_Car,14.78,506.090,4.378,622.445,10.438,-2.34,0.43,4,217.52,
Player1_Car,14.80,507.613,4.068,626.858,10.331,-3.84,0.44,4,215.05,
Player2_Car,14.80,506.221,4.406,622.281,10.473,-2.61,0.42,4,217.74,
Player1_Car,14.82,507.740,4.092,626.694,10.327,-3.47,0.44,4,215.26,
Player2_Car,14.82,506.354,4.431,622.117,10.572,-2.60,0.41,4,217.95,
Player1_Car,14.84,507.864,4.116,626.530,10.320,-3.32,0.44,4,215.47,
Player2_Car,14.84,506.490,4.454,621.954,10.627,-2.30,0.40,4,218.14,
Player1_Car,14.86,507.989,4.140,626.366,10.339,-3.65,0.44,4,215.67,
Player2_Car,14.86,506.624,4.482,621.793,10.446,-3.90,0.43,4,218.35,
Player1_Car,14.88,508.116,4.164,626.203,10.324,-4.04,0.44,4,215.92,
Player2_Car,14.88,506.760,4.506,621.631,10.559,-3.45,0.41,4,218.57,
Player1_Car,14.90,508.243,4.189,626.042,10.262,-4.02,0.45,4,216.13,
Player2_Car,14.90,506.897,4.531,621.471,10.562,-3.01,0.41,4,218.78,
Player1_Car,14.92,508.371,4.215,625.881,10.273,-3.46,0.45,4,216.33,
Player2_Car,14.92,507.030,4.564,621.314,10.345,-3.25,0.44,4,218.99,
Player1_Car,14.94,508.500,4.240,625.720,10.339,-2.48,0.44,4,216.54,
Player2_Car,14.94,507.162,4.598,621.157,10.323,-3.94,0.44,4,219.20,
Player1_Car,14.96,508.628,4.265,625.557,10.358,-3.18,0.44,4,216.75,
Player2_Car,14.96,507.297,4.631,621.001,10.297,-4.08,0.44,4,219.38,
Player1_Car,14.98,508.756,4.293,625.397,10.258,-4.04,0.45,4,216.99,
Player2_Car,14.98,507.433,4.663,620.846,10.308,-3.50,0.44,4,219.59,
Player1_Car,15.00,508.885,4.322,625.238,10.268,-4.14,0.45,4,217.20,
Player2_Car,15.00,507.572,4.692,620.690,10.443,-2.81,0.43,4,219.80,
Player1_Car,15.02,509.015,4.350,625.080,10.267,-3.49,0.45,4,217.41,
Player2_Car,15.02,507.712,4.718,620.532,10.572,-2.81,0.41,4,220.02,
Player1_Car,15.04,509.144,4.381,624.922,10.199,-2.45,0.46,4,217.61,
Player2_Car,15.04,507.845,4.750,620.375,10.389,-3.91,0.43,4,220.23,
Player1_Car,15.06,509.276,4.411,624.764,10.299,-2.46,0.44,4,217.82,
Player2_Car,15.06,507.980,4.785,620.223,10.178,-5.10,0.46,4,220.41,
Player1_Car,15.08,509.409,4.438,624.603,10.402,-3.23,0.43,4,218.07,
Player2_Car,15.08,508.117,4.822,620.074,10.146,-4.28,0.46,4,220.62,
Player1_Car,15.10,509.541,4.467,624.444,10.400,-4.28,0.43,4,218.28,
Player2_Car,15.10,508.256,4.856,619.925,10.192,-3.10,0.46,4,220.83,
Player1_Car,15.12,509.674,4.497,624.286,10.335,-4.21,0.44,4,218.48,
Player2_Car,15.12,508.396,4.887,619.773,10.342,-2.75,1.00,4,221.03,
Player1_Car,15.14,509.809,4.527,624.130,10.305,-3.47,0.44,4,218.69,
Player2_Car,15.14,508.532,4.923,619.621,10.218,-2.33,1.00,4,221.24,
Player1_Car,15.16,509.942,4.559,623.974,10.294,-3.16,0.44,4,218.90,
Player2_Car,15.16,508.677,4.961,619.465,10.621,-3.31,1.00,4,221.46,
Player1_Car,15.18,510.077,4.589,623.816,10.387,-2.94,0.43,4,219.11,
Player2_Car,15.18,508.825,5.002,619.306,10.909,-5.56,1.00,4,221.66,
Player1_Car,15.20,510.213,4.620,623.659,10.383,-3.51,0.43,4,219.36,
Player2_Car,15.20,508.981,5.041,619.142,11.311,-5.05,1.00,4,221.89,
Player1_Car,15.22,510.347,4.654,623.504,10.251,-4.32,0.45,4,219.56,
Player2_Car,15.22,509.145,5.078,618.974,11.750,-3.40,1.00,4,222.13,
Player1_Car,15.24,510.483,4.687,623.350,10.273,-3.80,0.45,4,219.77,
Player2_Car,15.24,509.316,5.114,618.800,12.200,-3.07,1.00,4,222.37,
Player1_Car,15.26,510.620,4.721,623.196,10.279,-2.31,0.45,4,219.98,
Player2_Car,15.26,509.483,5.156,618.621,12.266,-5.12,1.00,4,222.62,
Player1_Car,15.28,510.759,4.754,623.043,10.358,-2.49,0.44,4,220.19,
Player2_Car,15.28,509.657,5.202,618.442,12.445,-6.15,1.00,4,222.86,
Player1_Car,15.30,510.895,4.795,622.893,10.114,-5.53,0.47,4,220.43,
Player2_Car,15.30,509.837,5.252,618.265,12.622,-5.17,1.00,4,223.11,
Player1_Car,15.32,511.031,4.835,622.742,10.197,-4.90,0.46,4,220.64,
Player2_Car,15.32,510.025,5.300,618.084,13.046,-3.46,1.00,4,223.38,
Player1_Car,15.34,511.172,4.872,622.591,10.321,-2.95,0.44,4,220.85,
Player2_Car,15.34,510.219,5.346,617.897,13.481,-3.37,1.00,4,223.65,
Player1_Car,15.36,511.315,4.907,622.438,10.446,-2.40,1.00,4,221.06,
Player2_Car,15.36,510.408,5.400,617.705,13.525,-5.35,1.00,4,223.93,
Player1_Car,15.38,511.456,4.943,622.283,10.485,-2.66,1.00,4,221.27,
Player2_Car,15.38,510.606,5.456,617.514,13.731,-6.46,1.00,4,224.19,
Player1_Car,15.40,511.603,4.978,622.123,10.900,-3.32,1.00,4,221.49,
Player2_Car,15.40,510.813,5.510,617.322,14.141,-4.72,1.00,4,224.48,
Player1_Car,15.42,511.756,5.014,621.957,11.264,-3.98,1.00,4,221.76,
Player2_Car,15.42,511.029,5.562,617.126,14.551,-3.42,1.00,4,224.77,
Player1_Car,15.44,511.913,5.055,621.792,11.376,-5.15,1.00,4,221.99,
Player2_Car,15.44,511.247,5.619,616.926,14.790,-3.11,1.00,4,225.08,
Player1_Car,15.46,512.077,5.094,621.623,11.823,-4.13,1.00,4,222.23,
Player2_Car,15.46,511.459,5.694,616.731,14.534,-6.13,1.00,4,225.35,
Player1_Car,15.48,512.247,5.136,621.450,12.109,-4.88,1.00,4,222.47,
Player2_Car,15.48,511.681,5.764,616.531,14.948,-5.99,1.00,4,225.66,
Player1_Car,15.50,512.422,5.179,621.272,12.474,-4.31,1.00,4,222.76,
Player2_Car,15.50,511.914,5.833,616.331,15.340,-4.06,1.00,2,225.97,
Player1_Car,15.52,512.597,5.232,621.098,12.410,-4.84,1.00,4,223.01,
Player2_Car,15.52,512.145,5.898,616.134,15.157,-3.89,1.00,4,226.28,
Player1_Car,15.54,512.780,5.282,620.918,12.847,-4.17,1.00,4,223.27,
Player2_Car,15.54,512.381,5.968,615.937,15.375,-6.17,1.00,3,226.55,
Player1_Car,15.56,512.970,5.330,620.732,13.279,-3.58,1.00,4,223.54,
Player2_Car,15.56,512.617,6.040,615.741,15.340,-6.13,1.00,3,226.87,
Player1_Car,15.58,513.158,5.384,620.543,13.350,-5.38,1.00,4,223.82,
Player2_Car,15.58,512.856,6.110,615.545,15.441,-6.38,1.00,2,227.19,
Player1_Car,15.60,513.350,5.446,620.358,13.320,-6.87,1.00,4,224.12,
Player2_Car,15.60,513.091,6.175,615.351,15.255,-6.25,1.00,3,227.50,
Player1_Car,15.62,513.549,5.509,620.172,13.639,-5.19,1.00,4,224.40,
Player2_Car,15.62,513.330,6.238,615.159,15.345,-6.42,1.00,3,227.76,
Player1_Car,15.64,513.757,5.569,619.983,14.050,-3.36,1.00,4,224.69,
Player2_Car,15.64,513.572,6.301,614.968,15.381,-6.16,1.00,3,228.07,
Player1_Car,15.66,513.971,5.629,619.788,14.459,-3.59,1.00,4,224.98,
Player2_Car,15.66,513.816,6.361,614.778,15.482,-6.45,1.00,4,228.39,
Player1_Car,15.68,514.184,5.694,619.588,14.602,-5.63,1.00,4,225.32,
Player2_Car,15.68,514.068,6.419,614.585,15.871,-4.78,1.00,4,228.71,
Player1_Car,15.70,514.406,5.757,619.386,15.001,-5.62,1.00,4,225.63,
Player2_Car,15.70,514.304,6.506,614.412,14.637,-9.20,1.00,4,228.97,
Player1_Car,15.72,514.638,5.818,619.184,15.400,-4.41,1.00,4,225.94,
Player2_Car,15.72,514.545,6.590,614.231,15.033,-7.48,1.00,4,229.28,
Player1_Car,15.74,514.878,5.880,618.980,15.753,-4.27,1.00,4,226.26,
Player2_Car,15.74,514.796,6.673,614.054,15.391,-2.50,1.00,1,229.60,
Player1_Car,15.76,515.105,5.966,618.789,14.957,-8.55,1.00,4,226.65,
Player2_Car,15.76,515.049,6.754,613.874,15.505,-3.36,1.00,2,229.92,
Player1_Car,15.78,515.339,6.050,618.593,15.317,-7.46,1.00,4,226.97,
Player2_Car,15.78,515.304,6.834,613.684,15.891,-5.13,1.00,3,230.20,
Player1_Car,15.80,515.585,6.131,618.398,15.680,-2.76,1.00,4,227.29,
Player2_Car,15.80,515.567,6.913,613.492,16.286,-5.47,1.00,2,230.54,
Player1_Car,15.82,515.838,6.212,618.200,16.063,-2.69,1.00,4,227.72,
Player2_Car,15.82,515.839,6.990,613.301,16.663,-3.91,1.00,2,230.88,
Player1_Car,15.84,516.092,6.296,617.995,16.325,-7.84,1.00,3,228.05,
Player2_Car,15.84,516.120,7.066,613.107,17.042,-2.67,0.95,2,231.23,
Player1_Car,15.86,516.348,6.378,617.789,16.424,-9.36,1.00,3,228.39,
Player2_Car,15.86,516.395,7.155,612.910,16.974,-0.37,0.96,3,231.53,
Player1_Car,15.88,516.608,6.457,617.586,16.483,-7.48,1.00,4,228.73,
Player2_Car,15.88,516.681,7.241,612.714,17.326,-2.53,0.92,3,231.89,
Player1_Car,15.90,516.877,6.542,617.390,16.612,-2.29,1.00,3,229.17,
Player2_Car,15.90,516.973,7.326,612.515,17.682,-5.41,0.88,2,232.25,
Player1_Car,15.92,517.142,6.635,617.210,16.038,-5.51,1.00,3,229.50,
Player2_Car,15.92,517.269,7.408,612.320,17.733,-4.17,0.87,3,232.57,
Player1_Car,15.94,517.403,6.727,617.020,16.115,-7.43,1.00,3,229.84,
Player2_Car,15.94,517.567,7.501,612.133,17.645,-6.29,0.88,2,232.94,
Player1_Car,15.96,517.665,6.816,616.831,16.196,-7.42,1.00,4,230.27,
Player2_Car,15.96,517.868,7.589,611.947,17.687,-4.39,0.88,2,233.30,
Player1_Car,15.98,517.938,6.904,616.643,16.562,-3.98,1.00,3,230.61,
Player2_Car,15.98,518.172,7.674,611.765,17.724,-1.93,0.87,2,233.66,
Player1_Car,16.00,518.214,6.990,616.456,16.657,-4.92,1.00,4,230.96,
Player2_Car,16.00,518.467,7.773,611.602,16.950,-8.29,0.97,2,233.97,
Player1_Car,16.02,518.490,7.081,616.264,16.801,-4.99,0.98,4,231.40,
Player2_Car,16.02,518.756,7.870,611.439,16.580,-5.76,1.00,2,234.32,
Player1_Car,16.04,518.773,7.175,616.074,17.066,-3.95,0.95,4,231.75,
Player2_Car,16.04,519.041,7.964,611.277,16.381,-5.45,1.00,1,234.66,
Player1_Car,16.06,519.065,7.268,615.883,17.439,-4.47,0.91,4,232.11,
Player2_Car,16.06,519.323,8.054,611.118,16.185,-5.33,1.00,2,234.99,
Player1_Car,16.08,519.363,7.361,615.689,17.768,-5.14,0.87,4,232.48,
Player2_Car,16.08,519.604,8.150,610.967,15.962,-2.24,1.00,2,235.28,
Player1_Car,16.10,519.655,7.468,615.511,17.185,-11.33,0.94,4,232.93,
Player2_Car,16.10,519.888,8.243,610.817,16.062,-2.83,1.00,2,235.61,
Player1_Car,16.12,519.952,7.575,615.328,17.420,-8.32,0.91,4,233.30,
Player2_Car,16.12,520.173,8.334,610.664,16.163,-4.69,1.00,1,235.95,
Player1_Car,16.14,520.258,7.681,615.151,17.682,-1.54,0.88,4,233.67,
Player2_Car,16.14,520.455,8.421,610.513,15.969,-4.67,1.00,2,236.28,
Player1_Car,16.16,520.564,7.795,614.973,17.696,-0.45,0.88,4,234.13,
Player2_Car,16.16,520.739,8.505,610.365,16.054,-4.27,1.00,2,236.57,
Player1_Car,16.18,520.872,7.907,614.787,18.008,-6.25,0.84,3,234.51,
Player2_Car,16.18,521.026,8.588,610.217,16.149,-4.12,1.00,2,236.90,
Player1_Car,16.20,521.182,8.016,614.601,18.049,-8.79,0.83,2,234.88,
Player2_Car,16.20,521.316,8.667,610.069,16.244,-4.24,1.00,2,237.23,
Player1_Car,16.22,521.494,8.122,614.421,18.048,-6.98,0.83,3,235.35,
Player2_Car,16.22,521.607,8.744,609.921,16.339,-4.36,1.00,2,237.57,
Player1_Car,16.24,521.810,8.227,614.247,18.040,-4.57,0.84,3,235.72,
Player2_Car,16.24,521.901,8.819,609.774,16.424,-4.29,1.00,2,237.86,
Player1_Car,16.26,522.127,8.328,614.074,18.062,-4.19,0.83,2,236.10,
Player2_Car,16.26,522.195,8.893,609.627,16.442,-3.91,1.00,2,238.20,
Player1_Car,16.28,522.445,8.427,613.902,18.084,-5.02,0.83,3,236.56,
Player2_Car,16.28,522.491,8.965,609.481,16.513,-3.87,1.00,2,238.53,
Player1_Car,16.30,522.761,8.530,613.734,17.890,-3.61,0.85,3,236.93,
Player2_Car,16.30,522.788,9.035,609.334,16.580,-3.99,1.00,2,238.87,
Player1_Car,16.32,523.077,8.632,613.568,17.816,-3.03,0.86,3,237.30,
Player2_Car,16.32,523.079,9.114,609.187,16.318,-1.15,1.00,2,239.16,
Player1_Car,16.34,523.393,8.733,613.403,17.846,-4.18,0.86,3,237.75,
Player2_Car,16.34,523.373,9.190,609.042,16.398,-1.91,1.00,4,239.49,
Player1_Car,16.36,523.710,8.830,613.237,17.876,-4.85,0.85,4,238.12,
Player2_Car,16.36,523.673,9.265,608.892,16.786,-3.08,0.99,4,239.84,
Player1_Car,16.38,524.027,8.937,613.077,17.768,-6.97,0.87,3,238.49,
Player2_Car,16.38,523.981,9.339,608.740,17.166,-2.69,0.94,4,240.19,
Player1_Car,16.40,524.344,9.042,612.916,17.796,-5.64,0.86,3,238.86,
Player2_Car,16.40,524.295,9.415,608.588,17.429,-2.92,0.91,4,240.50,
Player1_Car,16.42,524.663,9.143,612.757,17.817,-4.01,0.86,3,239.31,
Player2_Car,16.42,524.607,9.500,608.440,17.344,-5.66,0.92,4,240.85,
Player1_Car,16.44,524.984,9.242,612.599,17.849,-3.77,0.86,4,239.67,
Player2_Car,16.44,524.924,9.584,608.289,17.550,-4.29,0.89,4,241.21,
Player1_Car,16.46,525.309,9.340,612.440,18.137,-3.09,0.82,2,240.05,
Player2_Car,16.46,525.245,9.670,608.140,17.717,-1.26,0.87,4,241.58,
Player1_Car,16.48,525.636,9.435,612.281,18.168,-3.77,0.82,3,240.49,
Player2_Car,16.48,525.572,9.755,607.990,17.993,-0.90,0.84,4,241.94,
Player1_Car,16.50,525.969,9.528,612.122,18.428,-3.10,0.79,3,240.86,
Player2_Car,16.50,525.892,9.855,607.842,17.600,-4.85,0.89,4,242.31,
Player1_Car,16.52,526.306,9.622,611.963,18.623,-1.70,0.77,3,241.25,
Player2_Car,16.52,526.215,9.956,607.692,17.807,-4.42,0.86,4,242.68,
Player1_Car,16.54,526.646,9.717,611.803,18.780,-1.25,0.75,3,241.63,
Player2_Car,16.54,526.546,10.055,607.547,18.087,-1.43,0.83,4,243.05,
Player1_Car,16.56,526.989,9.811,611.642,18.990,-1.97,0.72,3,242.03,
Player2_Car,16.56,526.883,10.154,607.401,18.341,-0.09,0.80,3,243.43,
Player1_Car,16.58,527.337,9.904,611.480,19.166,-2.16,0.70,4,242.42,
Player2_Car,16.58,527.218,10.252,607.255,18.304,-1.10,0.80,3,243.81,
Player1_Car,16.60,527.689,9.997,611.322,19.305,-1.55,0.68,4,242.82,
Player2_Car,16.60,527.553,10.348,607.109,18.283,-2.34,0.81,3,244.19,
Player1_Car,16.62,528.042,10.090,611.163,19.363,-2.53,0.68,4,243.21,
Player2_Car,16.62,527.889,10.442,606.962,18.288,-3.03,0.81,3,244.57,
Player1_Car,16.64,528.397,10.183,611.005,19.446,-2.86,0.67,4,243.61,
Player2_Car,16.64,528.224,10.534,606.816,18.272,-2.81,0.81,3,244.95,
Player1_Car,16.66,528.755,10.276,610.848,19.536,-1.82,0.66,4,244.01,
Player2_Car,16.66,528.558,10.626,606.672,18.231,-2.06,0.81,2,245.32,
Player1_Car,16.68,529.114,10.369,610.692,19.566,-1.43,0.65,4,244.41,
Player2_Car,16.68,528.888,10.714,606.528,17.987,-1.54,0.84,2,245.69,
Player1_Car,16.70,529.476,10.460,610.537,19.713,-1.42,0.63,4,244.81,
Player2_Car,16.70,529.213,10.798,606.386,17.749,-1.65,0.87,2,246.06,
Player1_Car,16.72,529.836,10.555,610.384,19.553,-2.53,0.65,4,245.21,
Player2_Car,16.72,529.530,10.884,606.249,17.278,-2.53,0.93,4,246.42,
Player1_Car,16.74,530.191,10.656,610.233,19.300,-2.94,0.68,4,245.61,
Player2_Car,16.74,529.852,10.971,606.114,17.467,-2.03,0.90,4,246.78,
Player1_Car,16.76,530.549,10.755,610.084,19.436,-0.96,0.67,4,246.00,
Player2_Car,16.76,530.181,11.056,605.977,17.777,-0.97,0.87,4,247.14,
Player1_Car,16.78,530.911,10.853,609.936,19.543,-0.41,0.65,4,246.41,
Player2_Car,16.78,530.514,11.142,605.840,18.019,-0.94,0.84,4,247.52,
Player1_Car,16.80,531.272,10.952,609.785,19.554,-1.85,0.65,4,246.81,
Player2_Car,16.80,530.849,11.230,605.702,18.151,-1.59,0.82,4,247.89,
Player1_Car,16.82,531.630,11.055,609.636,19.476,-2.40,0.66,4,247.20,
Player2_Car,16.82,531.188,11.318,605.562,18.337,-1.76,0.80,4,248.27,
Player1_Car,16.84,531.993,11.154,609.488,19.620,-0.88,0.65,4,247.61,
Player2_Car,16.84,531.528,11.409,605.423,18.368,-2.23,0.80,4,248.65,
Player1_Car,16.86,532.360,11.251,609.341,19.764,-0.07,0.63,4,248.02,
Player2_Car,16.86,531.871,11.500,605.284,18.506,-1.70,0.78,4,249.03,
Player1_Car,16.88,532.724,11.352,609.194,19.688,-1.88,0.64,4,248.42,
Player2_Car,16.88,532.213,11.595,605.146,18.466,-1.85,0.78,4,249.41,
Player1_Car,16.90,533.091,11.449,609.044,19.819,-2.13,0.62,4,248.82,
Player2_Car,16.90,532.558,11.690,605.007,18.612,-1.52,0.77,4,249.79,
Player1_Car,16.92,533.461,11.545,608.897,19.949,-0.65,0.61,4,249.23,
Player2_Car,16.92,532.908,11.783,604.867,18.846,-0.94,0.74,4,250.18,
Player1_Car,16.94,533.828,11.645,608.753,19.897,-0.95,0.61,4,249.64,
Player2_Car,16.94,533.262,11.874,604.725,19.043,-1.08,0.71,4,250.57,
Player1_Car,16.96,534.199,11.740,608.605,20.012,-1.61,0.60,4,250.04,
Player2_Car,16.96,533.616,11.968,604.584,19.067,-1.92,0.71,4,250.97,
Player1_Car,16.98,534.571,11.835,608.458,20.125,-1.54,0.59,4,250.45,
Player2_Car,16.98,533.974,12.059,604.442,19.256,-1.61,0.69,4,251.36,
Player1_Car,17.00,534.942,11.931,608.313,20.117,-1.64,0.59,4,250.86,
Player2_Car,17.00,534.336,12.148,604.301,19.438,-0.92,0.67,4,251.76,
Player1_Car,17.02,535.310,12.031,608.169,19.986,-2.24,0.60,4,251.27,
Player2_Car,17.02,534.697,12.241,604.161,19.352,-1.90,0.68,4,252.16,
Player1_Car,17.04,535.684,12.123,608.023,20.088,-1.54,0.59,4,251.68,
Player2_Car,17.04,535.058,12.333,604.020,19.390,-2.16,0.67,4,252.56,
Player1_Car,17.06,536.059,12.216,607.879,20.198,-0.90,0.58,4,252.09,
Player2_Car,17.06,535.424,12.424,603.880,19.552,-1.23,0.65,4,252.96,
Player1_Car,17.08,536.431,12.310,607.736,20.188,-1.59,0.58,4,252.50,
Player2_Car,17.08,535.792,12.512,603.741,19.710,-0.68,0.63,4,253.37,
Player1_Car,17.10,536.809,12.398,607.589,20.284,-1.88,0.57,4,252.91,
Player2_Car,17.10,536.162,12.600,603.600,19.770,-1.73,0.63,4,253.77,
Player1_Car,17.12,537.186,12.488,607.445,20.329,-1.91,0.56,4,253.32,
Player2_Car,17.12,536.534,12.685,603.459,19.906,-2.02,0.61,4,254.18,
Player1_Car,17.14,537.560,12.580,607.304,20.200,-2.40,0.58,4,253.73,
Player2_Car,17.14,536.908,12.769,603.319,19.981,-1.37,0.60,4,254.59,
Player1_Car,17.16,537.938,12.667,607.161,20.286,-1.84,0.57,4,254.13,
Player2_Car,17.16,537.280,12.857,603.183,19.801,-2.12,0.62,4,254.99,
Player1_Car,17.18,538.317,12.753,607.020,20.376,-1.34,0.55,4,254.55,
Player2_Car,17.18,537.652,12.945,603.046,19.820,-2.16,0.62,4,255.40,
Player1_Car,17.20,538.696,12.840,606.879,20.359,-1.96,0.44,4,254.96,
Player2_Car,17.20,538.027,13.030,602.910,19.947,-1.32,0.49,4,255.81,
Player1_Car,17.22,539.071,12.929,606.739,20.264,-2.79,0.45,4,255.36,
Player2_Car,17.22,538.404,13.112,602.774,20.073,-0.97,0.47,4,256.22,
Player1_Car,17.24,539.449,13.013,606.600,20.226,-2.40,0.45,4,255.78,
Player2_Car,17.24,538.781,13.194,602.638,20.044,-1.93,0.47,4,256.63,
Player1_Car,17.26,539.825,13.097,606.463,20.129,-2.00,0.46,4,256.18,
Player2_Car,17.26,539.159,13.272,602.502,20.070,-2.10,0.47,4,257.04,
Player1_Car,17.28,540.203,13.178,606.327,20.153,-1.69,0.46,4,256.59,
Player2_Car,17.28,539.534,13.353,602.370,19.885,-2.03,0.49,4,257.44,
Player1_Car,17.30,540.576,13.262,606.192,19.979,-2.57,0.48,4,256.99,
Player2_Car,17.30,539.909,13.432,602.240,19.847,-2.04,0.50,4,257.85,
Player1_Car,17.32,540.949,13.344,606.058,19.844,-2.98,0.50,4,257.40,
Player2_Car,17.32,540.285,13.509,602.110,19.865,-1.74,0.50,4,258.23,
Player1_Car,17.34,541.324,13.422,605.926,19.888,-1.99,0.49,4,257.80,
Player2_Car,17.34,540.660,13.585,601.981,19.834,-1.67,0.50,4,258.63,
Player1_Car,17.36,541.698,13.501,605.796,19.880,-1.76,0.49,4,258.23,
Player2_Car,17.36,541.036,13.659,601.852,19.890,-1.62,0.49,4,259.03,
Player1_Car,17.38,542.071,13.579,605.666,19.834,-2.34,0.50,4,258.63,
Player2_Car,17.38,541.414,13.729,601.724,19.947,-1.61,0.49,4,259.43,
Player1_Car,17.40,542.443,13.657,605.537,19.703,-2.94,0.52,4,259.03,
Player2_Car,17.40,541.784,13.807,601.600,19.552,-3.03,0.53,4,259.81,
Player1_Car,17.42,542.817,13.732,605.409,19.761,-2.20,0.51,4,259.46,
Player2_Car,17.42,542.156,13.881,601.476,19.604,-2.38,0.53,4,260.21,
Player1_Car,17.44,543.191,13.806,605.284,19.787,-1.86,0.51,4,259.86,
Player2_Car,17.44,542.530,13.953,601.354,19.680,-1.19,0.52,4,260.61,
Player1_Car,17.46,543.564,13.880,605.159,19.775,-2.27,0.51,4,260.26,
Player2_Car,17.46,542.906,14.021,601.232,19.756,-1.11,0.51,4,260.98,
Player1_Car,17.48,543.940,13.949,605.034,19.838,-2.34,0.50,4,260.66,
Player2_Car,17.48,543.283,14.086,601.109,19.827,-1.79,0.50,4,261.38,
Player1_Car,17.50,544.316,14.017,604.910,19.823,-2.39,0.50,4,261.09,
Player2_Car,17.50,543.661,14.149,600.987,19.891,-2.14,0.49,4,261.78,
Player1_Car,17.52,544.688,14.090,604.790,19.622,-2.90,0.53,4,261.49,
Player2_Car,17.52,544.042,14.208,600.866,19.949,-1.86,0.49,4,262.16,
Player1_Car,17.54,545.062,14.158,604.670,19.682,-2.30,0.52,4,261.89,
Player2_Car,17.54,544.413,14.278,600.750,19.448,-3.39,0.55,4,262.55,
Player1_Car,17.56,545.438,14.223,604.551,19.709,-2.05,0.51,4,262.31,
Player2_Car,17.56,544.785,14.343,600.635,19.502,-2.63,0.54,4,262.95,
Player1_Car,17.58,545.812,14.290,604.434,19.720,-2.44,0.51,4,262.71,
Player2_Car,17.58,545.160,14.406,600.522,19.587,-1.33,0.53,4,263.34,
Player1_Car,17.60,546.183,14.360,604.321,19.520,-2.87,0.54,4,263.10,
Player2_Car,17.60,545.537,14.466,600.408,19.672,-1.28,0.52,4,263.71,
Player1_Car,17.62,546.554,14.432,604.210,19.336,-4.49,0.56,4,263.53,
Player2_Car,17.62,545.915,14.523,600.294,19.751,-2.03,0.51,4,264.11,
Player1_Car,17.64,546.922,14.506,604.099,19.279,-2.93,0.57,4,263.92,
Player2_Car,17.64,546.295,14.577,600.180,19.823,-2.40,0.50,4,264.51,
Player1_Car,17.66,547.294,14.576,603.991,19.361,-1.20,0.56,4,264.31,
Player2_Car,17.66,546.670,14.636,600.070,19.541,-3.28,0.54,4,264.88,
Player1_Car,17.68,547.668,14.643,603.882,19.467,-1.51,0.54,4,264.70,
Player2_Car,17.68,547.043,14.696,599.963,19.393,-3.45,0.55,4,265.27,
Player1_Car,17.70,548.043,14.706,603.771,19.565,-2.63,0.53,4,265.13,
Player2_Car,17.70,547.418,14.754,599.857,19.473,-2.06,0.54,4,265.66,
Player1_Car,17.72,548.420,14.768,603.661,19.651,-2.84,0.52,4,265.53,
Player2_Car,17.72,547.795,14.808,599.753,19.566,-1.40,0.53,4,266.06,
Player1_Car,17.74,548.800,14.826,603.555,19.729,-2.28,0.51,3,265.93,
Player2_Car,17.74,548.173,14.860,599.648,19.621,-2.14,0.53,4,266.43,
Player1_Car,17.76,549.181,14.881,603.449,19.780,-1.83,0.51,4,266.35,
Player2_Car,17.76,548.552,14.909,599.542,19.703,-2.70,0.52,4,266.83,
Player1_Car,17.78,549.564,14.936,603.345,19.811,-1.90,0.50,4,266.75,
Player2_Car,17.78,548.933,14.957,599.439,19.722,-2.48,0.51,4,267.22,
Player1_Car,17.80,549.947,14.988,603.241,19.851,-2.16,0.50,4,267.15,
Player2_Car,17.80,549.308,15.011,599.341,19.377,-3.78,0.55,4,267.59,
Player1_Car,17.82,550.332,15.037,603.139,19.913,-2.33,0.49,4,267.58,
Player2_Car,17.82,549.682,15.065,599.243,19.318,-3.52,0.56,4,267.98,
Player1_Car,17.84,550.719,15.083,603.039,19.969,-2.24,0.48,4,267.98,
Player2_Car,17.84,550.058,15.116,599.148,19.410,-2.03,0.55,4,268.37,
Player1_Car,17.86,551.105,15.127,602.940,19.944,-2.80,0.49,4,268.39,
Player2_Car,17.86,550.437,15.163,599.053,19.511,-1.60,0.54,4,268.76,
Player1_Car,17.88,551.493,15.169,602.842,19.992,-2.59,0.48,4,268.79,
Player2_Car,17.88,550.817,15.208,598.957,19.600,-2.35,0.53,4,269.13,
Player1_Car,17.90,551.880,15.209,602.748,19.935,-2.78,0.49,4,269.22,
Player2_Car,17.90,551.199,15.250,598.862,19.687,-2.84,0.52,4,269.53,
Player1_Car,17.92,552.263,15.255,602.657,19.663,-4.06,0.52,4,269.61,
Player2_Car,17.92,551.580,15.291,598.770,19.631,-3.12,0.52,4,269.92,
Player1_Car,17.94,552.646,15.298,602.566,19.706,-3.15,0.52,4,270.01,
Player2_Car,17.94,551.957,15.339,598.681,19.350,-4.07,0.56,4,270.28,
Player1_Car,17.96,553.027,15.344,602.480,19.650,-2.53,0.52,4,270.43,
Player2_Car,17.96,552.334,15.385,598.595,19.324,-3.45,0.56,4,270.67,
Player1_Car,17.98,553.407,15.390,602.394,19.644,-2.82,0.52,4,270.82,
Player2_Car,17.98,552.713,15.429,598.510,19.419,-2.11,0.55,4,271.06,
Player1_Car,18.00,553.786,15.435,602.308,19.605,-3.49,0.53,4,271.21,
Player2_Car,18.00,553.094,15.469,598.426,19.521,-1.92,0.54,4,271.46,
Player1_Car,18.02,554.170,15.473,602.223,19.681,-3.11,0.52,4,271.64,
Player2_Car,18.02,553.476,15.507,598.342,19.549,-2.82,0.53,4,271.82,
Player1_Car,18.04,554.551,15.516,602.142,19.588,-3.33,0.53,4,272.03,
Player2_Car,18.04,553.860,15.542,598.259,19.632,-3.06,0.52,4,272.22,
Player1_Car,18.06,554.930,15.559,602.061,19.502,-3.74,0.54,4,272.42,
Player2_Car,18.06,554.243,15.579,598.179,19.554,-3.28,0.53,4,272.61,
Player1_Car,18.08,555.313,15.596,601.982,19.582,-3.05,0.65,4,272.81,
Player2_Car,18.08,554.625,15.615,598.101,19.483,-3.35,0.54,4,272.97,
Player1_Car,18.10,555.695,15.634,601.905,19.605,-3.01,0.65,4,273.23,
Player2_Car,18.10,555.002,15.657,598.027,19.289,-3.82,0.69,4,273.36,
Player1_Car,18.12,556.077,15.673,601.829,19.613,-3.74,0.65,4,273.63,
Player2_Car,18.12,555.382,15.695,597.953,19.378,-2.89,0.67,4,273.75,
Player1_Car,18.14,556.465,15.706,601.752,19.764,-3.42,0.63,4,274.02,
Player2_Car,18.14,555.767,15.728,597.881,19.552,-2.14,0.65,4,274.14,
Player1_Car,18.16,556.851,15.741,601.680,19.835,-3.32,0.62,4,274.46,
Player2_Car,18.16,556.153,15.762,597.809,19.626,-2.99,0.64,4,274.50,
Player1_Car,18.18,557.238,15.778,601.608,19.788,-3.97,0.63,4,274.85,
Player2_Car,18.18,556.539,15.795,597.737,19.629,-3.74,0.64,4,274.90,
Player1_Car,18.20,557.625,15.814,601.538,19.805,-4.14,0.62,4,275.25,
Player2_Car,18.20,556.928,15.826,597.668,19.776,-3.03,0.63,4,275.29,
Player1_Car,18.22,558.018,15.844,601.470,19.937,-3.22,0.61,4,275.65,
Player2_Car,18.22,557.321,15.853,597.602,19.921,-2.27,0.61,4,275.69,
Player1_Car,18.24,558.409,15.875,601.404,20.019,-3.16,0.60,4,276.09,
Player2_Car,18.24,557.709,15.887,597.537,19.691,-4.09,0.64,4,276.05,
Player1_Car,18.26,558.801,15.908,601.338,20.014,-4.04,0.60,4,276.49,
Player2_Car,18.26,558.100,15.917,597.472,19.818,-3.77,0.62,4,276.45,
Player1_Car,18.28,559.197,15.933,601.273,20.131,-3.79,0.58,4,276.89,
Player2_Car,18.28,558.495,15.944,597.412,19.955,-2.44,0.61,4,276.85,
Player1_Car,18.30,559.592,15.961,601.212,20.141,-3.69,0.58,4,277.34,
Player2_Car,18.30,558.891,15.969,597.353,20.025,-2.39,0.60,4,277.22,
Player1_Car,18.32,559.986,15.991,601.153,20.079,-4.13,0.59,4,277.74,
Player2_Car,18.32,559.285,15.996,597.293,19.944,-3.75,0.61,4,277.62,
Player1_Car,18.34,560.384,16.014,601.094,20.185,-3.59,0.58,4,278.14,
Player2_Car,18.34,559.682,16.020,597.235,20.061,-3.42,0.59,4,278.02,
Player1_Car,18.36,560.780,16.041,601.039,20.128,-3.91,0.58,4,278.59,
Player2_Car,18.36,560.082,16.040,597.181,20.179,-2.38,0.58,4,278.42,
Player1_Car,18.38,561.176,16.068,600.984,20.073,-4.28,0.59,4,278.99,
Player2_Car,18.38,560.478,16.066,597.129,19.972,-3.55,0.60,4,278.79,
Player1_Car,18.40,561.572,16.095,600.932,20.068,-4.02,0.59,4,279.39,
Player2_Car,18.40,560.876,16.088,597.077,20.078,-3.29,0.59,4,279.19,
Player1_Car,18.42,561.972,16.115,600.881,20.178,-3.02,0.58,4,279.79,
Player2_Car,18.42,561.276,16.108,597.028,20.140,-2.52,0.58,4,279.59,
Player1_Car,18.44,562.369,16.140,600.833,20.067,-3.76,0.59,4,280.24,
Player2_Car,18.44,561.674,16.130,596.980,20.053,-3.11,0.59,4,279.96,
Player1_Car,18.46,562.766,16.165,600.786,20.034,-4.22,0.60,4,280.64,
Player2_Car,18.46,562.072,16.153,596.934,20.014,-3.54,0.60,4,280.36,
Player1_Car,18.48,563.166,16.185,600.741,20.144,-3.17,0.58,4,281.04,
Player2_Car,18.48,562.472,16.173,596.889,20.126,-2.62,0.58,4,280.77,
Player1_Car,18.50,563.565,16.207,600.699,20.054,-3.30,0.59,4,281.49,
Player2_Car,18.50,562.874,16.190,596.847,20.213,-2.09,0.57,4,281.17,
Player1_Car,18.52,563.963,16.230,600.657,20.010,-3.69,0.60,4,281.89,
Player2_Car,18.52,563.271,16.214,596.805,19.972,-3.81,0.60,4,281.54,
Player1_Car,18.54,564.362,16.253,600.618,20.029,-3.37,0.60,4,282.29,
Player2_Car,18.54,563.670,16.234,596.764,20.075,-3.28,0.59,4,281.94,
Player1_Car,18.56,564.763,16.272,600.581,20.144,-2.45,0.58,4,282.74,
Player2_Car,18.56,564.071,16.251,596.727,20.155,-2.02,0.58,4,282.35,
Player1_Car,18.58,565.161,16.295,600.545,20.022,-3.31,0.60,4,283.14,
Player2_Car,18.58,564.469,16.274,596.691,19.942,-3.13,0.61,4,282.72,
Player1_Car,18.60,565.560,16.318,600.510,19.996,-3.65,0.60,4,283.54,
Player2_Car,18.60,564.866,16.297,596.654,19.950,-3.37,0.61,4,283.12,
Player1_Car,18.62,565.960,16.337,600.478,20.110,-2.52,0.59,4,283.94,
Player2_Car,18.62,565.266,16.316,596.620,20.070,-2.19,0.59,4,283.52,
Player1_Car,18.64,566.360,16.358,600.448,20.030,-2.69,0.60,4,284.39,
Player2_Car,18.64,565.668,16.333,596.588,20.151,-1.62,0.58,4,283.92,
Player1_Car,18.66,566.758,16.381,600.418,19.986,-3.19,0.60,4,284.79,
Player2_Car,18.66,566.065,16.356,596.556,19.933,-3.46,0.61,4,284.29,
Player1_Car,18.68,567.158,16.403,600.390,20.006,-2.89,0.60,4,285.19,
Player2_Car,18.68,566.464,16.375,596.524,20.042,-3.02,0.59,4,284.69,
Player1_Car,18.70,567.559,16.421,600.364,20.123,-1.92,0.59,4,285.63,
Player2_Car,18.70,566.865,16.394,596.496,20.074,-2.00,0.59,4,285.09,
Player1_Car,18.72,567.958,16.443,600.339,20.004,-2.76,0.60,4,286.03,
Player2_Car,18.72,567.265,16.412,596.469,20.059,-2.07,0.59,4,285.49,
Player1_Car,18.74,568.357,16.465,600.314,19.985,-3.15,0.60,4,286.43,
Player2_Car,18.74,567.656,16.450,596.445,19.597,-3.89,0.65,4,285.86,
Player1_Car,18.76,568.758,16.484,600.291,20.101,-2.07,0.59,4,286.83,
Player2_Car,18.76,568.049,16.482,596.418,19.715,-2.98,0.63,4,286.25,
Player1_Car,18.78,569.158,16.504,600.270,20.028,-2.21,0.60,4,287.27,
Player2_Car,18.78,568.446,16.511,596.396,19.859,-1.25,0.62,3,286.65,
Player1_Car,18.80,569.557,16.526,600.249,20.009,-2.62,0.60,4,287.67,
Player2_Car,18.80,568.841,16.539,596.375,19.776,-1.55,0.63,3,287.05,
Player1_Car,18.82,569.957,16.547,600.229,20.010,-2.54,0.60,4,288.07,
Player2_Car,18.82,569.234,16.564,596.353,19.695,-2.28,0.64,3,287.41,
Player1_Car,18.84,570.358,16.565,600.210,20.091,-1.78,0.59,4,288.48,
Player2_Car,18.84,569.626,16.585,596.330,19.646,-2.88,0.64,3,287.81,
Player1_Car,18.86,570.757,16.585,600.193,20.024,-2.18,0.60,4,288.91,
Player2_Car,18.86,570.017,16.604,596.309,19.589,-3.02,0.65,3,288.20,
Player1_Car,18.88,571.157,16.607,600.176,20.017,-2.49,0.60,4,289.31,
Player2_Car,18.88,570.407,16.621,596.289,19.492,-2.46,0.66,3,288.56,
Player1_Car,18.90,571.557,16.627,600.160,20.022,-2.23,0.60,4,289.71,
Player2_Car,18.90,570.795,16.636,596.270,19.427,-2.21,0.67,3,288.95,
Player1_Car,18.92,571.957,16.646,600.145,20.030,-1.88,0.60,4,290.11,
Player2_Car,18.92,571.182,16.647,596.251,19.390,-2.48,0.67,3,289.34,
Player1_Car,18.94,572.357,16.666,600.131,20.010,-1.98,0.60,4,290.51,
Player2_Car,18.94,571.568,16.656,596.233,19.337,-2.52,0.68,4,289.73,
Player1_Car,18.96,572.756,16.687,600.117,20.007,-2.10,0.60,4,290.91,
Player2_Car,18.96,571.953,16.669,596.218,19.244,-1.98,0.69,4,290.11,
Player1_Car,18.98,573.156,16.706,600.104,20.011,-1.98,0.60,4,291.31,
Player2_Car,18.98,572.338,16.682,596.205,19.301,-1.73,0.68,4,290.49,
Player1_Car,19.00,573.556,16.726,600.092,20.006,-1.86,0.60,4,291.71,
Player2_Car,19.00,572.727,16.693,596.190,19.447,-1.56,0.67,4,290.88,
Player1_Car,19.02,573.956,16.746,600.080,19.999,-1.84,0.60,4,292.11,
Player2_Car,19.02,573.115,16.705,596.175,19.432,-2.26,0.67,4,291.27,
Player1_Car,19.04,574.356,16.766,600.070,19.997,-1.83,0.60,4,292.51,
Player2_Car,19.04,573.501,16.724,596.161,19.287,-2.81,0.69,4,291.66,
Player1_Car,19.06,574.755,16.786,600.059,19.997,-1.78,0.60,4,292.91,
Player2_Car,19.06,573.887,16.743,596.148,19.309,-2.26,0.68,4,292.04,
Player1_Car,19.08,575.155,16.806,600.050,19.996,-1.72,0.60,4,293.31,
Player2_Car,19.08,574.274,16.762,596.137,19.364,-1.57,0.68,4,292.43,
Player1_Car,19.10,575.555,16.826,600.041,19.995,-1.69,0.60,4,293.71,
Player2_Car,19.10,574.662,16.781,596.125,19.417,-1.55,0.67,4,292.82,
Player1_Car,19.12,575.955,16.846,600.032,19.994,-1.66,0.60,4,294.11,
Player2_Car,19.12,575.051,16.801,596.113,19.468,-1.88,0.66,4,293.21,
Player1_Car,19.14,576.355,16.866,600.024,19.994,-1.63,0.60,4,294.51,
Player2_Car,19.14,575.441,16.820,596.101,19.515,-1.96,0.66,4,293.60,
Player1_Car,19.16,576.754,16.886,600.017,19.994,-1.60,0.60,4,294.91,
Player2_Car,19.16,575.832,16.840,596.091,19.558,-1.77,0.65,4,293.99,
Player1_Car,19.18,577.154,16.906,600.009,19.993,-1.56,0.60,4,295.31,
Player2_Car,19.18,576.224,16.860,596.081,19.596,-1.61,0.65,4,294.38,
Player1_Car,19.20,577.554,16.926,600.003,19.993,-1.53,0.60,4,295.71,
Player2_Car,19.20,576.617,16.879,596.071,19.632,-1.62,0.64,4,294.78,
Player1_Car,19.22,577.954,16.946,599.997,19.993,-1.51,0.60,4,296.12,
Player2_Car,19.22,577.010,16.899,596.062,19.665,-1.68,0.64,4,295.17,
Player1_Car,19.24,578.353,16.966,599.991,19.993,-1.48,0.60,4,296.52,
Player2_Car,19.24,577.404,16.919,596.053,19.694,-1.66,0.64,4,295.56,
Player1_Car,19.26,578.753,16.986,599.985,19.992,-1.46,0.60,4,296.92,
Player2_Car,19.26,577.798,16.938,596.045,19.721,-1.58,0.63,4,295.96,
Player1_Car,19.28,579.153,17.006,599.980,19.992,-1.43,0.60,4,297.32,
Player2_Car,19.28,578.193,16.958,596.038,19.745,-1.54,0.63,4,296.35,
Player1_Car,19.30,579.553,17.026,599.975,19.992,-1.41,0.60,4,297.72,
Player2_Car,19.30,578.588,16.978,596.030,19.768,-1.53,0.63,4,296.75,
Player1_Car,19.32,579.953,17.046,599.971,19.992,-1.39,0.60,4,298.12,
Player2_Car,19.32,578.984,16.998,596.023,19.788,-1.52,0.63,4,297.15,
Player1_Car,19.34,580.353,17.066,599.967,19.992,-1.37,0.60,4,298.52,
Player2_Car,19.34,579.380,17.017,596.017,19.806,-1.49,0.62,4,297.54,
Player1_Car,19.36,580.752,17.086,599.963,19.992,-1.35,0.60,4,298.92,
Player2_Car,19.36,579.776,17.037,596.010,19.823,-1.46,0.62,4,297.94,
Player1_Car,19.38,581.152,17.106,599.959,19.992,-1.33,0.60,4,299.32,
Player2_Car,19.38,580.173,17.057,596.005,19.838,-1.44,0.62,4,298.34,
Player1_Car,19.40,581.552,17.126,599.956,19.992,-1.31,0.60,4,299.72,
Player2_Car,19.40,580.570,17.077,595.999,19.852,-1.42,0.62,4,298.73,
Player1_Car,19.42,581.952,17.146,599.952,19.992,-1.30,0.60,4,300.12,
Player2_Car,19.42,580.967,17.097,595.994,19.865,-1.40,0.62,4,299.13,
Player1_Car,19.44,582.352,17.166,599.949,19.992,-1.28,0.60,4,300.52,
Player2_Car,19.44,581.365,17.117,595.989,19.876,-1.38,0.61,4,299.53,
Player1_Car,19.46,582.752,17.186,599.947,19.992,-1.27,0.60,4,300.92,
Player2_Car,19.46,581.762,17.137,595.984,19.887,-1.36,0.61,4,299.93,
Player1_Car,19.48,583.151,17.206,599.944,19.992,-1.25,0.60,4,301.32,
Player2_Car,19.48,582.160,17.156,595.980,19.896,-1.35,0.61,4,300.33,
Player1_Car,19.50,583.551,17.226,599.942,19.992,-1.24,0.60,4,301.72,
Player2_Car,19.50,582.558,17.176,595.976,19.905,-1.33,0.61,4,300.73,
Player1_Car,19.52,583.951,17.246,599.939,19.992,-1.23,0.60,4,302.12,
Player2_Car,19.52,582.957,17.196,595.972,19.913,-1.32,0.61,4,301.12,
Player1_Car,19.54,584.351,17.266,599.937,19.992,-1.21,0.60,4,302.52,
Player2_Car,19.54,583.355,17.216,595.968,19.920,-1.30,0.61,4,301.52,
Player1_Car,19.56,584.751,17.286,599.935,19.992,-1.20,0.60,4,302.92,
Player2_Car,19.56,583.754,17.236,595.965,19.926,-1.29,0.61,4,301.92,
Player1_Car,19.58,585.151,17.306,599.934,19.992,-1.19,0.60,4,303.32,
Player2_Car,19.58,584.152,17.256,595.961,19.932,-1.27,0.61,4,302.32,
Player1_Car,19.60,585.551,17.326,599.932,19.992,-1.18,0.60,4,303.72,
Player2_Car,19.60,584.551,17.276,595.958,19.938,-1.26,0.61,4,302.72,
Player1_Car,19.62,585.950,17.346,599.930,19.992,-1.17,0.60,4,304.12,
Player2_Car,19.62,584.950,17.296,595.955,19.943,-1.25,0.61,4,303.12,
Player1_Car,19.64,586.350,17.366,599.929,19.992,-1.16,0.60,4,304.52,
Player2_Car,19.64,585.349,17.316,595.953,19.947,-1.24,0.61,4,303.52,
Player1_Car,19.66,586.750,17.386,599.928,19.992,-1.15,0.60,4,304.92,
Player2_Car,19.66,585.748,17.336,595.950,19.951,-1.22,0.61,4,303.92,
Player1_Car,19.68,587.150,17.406,599.926,19.992,-1.15,0.60,4,305.32,
Player2_Car,19.68,586.147,17.356,595.948,19.955,-1.21,0.61,4,304.32,
Player1_Car,19.70,587.550,17.426,599.925,19.992,-1.14,0.60,4,305.72,
Player2_Car,19.70,586.546,17.376,595.946,19.958,-1.20,0.61,4,304.72,
Player1_Car,19.72,587.950,17.446,599.924,19.992,-1.13,0.60,4,306.12,
Player2_Car,19.72,586.945,17.396,595.943,19.961,-1.19,0.60,4,305.12,
Player1_Car,19.74,588.349,17.466,599.923,19.992,-1.12,0.60,4,306.52,
Player2_Car,19.74,587.344,17.416,595.942,19.964,-1.18,0.60,4,305.52,
Player1_Car,19.76,588.749,17.486,599.923,19.993,-1.12,0.60,4,306.92,
Player2_Car,19.76,587.744,17.436,595.940,19.967,-1.18,0.60,4,305.92,
Player1_Car,19.78,589.149,17.506,599.922,19.993,-1.11,0.60,4,307.32,
Player2_Car,19.78,588.143,17.456,595.938,19.969,-1.17,0.60,4,306.32,
Player1_Car,19.80,589.549,17.526,599.921,19.993,-1.11,0.60,4,307.72,
Player2_Car,19.80,588.543,17.476,595.936,19.971,-1.16,0.60,4,306.72,
Player1_Car,19.82,589.949,17.546,599.920,19.993,-1.10,0.60,4,308.13,
Player2_Car,19.82,588.942,17.496,595.935,19.973,-1.15,0.60,4,307.12,
Player1_Car,19.84,590.349,17.566,599.920,19.993,-1.10,0.60,4,308.53,
Player2_Car,19.84,589.342,17.516,595.933,19.975,-1.15,0.60,4,307.52,
Player1_Car,19.86,590.748,17.586,599.919,19.993,-1.09,0.60,4,308.93,
Player2_Car,19.86,589.741,17.535,595.932,19.977,-1.14,0.60,4,307.92,
Player1_Car,19.88,591.148,17.606,599.919,19.993,-1.09,0.60,4,309.33,
Player2_Car,19.88,590.141,17.555,595.931,19.978,-1.13,0.60,4,308.32,
Player1_Car,19.90,591.548,17.626,599.918,19.993,-1.08,0.60,4,309.73,
Player2_Car,19.90,590.540,17.575,595.930,19.979,-1.13,0.60,4,308.72,
Player1_Car,19.92,591.948,17.646,599.918,19.993,-1.08,0.60,4,310.13,
Player2_Car,19.92,590.940,17.595,595.929,19.981,-1.12,0.60,4,309.12,
Player1_Car,19.94,592.348,17.666,599.917,19.993,-1.08,0.60,4,310.53,
Player2_Car,19.94,591.339,17.615,595.928,19.982,-1.11,0.60,4,309.52,
Player1_Car,19.96,592.748,17.686,599.917,19.993,-1.07,0.60,4,310.93,
Player2_Car,19.96,591.739,17.635,595.927,19.983,-1.11,0.60,4,309.92,
Player1_Car,19.98,593.148,17.706,599.917,19.993,-1.07,0.60,4,311.33,
Player2_Car,19.98,592.139,17.655,595.926,19.984,-1.10,0.60,4,310.32,
Player1_Car,20.00,593.547,17.726,599.917,19.993,-1.07,0.60,4,311.73,
Player2_Car,20.00,592.538,17.675,595.925,19.985,-1.10,0.60,4,310.72,
Player1_Car,20.02,593.947,17.746,599.916,19.993,-1.06,0.60,4,312.13,
Player2_Car,20.02,592.938,17.695,595.924,19.985,-1.10,0.60,4,311.12,
Player1_Car,20.04,594.347,17.766,599.916,19.993,-1.06,0.60,4,312.53,
Player2_Car,20.04,593.338,17.715,595.924,19.986,-1.09,0.60,4,311.52,
Player1_Car,20.06,594.747,17.786,599.916,19.993,-1.06,0.60,4,312.93,
Player2_Car,20.06,593.738,17.735,595.923,19.987,-1.09,0.60,4,311.92,
Player1_Car,20.08,595.147,17.806,599.916,19.993,-1.06,0.60,4,313.33,
Player2_Car,20.08,594.137,17.755,595.923,19.987,-1.08,0.60,4,312.32,
Player1_Car,20.10,595.547,17.826,599.916,19.993,-1.06,0.60,4,313.73,
Player2_Car,20.10,594.537,17.775,595.922,19.988,-1.08,0.60,4,312.72,
Player1_Car,20.12,595.946,17.846,599.916,19.994,-1.05,0.60,4,314.13,
Player2_Car,20.12,594.937,17.795,595.921,19.988,-1.08,0.60,4,313.12,
Player1_Car,20.14,596.346,17.866,599.915,19.993,-1.05,0.60,4,314.53,
Player2_Car,20.14,595.337,17.815,595.921,19.989,-1.08,0.60,4,313.52,
Player1_Car,20.16,596.746,17.886,599.915,19.994,-1.05,0.60,4,314.93,
Player2_Car,20.16,595.736,17.835,595.921,19.989,-1.07,0.60,4,313.92,
Player1_Car,20.18,597.146,17.906,599.915,19.994,-1.05,0.60,4,315.33,
Player2_Car,20.18,596.136,17.855,595.920,19.990,-1.07,0.60,4,314.32,
Player1_Car,20.20,597.546,17.926,599.915,19.994,-1.05,0.60,4,315.73,
Player2_Car,20.20,596.536,17.875,595.920,19.990,-1.07,0.60,4,314.72,
Player1_Car,20.22,597.946,17.946,599.915,19.994,-1.05,0.60,4,316.13,
Player2_Car,20.22,596.936,17.895,595.920,19.990,-1.07,0.60,4,315.12,
Player1_Car,20.24,598.345,17.966,599.915,19.994,-1.04,0.60,4,316.53,
Player2_Car,20.24,597.336,17.915,595.919,19.991,-1.06,0.60,4,315.52,
Player1_Car,20.26,598.745,17.986,599.915,19.994,-1.04,0.60,4,316.93,
Player2_Car,20.26,597.735,17.935,595.919,19.991,-1.06,0.60,4,315.92,
Player1_Car,20.28,599.145,18.006,599.915,19.994,-1.04,0.60,4,317.33,
Player2_Car,20.28,598.135,17.955,595.919,19.991,-1.06,0.60,4,316.32,
Player1_Car,20.30,599.545,18.026,599.915,19.994,-1.04,0.60,4,317.73,
Player2_Car,20.30,598.535,17.975,595.919,19.991,-1.06,0.60,4,316.72,
Player1_Car,20.32,599.945,18.046,599.915,19.994,-1.04,0.60,4,318.13,
Player2_Car,20.32,598.935,17.995,595.918,19.991,-1.06,0.60,4,317.12,
Player1_Car,20.34,600.345,18.066,599.915,19.994,-1.04,0.60,4,318.53,
Player2_Car,20.34,599.335,18.015,595.918,19.992,-1.05,0.60,4,317.52,
Player1_Car,20.36,600.744,18.086,599.915,19.993,-1.04,0.60,4,318.93,
Player2_Car,20.36,599.735,18.035,595.918,19.992,-1.05,0.60,4,317.92,
Player1_Car,20.38,601.144,18.106,599.915,19.993,-1.04,0.60,4,319.33,
Player2_Car,20.38,600.134,18.055,595.918,19.992,-1.05,0.60,4,318.32,
Player1_Car,20.40,601.544,18.126,599.915,19.994,-1.03,0.60,4,319.74,
Player2_Car,20.40,600.534,18.075,595.918,19.992,-1.05,0.60,4,318.72,
Player1_Car,20.42,601.944,18.146,599.916,19.994,-1.03,0.60,4,320.14,
Player2_Car,20.42,600.934,18.095,595.918,19.992,-1.05,0.60,4,319.12,
Player1_Car,20.44,602.344,18.166,599.916,19.994,-1.03,0.60,4,320.54,
Player2_Car,20.44,601.334,18.115,595.917,19.992,-1.05,0.60,4,319.52,
Player1_Car,20.46,602.744,18.186,599.916,19.994,-1.03,0.60,4,320.94,
Player2_Car,20.46,601.734,18.135,595.917,19.993,-1.05,0.60,4,319.93,
Player1_Car,20.48,603.144,18.206,599.916,19.994,-1.03,0.60,4,321.34,
Player2_Car,20.48,602.134,18.155,595.917,19.993,-1.04,0.60,4,320.33,
Player1_Car,20.50,603.543,18.226,599.916,19.994,-1.03,0.60,4,321.74,
Player2_Car,20.50,602.533,18.175,595.917,19.993,-1.04,0.60,4,320.73,
Player1_Car,20.52,603.943,18.246,599.916,19.994,-1.02,0.60,4,322.14,
Player2_Car,20.52,602.933,18.195,595.917,19.993,-1.04,0.60,4,321.13,
Player1_Car,20.54,604.343,18.266,599.916,19.994,-1.02,0.60,2,322.54,
Player2_Car,20.54,603.333,18.215,595.917,19.993,-1.04,0.60,4,321.53,
Player1_Car,20.56,604.738,18.282,599.915,19.753,-0.81,0.63,2,322.93,
Player2_Car,20.56,603.733,18.235,595.917,19.993,-1.04,0.60,4,321.93,
Player1_Car,20.58,605.124,18.300,599.914,19.363,-0.83,0.68,2,323.32,
Player2_Car,20.58,604.133,18.255,595.917,19.993,-1.04,0.60,4,322.33,
Player1_Car,20.60,605.505,18.316,599.914,19.048,-0.82,0.71,2,323.70,
Player2_Car,20.60,604.533,18.275,595.917,19.993,-1.04,0.60,2,322.73,
Player1_Car,20.62,605.879,18.330,599.913,18.738,-0.81,0.75,2,324.08,
Player2_Car,20.62,604.926,18.293,595.916,19.675,-0.90,0.64,2,323.12,
Player1_Car,20.64,606.248,18.342,599.913,18.430,-0.80,0.79,2,324.37,
Player2_Car,20.64,605.313,18.310,595.916,19.360,-0.86,0.68,2,323.51,
Player1_Car,20.66,606.611,18.353,599.912,18.125,-0.80,0.83,2,324.72,
Player2_Car,20.66,605.694,18.326,595.915,19.047,-0.84,0.71,2,323.89,
Player1_Car,20.68,606.967,18.363,599.912,17.822,-0.79,0.86,2,325.07,
Player2_Car,20.68,606.069,18.339,595.914,18.737,-0.83,0.75,2,324.19,
Player1_Car,20.70,607.317,18.371,599.911,17.522,0.00,0.00,0,325.42,
Player2_Car,20.70,606.438,18.352,595.913,18.429,-0.83,0.79,2,324.55,
Player1_Car,20.72,607.668,18.375,599.911,17.512,0.00,0.00,0,325.76,
Player2_Car,20.72,606.800,18.363,595.913,18.124,-0.82,0.83,2,324.91,
Player1_Car,20.74,608.018,18.375,599.911,17.501,0.00,0.00,0,326.11,
Player2_Car,20.74,607.157,18.372,595.912,17.822,0.00,0.00,0,325.26,
Player1_Car,20.76,608.367,18.372,599.910,17.491,0.00,0.00,0,326.45,
Player2_Car,20.76,607.513,18.378,595.912,17.811,0.00,0.00,0,325.61,
Player1_Car,20.78,608.717,18.364,599.910,17.480,0.00,0.00,0,326.80,
Player2_Car,20.78,607.869,18.380,595.911,17.800,0.00,0.00,0,325.96,
Player1_Car,20.80,609.066,18.353,599.909,17.470,0.00,0.00,0,327.15,
Player2_Car,20.80,608.225,18.377,595.911,17.790,0.00,0.00,0,326.31,
Player1_Car,20.82,609.416,18.337,599.909,17.459,0.00,0.00,0,327.49,
Player2_Car,20.82,608.580,18.371,595.910,17.779,0.00,0.00,0,326.66,
Player1_Car,20.84,609.765,18.318,599.909,17.449,0.00,0.00,0,327.84,
Player2_Car,20.84,608.936,18.361,595.910,17.768,0.00,0.00,0,327.02,
Player1_Car,20.86,610.113,18.295,599.908,17.438,0.00,0.00,0,328.19,
Player2_Car,20.86,609.291,18.347,595.909,17.758,0.00,0.00,0,327.37,
Player1_Car,20.88,610.462,18.268,599.908,17.428,0.00,0.00,0,328.54,
Player2_Car,20.88,609.646,18.329,595.909,17.747,0.00,0.00,0,327.72,
Player1_Car,20.90,610.810,18.237,599.908,17.417,0.00,0.00,0,328.88,
Player2_Car,20.90,610.000,18.307,595.908,17.736,0.00,0.00,0,328.07,
Player1_Car,20.92,611.158,18.202,599.907,17.407,0.00,0.00,0,329.23,
Player2_Car,20.92,610.355,18.282,595.908,17.726,0.00,0.00,0,328.43,
Player1_Car,20.94,611.506,18.163,599.907,17.396,0.00,0.00,0,329.58,
Player2_Car,20.94,610.709,18.252,595.907,17.715,0.00,0.00,0,328.78,
Player1_Car,20.96,611.854,18.120,599.906,17.386,0.00,0.00,0,329.93,
Player2_Car,20.96,611.063,18.218,595.907,17.704,0.00,0.00,0,329.14,
Player1_Car,20.98,612.202,18.073,599.906,17.375,0.00,0.00,0,330.28,
Player2_Car,20.98,611.417,18.181,595.906,17.694,0.00,0.00,0,329.49,
Player1_Car,21.00,612.549,18.022,599.906,17.365,0.00,0.00,0,330.64,
Player2_Car,21.00,611.771,18.139,595.906,17.683,0.00,0.00,0,329.85,
Player1_Car,21.02,612.896,17.968,599.905,17.355,0.00,0.00,0,330.99,
Player2_Car,21.02,612.124,18.094,595.906,17.673,0.00,0.00,0,330.20,
Player1_Car,21.04,613.243,17.909,599.905,17.344,0.00,0.00,0,331.34,
Player2_Car,21.04,612.477,18.045,595.905,17.662,0.00,0.00,0,330.56,
Player1_Car,21.06,613.590,17.847,599.905,17.334,0.00,0.00,0,331.69,
Player2_Car,21.06,612.830,17.991,595.905,17.651,0.00,0.00,0,330.92,
Player1_Car,21.08,613.936,17.780,599.904,17.323,0.00,0.00,0,332.04,
Player2_Car,21.08,613.183,17.934,595.904,17.641,0.00,0.00,0,331.28,
Player1_Car,21.10,614.282,17.710,599.904,17.313,0.00,0.00,0,332.40,
Player2_Car,21.10,613.536,17.873,595.904,17.630,0.00,0.00,0,331.63,
Player1_Car,21.12,614.628,17.636,599.904,17.303,0.00,0.00,0,332.75,
Player2_Car,21.12,613.888,17.808,595.903,17.620,0.00,0.00,0,331.99,
Player1_Car,21.14,614.974,17.558,599.903,17.292,0.00,0.00,0,333.10,
Player2_Car,21.14,614.240,17.739,595.903,17.609,0.00,0.00,0,332.35,
Player1_Car,21.16,615.320,17.475,599.903,17.282,0.00,0.00,0,333.46,
Player2_Car,21.16,614.592,17.666,595.902,17.598,0.00,0.00,0,332.71,
Player1_Car,21.18,615.665,17.389,599.902,17.271,0.00,0.00,0,333.81,
Player2_Car,21.18,614.944,17.589,595.902,17.588,0.00,0.00,0,333.07,
Player1_Car,21.20,616.010,17.300,599.902,17.261,0.00,0.00,0,334.17,
Player2_Car,21.20,615.296,17.509,595.901,17.577,0.00,0.00,0,333.43,
Player1_Car,21.22,616.356,17.206,599.902,17.251,0.00,0.00,0,334.52,
Player2_Car,21.22,615.647,17.424,595.901,17.567,0.00,0.00,0,333.79,
Player1_Car,21.24,616.700,17.108,599.901,17.240,0.00,0.00,0,334.88,
Player2_Car,21.24,615.998,17.336,595.900,17.556,0.00,0.00,0,334.15,
Player1_Car,21.26,617.045,17.006,599.901,17.230,0.00,0.00,0,335.24,
Player2_Car,21.26,616.349,17.243,595.900,17.546,0.00,0.00,0,334.51,
Player1_Car,21.28,617.389,16.901,599.901,17.220,0.00,0.00,0,335.59,
Player2_Car,21.28,616.700,17.147,595.899,17.535,0.00,0.00,0,334.87,
Player1_Car,21.30,617.734,16.791,599.900,17.209,0.00,0.00,0,335.95,
Player2_Car,21.30,617.050,17.046,595.899,17.525,0.00,0.00,0,335.24,
Player1_Car,21.32,618.078,16.678,599.900,17.199,0.00,0.00,0,336.42,
Player2_Car,21.32,617.401,16.942,595.898,17.514,0.00,0.00,0,335.60,
Player1_Car,21.34,618.421,16.560,599.900,17.189,0.00,0.00,0,336.77,
Player2_Car,21.34,617.751,16.834,595.898,17.504,0.00,0.00,0,335.96,
Player1_Car,21.36,618.765,16.439,599.899,17.178,-0.21,0.94,2,337.11,
Player2_Car,21.36,618.101,16.722,595.897,17.493,0.00,0.00,0,336.45,
Player1_Car,21.38,619.104,16.314,599.899,16.972,0.03,0.96,4,337.45,
Player2_Car,21.38,618.450,16.606,595.897,17.483,0.00,0.00,0,336.79,
Player1_Car,21.40,619.357,16.341,599.902,13.655,0.08,1.00,4,337.70,
Player2_Car,21.40,618.800,16.486,595.896,17.472,0.00,0.00,0,337.14,
Player1_Car,21.42,619.629,16.347,599.903,13.791,-0.25,1.00,4,337.97,
Player2_Car,21.42,619.149,16.362,595.896,17.462,-0.15,0.90,4,337.49,
Player1_Car,21.44,619.909,16.348,599.904,14.077,-0.30,1.00,4,338.25,
Player2_Car,21.44,619.452,16.304,595.897,15.384,-0.29,1.00,4,337.80,
Player1_Car,21.46,620.197,16.348,599.906,14.384,-0.29,1.00,4,338.54,
Player2_Car,21.46,619.703,16.341,595.899,13.678,-1.12,1.00,4,338.05,
Player1_Car,21.48,620.491,16.348,599.908,14.693,-0.26,1.00,4,338.84,
Player2_Car,21.48,619.979,16.347,595.901,14.001,-0.42,1.00,4,338.32,
Player1_Car,21.50,620.791,16.348,599.910,14.998,-0.24,1.00,4,339.14,
Player2_Car,21.50,620.264,16.348,595.906,14.315,-0.20,1.00,4,338.61,
Player1_Car,21.52,621.096,16.348,599.912,15.301,-0.21,1.00,4,339.44,
Player2_Car,21.52,620.556,16.348,595.908,14.604,-0.17,1.00,4,338.90,
Player1_Car,21.54,621.408,16.348,599.914,15.599,-0.19,1.00,4,339.75,
Player2_Car,21.54,620.854,16.348,595.911,14.907,-0.13,1.00,4,339.20,
Player1_Car,21.56,621.726,16.348,599.917,15.894,-0.16,1.00,4,340.07,
Player2_Car,21.56,621.158,16.348,595.913,15.210,-0.10,1.00,4,339.50,
Player1_Car,21.58,622.050,16.348,599.919,16.186,-0.14,1.00,4,340.39,
Player2_Car,21.58,621.468,16.348,595.916,15.510,-0.08,1.00,4,339.81,
Player1_Car,21.60,622.380,16.348,599.921,16.474,-0.12,1.00,4,340.72,
Player2_Car,21.60,621.785,16.348,595.918,15.806,-0.05,1.00,4,340.13,
Player1_Car,21.62,622.715,16.348,599.923,16.759,-0.10,0.99,4,341.06,
Player2_Car,21.62,622.107,16.348,595.920,16.099,-0.02,1.00,4,340.45,
Player1_Car,21.64,623.055,16.348,599.925,17.040,-0.08,-0.36,4,341.40,
Player2_Car,21.64,622.434,16.348,595.923,16.388,0.00,1.00,4,340.78,
Player1_Car,21.66,623.402,16.348,599.927,17.311,-0.06,-0.40,4,341.75,
Player2_Car,21.66,622.768,16.348,595.925,16.673,0.03,1.00,4,341.11,
Player1_Car,21.68,623.737,16.348,599.929,16.767,-0.05,-0.33,4,342.08,
Player2_Car,21.68,623.107,16.348,595.927,16.955,0.05,-0.35,4,341.45,
Player1_Car,21.70,624.061,16.348,599.931,16.209,-0.05,-0.27,4,342.41,
Player2_Car,21.70,623.452,16.348,595.929,17.234,0.07,-0.39,4,341.80,
Player1_Car,21.72,624.375,16.348,599.933,15.698,-0.05,-0.20,4,342.72,
Player2_Car,21.72,623.785,16.348,595.932,16.696,0.08,-0.32,4,342.13,
Player1_Car,21.74,624.680,16.348,599.935,15.233,-0.04,-0.15,4,343.02,
Player2_Car,21.74,624.108,16.348,595.934,16.145,0.09,-0.26,4,342.45,
Player1_Car,21.76,624.976,16.348,599.937,14.810,-0.04,-0.10,4,343.32,
Player2_Car,21.76,624.421,16.348,595.936,15.640,0.10,-0.20,4,342.77,
Player1_Car,21.78,625.264,16.348,599.938,14.426,-0.03,-0.05,4,343.61,
Player2_Car,21.78,624.725,16.348,595.938,15.180,0.10,-0.14,4,343.07,
Player1_Car,21.80,625.546,16.348,599.940,14.077,-0.02,-0.01,4,343.89,
Player2_Car,21.80,625.020,16.348,595.939,14.762,0.11,-0.09,4,343.36,
Player1_Car,21.82,625.821,16.348,599.941,13.759,-0.02,0.03,4,344.17,
Player2_Car,21.82,625.308,16.348,595.941,14.382,0.12,-0.05,4,343.65,
Player1_Car,21.84,626.090,16.348,599.943,13.471,-0.01,0.06,4,344.44,
Player2_Car,21.84,625.588,16.348,595.943,14.037,0.13,0.00,4,343.93,
Player1_Car,21.86,626.355,16.348,599.944,13.209,0.00,0.09,4,344.70,
Player2_Car,21.86,625.863,16.348,595.945,13.723,0.14,0.03,4,344.21,
Player1_Car,21.88,626.614,16.348,599.946,12.971,0.00,0.12,4,344.96,
Player2_Car,21.88,626.131,16.348,595.946,13.438,0.15,0.07,4,344.48,
Player1_Car,21.90,626.869,16.348,599.947,12.754,0.01,0.15,4,345.21,
Player2_Car,21.90,626.395,16.348,595.948,13.179,0.16,0.10,4,344.74,
Player1_Car,21.92,627.120,16.348,599.949,12.558,0.02,0.17,4,345.47,
Player2_Car,21.92,626.654,16.348,595.949,12.944,0.17,0.13,4,345.00,
Player1_Car,21.94,627.368,16.348,599.950,12.379,0.02,0.19,4,345.71,
Player2_Car,21.94,626.908,16.348,595.951,12.730,0.18,0.15,4,345.25,
Player1_Car,21.96,627.612,16.348,599.951,12.217,0.03,0.21,4,345.96,
Player2_Car,21.96,627.159,16.348,595.952,12.535,0.19,0.18,4,345.50,
Player1_Car,21.98,627.854,16.348,599.952,12.069,0.04,0.23,4,346.20,
Player2_Car,21.98,627.406,16.348,595.954,12.359,0.20,0.20,4,345.75,
Player1_Car,22.00,628.092,16.348,599.954,11.935,0.05,0.25,4,346.44,
Player2_Car,22.00,627.650,16.348,595.955,12.198,0.21,0.22,4,346.00,
Player1_Car,22.02,628.328,16.348,599.955,11.813,0.06,0.26,4,346.67,
Player2_Car,22.02,627.891,16.348,595.956,12.052,0.22,0.23,4,346.24,
Player1_Car,22.04,628.562,16.348,599.956,11.702,0.06,0.28,4,346.91,
Player2_Car,22.04,628.130,16.348,595.958,11.919,0.23,0.25,4,346.47,
Player1_Car,22.06,628.794,16.348,599.957,11.601,0.07,0.29,4,347.14,
Player2_Car,22.06,628.366,16.348,595.959,11.799,0.24,0.26,4,346.71,
Player1_Car,22.08,629.025,16.348,599.958,11.510,0.08,0.30,4,347.37,
Player2_Car,22.08,628.599,16.348,595.960,11.689,0.25,0.28,4,346.94,
Player1_Car,22.10,629.253,16.348,599.959,11.427,0.09,0.31,4,347.60,
Player2_Car,22.10,628.831,16.348,595.961,11.590,0.26,0.29,4,347.18,
Player1_Car,22.12,629.480,16.348,599.960,11.351,0.09,0.32,4,347.82,
Player2_Car,22.12,629.061,16.348,595.963,11.499,0.27,0.30,4,347.41,
Player1_Car,22.14,629.706,16.348,599.962,11.283,0.10,0.33,4,348.05,
Player2_Car,22.14,629.289,16.348,595.964,11.417,0.28,0.31,4,347.63,
Player1_Car,22.16,629.930,16.348,599.963,11.220,0.11,0.33,4,348.27,
Player2_Car,22.16,629.516,16.348,595.965,11.342,0.29,0.32,4,347.86,
Player1_Car,22.18,630.153,16.348,599.964,11.163,0.12,0.34,4,348.50,
Player2_Car,22.18,629.742,16.348,595.966,11.274,0.30,0.33,4,348.09,
Player1_Car,22.20,630.376,16.348,599.965,11.112,0.12,0.35,4,348.72,
Player2_Car,22.20,629.966,16.348,595.967,11.213,0.31,0.33,4,348.31,
Player1_Car,22.22,630.597,16.348,599.966,11.065,0.13,0.35,4,348.94,
Player2_Car,22.22,630.189,16.348,595.968,11.157,0.32,0.34,4,348.53,
Player1_Car,22.24,630.817,16.348,599.966,11.023,0.14,0.36,4,349.16,
Player2_Car,22.24,630.411,16.348,595.969,11.106,0.33,0.35,4,348.76,
Player1_Car,22.26,631.037,16.348,599.967,10.984,0.14,0.36,4,349.38,
Player2_Car,22.26,630.632,16.348,595.970,11.059,0.34,0.35,4,348.98,
Player1_Car,22.28,631.256,16.348,599.968,10.949,0.15,0.37,4,349.60,
Player2_Car,22.28,630.853,16.348,595.971,11.017,0.35,0.36,4,349.20,
Player1_Car,22.30,631.474,16.348,599.969,10.917,0.16,0.37,4,349.82,
Player2_Car,22.30,631.072,16.348,595.972,10.979,0.36,0.36,4,349.42,
Player1_Car,22.32,631.692,16.348,599.970,10.888,0.16,0.37,4,350.04,
Player2_Car,22.32,631.291,16.348,595.973,10.944,0.37,0.37,4,349.64,
Player1_Car,22.34,631.909,16.348,599.971,10.861,0.17,0.38,4,350.25,
Player2_Car,22.34,631.509,16.348,595.974,10.912,0.38,0.37,4,349.85,
Player1_Car,22.36,632.126,16.348,599.972,10.837,0.18,0.38,4,350.47,
Player2_Car,22.36,631.727,16.348,595.975,10.884,0.39,0.37,4,350.07,
Player1_Car,22.38,632.342,16.348,599.973,10.815,0.18,0.38,4,350.69,
Player2_Car,22.38,631.944,16.348,595.976,10.858,0.40,0.38,4,350.29,
Player1_Car,22.40,632.558,16.348,599.973,10.796,0.19,0.38,4,350.90,
Player2_Car,22.40,632.161,16.348,595.977,10.834,0.40,0.38,4,350.51,
Player1_Car,22.42,632.774,16.348,599.974,10.778,0.19,0.39,4,351.12,
Player2_Car,22.42,632.377,16.348,595.978,10.812,0.41,0.38,4,350.72,
Player1_Car,22.44,632.989,16.348,599.975,10.761,0.20,0.39,4,351.33,
Player2_Car,22.44,632.593,16.348,595.979,10.793,0.42,0.38,4,350.94,
Player1_Car,22.46,633.204,16.348,599.976,10.746,0.21,0.39,4,351.55,
Player2_Car,22.46,632.809,16.348,595.980,10.775,0.43,0.39,4,351.15,
Player1_Car,22.48,633.419,16.348,599.977,10.733,0.21,0.39,4,351.76,
Player2_Car,22.48,633.024,16.348,595.980,10.759,0.44,0.39,4,351.37,
Player1_Car,22.50,633.633,16.348,599.977,10.721,0.22,0.39,4,351.98,
Player2_Car,22.50,633.239,16.348,595.981,10.744,0.45,0.39,4,351.58,
Player1_Car,22.52,633.847,16.348,599.978,10.709,0.22,0.39,4,352.19,
Player2_Car,22.52,633.453,16.348,595.982,10.730,0.45,0.39,4,351.80,
Player1_Car,22.54,634.061,16.348,599.979,10.699,0.23,0.40,4,352.41,
Player2_Car,22.54,633.667,16.348,595.983,10.718,0.46,0.39,4,352.01,
Player1_Car,22.56,634.275,16.348,599.979,10.690,0.23,0.40,4,352.62,
Player2_Car,22.56,633.882,16.348,595.984,10.707,0.47,0.40,4,352.23,
Player1_Car,22.58,634.489,16.348,599.980,10.682,0.24,0.40,4,352.83,
Player2_Car,22.58,634.096,16.348,595.984,10.697,0.48,0.40,4,352.44,
Player1_Car,22.60,634.702,16.348,599.981,10.674,0.25,0.40,4,353.05,
Player2_Car,22.60,634.309,16.348,595.985,10.688,0.48,0.40,4,352.65,
Player1_Car,22.62,634.915,16.348,599.981,10.667,0.25,0.40,4,353.26,
Player2_Car,22.62,634.523,16.348,595.986,10.680,0.49,0.40,4,352.87,
Player1_Car,22.64,635.129,16.348,599.982,10.661,0.26,0.40,4,353.47,
Player2_Car,22.64,634.736,16.348,595.987,10.672,0.50,0.40,4,353.08,
Player1_Car,22.66,635.342,16.348,599.983,10.655,0.27,0.40,4,353.69,
Player2_Car,22.66,634.950,16.348,595.987,10.665,0.51,0.40,4,353.29,
Player1_Car,22.68,635.555,16.348,599.983,10.650,0.28,0.40,4,353.90,
Player2_Car,22.68,635.163,16.348,595.988,10.659,0.52,0.40,4,353.51,
Player1_Car,22.70,635.768,16.348,599.984,10.645,0.29,0.40,4,354.11,
Player2_Car,22.70,635.376,16.348,595.989,10.653,0.52,0.40,4,353.72,
Player1_Car,22.72,635.980,16.348,599.984,10.641,0.33,0.40,4,354.33,
Player2_Car,22.72,635.589,16.348,595.989,10.648,0.53,0.40,4,353.93,
Player1_Car,22.74,636.193,16.348,599.985,10.637,0.48,0.40,4,354.54,
Player2_Car,22.74,635.802,16.348,595.990,10.643,0.54,0.40,4,354.15,
Player1_Car,22.76,636.406,16.348,599.986,10.633,0.64,0.40,4,354.75,
Player2_Car,22.76,636.014,16.348,595.991,10.639,0.59,0.40,4,354.36,
Player1_Car,22.78,636.618,16.348,599.986,10.630,0.79,0.40,4,354.96,
Player2_Car,22.78,636.227,16.348,595.991,10.635,0.73,0.40,4,354.57,
Player1_Car,22.80,636.831,16.348,599.986,10.627,0.94,0.40,4,355.18,
Player2_Car,22.80,636.440,16.348,595.992,10.632,0.86,0.40,4,354.78,
Player1_Car,22.82,637.043,16.348,599.986,10.624,1.09,0.41,4,355.39,
Player2_Car,22.82,636.652,16.348,595.992,10.628,0.98,0.40,4,355.00,
Player1_Car,22.84,637.256,16.348,599.985,10.621,1.24,0.41,4,355.60,
Player2_Car,22.84,636.865,16.348,595.992,10.625,1.10,0.41,4,355.21,
Player1_Car,22.86,637.468,16.348,599.984,10.618,1.53,0.41,4,355.81,
Player2_Car,22.86,637.077,16.348,595.992,10.622,1.22,0.41,4,355.42,
Player1_Car,22.88,637.680,16.348,599.983,10.615,1.90,0.41,4,356.03,
Player2_Car,22.88,637.290,16.348,595.992,10.619,1.33,0.41,4,355.63,
Player1_Car,22.90,637.893,16.348,599.982,10.612,2.21,0.41,4,356.24,
Player2_Car,22.90,637.502,16.348,595.991,10.616,1.59,0.41,4,355.85,
Player1_Car,22.92,638.105,16.348,599.979,10.609,2.38,0.41,4,356.45,
Player2_Car,22.92,637.714,16.348,595.991,10.613,1.90,0.41,4,356.06,
Player1_Car,22.94,638.317,16.348,599.977,10.604,2.51,0.41,4,356.66,
Player2_Car,22.94,637.926,16.348,595.989,10.610,2.12,0.41,4,356.27,
Player1_Car,22.96,638.529,16.348,599.973,10.600,2.65,0.41,4,356.87,
Player2_Car,22.96,638.138,16.348,595.988,10.606,2.22,0.41,4,356.48,
Player1_Car,22.98,638.741,16.348,599.970,10.597,2.92,0.41,4,357.09,
Player2_Car,22.98,638.350,16.348,595.986,10.603,2.31,0.41,4,356.70,
Player1_Car,23.00,638.953,16.348,599.966,10.594,3.27,0.41,4,357.30,
Player2_Car,23.00,638.562,16.348,595.983,10.600,2.42,0.41,4,356.91,
Player1_Car,23.02,639.164,16.348,599.961,10.591,3.53,0.41,4,357.51,
Player2_Car,23.02,638.774,16.348,595.981,10.597,2.68,0.41,4,357.12,
Player1_Car,23.04,639.376,16.348,599.955,10.587,3.71,0.41,4,357.72,
Player2_Car,23.04,638.986,16.348,595.977,10.594,2.98,0.41,4,357.33,
Player1_Car,23.06,639.587,16.348,599.948,10.583,3.86,0.41,4,357.93,
Player2_Car,23.06,639.198,16.348,595.974,10.591,3.19,0.41,4,357.54,
Player1_Car,23.08,639.799,16.348,599.941,10.580,4.03,0.41,4,358.14,
Player2_Car,23.08,639.410,16.348,595.969,10.588,3.32,0.41,4,357.75,
Player1_Car,23.10,640.010,16.348,599.932,10.577,4.36,0.41,4,358.36,
Player2_Car,23.10,639.621,16.348,595.964,10.585,3.44,0.41,4,357.97,
Player1_Car,23.12,640.222,16.348,599.923,10.574,4.69,0.41,4,358.57,
Player2_Car,23.12,639.833,16.348,595.958,10.582,3.58,0.41,4,358.18,
Player1_Car,23.14,640.433,16.348,599.913,10.570,4.90,0.41,4,358.78,
Player2_Car,23.14,640.044,16.348,595.951,10.579,3.91,0.41,4,358.39,
Player1_Car,23.16,640.644,16.348,599.901,10.567,5.06,0.41,4,358.99,
Player2_Car,23.16,640.256,16.348,595.944,10.577,4.22,0.41,4,358.60,
Player1_Car,23.18,640.855,16.348,599.887,10.563,5.21,0.41,4,359.20,
Player2_Car,23.18,640.467,16.348,595.935,10.574,4.41,0.41,4,358.81,
Player1_Car,23.20,641.065,16.348,599.873,10.560,5.38,0.41,4,359.41,
Player2_Car,23.20,640.678,16.348,595.925,10.570,4.53,0.41,4,359.02,
Player1_Car,23.22,641.276,16.348,599.857,10.558,5.55,0.41,4,359.62,
Player2_Car,23.22,640.889,16.348,595.914,10.567,4.66,0.41,4,359.23,
Player1_Car,23.24,641.486,16.348,599.840,10.555,5.69,0.41,4,359.83,
Player2_Car,23.24,641.100,16.348,595.902,10.565,5.07,0.41,4,359.45,
Player1_Car,23.26,641.696,16.348,599.822,10.552,5.80,0.41,4,360.04,
Player2_Car,23.26,641.311,16.348,595.889,10.562,5.59,0.41,4,359.66,
Player1_Car,23.28,641.906,16.348,599.802,10.550,5.89,0.41,4,360.25,
Player2_Car,23.28,641.522,16.348,595.875,10.559,5.94,0.41,4,359.87,
Player1_Car,23.30,642.116,16.348,599.780,10.548,5.87,0.41,4,360.46,
Player2_Car,23.30,641.732,16.348,595.858,10.554,6.14,0.41,4,360.08,
Player1_Car,23.32,642.326,16.348,599.758,10.546,5.61,0.41,4,360.67,
Player2_Car,23.32,641.942,16.348,595.840,10.549,6.32,0.41,4,360.29,
Player1_Car,23.34,642.535,16.348,599.733,10.545,5.40,0.41,4,360.88,
Player2_Car,23.34,642.152,16.348,595.820,10.546,6.37,0.41,4,360.50,
Player1_Car,23.36,642.745,16.348,599.708,10.545,5.31,0.41,4,361.09,
Player2_Car,23.36,642.362,16.348,595.799,10.543,6.26,0.41,4,360.71,
Player1_Car,23.38,642.954,16.348,599.682,10.546,5.26,0.41,4,361.30,
Player2_Car,23.38,642.572,16.348,595.776,10.541,6.17,0.42,4,360.92,
Player1_Car,23.40,643.163,16.348,599.655,10.547,5.18,0.41,4,361.51,
Player2_Car,23.40,642.781,16.348,595.752,10.540,6.14,0.42,4,361.13,
Player1_Car,23.42,643.372,16.348,599.626,10.547,5.08,0.41,4,361.72,
Player2_Car,23.42,642.990,16.348,595.727,10.540,6.12,0.42,4,361.34,
Player1_Car,23.44,643.581,16.348,599.597,10.547,4.99,0.41,4,361.93,
Player2_Car,23.44,643.200,16.348,595.700,10.540,6.06,0.42,4,361.54,
Player1_Car,23.46,643.790,16.348,599.566,10.547,4.90,0.41,4,362.13,
Player2_Car,23.46,643.408,16.348,595.671,10.539,5.88,0.42,4,361.75,
Player1_Car,23.48,643.998,16.348,599.535,10.548,4.82,0.41,4,362.34,
Player2_Car,23.48,643.617,16.348,595.642,10.539,5.71,0.42,4,361.96,
Player1_Car,23.50,644.207,16.348,599.502,10.548,4.74,0.41,4,362.55,
Player2_Car,23.50,643.826,16.348,595.611,10.540,5.59,0.42,4,362.17,
Player1_Car,23.52,644.415,16.348,599.469,10.548,4.66,0.41,4,362.76,
Player2_Car,23.52,644.034,16.348,595.579,10.541,5.49,0.42,4,362.38,
Player1_Car,23.54,644.623,16.348,599.434,10.549,4.66,0.41,4,362.97,
Player2_Car,23.54,644.242,16.348,595.545,10.542,5.38,0.41,4,362.59,
Player1_Car,23.56,644.831,16.348,599.399,10.549,4.65,0.41,4,363.17,
Player2_Car,23.56,644.450,16.348,595.511,10.542,5.28,0.41,4,362.80,
Player1_Car,23.58,645.039,16.348,599.362,10.549,4.60,0.41,4,363.38,
Player2_Car,23.58,644.658,16.348,595.475,10.543,5.22,0.41,4,363.01,
Player1_Car,23.60,645.247,16.348,599.325,10.549,4.48,0.41,4,363.53,
Player2_Car,23.60,644.866,16.348,595.439,10.557,5.10,0.41,4,363.21,
Player1_Car,23.62,645.454,16.348,599.287,10.552,4.38,0.41,4,363.71,
Player2_Car,23.62,645.074,16.347,595.401,10.558,5.05,0.41,4,363.42,
Player1_Car,23.64,645.662,16.348,599.248,10.554,4.38,0.41,4,363.92,
Player2_Car,23.64,645.281,16.347,595.362,10.558,5.22,0.41,4,363.81,
Player1_Car,23.66,645.869,16.348,599.208,10.555,4.46,0.41,4,364.13,
Player2_Car,23.66,645.488,16.347,595.322,10.558,5.19,0.41,4,364.02,
Player1_Car,23.68,646.076,16.347,599.167,10.555,4.48,0.41,4,364.34,
Player2_Car,23.68,645.697,16.343,595.281,10.674,4.48,0.40,4,364.23,
Player1_Car,23.70,646.283,16.347,599.125,10.554,4.45,0.41,4,364.55,
Player2_Car,23.70,645.903,16.344,595.239,10.601,5.12,0.41,4,364.44,
Player1_Car,23.72,646.490,16.347,599.082,10.553,4.41,0.41,4,364.75,
Player2_Car,23.72,646.110,16.343,595.196,10.592,5.37,0.41,4,364.65,
Player1_Car,23.74,646.696,16.347,599.038,10.551,4.36,0.41,4,364.93,
Player2_Car,23.74,646.316,16.343,595.152,10.585,5.52,0.41,4,365.16,
Player1_Car,23.76,646.903,16.346,598.993,10.573,4.12,0.41,4,365.05,
Player2_Car,23.76,646.523,16.341,595.106,10.617,5.16,0.41,4,365.38,
Player1_Car,23.78,647.109,16.345,598.948,10.567,4.28,0.41,4,365.26,
Player2_Car,23.78,646.729,16.340,595.059,10.613,5.10,0.41,4,365.59,
Player1_Car,23.80,647.315,16.344,598.902,10.562,4.46,0.41,4,365.47,
Player2_Car,23.80,646.935,16.337,595.011,10.650,5.02,0.40,4,365.80,
Player1_Car,23.82,647.521,16.344,598.855,10.559,4.47,0.41,4,365.68,
Player2_Car,23.82,647.142,16.334,594.963,10.664,5.06,0.40,4,366.01,
Player1_Car,23.84,647.726,16.343,598.806,10.556,4.41,0.41,4,365.89,
Player2_Car,23.84,647.347,16.333,594.913,10.581,6.02,0.41,4,366.53,
Player1_Car,23.86,647.932,16.342,598.757,10.566,4.32,0.41,4,366.10,
Player2_Car,23.86,647.551,16.332,594.863,10.561,5.87,0.41,4,366.74,
Player1_Car,23.88,648.138,16.340,598.707,10.604,4.07,0.41,4,366.21,
Player2_Car,23.88,647.754,16.330,594.807,10.571,4.98,0.41,4,366.95,
Player1_Car,23.90,648.344,16.338,598.656,10.595,4.28,0.41,4,366.40,
Player2_Car,23.90,647.959,16.326,594.751,10.604,4.64,0.41,4,367.16,
Player1_Car,23.92,648.549,16.336,598.605,10.569,4.62,0.41,4,366.61,
Player2_Car,23.92,648.164,16.321,594.695,10.642,5.34,0.40,4,367.68,
Player1_Car,23.94,648.753,16.335,598.552,10.560,4.60,0.41,4,366.82,
Player2_Car,23.94,648.372,16.311,594.639,10.758,5.25,0.39,4,367.89,
Player1_Car,23.96,648.957,16.333,598.498,10.556,4.45,0.41,4,367.03,
Player2_Car,23.96,648.575,16.309,594.582,10.532,6.34,0.42,4,368.10,
Player1_Car,23.98,649.161,16.332,598.443,10.551,4.40,0.41,4,367.24,
Player2_Car,23.98,648.777,16.306,594.524,10.527,5.77,0.42,4,368.31,
Player1_Car,24.00,649.366,16.328,598.388,10.621,4.12,0.41,4,367.40,
Player2_Car,24.00,648.980,16.300,594.462,10.607,5.06,0.41,4,368.79,
Player1_Car,24.02,649.571,16.323,598.329,10.646,3.96,0.40,4,367.54,
Player2_Car,24.02,649.185,16.290,594.400,10.728,4.74,0.39,4,369.00,
Player1_Car,24.04,649.776,16.317,598.270,10.663,4.21,0.40,4,367.75,
Player2_Car,24.04,649.390,16.280,594.338,10.712,5.41,0.39,4,369.21,
Player1_Car,24.06,649.981,16.310,598.209,10.691,4.35,0.40,4,367.96,
Player2_Car,24.06,649.593,16.273,594.275,10.635,6.04,0.40,4,369.42,
Player1_Car,24.08,650.184,16.305,598.150,10.610,4.91,0.41,4,368.17,
Player2_Car,24.08,649.794,16.268,594.210,10.544,6.05,0.41,4,369.61,
Player1_Car,24.10,650.386,16.302,598.090,10.530,5.08,0.42,4,368.38,
Player2_Car,24.10,649.994,16.262,594.144,10.560,4.97,0.41,4,369.61,
Player1_Car,24.12,650.590,16.294,598.028,10.638,4.04,0.40,4,368.53,
Player2_Car,24.12,650.197,16.252,594.075,10.674,3.86,0.40,4,369.64,
Player1_Car,24.14,650.795,16.283,597.964,10.756,3.47,0.39,4,368.66,
Player2_Car,24.14,650.401,16.238,594.006,10.796,4.01,0.38,4,369.86,
Player1_Car,24.16,651.000,16.271,597.900,10.738,4.31,0.39,4,368.87,
Player2_Car,24.16,650.608,16.220,593.937,10.895,4.59,0.37,4,370.08,
Player1_Car,24.18,651.202,16.266,597.838,10.560,5.78,0.41,4,369.08,
Player2_Car,24.18,650.814,16.201,593.866,10.899,5.11,0.37,4,370.30,
Player1_Car,24.20,651.402,16.260,597.773,10.544,5.24,0.41,4,369.29,
Player2_Car,24.20,651.015,16.191,593.795,10.703,6.23,0.40,4,370.51,
Player1_Car,24.22,651.603,16.253,597.705,10.589,4.75,0.41,4,369.74,
Player2_Car,24.22,651.214,16.182,593.722,10.651,5.88,0.40,4,370.72,
Player1_Car,24.24,651.805,16.242,597.636,10.683,4.56,0.40,4,369.95,
Player2_Car,24.24,651.415,16.168,593.646,10.740,4.44,0.39,4,370.88,
Player1_Car,24.26,652.009,16.230,597.567,10.739,4.71,0.39,4,370.17,
Player2_Car,24.26,651.614,16.155,593.570,10.688,4.80,0.40,4,371.09,
Player1_Car,24.28,652.213,16.215,597.496,10.801,4.79,0.38,4,370.39,
Player2_Car,24.28,651.809,16.148,593.492,10.584,5.45,0.41,4,371.30,
Player1_Car,24.30,652.415,16.202,597.425,10.736,5.42,0.39,4,370.60,
Player2_Car,24.30,652.006,16.137,593.413,10.604,5.27,0.41,4,371.51,
Player1_Car,24.32,652.616,16.191,597.352,10.650,5.89,0.40,4,370.85,
Player2_Car,24.32,652.205,16.122,593.334,10.709,4.69,0.39,4,371.73,
Player1_Car,24.34,652.814,16.182,597.278,10.599,5.65,0.41,4,371.06,
Player2_Car,24.34,652.402,16.111,593.255,10.634,5.59,0.40,4,372.02,
Player1_Car,24.36,653.014,16.168,597.202,10.702,4.65,0.40,4,371.27,
Player2_Car,24.36,652.599,16.099,593.175,10.647,5.72,0.40,4,372.23,
Player1_Car,24.38,653.216,16.150,597.124,10.815,4.29,0.38,4,371.49,
Player2_Car,24.38,652.796,16.083,593.092,10.713,4.96,0.39,4,372.45,
Player1_Car,24.40,653.414,16.136,597.043,10.720,5.06,0.39,4,371.70,
Player2_Car,24.40,652.994,16.064,593.006,10.785,4.72,0.39,4,372.66,
Player1_Car,24.42,653.615,16.118,596.965,10.766,5.56,0.39,4,371.92,
Player2_Car,24.42,653.192,16.045,592.921,10.772,5.51,0.39,4,372.88,
Player1_Car,24.44,653.812,16.105,596.885,10.679,5.90,0.40,4,372.08,
Player2_Car,24.44,653.388,16.030,592.837,10.690,6.43,0.40,4,373.18,
Player1_Car,24.46,654.008,16.093,596.804,10.645,5.60,0.40,4,372.29,
Player2_Car,24.46,653.582,16.016,592.750,10.656,6.14,0.40,4,373.39,
Player1_Car,24.48,654.203,16.082,596.722,10.587,5.45,0.41,4,372.50,
Player2_Car,24.48,653.773,16.003,592.658,10.638,5.30,0.40,4,373.60,
Player1_Car,24.50,654.399,16.066,596.637,10.676,4.86,0.40,4,372.72,
Player2_Car,24.50,653.965,15.986,592.566,10.665,5.15,0.40,4,373.82,
Player1_Car,24.52,654.595,16.049,596.551,10.705,4.96,0.40,4,372.93,
Player2_Car,24.52,654.160,15.965,592.474,10.779,5.24,0.39,4,374.03,
Player1_Car,24.54,654.791,16.033,596.465,10.700,5.52,0.40,4,373.10,
Player2_Car,24.54,654.357,15.941,592.381,10.867,5.57,0.38,4,374.34,
Player1_Car,24.56,654.985,16.021,596.380,10.596,6.13,0.41,4,373.30,
Player2_Car,24.56,654.552,15.918,592.286,10.870,6.11,0.38,4,374.56,
Player1_Car,24.58,655.178,16.008,596.292,10.592,5.69,0.41,4,373.51,
Player2_Car,24.58,654.745,15.894,592.188,10.844,5.95,0.38,4,374.78,
Player1_Car,24.60,655.370,15.995,596.203,10.584,5.30,0.41,4,373.73,
Player2_Car,24.60,654.935,15.876,592.091,10.655,6.78,0.40,4,374.99,
Player1_Car,24.62,655.563,15.977,596.112,10.688,4.97,0.40,4,373.94,
Player2_Car,24.62,655.126,15.854,591.993,10.743,5.89,0.39,4,375.21,
Player1_Car,24.64,655.758,15.956,596.019,10.804,4.96,0.38,4,374.16,
Player2_Car,24.64,655.318,15.831,591.892,10.810,5.75,0.38,4,375.52,
Player1_Car,24.66,655.954,15.933,595.926,10.843,5.29,0.38,4,374.32,
Player2_Car,24.66,655.510,15.804,591.790,10.899,5.45,0.37,4,375.73,
Player1_Car,24.68,656.146,15.916,595.832,10.669,6.49,0.40,4,374.54,
Player2_Car,24.68,655.700,15.777,591.684,10.888,5.89,0.37,4,375.95,
Player1_Car,24.70,656.336,15.900,595.737,10.606,6.32,0.41,4,374.75,
Player2_Car,24.70,655.891,15.749,591.579,10.898,6.79,0.37,4,376.17,
Player1_Car,24.72,656.523,15.883,595.638,10.618,5.34,0.41,4,374.96,
Player2_Car,24.72,656.082,15.720,591.474,10.893,6.74,0.37,4,376.39,
Player1_Car,24.74,656.714,15.862,595.539,10.729,4.85,0.39,4,375.18,
Player2_Car,24.74,656.272,15.689,591.365,10.939,6.10,0.37,4,376.71,
Player1_Car,24.76,656.906,15.836,595.439,10.845,4.97,0.38,4,375.37,
Player2_Car,24.76,656.455,15.664,591.251,10.842,6.02,0.38,4,376.93,
Player1_Car,24.78,657.097,15.813,595.338,10.773,6.06,0.39,4,375.56,
Player2_Car,24.78,656.638,15.638,591.138,10.785,6.52,0.39,4,377.14,
Player1_Car,24.80,657.284,15.795,595.238,10.633,6.75,0.40,4,375.77,
Player2_Car,24.80,656.824,15.611,591.026,10.841,6.74,0.38,4,377.36,
Player1_Car,24.82,657.469,15.778,595.135,10.581,6.22,0.41,4,375.98,
Player2_Car,24.82,657.010,15.581,590.913,10.905,6.41,0.37,4,377.68,
Player1_Car,24.84,657.654,15.758,595.029,10.634,5.26,0.40,4,376.20,
Player2_Car,24.84,657.195,15.549,590.795,10.965,5.70,0.36,4,377.91,
Player1_Car,24.86,657.840,15.734,594.923,10.750,5.02,0.39,4,376.41,
Player2_Car,24.86,657.380,15.517,590.675,11.009,5.82,0.36,4,378.13,
Player1_Car,24.88,658.029,15.705,594.815,10.855,5.26,0.38,4,376.58,
Player2_Car,24.88,657.563,15.491,590.558,10.842,7.47,0.38,4,378.35,
Player1_Car,24.90,658.216,15.679,594.706,10.816,6.09,0.38,4,376.80,
Player2_Car,24.90,657.745,15.462,590.438,10.899,7.09,0.37,4,378.57,
Player1_Car,24.92,658.399,15.658,594.598,10.628,6.98,0.40,4,377.01,
Player2_Car,24.92,657.926,15.431,590.316,10.947,6.38,0.37,4,378.89,
Player1_Car,24.94,658.579,15.637,594.486,10.615,6.11,0.41,4,377.22,
Player2_Car,24.94,658.107,15.395,590.190,11.024,5.81,0.36,4,379.11,
Player1_Car,24.96,658.761,15.611,594.372,10.718,5.16,0.39,4,377.44,
Player2_Car,24.96,658.288,15.359,590.062,11.068,6.11,0.35,4,379.34,
Player1_Car,24.98,658.944,15.581,594.257,10.832,4.98,0.38,4,377.61,
Player2_Car,24.98,658.470,15.319,589.933,11.153,6.50,0.34,4,379.56,
Player1_Car,25.00,659.128,15.550,594.142,10.848,6.23,0.38,4,377.82,
Player2_Car,25.00,658.652,15.279,589.803,11.189,7.19,0.34,4,379.90,
Player1_Car,25.02,659.307,15.528,594.028,10.617,7.54,0.41,4,378.04,
Player2_Car,25.02,658.833,15.233,589.669,11.242,6.47,0.33,4,380.13,
Player1_Car,25.04,659.484,15.503,593.910,10.635,6.32,0.40,4,378.25,
Player2_Car,25.04,659.002,15.199,589.531,10.945,6.76,0.37,4,380.35,
Player1_Car,25.06,659.662,15.474,593.789,10.733,5.19,0.39,4,378.47,
Player2_Car,25.06,659.175,15.164,589.396,10.968,6.90,0.36,4,380.57,
Player1_Car,25.08,659.841,15.441,593.668,10.844,5.17,0.38,4,378.66,
Player2_Car,25.08,659.349,15.131,589.261,10.994,7.05,0.36,4,380.90,
Player1_Car,25.10,660.021,15.409,593.546,10.827,6.70,0.38,4,378.85,
Player2_Car,25.10,659.521,15.092,589.122,11.054,5.85,0.35,4,381.13,
Player1_Car,25.12,660.195,15.386,593.426,10.591,7.78,0.41,4,379.07,
Player2_Car,25.12,659.692,15.050,588.981,11.109,5.57,0.35,4,381.35,
Player1_Car,25.14,660.366,15.360,593.302,10.583,6.43,0.41,4,379.28,
Player2_Car,25.14,659.864,15.009,588.839,11.147,6.17,0.34,4,381.58,
Player1_Car,25.16,660.536,15.335,593.175,10.584,5.50,0.41,4,379.49,
Player2_Car,25.16,660.037,14.969,588.698,11.173,6.95,0.34,3,381.80,
Player1_Car,25.18,660.709,15.304,593.049,10.700,5.42,0.40,4,379.71,
Player2_Car,25.18,660.209,14.925,588.553,11.223,6.06,0.33,3,382.14,
Player1_Car,25.20,660.884,15.271,592.922,10.807,5.71,0.38,4,379.88,
Player2_Car,25.20,660.379,14.876,588.405,11.277,5.24,0.33,4,382.37,
Player1_Car,25.22,661.059,15.236,592.793,10.884,6.05,0.37,4,380.10,
Player2_Car,25.22,660.546,14.832,588.257,11.150,6.04,0.34,4,382.60,
Player1_Car,25.24,661.230,15.208,592.663,10.731,6.83,0.39,4,380.31,
Player2_Car,25.24,660.714,14.786,588.110,11.185,6.51,0.34,4,382.83,
Player1_Car,25.26,661.398,15.179,592.530,10.723,6.29,0.39,4,380.53,
Player2_Car,25.26,660.881,14.740,587.960,11.211,6.07,0.33,4,383.17,
Player1_Car,25.28,661.568,15.144,592.396,10.820,5.48,0.38,4,380.75,
Player2_Car,25.28,661.044,14.693,587.806,11.223,5.32,0.33,4,383.40,
Player1_Car,25.30,661.739,15.108,592.261,10.903,5.37,0.37,4,380.92,
Player2_Car,25.30,661.207,14.648,587.651,11.244,5.33,0.33,4,383.63,
Player1_Car,25.32,661.911,15.071,592.125,10.974,5.63,0.36,4,381.14,
Player2_Car,25.32,661.371,14.597,587.495,11.311,5.60,0.32,4,383.86,
Player1_Car,25.34,662.079,15.040,591.988,10.809,6.65,0.38,4,381.36,
Player2_Car,25.34,661.535,14.550,587.339,11.311,6.13,0.32,3,384.20,
Player1_Car,25.36,662.243,15.008,591.849,10.792,6.19,0.38,4,381.58,
Player2_Car,25.36,661.697,14.498,587.183,11.258,5.29,0.33,3,384.43,
Player1_Car,25.38,662.409,14.972,591.708,10.882,5.21,0.37,4,381.80,
Player2_Car,25.38,661.854,14.450,587.024,11.151,4.83,0.34,3,384.66,
Player1_Car,25.40,662.576,14.933,591.566,10.962,4.90,0.36,4,381.97,
Player2_Car,25.40,662.007,14.408,586.865,11.038,4.71,0.36,3,384.89,
Player1_Car,25.42,662.743,14.893,591.424,10.973,5.59,0.36,4,382.20,
Player2_Car,25.42,662.161,14.362,586.709,11.003,4.06,0.36,3,385.22,
Player1_Car,25.44,662.907,14.858,591.281,10.850,6.28,0.38,4,382.42,
Player2_Car,25.44,662.315,14.311,586.551,10.973,3.63,0.36,3,385.45,
Player1_Car,25.46,663.064,14.829,591.136,10.693,5.92,0.40,4,382.63,
Player2_Car,25.46,662.466,14.256,586.394,10.946,3.49,0.37,4,385.67,
Player1_Car,25.48,663.224,14.794,590.992,10.778,4.89,0.39,4,382.85,
Player2_Car,25.48,662.620,14.195,586.235,11.035,4.19,0.36,4,385.90,
Player1_Car,25.50,663.385,14.755,590.845,10.882,4.28,0.37,4,383.02,
Player2_Car,25.50,662.773,14.130,586.074,11.116,4.59,0.35,4,386.24,
Player1_Car,25.52,663.548,14.714,590.698,10.968,4.58,0.36,4,383.24,
Player2_Car,25.52,662.926,14.061,585.911,11.182,4.50,0.34,4,386.47,
Player1_Car,25.54,663.710,14.671,590.551,10.979,5.29,0.36,4,383.47,
Player2_Car,25.54,663.075,14.001,585.745,11.159,5.11,0.34,4,386.70,
Player1_Car,25.56,663.867,14.632,590.400,10.856,5.52,0.38,4,383.69,
Player2_Car,25.56,663.224,13.953,585.579,11.151,5.22,0.34,4,386.93,
Player1_Car,25.58,664.025,14.589,590.249,10.935,4.86,0.37,4,383.91,
Player2_Car,25.58,663.373,13.899,585.412,11.197,4.22,0.34,4,387.27,
Player1_Car,25.60,664.185,14.545,590.098,10.995,4.55,0.36,4,384.09,
Player2_Car,25.60,663.522,13.841,585.242,11.254,3.66,0.33,4,387.50,
Player1_Car,25.62,664.345,14.500,589.945,11.058,4.42,0.35,4,384.31,
Player2_Car,25.62,663.667,13.787,585.071,11.250,4.87,0.33,4,387.73,
Player1_Car,25.64,664.500,14.464,589.794,10.834,6.01,0.38,4,384.53,
Player2_Car,25.64,663.816,13.729,584.901,11.303,5.62,0.32,4,387.96,
Player1_Car,25.66,664.653,14.428,589.641,10.818,5.74,0.38,4,384.75,
Player2_Car,25.66,663.964,13.671,584.729,11.347,5.23,0.32,4,388.20,
Player1_Car,25.68,664.806,14.386,589.486,10.902,4.52,0.37,4,384.97,
Player2_Car,25.68,664.110,13.611,584.554,11.380,4.47,0.31,4,388.53,
Player1_Car,25.70,664.960,14.342,589.330,10.985,4.00,0.36,4,385.15,
Player2_Car,25.70,664.255,13.549,584.379,11.370,4.92,0.32,4,388.76,
Player1_Car,25.72,665.117,14.296,589.174,11.049,4.39,0.35,4,385.37,
Player2_Car,25.72,664.401,13.486,584.205,11.354,5.66,0.32,4,389.00,
Player1_Car,25.74,665.272,14.248,589.016,11.082,4.64,0.35,3,385.60,
Player2_Car,25.74,664.545,13.418,584.028,11.391,5.08,0.31,4,389.24,
Player1_Car,25.76,665.419,14.211,588.859,10.721,4.84,0.39,4,385.81,
Player2_Car,25.76,664.686,13.346,583.848,11.431,4.52,0.31,4,389.47,
Player1_Car,25.78,665.568,14.169,588.703,10.796,4.53,0.38,4,386.03,
Player2_Car,25.78,664.821,13.292,583.673,11.079,7.10,0.35,4,389.70,
Player1_Car,25.80,665.717,14.123,588.544,10.896,4.06,0.37,4,386.20,
Player2_Car,25.80,664.955,13.240,583.496,11.092,6.60,0.35,4,389.93,
Player1_Car,25.82,665.868,14.077,588.386,10.959,4.42,0.36,4,386.43,
Player2_Car,25.82,665.086,13.182,583.316,11.135,4.84,1.00,4,390.16,
Player1_Car,25.84,666.019,14.028,588.225,11.028,4.26,0.36,4,386.65,
Player2_Car,25.84,665.218,13.121,583.135,11.181,4.51,1.00,4,390.39,
Player1_Car,25.86,666.166,13.983,588.060,11.041,4.47,0.36,4,386.88,
Player2_Car,25.86,665.356,13.056,582.949,11.588,5.66,1.00,4,390.60,
Player1_Car,25.88,666.316,13.933,587.895,11.118,4.83,0.35,4,387.11,
Player2_Car,25.88,665.498,12.983,582.755,12.023,6.08,1.00,4,390.85,
Player1_Car,25.90,666.466,13.880,587.729,11.184,4.72,0.34,4,387.28,
Player2_Car,25.90,665.635,12.913,582.551,12.298,7.21,1.00,4,391.11,
Player1_Car,25.92,666.615,13.826,587.562,11.231,4.57,0.33,4,387.51,
Player2_Car,25.92,665.775,12.850,582.343,12.536,8.64,1.00,4,391.36,
Player1_Car,25.94,666.760,13.778,587.392,11.153,5.40,0.34,4,387.74,
Player2_Car,25.94,665.916,12.786,582.129,12.840,8.08,1.00,4,391.62,
Player1_Car,25.96,666.902,13.732,587.223,11.049,5.80,0.35,4,387.96,
Player2_Car,25.96,666.057,12.713,581.905,13.226,6.33,1.00,4,391.90,
Player1_Car,25.98,667.045,13.683,587.053,11.101,5.26,0.35,3,388.19,
Player2_Car,25.98,666.198,12.638,581.673,13.557,6.98,1.00,4,392.18,
Player1_Car,26.00,667.188,13.629,586.884,11.066,4.33,0.35,4,388.36,
Player2_Car,26.00,666.342,12.561,581.435,13.915,9.08,1.00,4,392.47,
Player1_Car,26.02,667.330,13.570,586.713,11.136,4.35,0.34,4,388.59,
Player2_Car,26.02,666.487,12.485,581.192,14.174,10.07,1.00,4,392.79,
Player1_Car,26.04,667.472,13.513,586.540,11.176,5.07,0.34,4,388.82,
Player2_Car,26.04,666.629,12.402,580.938,14.530,8.40,1.00,4,393.09,
Player1_Car,26.06,667.613,13.455,586.366,11.198,5.12,0.34,4,389.05,
Player2_Car,26.06,666.770,12.312,580.675,14.932,7.77,1.00,4,393.40,
Player1_Car,26.08,667.753,13.392,586.190,11.250,4.61,0.33,4,389.29,
Player2_Car,26.08,666.913,12.222,580.404,15.325,9.50,1.00,4,393.78,
Player1_Car,26.10,667.895,13.329,586.016,11.231,5.76,0.33,4,389.51,
Player2_Car,26.10,667.048,12.134,580.125,15.519,10.93,1.00,3,394.10,
Player1_Car,26.12,668.033,13.269,585.839,11.234,6.50,0.33,4,389.75,
Player2_Car,26.12,667.179,12.046,579.844,15.490,8.96,1.00,3,394.42,
Player1_Car,26.14,668.168,13.219,585.664,11.054,7.47,0.35,4,389.97,
Player2_Car,26.14,667.307,11.954,579.559,15.592,6.92,1.00,3,394.74,
Player1_Car,26.16,668.299,13.164,585.485,11.083,6.23,1.00,4,390.20,
Player2_Car,26.16,667.431,11.855,579.271,15.681,6.95,1.00,3,395.18,
Player1_Car,26.18,668.429,13.106,585.305,11.118,5.29,1.00,4,390.43,
Player2_Car,26.18,667.551,11.749,578.980,15.774,7.56,1.00,3,395.51,
Player1_Car,26.20,668.564,13.042,585.118,11.534,5.87,1.00,4,390.68,
Player2_Car,26.20,667.669,11.660,578.687,15.784,7.33,1.00,3,395.83,
Player1_Car,26.22,668.703,12.972,584.923,11.967,6.59,1.00,4,390.93,
Player2_Car,26.22,667.781,11.563,578.391,15.841,6.98,1.00,2,396.32,
Player1_Car,26.24,668.845,12.902,584.721,12.360,7.82,1.00,4,391.19,
Player2_Car,26.24,667.886,11.475,578.097,15.609,8.85,1.00,2,396.64,
Player1_Car,26.26,668.985,12.837,584.511,12.633,8.52,1.00,4,391.45,
Player2_Car,26.26,667.990,11.383,577.800,15.723,7.83,1.00,2,396.97,
Player1_Car,26.28,669.125,12.771,584.294,12.947,8.41,1.00,4,391.71,
Player2_Car,26.28,668.091,11.286,577.500,15.828,6.34,1.00,0,397.51,
Player1_Car,26.30,669.265,12.701,584.068,13.276,7.54,1.00,4,391.98,
Player2_Car,26.30,668.191,11.185,577.200,15.818,5.64,1.00,2,397.84,
Player1_Car,26.32,669.406,12.623,583.834,13.676,7.27,1.00,4,392.27,
Player2_Car,26.32,668.287,11.079,576.896,15.930,5.53,1.00,1,398.44,
Player1_Car,26.34,669.549,12.549,583.595,13.930,9.84,1.00,4,392.55,
Player2_Car,26.34,668.385,10.968,576.591,16.002,4.29,1.00,1,398.78,
Player1_Car,26.36,669.691,12.478,583.349,14.197,10.14,1.00,4,392.82,
Player2_Car,26.36,668.482,10.852,576.284,16.106,2.17,1.00,2,399.12,
Player1_Car,26.38,669.829,12.405,583.094,14.506,8.01,1.00,4,393.12,
Player2_Car,26.38,668.575,10.756,575.978,16.028,1.83,1.00,2,399.75,
Player1_Car,26.40,669.966,12.324,582.829,14.873,6.79,1.00,4,393.43,
Player2_Car,26.40,668.665,10.652,575.668,16.129,3.32,1.00,2,400.09,
Player1_Car,26.42,670.106,12.236,582.557,15.298,8.32,1.00,4,393.73,
Player2_Car,26.42,668.748,10.579,575.359,15.991,9.39,1.00,3,400.42,
Player1_Car,26.44,670.247,12.147,582.278,15.641,10.06,1.00,4,394.03,
Player2_Car,26.44,668.825,10.499,575.041,16.375,8.77,1.00,1,401.07,
Player1_Car,26.46,670.381,12.069,581.994,15.727,10.74,1.00,4,394.35,
Player2_Car,26.46,668.899,10.429,574.723,16.326,5.58,1.00,1,401.40,
Player1_Car,26.48,670.511,11.982,581.701,16.044,7.85,1.00,3,394.68,
Player2_Car,26.48,668.967,10.354,574.402,16.389,2.57,1.00,2,401.73,
Player1_Car,26.50,670.637,11.889,581.403,16.145,5.57,1.00,4,394.97,
Player2_Car,26.50,669.036,10.272,574.074,16.780,2.06,0.99,2,402.36,
Player1_Car,26.52,670.764,11.802,581.102,16.417,8.82,1.00,4,395.31,
Player2_Car,26.52,669.111,10.184,573.739,17.182,2.67,0.94,2,402.71,
Player1_Car,26.54,670.883,11.718,580.793,16.524,10.49,1.00,3,395.64,
Player2_Car,26.54,669.190,10.102,573.398,17.495,3.46,0.90,2,403.06,
Player1_Car,26.56,671.003,11.629,580.484,16.605,7.61,1.00,4,395.96,
Player2_Car,26.56,669.264,10.015,573.049,17.806,1.55,0.86,2,403.42,
Player1_Car,26.58,671.122,11.547,580.167,16.914,5.93,0.97,4,396.28,
Player2_Car,26.58,669.337,9.928,572.697,18.004,-0.06,0.84,2,403.85,
Player1_Car,26.60,671.242,11.459,579.843,17.298,6.82,0.92,4,396.64,
Player2_Car,26.60,669.411,9.841,572.341,18.181,-1.00,0.82,2,404.21,
Player1_Car,26.62,671.353,11.378,579.510,17.539,7.74,0.90,3,396.99,
Player2_Car,26.62,669.484,9.751,571.981,18.379,-1.98,0.79,2,404.58,
Player1_Car,26.64,671.468,11.287,579.172,17.885,8.28,0.85,3,397.31,
Player2_Car,26.64,669.557,9.659,571.617,18.566,-3.14,0.77,3,404.96,
Player1_Car,26.66,671.585,11.205,578.829,18.109,7.50,0.83,3,397.68,
Player2_Car,26.66,669.622,9.565,571.248,18.710,-1.24,0.75,4,405.33,
Player1_Car,26.68,671.693,11.117,578.479,18.314,5.23,0.80,3,398.06,
Player2_Car,26.68,669.674,9.468,570.875,18.815,1.76,0.74,4,405.72,
Player1_Car,26.70,671.802,11.023,578.124,18.589,5.63,0.77,3,398.39,
Player2_Car,26.70,669.705,9.416,570.517,18.200,3.33,0.82,4,406.08,
Player1_Car,26.72,671.914,10.924,577.764,18.850,7.23,0.74,3,398.78,
Player2_Car,26.72,669.724,9.354,570.152,18.294,2.71,0.80,4,406.45,
Player1_Car,26.74,672.015,10.843,577.400,18.931,8.23,0.73,3,399.17,
Player2_Car,26.74,669.739,9.290,569.782,18.502,1.14,0.78,4,406.83,
Player1_Car,26.76,672.114,10.750,577.030,19.116,7.62,0.71,2,399.51,
Player2_Car,26.76,669.753,9.225,569.410,18.660,1.56,0.76,4,407.20,
Player1_Car,26.78,672.213,10.668,576.660,19.166,6.16,0.70,3,399.90,
Player2_Car,26.78,669.769,9.161,569.035,18.800,2.80,0.74,4,407.58,
Player1_Car,26.80,672.311,10.597,576.292,19.052,7.49,0.71,2,400.29,
Player2_Car,26.80,669.784,9.096,568.657,18.926,2.72,0.73,4,407.97,
Player1_Car,26.82,672.404,10.520,575.923,19.022,5.70,0.72,1,400.68,
Player2_Car,26.82,669.797,9.028,568.276,19.098,1.28,0.71,4,408.35,
Player1_Car,26.84,672.493,10.438,575.554,18.993,3.41,0.72,2,401.01,
Player2_Car,26.84,669.808,8.960,567.894,19.202,1.42,0.70,4,408.74,
Player1_Car,26.86,672.578,10.352,575.184,18.976,3.03,0.72,3,401.39,
Player2_Car,26.86,669.822,8.893,567.509,19.293,2.53,0.68,4,409.13,
Player1_Car,26.88,672.655,10.261,574.813,18.965,4.09,0.72,2,401.78,
Player2_Car,26.88,669.835,8.825,567.123,19.373,2.64,0.68,4,409.52,
Player1_Car,26.90,672.731,10.165,574.442,18.950,4.30,0.73,3,402.10,
Player2_Car,26.90,669.846,8.752,566.734,19.502,1.37,0.66,4,409.92,
Player1_Car,26.92,672.797,10.082,574.071,18.796,4.54,0.74,3,402.48,
Player2_Car,26.92,669.855,8.681,566.344,19.563,1.43,0.65,4,410.31,
Player1_Car,26.94,672.853,10.030,573.715,18.091,7.15,0.83,4,402.84,
Player2_Car,26.94,669.867,8.611,565.954,19.621,2.36,0.65,4,410.71,
Player1_Car,26.96,672.911,9.972,573.355,18.244,5.26,0.81,3,403.21,
Player2_Car,26.96,669.878,8.536,565.560,19.723,2.09,0.63,4,411.11,
Player1_Car,26.98,672.963,9.908,572.989,18.491,2.16,0.78,4,403.56,
Player2_Car,26.98,669.887,8.461,565.166,19.769,1.67,0.63,4,411.51,
Player1_Car,27.00,673.016,9.839,572.617,18.755,2.65,0.75,4,403.94,
Player2_Car,27.00,669.896,8.387,564.771,19.810,1.80,0.62,4,411.91,
Player1_Car,27.02,673.073,9.766,572.242,18.985,4.88,0.72,3,404.32,
Player2_Car,27.02,669.906,8.313,564.376,19.846,2.13,0.62,4,412.31,
Player1_Car,27.04,673.133,9.699,571.867,18.994,6.32,0.72,2,404.70,
Player2_Car,27.04,669.915,8.234,563.978,19.925,1.88,0.61,4,412.72,
Player1_Car,27.06,673.185,9.629,571.489,19.112,4.12,0.71,4,405.09,
Player2_Car,27.06,669.923,8.156,563.580,19.954,1.91,0.61,4,413.12,
Player1_Car,27.08,673.230,9.556,571.107,19.243,2.10,0.69,4,405.48,
Player2_Car,27.08,669.931,8.079,563.182,19.978,2.11,0.60,4,413.53,
Player1_Car,27.10,673.276,9.480,570.722,19.381,3.15,0.67,4,405.87,
Player2_Car,27.10,669.939,8.001,562.783,19.998,2.18,0.60,4,413.93,
Player1_Car,27.12,673.324,9.402,570.335,19.507,4.65,0.66,4,406.26,
Player2_Car,27.12,669.946,7.920,562.383,20.056,1.74,0.59,4,414.34,
Player1_Car,27.14,673.367,9.321,569.945,19.616,3.96,0.65,4,406.66,
Player2_Car,27.14,669.953,7.840,561.983,20.070,1.81,0.59,4,414.75,
Player1_Car,27.16,673.403,9.252,569.558,19.424,4.64,0.67,4,407.05,
Player2_Car,27.16,669.960,7.759,561.582,20.084,2.10,0.59,4,415.16,
Player1_Car,27.18,673.439,9.185,569.171,19.447,3.86,0.67,4,407.45,
Player2_Car,27.18,669.967,7.677,561.180,20.127,1.90,0.58,4,415.57,
Player1_Car,27.20,673.472,9.118,568.783,19.506,2.82,0.66,4,407.84,
Player2_Car,27.20,669.973,7.594,560.778,20.138,1.85,0.58,4,415.98,
Player1_Car,27.22,673.504,9.048,568.393,19.624,2.60,0.65,4,408.23,
Player2_Car,27.22,669.979,7.512,560.376,20.147,1.95,0.58,4,416.39,
Player1_Car,27.24,673.536,8.979,568.002,19.686,3.55,0.64,4,408.63,
Player2_Car,27.24,669.985,7.429,559.974,20.154,2.03,0.58,4,416.80,
Player1_Car,27.26,673.568,8.911,567.609,19.733,3.89,0.63,4,409.03,
Player2_Car,27.26,669.990,7.344,559.571,20.188,1.73,0.58,4,417.21,
Player1_Car,27.28,673.596,8.841,567.216,19.775,3.15,0.63,4,409.43,
Player2_Car,27.28,669.995,7.260,559.168,20.189,1.78,0.58,4,417.62,
Player1_Car,27.30,673.622,8.768,566.821,19.858,2.28,0.62,4,409.83,
Player2_Car,27.30,670.000,7.175,558.765,20.193,1.95,0.58,4,418.03,
Player1_Car,27.32,673.648,8.696,566.425,19.896,2.86,0.61,4,410.23,
Player2_Car,27.32,670.004,7.091,558.362,20.196,1.97,0.58,4,418.44,
Player1_Car,27.34,673.675,8.624,566.029,19.925,3.58,0.61,4,410.63,
Player2_Car,27.34,670.008,7.004,557.958,20.220,1.66,0.57,4,418.86,
Player1_Car,27.36,673.699,8.551,565.632,19.946,3.23,0.61,4,411.03,
Player2_Car,27.36,670.012,6.918,557.554,20.222,1.67,0.57,4,419.27,
Player1_Car,27.38,673.721,8.475,565.233,20.020,2.08,0.60,4,411.44,
Player2_Car,27.38,670.016,6.832,557.150,20.223,1.84,0.57,4,419.68,
Player1_Car,27.40,673.742,8.399,564.834,20.038,2.38,0.60,4,411.85,
Player2_Car,27.40,670.020,6.744,556.745,20.240,1.74,0.57,4,420.09,
Player1_Car,27.42,673.763,8.324,564.435,20.055,3.24,0.59,4,412.25,
Player2_Car,27.42,670.022,6.657,556.341,20.243,1.67,0.57,4,420.51,
Player1_Car,27.44,673.783,8.245,564.034,20.110,2.95,0.59,4,412.66,
Player2_Car,27.44,670.025,6.570,555.937,20.244,1.71,0.57,4,420.92,
Player1_Car,27.46,673.801,8.167,563.633,20.123,2.56,0.59,4,413.07,
Player2_Car,27.46,670.028,6.482,555.532,20.243,1.76,0.57,4,421.33,
Player1_Car,27.48,673.818,8.089,563.232,20.131,2.59,0.58,4,413.48,
Player2_Car,27.48,670.030,6.394,555.127,20.260,1.59,0.57,4,421.75,
Player1_Car,27.50,673.835,8.010,562.831,20.137,2.79,0.58,4,413.88,
Player2_Car,27.50,670.033,6.305,554.723,20.259,1.60,0.57,4,422.16,
Player1_Car,27.52,673.851,7.929,562.428,20.179,2.48,0.58,4,414.29,
Player2_Car,27.52,670.035,6.217,554.318,20.258,1.70,0.57,4,422.58,
Player1_Car,27.54,673.865,7.848,562.026,20.185,2.44,0.58,4,414.70,
Player2_Car,27.54,670.037,6.128,553.913,20.256,1.72,0.57,4,422.99,
Player1_Car,27.56,673.880,7.768,561.623,20.188,2.59,0.58,4,415.11,
Player2_Car,27.56,670.038,6.038,553.508,20.280,1.44,0.57,4,423.41,
Player1_Car,27.58,673.893,7.686,561.220,20.189,2.63,0.58,4,415.52,
Player2_Car,27.58,670.040,5.948,553.103,20.276,1.50,0.57,4,423.82,
Player1_Car,27.60,673.906,7.602,560.817,20.227,2.18,0.57,4,415.94,
Player2_Car,27.60,670.041,5.859,552.698,20.274,1.68,0.57,4,424.24,
Player1_Car,27.62,673.917,7.519,560.413,20.226,2.22,0.57,4,416.35,
Player2_Car,27.62,670.043,5.768,552.292,20.297,1.49,0.56,4,424.65,
Player1_Car,27.64,673.929,7.436,560.010,20.225,2.45,0.57,4,416.76,
Player2_Car,27.64,670.043,5.677,551.887,20.296,1.48,0.56,4,425.07,
Player1_Car,27.66,673.940,7.351,559.605,20.252,2.24,0.57,4,417.17,
Player2_Car,27.66,670.044,5.586,551.482,20.292,1.61,0.56,4,425.48,
Player1_Car,27.68,673.949,7.266,559.201,20.252,2.16,0.57,4,417.59,
Player2_Car,27.68,670.045,5.495,551.077,20.289,1.66,0.57,4,425.90,
Player1_Car,27.70,673.958,7.182,558.797,20.250,2.24,0.57,4,418.00,
Player2_Car,27.70,670.046,5.402,550.671,20.318,1.32,0.56,4,426.31,
Player1_Car,27.72,673.967,7.097,558.393,20.243,2.31,0.57,4,418.41,
Player2_Car,27.72,670.047,5.310,550.265,20.314,1.41,0.56,4,426.73,
Player1_Car,27.74,673.975,7.010,557.988,20.263,2.02,0.57,4,418.82,
Player2_Car,27.74,670.048,5.218,549.860,20.310,1.63,0.56,4,427.14,
Player1_Car,27.76,673.982,6.924,557.583,20.260,1.99,0.57,4,419.24,
Player2_Car,27.76,670.048,5.125,549.454,20.304,1.65,0.56,4,427.56,
Player1_Car,27.78,673.989,6.838,557.179,20.257,2.10,0.57,4,419.65,
Player2_Car,27.78,670.049,5.030,549.048,20.337,1.22,0.56,4,427.98,
Player1_Car,27.80,673.996,6.751,556.774,20.255,2.12,0.57,4,420.07,
Player2_Car,27.80,670.049,4.936,548.642,20.330,1.36,0.56,4,428.39,
Player1_Car,27.82,674.002,6.663,556.369,20.273,1.83,0.57,4,420.48,
Player2_Car,27.82,670.049,4.842,548.236,20.324,1.61,0.56,4,428.81,
Player1_Car,27.84,674.007,6.576,555.964,20.268,1.84,0.57,4,420.89,
Player2_Car,27.84,670.050,4.746,547.830,20.350,1.38,0.56,4,429.23,
Player1_Car,27.86,674.012,6.488,555.559,20.268,1.95,0.57,4,421.31,
Player2_Car,27.86,670.050,4.650,547.424,20.347,1.39,0.56,4,429.64,
Player1_Car,27.88,674.017,6.399,555.154,20.282,1.82,0.57,4,421.72,
Player2_Car,27.88,670.050,4.554,547.018,20.341,1.53,0.56,4,430.06,
Player1_Car,27.90,674.021,6.311,554.749,20.279,1.80,0.57,4,422.14,
Player2_Car,27.90,670.050,4.458,546.612,20.334,1.57,0.56,4,430.47,
Player1_Car,27.92,674.025,6.222,554.344,20.276,1.85,0.57,4,422.55,
Player2_Car,27.92,670.050,4.360,546.205,20.364,1.21,0.56,4,430.89,
Player1_Car,27.94,674.029,6.134,553.939,20.272,1.86,0.57,4,422.96,
Player2_Car,27.94,670.050,4.262,545.799,20.357,1.34,0.56,4,431.31,
Player1_Car,27.96,674.032,6.044,553.533,20.294,1.59,0.56,4,423.38,
Player2_Car,27.96,670.050,4.164,545.392,20.350,1.53,0.56,4,431.73,
Player1_Car,27.98,674.034,5.954,553.128,20.290,1.65,0.57,4,423.80,
Player2_Car,27.98,670.050,4.066,544.986,20.343,1.54,0.56,4,432.15,
Player1_Car,28.00,674.037,5.864,552.723,20.286,1.82,0.57,4,424.21,
Player2_Car,28.00,670.050,3.965,544.579,20.377,1.11,0.55,4,432.56,
Player1_Car,28.02,674.040,5.775,552.318,20.282,1.82,0.57,4,424.62,
Player2_Car,28.02,670.049,3.865,544.173,20.368,1.30,0.56,4,432.98,
Player1_Car,28.04,674.042,5.683,551.912,20.311,1.43,0.56,4,425.04,
Player2_Car,28.04,670.050,3.766,543.766,20.360,1.46,0.56,4,433.40,
Player1_Car,28.06,674.043,5.592,551.506,20.303,1.53,0.56,4,425.46,
Player2_Car,28.06,670.049,3.663,543.359,20.387,1.25,0.55,4,433.82,
Player1_Car,28.08,674.046,5.501,551.101,20.298,1.78,0.56,4,425.87,
Player2_Car,28.08,670.049,3.561,542.952,20.381,1.33,0.55,4,434.24,
Player1_Car,28.10,674.047,5.408,550.695,20.326,1.51,0.56,4,426.29,
Player2_Car,28.10,670.049,3.460,542.546,20.374,1.43,0.56,4,434.66,
Player1_Car,28.12,674.048,5.315,550.289,20.321,1.51,0.56,4,426.70,
Player2_Car,28.12,670.049,3.358,542.139,20.366,1.44,0.56,4,435.08,
Player1_Car,28.14,674.050,5.223,549.883,20.316,1.67,0.56,4,427.12,
Player2_Car,28.14,670.048,3.253,541.731,20.400,1.07,0.55,4,435.50,
Player1_Car,28.16,674.051,5.131,549.478,20.310,1.73,0.56,4,427.53,
Player2_Car,28.16,670.047,3.149,541.324,20.392,1.27,0.55,4,435.92,
Player1_Car,28.18,674.052,5.035,549.071,20.342,1.33,0.56,4,427.95,
Player2_Car,28.18,670.047,3.045,540.918,20.384,1.37,0.55,4,436.34,
Player1_Car,28.20,674.053,4.941,548.665,20.335,1.45,0.56,4,428.37,
Player2_Car,28.20,670.047,2.941,540.511,20.375,1.38,0.56,4,436.76,
Player1_Car,28.22,674.054,4.848,548.260,20.329,1.69,0.56,4,428.78,
Player2_Car,28.22,670.046,2.833,540.103,20.414,0.99,0.55,4,437.18,
Player1_Car,28.24,674.055,4.753,547.854,20.321,1.70,0.56,4,429.20,
Player2_Car,28.24,670.045,2.726,539.696,20.402,1.24,0.55,4,437.60,
Player1_Car,28.26,674.055,4.656,547.447,20.357,1.20,0.56,4,429.62,
Player2_Car,28.26,670.045,2.620,539.289,20.392,1.31,0.55,4,438.02,
Player1_Car,28.28,674.055,4.560,547.041,20.346,1.38,0.56,4,430.04,
Player2_Car,28.28,670.044,2.511,538.881,20.424,1.06,0.55,4,438.44,
Player1_Car,28.30,674.056,4.464,546.635,20.338,1.67,0.56,4,430.45,
Player2_Car,28.30,670.044,2.402,538.473,20.416,1.24,0.55,4,438.86,
Player1_Car,28.32,674.056,4.365,546.228,20.367,1.39,0.56,4,430.87,
Player2_Car,28.32,670.043,2.294,538.066,20.408,1.27,0.55,4,439.28,
Player1_Car,28.34,674.056,4.267,545.822,20.360,1.40,0.56,4,431.29,
Player2_Car,28.34,670.043,2.185,537.659,20.399,1.28,0.55,4,439.70,
Player1_Car,28.36,674.057,4.170,545.415,20.353,1.55,0.56,4,431.71,
Player2_Car,28.36,670.042,2.073,537.251,20.436,0.97,0.55,4,440.13,
Player1_Car,28.38,674.057,4.072,545.009,20.345,1.59,0.56,4,432.12,
Player2_Car,28.38,670.041,1.962,536.843,20.424,1.21,0.55,4,440.55,
Player1_Car,28.40,674.057,3.971,544.602,20.379,1.17,0.55,4,432.54,
Player2_Car,28.40,670.040,1.851,536.436,20.415,1.22,0.55,4,440.97,
Player1_Car,28.42,674.056,3.871,544.195,20.369,1.34,0.56,4,432.96,
Player2_Car,28.42,670.040,1.737,536.027,20.444,1.00,0.55,4,441.39,
Player1_Car,28.44,674.057,3.771,543.789,20.362,1.58,0.56,4,433.38,
Player2_Car,28.44,670.039,1.624,535.619,20.437,1.19,0.55,4,441.82,
Player1_Car,28.46,674.056,3.669,543.382,20.388,1.31,0.55,4,433.80,
Player2_Car,28.46,670.038,1.511,535.212,20.428,1.19,0.55,4,442.24,
Player1_Car,28.48,674.056,3.567,542.975,20.382,1.33,0.55,4,434.22,
Player2_Car,28.48,670.037,1.398,534.804,20.420,1.19,0.55,4,442.66,
Player1_Car,28.50,674.056,3.466,542.568,20.375,1.48,0.55,4,434.63,
Player2_Car,28.50,670.036,1.280,534.395,20.455,0.93,0.55,4,443.08,
Player1_Car,28.52,674.055,3.364,542.162,20.367,1.51,0.56,4,435.05,
Player2_Car,28.52,670.036,1.165,533.987,20.445,1.15,0.55,4,443.51,
Player1_Car,28.54,674.055,3.258,541.754,20.400,1.10,0.55,4,435.47,
Player2_Car,28.54,670.035,1.049,533.580,20.435,1.15,0.55,4,443.93,
Player1_Car,28.56,674.054,3.154,541.347,20.392,1.26,0.55,4,435.89,
Player2_Car,28.56,670.034,0.930,533.171,20.464,0.96,0.54,4,444.36,
Player1_Car,28.58,674.054,3.051,540.941,20.384,1.49,0.55,4,436.31,
Player2_Car,28.58,670.033,0.812,532.763,20.457,1.13,0.55,4,444.78,
Player1_Car,28.60,674.054,2.946,540.534,20.376,1.47,0.55,4,436.73,
Player2_Car,28.60,670.033,0.694,532.354,20.449,1.12,0.55,4,445.21,
Player1_Car,28.62,674.052,2.839,540.126,20.414,0.97,0.55,4,437.15,
Player2_Car,28.62,670.032,0.576,531.946,20.440,1.13,0.55,4,445.63,
Player1_Car,28.64,674.052,2.732,539.719,20.402,1.21,0.55,4,437.57,
Player2_Car,28.64,670.031,0.454,531.537,20.475,0.90,0.54,4,446.06,
Player1_Car,28.66,674.051,2.626,539.312,20.393,1.39,0.55,4,437.99,
Player2_Car,28.66,670.030,0.333,531.129,20.464,1.09,0.54,4,446.48,
Player1_Car,28.68,674.051,2.517,538.904,20.424,1.13,0.55,4,438.42,
Player2_Car,28.68,670.030,0.213,530.721,20.455,1.09,0.55,4,446.91,
Player1_Car,28.70,674.050,2.408,538.496,20.416,1.23,0.55,4,438.84,
Player2_Car,28.70,670.029,0.089,530.312,20.483,0.93,0.54,4,447.33,
Player1_Car,28.72,674.049,2.300,538.089,20.408,1.36,0.55,4,439.26,
Player2_Car,28.72,670.028,-0.034,529.903,20.476,1.07,0.54,4,447.76,
Player1_Car,28.74,674.048,2.191,537.682,20.399,1.34,0.55,4,439.68,
Player2_Car,28.74,670.027,-0.157,529.494,20.468,1.07,0.54,4,448.19,
Player1_Car,28.76,674.047,2.079,537.274,20.435,0.94,0.55,4,440.10,
Player2_Car,28.76,670.026,-0.280,529.086,20.459,1.07,0.54,4,448.61,
Player1_Car,28.78,674.046,1.968,536.866,20.424,1.17,0.55,4,440.52,
Player2_Car,28.78,670.026,-0.408,528.677,20.493,0.88,0.54,4,449.04,
Player1_Car,28.80,674.045,1.858,536.459,20.415,1.28,0.55,4,440.95,
Player2_Car,28.80,670.025,-0.533,528.268,20.481,1.05,0.54,4,449.47,
Player1_Car,28.82,674.044,1.743,536.050,20.443,1.03,0.55,4,441.37,
Player2_Car,28.82,670.024,-0.659,527.859,20.472,1.05,0.54,4,449.89,
Player1_Car,28.84,674.043,1.630,535.642,20.436,1.17,0.55,4,441.79,
Player2_Car,28.84,670.023,-0.788,527.450,20.500,0.90,0.54,4,450.32,
Player1_Car,28.86,674.042,1.517,535.235,20.428,1.24,0.55,4,442.21,
Player2_Car,28.86,670.023,-0.917,527.041,20.492,1.03,0.54,4,450.75,
Player1_Car,28.88,674.041,1.404,534.827,20.420,1.22,0.55,4,442.64,
Player2_Car,28.88,670.022,-1.044,526.632,20.484,1.03,0.54,4,451.18,
Player1_Car,28.90,674.039,1.287,534.419,20.455,0.88,0.55,4,443.06,
Player2_Car,28.90,670.021,-1.176,526.222,20.507,0.92,0.54,4,451.61,
Player1_Car,28.92,674.038,1.171,534.011,20.444,1.14,0.55,4,443.48,
Player2_Car,28.92,670.020,-1.306,525.813,20.502,1.01,0.54,4,452.04,
Player1_Car,28.94,674.037,1.056,533.603,20.435,1.17,0.55,4,443.91,
Player2_Car,28.94,670.020,-1.436,525.404,20.494,1.01,0.54,4,452.47,
Player1_Car,28.96,674.036,0.937,533.194,20.463,0.93,0.54,4,444.33,
Player2_Car,28.96,670.019,-1.567,524.995,20.487,1.00,0.54,4,452.89,
Player1_Car,28.98,674.035,0.819,532.786,20.456,1.11,0.55,4,444.76,
Player2_Car,28.98,670.018,-1.702,524.585,20.520,0.83,0.54,4,453.33,
Player1_Car,29.00,674.034,0.701,532.378,20.448,1.13,0.55,4,445.18,
Player2_Car,29.00,670.017,-1.835,524.176,20.511,0.99,0.54,4,453.76,
Player1_Car,29.02,674.033,0.583,531.970,20.440,1.11,0.55,4,445.60,
Player2_Car,29.02,670.017,-1.968,523.766,20.503,0.98,0.54,4,454.19,
Player1_Car,29.04,674.031,0.461,531.561,20.474,0.84,0.54,4,446.03,
Player2_Car,29.04,670.016,-2.107,523.356,20.551,0.64,0.53,4,454.62,
Player1_Car,29.06,674.030,0.340,531.152,20.464,1.08,0.54,4,446.46,
Player2_Car,29.06,670.015,-2.244,522.946,20.545,0.92,0.53,4,455.05,
Player1_Car,29.08,674.029,0.220,530.744,20.455,1.07,0.55,4,446.88,
Player2_Car,29.08,670.015,-2.380,522.536,20.536,0.92,0.54,4,455.48,
Player1_Car,29.10,674.028,0.096,530.335,20.482,0.86,0.54,4,447.31,
Player2_Car,29.10,670.015,-2.517,522.127,20.527,0.93,0.54,4,455.91,
Player1_Car,29.12,674.026,-0.027,529.926,20.475,1.04,0.54,4,447.74,
Player2_Car,29.12,670.014,-2.660,521.716,20.575,0.63,0.53,4,456.35,
Player1_Car,29.14,674.025,-0.150,529.518,20.467,1.03,0.54,4,448.16,
Player2_Car,29.14,670.013,-2.801,521.306,20.575,0.89,0.53,4,456.78,
Player1_Car,29.16,674.024,-0.273,529.109,20.459,1.01,0.54,4,448.59,
Player2_Car,29.16,670.013,-2.942,520.896,20.559,0.89,0.53,4,457.21,
Player1_Car,29.18,674.022,-0.401,528.700,20.492,0.79,0.54,4,449.02,
Player2_Car,29.18,670.013,-3.089,520.485,20.602,0.63,0.53,4,457.65,
Player1_Car,29.20,674.021,-0.526,528.291,20.481,0.98,0.54,4,449.44,
Player2_Car,29.20,670.012,-3.234,520.074,20.592,0.88,0.53,4,458.08,
Player1_Car,29.22,674.020,-0.652,527.883,20.472,0.97,0.54,4,449.87,
Player2_Car,29.22,670.012,-3.379,519.664,20.581,0.88,0.53,4,458.52,
Player1_Car,29.24,674.019,-0.781,527.473,20.499,0.80,0.54,4,450.30,
Player2_Car,29.24,670.011,-3.530,519.252,20.619,0.65,0.53,4,458.95,
Player1_Car,29.26,674.017,-0.909,527.064,20.492,0.94,0.54,4,450.73,
Player2_Car,29.26,670.011,-3.679,518.841,20.611,0.87,0.53,4,459.39,
Player1_Car,29.28,674.016,-1.037,526.655,20.484,0.93,0.54,4,451.16,
Player2_Car,29.28,670.011,-3.828,518.430,20.602,0.87,0.53,4,459.83,
Player1_Car,29.30,674.015,-1.165,526.246,20.476,0.90,0.54,4,451.58,
Player2_Car,29.30,670.010,-3.978,518.019,20.593,0.88,0.53,4,460.26,
Player1_Car,29.32,674.013,-1.298,525.837,20.509,0.72,0.54,4,452.01,
Player2_Car,29.32,670.009,-4.135,517.607,20.631,0.64,0.52,4,460.70,
Player1_Car,29.34,674.012,-1.429,525.428,20.498,0.88,0.54,4,452.44,
Player2_Car,29.34,670.009,-4.290,517.196,20.626,0.86,0.52,4,461.14,
Player1_Car,29.36,674.011,-1.559,525.019,20.489,0.87,0.54,4,452.87,
Player2_Car,29.36,670.009,-4.443,516.784,20.613,0.87,0.53,4,461.58,
Player1_Car,29.38,674.010,-1.694,524.609,20.521,0.69,0.54,4,453.30,
Player2_Car,29.38,670.008,-4.605,516.372,20.648,0.63,0.52,4,462.02,
Player1_Car,29.40,674.008,-1.828,524.199,20.512,0.84,0.54,4,453.73,
Player2_Car,29.40,670.008,-4.763,515.960,20.638,0.86,0.52,4,462.46,
Player1_Car,29.42,674.007,-1.961,523.790,20.504,0.83,0.54,4,454.16,
Player2_Car,29.42,670.008,-4.921,515.549,20.629,0.85,0.52,4,462.90,
Player1_Car,29.44,674.006,-2.100,523.379,20.551,0.53,0.53,4,454.59,
Player2_Car,29.44,670.007,-5.086,515.136,20.657,0.69,0.52,4,463.34,
Player1_Car,29.46,674.005,-2.236,522.969,20.545,0.81,0.53,4,455.03,
Player2_Car,29.46,670.007,-5.249,514.724,20.650,0.85,0.52,4,463.79,
Player1_Car,29.48,674.004,-2.373,522.560,20.537,0.81,0.54,4,455.46,
Player2_Car,29.48,670.006,-5.411,514.312,20.642,0.85,0.52,4,464.23,
Player1_Car,29.50,674.002,-2.509,522.150,20.529,0.79,0.54,4,455.89,
Player2_Car,29.50,670.006,-5.574,513.900,20.634,0.86,0.52,4,464.67,
Player1_Car,29.52,674.001,-2.652,521.739,20.576,0.46,0.53,4,456.32,
Player2_Car,29.52,670.005,-5.744,513.487,20.665,0.66,0.52,4,465.12,
Player1_Car,29.54,674.000,-2.794,521.329,20.575,0.77,0.53,4,456.75,
Player2_Car,29.54,670.005,-5.912,513.075,20.659,0.84,0.52,4,465.56,
Player1_Car,29.56,673.999,-2.934,520.919,20.560,0.77,0.53,4,457.18,
Player2_Car,29.56,670.005,-6.079,512.663,20.649,0.85,0.52,4,466.00,
Player1_Car,29.58,673.997,-3.081,520.508,20.602,0.45,0.53,4,457.62,
Player2_Car,29.58,670.004,-6.252,512.250,20.675,0.67,0.52,4,466.45,
Player1_Car,29.60,673.996,-3.226,520.097,20.592,0.73,0.53,4,458.06,
Player2_Car,29.60,670.004,-6.424,511.837,20.668,0.84,0.52,4,466.90,
Player1_Car,29.62,673.995,-3.371,519.687,20.582,0.73,0.53,4,458.49,
Player2_Car,29.62,670.003,-6.594,511.425,20.661,0.84,0.52,4,467.34,
Player1_Car,29.64,673.994,-3.521,519.275,20.619,0.47,0.53,4,458.93,
Player2_Car,29.64,670.003,-6.771,511.011,20.682,0.72,0.52,4,467.79,
Player1_Car,29.66,673.992,-3.671,518.864,20.612,0.69,0.53,4,459.36,
Player2_Car,29.66,670.002,-6.946,510.599,20.676,0.83,0.52,4,468.24,
Player1_Car,29.68,673.992,-3.820,518.453,20.603,0.69,0.53,4,459.80,
Player2_Car,29.68,670.002,-7.121,510.186,20.670,0.83,0.52,4,468.69,
Player1_Car,29.70,673.990,-3.970,518.042,20.594,0.66,0.53,4,460.24,
Player2_Car,29.70,670.002,-7.299,509.773,20.681,0.84,0.52,4,469.13,
Player1_Car,29.72,673.989,-4.126,517.630,20.631,0.41,0.52,4,460.68,
Player2_Car,29.72,670.001,-7.477,509.360,20.677,0.84,0.52,4,469.58,
Player1_Car,29.74,673.987,-4.281,517.219,20.626,0.64,0.52,4,461.12,
Player2_Car,29.74,670.000,-7.655,508.947,20.672,0.83,0.52,4,470.03,
Player1_Car,29.76,673.986,-4.435,516.808,20.614,0.63,0.53,4,461.55,
Player2_Car,29.76,670.000,-7.834,508.534,20.667,0.84,0.52,4,470.48,
Player1_Car,29.78,673.985,-4.596,516.395,20.648,0.41,0.52,4,461.99,
Player2_Car,29.78,669.999,-8.016,508.121,20.676,0.86,0.52,4,470.93,
Player1_Car,29.80,673.983,-4.754,515.984,20.639,0.60,0.52,4,462.44,
Player2_Car,29.80,669.999,-8.197,507.708,20.671,0.84,0.52,4,471.38,
Player1_Car,29.82,673.982,-4.912,515.572,20.630,0.59,0.52,4,462.88,
Player2_Car,29.82,669.998,-8.378,507.295,20.666,0.84,0.52,4,471.83,
Player1_Car,29.84,673.981,-5.077,515.159,20.657,0.45,0.52,4,463.32,
Player2_Car,29.84,669.997,-8.561,506.881,20.673,0.85,0.52,4,472.29,
Player1_Car,29.86,673.979,-5.239,514.747,20.651,0.56,0.52,4,463.76,
Player2_Car,29.86,669.997,-8.744,506.468,20.669,0.84,0.52,4,472.74,
Player1_Car,29.88,673.978,-5.402,514.335,20.644,0.55,0.52,4,464.20,
Player2_Car,29.88,669.996,-8.927,506.055,20.666,0.83,0.52,4,473.19,
Player1_Car,29.90,673.977,-5.565,513.924,20.636,0.52,0.52,4,464.64,
Player2_Car,29.90,669.995,-9.111,505.642,20.663,0.84,0.52,4,473.64,
Player1_Car,29.92,673.975,-5.735,513.511,20.666,0.37,0.52,4,465.09,
Player2_Car,29.92,669.995,-9.295,505.229,20.661,0.84,0.52,4,474.09,
Player1_Car,29.94,673.974,-5.902,513.098,20.659,0.50,0.52,4,465.54,
Player2_Car,29.94,669.994,-9.478,504.816,20.658,0.83,0.52,4,474.55,
Player1_Car,29.96,673.973,-6.069,512.686,20.650,0.49,0.52,4,465.98,
Player2_Car,29.96,669.993,-9.663,504.403,20.656,0.84,0.52,4,475.00,
Player1_Car,29.98,673.972,-6.243,512.273,20.677,0.39,0.52,4,466.43,
Player2_Car,29.98,669.993,-9.846,503.990,20.648,0.84,0.52,4,475.45,
Player1_Car,30.00,673.970,-6.414,511.860,20.669,0.46,0.52,4,466.87,
Player2_Car,30.00,669.992,-10.030,503.577,20.648,0.83,0.52,4,475.90,
Player1_Car,30.02,673.969,-6.585,511.448,20.662,0.45,0.52,4,467.32,
Player2_Car,30.02,669.992,-10.215,503.164,20.647,0.83,0.52,4,476.35,
Player1_Car,30.04,673.968,-6.761,511.035,20.683,0.41,0.52,4,467.77,
Player2_Car,30.04,669.991,-10.397,502.751,20.634,0.82,0.52,4,476.81,
Player1_Car,30.06,673.966,-6.936,510.622,20.678,0.42,0.52,4,468.21,
Player2_Car,30.06,669.990,-10.580,502.339,20.638,0.81,0.52,4,477.26,
Player1_Car,30.08,673.965,-7.111,510.209,20.672,0.41,0.52,4,468.66,
Player2_Car,30.08,669.989,-10.764,501.926,20.638,0.81,0.52,4,477.71,
Player1_Car,30.10,673.963,-7.287,509.796,20.666,0.39,0.52,4,469.11,
Player2_Car,30.10,669.989,-10.945,501.514,20.620,0.81,0.53,4,478.16,
Player1_Car,30.12,673.962,-7.467,509.383,20.682,0.37,0.52,4,469.56,
Player2_Car,30.12,669.988,-11.127,501.101,20.624,0.80,0.53,4,478.61,
Player1_Car,30.14,673.961,-7.645,508.970,20.676,0.36,0.52,4,470.01,
Player2_Car,30.14,669.988,-11.309,500.689,20.625,0.80,0.53,4,479.06,
Player1_Car,30.16,673.959,-7.824,508.557,20.670,0.35,0.52,4,470.46,
Player2_Car,30.16,669.987,-11.487,500.277,20.596,0.80,0.53,4,479.51,
Player1_Car,30.18,673.958,-8.006,508.144,20.679,0.32,0.52,4,470.91,
Player2_Car,30.18,669.986,-11.667,499.865,20.603,0.78,0.53,4,479.96,
Player1_Car,30.20,673.957,-8.187,507.730,20.674,0.32,0.52,4,471.36,
Player2_Car,30.20,669.986,-11.847,499.453,20.605,0.78,0.53,4,480.41,
Player1_Car,30.22,673.955,-8.368,507.317,20.670,0.31,0.52,4,471.81,
Player2_Car,30.22,669.985,-12.026,499.041,20.601,0.78,0.53,4,480.86,
Player1_Car,30.24,673.954,-8.551,506.904,20.676,0.28,0.52,4,472.26,
Player2_Car,30.24,669.985,-12.200,498.629,20.567,0.77,0.53,4,481.31,
Player1_Car,30.26,673.953,-8.734,506.491,20.672,0.28,0.52,4,472.71,
Player2_Car,30.26,669.984,-12.377,498.218,20.579,0.76,0.53,4,481.76,
Player1_Car,30.28,673.952,-8.917,506.078,20.669,0.27,0.52,4,473.17,
Player2_Car,30.28,669.983,-12.553,497.806,20.580,0.77,0.53,4,482.21,
Player1_Car,30.30,673.951,-9.101,505.665,20.667,0.25,0.52,4,473.62,
Player2_Car,30.30,669.983,-12.724,497.396,20.538,0.76,0.54,4,482.65,
Player1_Car,30.32,673.949,-9.285,505.251,20.665,0.24,0.52,4,474.07,
Player2_Car,30.32,669.982,-12.897,496.985,20.551,0.75,0.53,4,483.10,
Player1_Car,30.34,673.948,-9.468,504.838,20.662,0.23,0.52,4,474.52,
Player2_Car,30.34,669.982,-13.070,496.574,20.556,0.75,0.53,4,483.54,
Player1_Car,30.36,673.947,-9.653,504.425,20.660,0.21,0.52,4,474.97,
Player2_Car,30.36,669.981,-13.237,496.163,20.507,0.76,0.54,4,483.99,
Player1_Car,30.38,673.946,-9.836,504.012,20.652,0.20,0.52,4,475.43,
Player2_Car,30.38,669.981,-13.406,495.753,20.520,0.74,0.54,4,484.43,
Player1_Car,30.40,673.945,-10.020,503.599,20.652,0.19,0.52,4,475.88,
Player2_Car,30.40,669.980,-13.575,495.343,20.526,0.74,0.54,4,484.88,
Player1_Car,30.42,673.944,-10.205,503.186,20.651,0.18,0.52,4,476.33,
Player2_Car,30.42,669.980,-13.739,494.933,20.476,0.75,0.54,4,485.32,
Player1_Car,30.44,673.942,-10.387,502.773,20.639,0.17,0.52,4,476.78,
Player2_Car,30.44,669.979,-13.903,494.523,20.489,0.73,0.54,4,485.76,
Player1_Car,30.46,673.941,-10.571,502.361,20.643,0.16,0.52,4,477.23,
Player2_Car,30.46,669.979,-14.069,494.113,20.495,0.73,0.54,4,486.21,
Player1_Car,30.48,673.940,-10.754,501.948,20.643,0.15,0.52,4,477.69,
Player2_Car,30.48,669.978,-14.233,493.704,20.492,0.73,0.54,4,486.65,
Player1_Car,30.50,673.939,-10.935,501.535,20.625,0.14,0.52,4,478.14,
Player2_Car,30.50,669.978,-14.390,493.295,20.440,0.72,0.55,4,487.09,
Player1_Car,30.52,673.938,-11.117,501.123,20.629,0.13,0.52,4,478.59,
Player2_Car,30.52,669.977,-14.551,492.886,20.459,0.71,0.54,4,487.53,
Player1_Car,30.54,673.937,-11.300,500.710,20.630,0.12,0.52,4,479.04,
Player2_Car,30.54,669.977,-14.711,492.477,20.467,0.72,0.54,4,487.97,
Player1_Car,30.56,673.936,-11.478,500.298,20.601,0.12,0.53,4,479.49,
Player2_Car,30.56,669.976,-14.864,492.069,20.406,0.72,0.55,4,488.41,
Player1_Car,30.58,673.935,-11.658,499.886,20.608,0.10,0.53,4,479.94,
Player2_Car,30.58,669.976,-15.020,491.660,20.427,0.70,0.55,4,488.84,
Player1_Car,30.60,673.934,-11.838,499.474,20.610,0.10,0.53,4,480.39,
Player2_Car,30.60,669.975,-15.177,491.251,20.437,0.71,0.55,4,489.28,
Player1_Car,30.62,673.933,-12.017,499.062,20.607,0.09,0.53,4,480.84,
Player2_Car,30.62,669.975,-15.326,490.844,20.377,0.71,0.55,4,489.72,
Player1_Car,30.64,673.932,-12.191,498.650,20.572,0.10,0.53,4,481.29,
Player2_Car,30.64,669.974,-15.478,490.436,20.396,0.70,0.55,4,490.15,
Player1_Car,30.66,673.931,-12.368,498.239,20.584,0.08,0.53,4,481.73,
Player2_Car,30.66,669.974,-15.629,490.028,20.406,0.70,0.55,4,490.59,
Player1_Car,30.68,673.930,-12.544,497.827,20.585,0.06,0.53,4,482.19,
Player2_Car,30.68,669.973,-15.780,489.620,20.403,0.70,0.55,4,491.03,
Player1_Car,30.70,673.929,-12.715,497.416,20.543,0.07,0.53,4,482.63,
Player2_Car,30.70,669.973,-15.924,489.213,20.342,0.69,0.56,4,491.46,
Player1_Car,30.72,673.928,-12.888,497.005,20.556,0.05,0.53,4,483.08,
Player2_Car,30.72,669.972,-16.070,488.806,20.368,0.68,0.56,4,491.89,
Player1_Car,30.74,673.927,-13.061,496.594,20.561,0.04,0.53,4,483.52,
Player2_Car,30.74,669.972,-16.217,488.398,20.379,0.69,0.55,4,492.33,
Player1_Car,30.76,673.927,-13.229,496.184,20.512,0.04,0.54,4,483.97,
Player2_Car,30.76,669.972,-16.357,487.992,20.308,0.69,0.56,4,492.76,
Player1_Car,30.78,673.926,-13.398,495.773,20.525,0.03,0.54,4,484.41,
Player2_Car,30.78,669.971,-16.499,487.586,20.335,0.67,0.56,4,493.19,
Player1_Car,30.80,673.925,-13.567,495.363,20.531,0.02,0.54,4,484.86,
Player2_Car,30.80,669.971,-16.641,487.179,20.349,0.68,0.56,4,493.62,
Player1_Car,30.82,673.924,-13.731,494.953,20.482,0.01,0.54,4,485.30,
Player2_Car,30.82,669.970,-16.777,486.773,20.278,0.69,0.57,4,494.05,
Player1_Car,30.84,673.923,-13.895,494.543,20.494,0.00,0.54,4,485.74,
Player2_Car,30.84,669.970,-16.914,486.367,20.302,0.67,0.56,4,494.48,
Player1_Car,30.86,673.922,-14.061,494.133,20.500,0.00,0.54,4,486.18,
Player2_Car,30.86,669.969,-17.052,485.961,20.317,0.67,0.56,4,494.91,
Player1_Car,30.88,673.921,-14.225,493.723,20.497,-0.01,0.54,4,486.63,
Player2_Car,30.88,669.969,-17.189,485.555,20.317,0.67,0.56,4,495.34,
Player1_Car,30.90,673.921,-14.383,493.314,20.445,0.00,0.55,4,487.07,
Player2_Car,30.90,669.969,-17.318,485.150,20.242,0.66,0.57,4,495.77,
Player1_Car,30.92,673.920,-14.543,492.905,20.464,-0.02,0.54,4,487.51,
Player2_Car,30.92,669.968,-17.450,484.745,20.275,0.66,0.57,4,496.19,
Player1_Car,30.94,673.919,-14.704,492.496,20.472,-0.03,0.54,4,487.95,
Player2_Car,30.94,669.968,-17.583,484.339,20.292,0.66,0.56,4,496.62,
Player1_Car,30.96,673.918,-14.857,492.088,20.411,-0.03,0.55,4,488.39,
Player2_Car,30.96,669.968,-17.708,483.935,20.207,0.67,0.58,4,497.05,
Player1_Car,30.98,673.917,-15.013,491.679,20.431,-0.04,0.55,4,488.82,
Player2_Car,30.98,669.967,-17.836,483.530,20.240,0.65,0.57,4,497.47,
Player1_Car,31.00,673.916,-15.169,491.270,20.442,-0.05,0.55,4,489.26,
Player2_Car,31.00,669.967,-17.964,483.125,20.258,0.66,0.57,4,497.89,
Player1_Car,31.02,673.916,-15.319,490.863,20.382,-0.05,0.55,4,489.70,
Player2_Car,31.02,669.966,-18.091,482.720,20.253,0.66,0.57,4,498.32,
Player1_Car,31.04,673.915,-15.471,490.455,20.400,-0.06,0.55,4,490.13,
Player2_Car,31.04,669.966,-18.210,482.317,20.177,0.64,0.58,4,498.74,
Player1_Car,31.06,673.914,-15.623,490.047,20.410,-0.07,0.55,4,490.57,
Player2_Car,31.06,669.966,-18.333,481.912,20.215,0.64,0.57,4,499.17,
Player1_Car,31.08,673.913,-15.774,489.638,20.408,-0.07,0.55,4,491.01,
Player2_Car,31.08,669.966,-18.456,481.508,20.232,0.65,0.57,4,499.59,
Player1_Car,31.10,673.913,-15.917,489.232,20.346,-0.07,0.56,4,491.44,
Player2_Car,31.10,669.965,-18.571,481.105,20.143,0.65,0.58,4,500.01,
Player1_Car,31.12,673.912,-16.064,488.824,20.372,-0.08,0.56,4,491.87,
Player2_Car,31.12,669.965,-18.688,480.702,20.181,0.64,0.58,4,500.43,
Player1_Car,31.14,673.911,-16.211,488.417,20.384,-0.09,0.55,4,492.31,
Player2_Car,31.14,669.964,-18.807,480.298,20.203,0.64,0.58,4,500.85,
Player1_Car,31.16,673.911,-16.350,488.011,20.312,-0.09,0.56,4,492.74,
Player2_Car,31.16,669.964,-18.919,479.895,20.120,0.65,0.59,4,501.27,
Player1_Car,31.18,673.910,-16.492,487.604,20.338,-0.10,0.56,4,493.17,
Player2_Car,31.18,669.964,-19.032,479.492,20.150,0.64,0.58,4,501.69,
Player1_Car,31.20,673.909,-16.635,487.197,20.353,-0.11,0.56,4,493.60,
Player2_Car,31.20,669.963,-19.146,479.089,20.170,0.64,0.58,4,502.11,
Player1_Car,31.22,673.909,-16.771,486.791,20.283,-0.11,0.57,4,494.03,
Player2_Car,31.22,669.963,-19.259,478.685,20.179,0.64,0.58,4,502.53,
Player1_Car,31.24,673.908,-16.908,486.385,20.306,-0.12,0.56,4,494.46,
Player2_Car,31.24,669.963,-19.365,478.284,20.085,0.63,0.59,4,502.95,
Player1_Car,31.26,673.907,-17.046,485.979,20.321,-0.12,0.56,4,494.89,
Player2_Car,31.26,669.963,-19.473,477.881,20.126,0.63,0.58,4,503.37,
Player1_Car,31.28,673.907,-17.183,485.572,20.322,-0.13,0.56,4,495.32,
Player2_Car,31.28,669.962,-19.582,477.478,20.150,0.63,0.58,4,503.78,
Player1_Car,31.30,673.906,-17.312,485.168,20.245,-0.12,0.57,4,495.75,
Player2_Car,31.30,669.962,-19.684,477.077,20.062,0.64,0.59,4,504.20,
Player1_Car,31.32,673.905,-17.445,484.762,20.278,-0.14,0.57,4,496.17,
Player2_Car,31.32,669.962,-19.788,476.675,20.094,0.62,0.59,4,504.62,
Player1_Car,31.34,673.903,-17.561,484.358,20.227,-0.67,0.57,4,496.59,
Player2_Car,31.34,669.961,-19.892,476.273,20.117,0.63,0.59,4,505.03,
Player1_Car,31.36,673.901,-17.680,483.952,20.277,-0.48,0.57,4,497.02,
Player2_Car,31.36,669.961,-19.996,475.870,20.128,0.63,0.58,4,505.45,
Player1_Car,31.38,673.902,-17.804,483.545,20.343,-0.10,0.56,4,497.45,
Player2_Car,31.38,669.961,-20.093,475.470,20.030,0.62,0.60,4,505.86,
Player1_Car,31.40,673.903,-17.932,483.137,20.425,0.11,0.55,4,497.87,
Player2_Car,31.40,669.960,-20.192,475.069,20.074,0.61,0.59,4,506.28,
Player1_Car,31.42,673.904,-18.065,482.727,20.501,0.33,0.54,4,498.31,
Player2_Car,31.42,669.960,-20.291,474.667,20.100,0.62,0.59,4,506.69,
Player1_Car,31.44,673.906,-18.198,482.317,20.506,0.56,0.54,4,498.74,
Player2_Car,31.44,669.960,-20.389,474.265,20.094,0.62,0.59,4,507.11,
Player1_Car,31.46,673.908,-18.332,481.907,20.496,0.82,0.54,4,499.17,
Player2_Car,31.46,669.960,-20.480,473.865,20.009,0.60,0.60,4,507.52,
Player1_Car,31.48,673.908,-18.458,481.499,20.383,0.21,0.55,4,499.60,
Player2_Car,31.48,669.959,-20.574,473.464,20.057,0.61,0.59,4,507.93,
Player1_Car,31.50,673.906,-18.574,481.094,20.245,0.05,0.57,4,500.02,
Player2_Car,31.50,669.959,-20.669,473.062,20.083,0.62,0.59,4,508.34,
Player1_Car,31.52,673.905,-18.692,480.689,20.271,0.02,0.57,4,500.44,
Player2_Car,31.52,669.959,-20.757,472.663,19.980,0.62,0.60,4,508.76,
Player1_Car,31.54,673.905,-18.811,480.283,20.284,0.00,0.57,4,500.87,
Player2_Car,31.54,669.959,-20.847,472.262,20.026,0.61,0.60,4,509.17,
Player1_Car,31.56,673.905,-18.923,479.880,20.192,-0.01,0.58,4,501.29,
Player2_Car,31.56,669.958,-20.937,471.861,20.054,0.61,0.59,4,509.58,
Player1_Car,31.58,673.904,-19.037,479.475,20.217,-0.01,0.57,4,501.71,
Player2_Car,31.58,669.958,-21.027,471.460,20.054,0.61,0.59,4,509.99,
Player1_Car,31.60,673.904,-19.151,479.071,20.232,-0.02,0.57,4,502.13,
Player2_Car,31.60,669.958,-21.109,471.061,19.961,0.60,0.60,4,510.40,
Player1_Car,31.62,673.904,-19.264,478.666,20.234,-0.02,0.57,4,502.55,
Player2_Car,31.62,669.958,-21.195,470.661,20.012,0.60,0.60,4,510.81,
Player1_Car,31.64,673.904,-19.370,478.264,20.132,-0.01,0.58,4,502.97,
Player2_Car,31.64,669.957,-21.281,470.260,20.041,0.61,0.60,4,511.22,
Player1_Car,31.66,673.903,-19.479,477.860,20.173,-0.02,0.58,4,503.39,
Player2_Car,31.66,669.957,-21.360,469.862,19.938,0.61,0.61,4,511.63,
Player1_Car,31.68,673.903,-19.588,477.456,20.194,-0.04,0.58,4,503.81,
Player2_Car,31.68,669.957,-21.441,469.462,19.982,0.60,0.60,4,512.04,
Player1_Car,31.70,673.903,-19.690,477.054,20.100,-0.05,0.59,4,504.23,
Player2_Car,31.70,669.957,-21.523,469.062,20.011,0.60,0.60,4,512.45,
Player1_Car,31.72,673.902,-19.794,476.652,20.132,-0.05,0.58,4,504.64,
Player2_Car,31.72,669.957,-21.604,468.662,20.021,0.60,0.60,4,512.86,
Player1_Car,31.74,673.902,-19.899,476.249,20.152,-0.05,0.58,4,505.06,
Player2_Car,31.74,669.956,-21.678,468.263,19.917,0.60,0.61,4,513.26,
Player1_Car,31.76,673.902,-20.003,475.845,20.158,-0.06,0.58,4,505.48,
Player2_Car,31.76,669.956,-21.755,467.864,19.968,0.59,0.60,4,513.67,
Player1_Car,31.78,673.902,-20.099,475.445,20.055,-0.05,0.59,4,505.89,
Player2_Car,31.78,669.956,-21.832,467.464,19.998,0.60,0.60,4,514.08,
Player1_Car,31.80,673.901,-20.198,475.043,20.100,-0.06,0.59,4,506.30,
Player2_Car,31.80,669.956,-21.909,467.064,19.993,0.60,0.60,4,514.49,
Player1_Car,31.82,673.901,-20.298,474.640,20.125,-0.07,0.58,4,506.72,
Player2_Car,31.82,669.955,-21.978,466.667,19.901,0.58,0.61,4,514.89,
Player1_Car,31.84,673.901,-20.396,474.238,20.114,-0.08,0.59,4,507.14,
Player2_Car,31.84,669.955,-22.050,466.268,19.955,0.59,0.61,4,515.30,
Player1_Car,31.86,673.900,-20.487,473.838,20.022,-0.05,0.60,4,507.55,
Player2_Car,31.86,669.955,-22.123,465.868,19.986,0.59,0.60,4,515.70,
Player1_Car,31.88,673.900,-20.581,473.436,20.076,-0.08,0.59,4,507.96,
Player2_Car,31.88,669.955,-22.190,465.471,19.877,0.60,0.61,4,516.11,
Player1_Car,31.90,673.900,-20.676,473.034,20.099,-0.10,0.59,4,508.37,
Player2_Car,31.90,669.955,-22.258,465.072,19.926,0.59,0.61,4,516.51,
Player1_Car,31.92,673.899,-20.763,472.635,19.994,-0.09,0.60,4,508.79,
Player2_Car,31.92,669.954,-22.327,464.673,19.957,0.59,0.61,4,516.92,
Player1_Car,31.94,673.899,-20.853,472.234,20.042,-0.10,0.59,4,509.20,
Player2_Car,31.94,669.954,-22.396,464.274,19.968,0.59,0.60,4,517.33,
Player1_Car,31.96,673.899,-20.944,471.832,20.070,-0.11,0.59,4,509.61,
Player2_Car,31.96,669.954,-22.458,463.877,19.862,0.59,0.62,4,517.73,
Player1_Car,31.98,673.898,-21.033,471.431,20.066,-0.12,0.59,4,510.02,
Player2_Car,31.98,669.954,-22.522,463.478,19.916,0.58,0.61,4,518.13,
Player1_Car,32.00,673.898,-21.116,471.032,19.968,-0.10,0.60,4,510.43,
Player2_Car,32.00,669.954,-22.587,463.079,19.947,0.59,0.61,4,518.54,
Player1_Car,32.02,673.898,-21.201,470.632,20.023,-0.11,0.60,4,510.84,
Player2_Car,32.02,669.953,-22.650,462.681,19.944,0.59,0.61,4,518.94,
Player1_Car,32.04,673.898,-21.287,470.231,20.053,-0.13,0.59,4,511.25,
Player2_Car,32.04,669.953,-22.708,462.284,19.849,0.57,0.62,4,519.34,
Player1_Car,32.06,673.897,-21.366,469.832,19.945,-0.14,0.61,4,511.66,
Player2_Car,32.06,669.953,-22.768,461.886,19.905,0.58,0.61,4,519.75,
Player1_Car,32.08,673.897,-21.447,469.432,19.992,-0.14,0.60,4,512.07,
Player2_Car,32.08,669.953,-22.828,461.487,19.938,0.58,0.61,4,520.15,
Player1_Car,32.10,673.897,-21.529,469.031,20.021,-0.15,0.60,4,512.48,
Player2_Car,32.10,669.953,-22.883,461.091,19.831,0.59,0.62,4,520.55,
Player1_Car,32.12,673.896,-21.610,468.631,20.027,-0.15,0.60,4,512.89,
Player2_Car,32.12,669.953,-22.940,460.693,19.879,0.58,0.61,4,520.96,
Player1_Car,32.14,673.896,-21.684,468.233,19.921,-0.14,0.61,4,513.29,
Player2_Car,32.14,669.952,-22.996,460.295,19.911,0.58,0.61,4,521.36,
Player1_Car,32.16,673.896,-21.761,467.833,19.976,-0.15,0.60,4,513.70,
Player2_Car,32.16,669.952,-23.053,459.896,19.927,0.58,0.61,4,521.76,
Player1_Car,32.18,673.895,-21.838,467.433,20.007,-0.17,0.60,4,514.11,
Player2_Car,32.18,669.952,-23.103,459.500,19.814,0.58,0.62,4,522.16,
Player1_Car,32.20,673.895,-21.914,467.033,19.998,-0.17,0.60,4,514.52,
Player2_Car,32.20,669.952,-23.156,459.103,19.869,0.57,0.62,4,522.56,
Player1_Car,32.22,673.894,-21.984,466.635,19.901,-0.15,0.61,4,514.92,
Player2_Car,32.22,669.952,-23.208,458.705,19.902,0.58,0.61,4,522.97,
Player1_Car,32.24,673.894,-22.056,466.236,19.962,-0.17,0.60,4,515.33,
Player2_Car,32.24,669.952,-23.260,458.307,19.907,0.58,0.61,4,523.37,
Player1_Car,32.26,673.894,-22.129,465.836,19.993,-0.19,0.60,4,515.73,
Player2_Car,32.26,669.952,-23.307,457.911,19.804,0.57,0.62,4,523.77,
Player1_Car,32.28,673.893,-22.196,465.439,19.880,-0.19,0.61,4,516.14,
Player2_Car,32.28,669.951,-23.355,457.514,19.861,0.57,0.62,4,524.17,
Player1_Car,32.30,673.893,-22.264,465.040,19.933,-0.19,0.61,4,516.55,
Player2_Car,32.30,669.951,-23.404,457.116,19.895,0.57,0.61,4,524.57,
Player1_Car,32.32,673.893,-22.333,464.641,19.964,-0.20,0.60,4,516.95,
Player2_Car,32.32,669.951,-23.452,456.718,19.887,0.57,0.61,4,524.97,
Player1_Car,32.34,673.892,-22.401,464.242,19.971,-0.21,0.60,4,517.36,
Player2_Car,32.34,669.951,-23.494,456.323,19.796,0.56,0.62,4,525.37,
Player1_Car,32.36,673.892,-22.463,463.845,19.864,-0.20,0.62,4,517.76,
Player2_Car,32.36,669.951,-23.538,455.926,19.854,0.57,0.62,4,525.77,
Player1_Car,32.38,673.892,-22.527,463.446,19.921,-0.21,0.61,4,518.16,
Player2_Car,32.38,669.952,-23.567,455.533,19.644,0.01,0.64,4,526.16,
Player1_Car,32.40,673.891,-22.592,463.047,19.954,-0.22,0.61,4,518.57,
Player2_Car,32.40,669.953,-23.599,455.138,19.731,0.31,0.63,4,526.56,
Player1_Car,32.42,673.891,-22.655,462.648,19.947,-0.22,0.61,4,518.98,
Player2_Car,32.42,669.953,-23.635,454.741,19.853,0.57,0.62,4,526.96,
Player1_Car,32.44,673.891,-22.713,462.252,19.847,-0.21,0.62,4,519.38,
Player2_Car,32.44,669.953,-23.673,454.341,19.981,0.47,0.60,4,527.36,
Player1_Car,32.46,673.890,-22.773,461.853,19.910,-0.22,0.61,4,519.78,
Player2_Car,32.46,669.952,-23.716,453.940,20.098,0.25,0.59,4,527.77,
Player1_Car,32.48,673.890,-22.833,461.455,19.944,-0.24,0.61,4,520.18,
Player2_Car,32.48,669.950,-23.760,453.537,20.154,0.18,0.58,4,528.18,
Player1_Car,32.50,673.890,-22.888,461.058,19.832,-0.25,0.62,4,520.59,
Player2_Car,32.50,669.948,-23.806,453.132,20.207,0.25,0.58,4,528.58,
Player1_Car,32.52,673.889,-22.944,460.660,19.884,-0.24,0.61,4,520.99,
Player2_Car,32.52,669.945,-23.854,452.728,20.239,0.34,0.57,4,528.99,
Player1_Car,32.54,673.889,-23.001,460.262,19.916,-0.25,0.61,4,521.39,
Player2_Car,32.54,669.943,-23.897,452.325,20.116,0.12,0.59,4,529.40,
Player1_Car,32.56,673.889,-23.057,459.863,19.929,-0.25,0.61,4,521.79,
Player2_Car,32.56,669.942,-23.930,451.929,19.839,0.37,0.62,4,529.80,
Player1_Car,32.58,673.888,-23.108,459.467,19.816,-0.25,0.62,4,522.20,
Player2_Car,32.58,669.942,-23.964,451.531,19.875,0.35,0.61,4,530.20,
Player1_Car,32.60,673.888,-23.160,459.070,19.874,-0.26,0.62,4,522.60,
Player2_Car,32.60,669.942,-23.999,451.133,19.902,0.35,0.61,4,530.60,
Player1_Car,32.62,673.888,-23.213,458.672,19.908,-0.27,0.61,4,523.00,
Player2_Car,32.62,669.941,-24.032,450.735,19.890,0.35,0.61,4,531.00,
Player1_Car,32.64,673.888,-23.265,458.273,19.908,-0.27,0.61,4,523.40,
Player2_Car,32.64,669.941,-24.060,450.340,19.786,0.34,0.63,4,531.39,
Player1_Car,32.66,673.887,-23.311,457.878,19.802,-0.26,0.62,4,523.80,
Player2_Car,32.66,669.940,-24.090,449.943,19.849,0.34,0.62,4,531.79,
Player1_Car,32.68,673.887,-23.359,457.480,19.865,-0.27,0.62,4,524.20,
Player2_Car,32.68,669.940,-24.121,449.545,19.882,0.35,0.61,4,532.19,
Player1_Car,32.70,673.887,-23.408,457.082,19.900,-0.28,0.61,4,524.60,
Player2_Car,32.70,669.940,-24.147,449.150,19.773,0.35,0.63,4,532.59,
Player1_Car,32.72,673.886,-23.456,456.685,19.888,-0.29,0.61,4,525.01,
Player2_Car,32.72,669.939,-24.175,448.753,19.821,0.34,0.62,4,532.99,
Player1_Car,32.74,673.886,-23.498,456.289,19.793,-0.27,0.62,4,525.41,
Player2_Car,32.74,669.939,-24.202,448.356,19.851,0.34,0.62,4,533.39,
Player1_Car,32.76,673.886,-23.542,455.892,19.858,-0.29,0.62,4,525.80,
Player2_Car,32.76,669.939,-24.229,447.959,19.867,0.34,0.62,4,533.78,
Player1_Car,32.78,673.885,-23.587,455.494,19.893,-0.30,0.61,4,526.21,
Player2_Car,32.78,669.938,-24.252,447.564,19.755,0.34,0.63,4,534.18,
Player1_Car,32.80,673.885,-23.627,455.099,19.779,-0.31,0.63,4,526.61,
Player2_Car,32.80,669.938,-24.276,447.168,19.809,0.34,0.62,4,534.58,
Player1_Car,32.82,673.885,-23.668,454.702,19.833,-0.30,0.62,4,527.00,
Player2_Car,32.82,669.938,-24.300,446.771,19.841,0.34,0.62,4,534.98,
Player1_Car,32.84,673.884,-23.710,454.305,19.867,-0.31,0.62,4,527.40,
Player2_Car,32.84,669.937,-24.323,446.374,19.848,0.34,0.62,4,535.38,
Player1_Car,32.86,673.884,-23.751,453.907,19.880,-0.32,0.61,4,527.80,
Player2_Car,32.86,669.937,-24.342,445.979,19.745,0.34,0.63,4,535.77,
Player1_Car,32.88,673.884,-23.786,453.512,19.769,-0.32,0.63,4,528.20,
Player2_Car,32.88,669.937,-24.363,445.583,19.803,0.34,0.62,4,536.17,
Player1_Car,32.90,673.883,-23.824,453.115,19.828,-0.32,0.62,4,528.60,
Player2_Car,32.90,669.937,-24.384,445.187,19.837,0.34,0.62,4,536.57,
Player1_Car,32.92,673.883,-23.862,452.718,19.862,-0.33,0.62,4,529.00,
Player2_Car,32.92,669.936,-24.404,444.790,19.835,0.34,0.62,4,536.97,
Player1_Car,32.94,673.883,-23.899,452.321,19.866,-0.33,0.62,4,529.40,
Player2_Car,32.94,669.936,-24.419,444.395,19.736,0.33,0.63,4,537.36,
Player1_Car,32.96,673.882,-23.931,451.926,19.760,-0.33,0.63,4,529.80,
Player2_Car,32.96,669.936,-24.437,444.000,19.798,0.34,0.62,4,537.76,
Player1_Car,32.98,673.882,-23.964,451.529,19.823,-0.33,0.62,4,530.20,
Player2_Car,32.98,669.936,-24.454,443.603,19.833,0.34,0.62,4,538.15,
Player1_Car,33.00,673.882,-23.999,451.132,19.858,-0.34,0.62,4,530.60,
Player2_Car,33.00,669.935,-24.471,443.207,19.821,0.34,0.62,4,538.55,
Player1_Car,33.02,673.881,-24.032,450.735,19.850,-0.35,0.62,4,531.00,
Player2_Car,33.02,669.935,-24.484,442.812,19.738,0.33,0.63,4,538.95,
Player1_Car,33.04,673.881,-24.060,450.341,19.750,-0.33,0.63,4,531.39,
Player2_Car,33.04,669.935,-24.498,442.416,19.799,0.33,0.62,4,539.34,
Player1_Car,33.06,673.881,-24.090,449.944,19.817,-0.35,0.62,4,531.79,
Player2_Car,33.06,669.935,-24.513,442.020,19.831,0.34,0.62,4,539.74,
Player1_Car,33.08,673.881,-24.121,449.547,19.853,-0.35,0.62,4,532.19,
Player2_Car,33.08,669.934,-24.524,441.625,19.736,0.34,0.63,4,540.14,
Player1_Car,33.10,673.880,-24.147,449.152,19.747,-0.36,0.63,4,532.59,
Player2_Car,33.10,669.934,-24.535,441.229,19.783,0.34,0.63,4,540.53,
Player1_Car,33.12,673.880,-24.174,448.756,19.797,-0.36,0.62,4,532.98,
Player2_Car,33.12,669.934,-24.547,440.833,19.813,0.34,0.62,4,540.93,
Player1_Car,33.14,673.880,-24.202,448.360,19.830,-0.36,0.62,4,533.38,
Player2_Car,33.14,669.934,-24.559,440.436,19.827,0.34,0.62,4,541.33,
Player1_Car,33.16,673.879,-24.229,447.963,19.848,-0.37,0.62,4,533.78,
Player2_Car,33.16,669.934,-24.567,440.042,19.739,0.34,0.63,4,541.73,
Player1_Car,33.18,673.879,-24.252,447.568,19.737,-0.37,0.63,4,534.18,
Player2_Car,33.18,669.933,-24.576,439.646,19.788,0.34,0.63,4,542.12,
Player1_Car,33.20,673.879,-24.275,447.172,19.793,-0.37,0.62,4,534.57,
Player2_Car,33.20,669.933,-24.585,439.250,19.819,0.34,0.62,4,542.52,
Player1_Car,33.22,673.879,-24.299,446.776,19.826,-0.38,0.62,4,534.97,
Player2_Car,33.22,669.933,-24.594,438.853,19.825,0.34,0.62,4,542.92,
Player1_Car,33.24,673.878,-24.323,446.379,19.835,-0.38,0.62,4,535.37,
Player2_Car,33.24,669.933,-24.599,438.459,19.745,0.33,0.63,4,543.31,
Player1_Car,33.26,673.878,-24.342,445.985,19.733,-0.38,0.63,4,535.77,
Player2_Car,33.26,669.933,-24.606,438.063,19.797,0.34,0.62,4,543.71,
Player1_Car,33.28,673.878,-24.362,445.589,19.792,-0.38,0.62,4,536.16,
Player2_Car,33.28,669.932,-24.613,437.666,19.827,0.34,0.62,4,544.10,
Player1_Car,33.30,673.877,-24.383,445.192,19.827,-0.39,0.62,4,536.56,
Player2_Car,33.30,669.932,-24.619,437.270,19.824,0.34,0.62,4,544.50,
Player1_Car,33.32,673.877,-24.404,444.796,19.826,-0.39,0.62,4,536.96,
Player2_Car,33.32,669.932,-24.622,436.874,19.778,0.34,0.63,4,544.90,
Player1_Car,33.34,673.877,-24.419,444.402,19.728,-0.39,0.63,4,537.36,
Player2_Car,33.34,669.932,-24.627,436.478,19.816,0.34,0.62,4,545.29,
Player1_Car,33.36,673.877,-24.436,444.006,19.791,-0.40,0.63,4,537.75,
Player2_Car,33.36,669.932,-24.632,436.081,19.841,0.34,0.62,4,545.69,
Player1_Car,33.38,673.876,-24.454,443.609,19.826,-0.40,0.62,4,538.15,
Player2_Car,33.38,669.932,-24.634,435.685,19.794,0.34,0.62,4,546.09,
Player1_Car,33.40,673.873,-24.455,443.219,19.510,-0.54,0.66,4,538.54,
Player2_Car,33.40,669.932,-24.637,435.289,19.817,0.34,0.62,4,546.48,
Player1_Car,33.42,673.871,-24.458,442.827,19.587,-0.60,0.65,4,538.93,
Player2_Car,33.42,669.932,-24.640,434.892,19.838,0.34,0.62,4,546.88,
Player1_Car,33.44,673.871,-24.465,442.432,19.747,-0.15,0.63,4,539.33,
Player2_Car,33.44,669.931,-24.643,434.495,19.853,0.34,0.62,4,547.28,
Player1_Car,33.46,673.871,-24.476,442.034,19.898,0.06,0.61,3,539.73,
Player2_Car,33.46,669.931,-24.644,434.099,19.816,0.34,0.62,4,547.68,
Player1_Car,33.48,673.872,-24.486,441.639,19.797,0.17,0.62,3,540.12,
Player2_Car,33.48,669.931,-24.646,433.702,19.844,0.34,0.62,4,548.07,
Player1_Car,33.50,673.873,-24.500,441.244,19.724,0.60,0.63,3,540.52,
Player2_Car,33.50,669.931,-24.647,433.305,19.863,0.34,0.62,4,548.47,
Player1_Car,33.52,673.874,-24.516,440.851,19.655,0.89,0.64,3,540.91,
Player2_Car,33.52,669.931,-24.649,432.907,19.873,0.34,0.62,4,548.87,
Player1_Car,33.54,673.876,-24.533,440.460,19.577,0.84,0.65,4,541.30,
Player2_Car,33.54,669.931,-24.649,432.510,19.868,0.34,0.62,4,549.27,
Player1_Car,33.56,673.876,-24.551,440.067,19.616,-0.20,0.65,4,541.70,
Player2_Car,33.56,669.931,-24.650,432.112,19.882,0.34,0.61,4,549.66,
Player1_Car,33.58,673.875,-24.568,439.675,19.614,-0.30,0.65,4,542.09,
Player2_Car,33.58,669.931,-24.651,431.714,19.895,0.34,0.61,4,550.06,
Player1_Car,33.60,673.877,-24.585,439.282,19.673,0.10,0.64,4,542.49,
Player2_Car,33.60,669.930,-24.651,431.316,19.898,0.34,0.61,4,550.46,
Player1_Car,33.62,673.879,-24.596,438.891,19.547,0.08,0.65,4,542.88,
Player2_Car,33.62,669.930,-24.652,430.918,19.900,0.34,0.61,4,550.86,
Player1_Car,33.64,673.880,-24.604,438.501,19.507,0.07,0.66,4,543.27,
Player2_Car,33.64,669.930,-24.652,430.520,19.909,0.34,0.61,4,551.26,
Player1_Car,33.66,673.880,-24.611,438.111,19.561,0.05,0.65,4,543.66,
Player2_Car,33.66,669.930,-24.652,430.122,19.919,0.34,0.61,4,551.65,
Player1_Car,33.68,673.881,-24.618,437.720,19.610,0.05,0.65,4,544.05,
Player2_Car,33.68,669.930,-24.652,429.723,19.926,0.34,0.61,4,552.05,
Player1_Car,33.70,673.882,-24.621,437.330,19.579,0.05,0.65,4,544.44,
Player2_Car,33.70,669.930,-24.652,429.325,19.934,0.34,0.61,4,552.45,
Player1_Car,33.72,673.883,-24.626,436.939,19.614,0.08,0.65,4,544.83,
Player2_Car,33.72,669.930,-24.652,428.926,19.942,0.34,0.61,4,552.85,
Player1_Car,33.74,673.884,-24.631,436.547,19.656,0.09,0.64,4,545.22,
Player2_Car,33.74,669.930,-24.652,428.527,19.950,0.34,0.61,4,553.25,
Player1_Car,33.76,673.885,-24.636,436.154,19.694,0.10,0.64,4,545.62,
Player2_Car,33.76,669.930,-24.652,428.128,19.957,0.34,0.61,4,553.65,
Player1_Car,33.78,673.886,-24.637,435.763,19.653,0.09,0.64,4,546.01,
Player2_Car,33.78,669.930,-24.652,427.728,19.963,0.34,0.60,4,554.05,
Player1_Car,33.80,673.887,-24.640,435.370,19.681,0.12,0.64,4,546.40,
Player2_Car,33.80,669.930,-24.652,427.329,19.969,0.34,0.60,4,554.45,
Player1_Car,33.82,673.888,-24.643,434.977,19.714,0.13,0.63,4,546.80,
Player2_Car,33.82,669.930,-24.652,426.929,19.974,0.35,0.60,4,554.85,
Player1_Car,33.84,673.889,-24.646,434.583,19.746,0.14,0.63,4,547.19,
Player2_Car,33.84,669.930,-24.652,426.530,19.979,0.35,0.60,4,555.25,
Player1_Car,33.86,673.890,-24.647,434.189,19.728,0.13,0.63,4,547.58,
Player2_Car,33.86,669.930,-24.652,426.130,19.983,0.35,0.60,4,555.64,
Player1_Car,33.88,673.890,-24.648,433.795,19.753,0.16,0.63,4,547.98,
Player2_Car,33.88,669.930,-24.652,425.731,19.987,0.35,0.60,4,556.04,
Player1_Car,33.90,673.891,-24.650,433.400,19.780,0.17,0.63,4,548.37,
Player2_Car,33.90,669.930,-24.652,425.331,19.991,0.35,0.60,4,556.44,
Player1_Car,33.92,673.892,-24.650,433.005,19.769,0.17,0.63,4,548.77,
Player2_Car,33.92,669.929,-24.652,424.931,19.994,0.35,0.60,4,556.84,
Player1_Car,33.94,673.893,-24.651,432.610,19.788,0.19,0.63,4,549.17,
Player2_Car,33.94,669.929,-24.652,424.531,19.997,0.35,0.60,4,557.24,
Player1_Car,33.96,673.894,-24.652,432.214,19.811,0.20,0.62,4,549.56,
Player2_Car,33.96,669.929,-24.652,424.131,20.000,0.35,0.60,4,557.64,
Player1_Car,33.98,673.894,-24.652,431.818,19.831,0.20,0.62,4,549.96,
Player2_Car,33.98,669.929,-24.652,423.731,20.002,0.35,0.60,4,558.04,
Player1_Car,34.00,673.895,-24.652,431.422,19.817,0.20,0.62,4,550.35,
Player2_Car,34.00,669.929,-24.652,423.331,20.004,0.35,0.60,4,558.44,
Player1_Car,34.02,673.896,-24.652,431.025,19.831,0.22,0.62,4,550.75,
Player2_Car,34.02,669.929,-24.652,422.931,20.006,0.35,0.60,4,558.84,
Player1_Car,34.04,673.897,-24.652,430.628,19.848,0.23,0.62,4,551.15,
Player2_Car,34.04,669.929,-24.652,422.531,20.008,0.35,0.60,4,559.24,
Player1_Car,34.06,673.897,-24.652,430.231,19.865,0.24,0.62,4,551.54,
Player2_Car,34.06,669.929,-24.652,422.130,20.010,0.35,0.60,4,559.64,
Player1_Car,34.08,673.898,-24.652,429.834,19.872,0.24,0.62,4,551.94,
Player2_Car,34.08,669.929,-24.652,421.730,20.011,0.35,0.60,4,560.05,
Player1_Car,34.10,673.899,-24.652,429.436,19.885,0.25,0.61,4,552.34,
Player2_Car,34.10,669.929,-24.652,421.330,20.013,0.35,0.60,4,560.45,
Player1_Car,34.12,673.899,-24.652,429.038,19.898,0.25,0.61,4,552.74,
Player2_Car,34.12,669.929,-24.652,420.930,20.014,0.35,0.60,4,560.85,
Player1_Car,34.14,673.900,-24.652,428.640,19.910,0.26,0.61,4,553.13,
Player2_Car,34.14,669.929,-24.652,420.529,20.015,0.35,0.60,4,561.25,
Player1_Car,34.16,673.901,-24.652,428.242,19.921,0.26,0.61,4,553.53,
Player2_Car,34.16,669.929,-24.652,420.129,20.016,0.36,0.60,4,561.65,
Player1_Car,34.18,673.901,-24.652,427.843,19.930,0.27,0.61,4,553.93,
Player2_Car,34.18,669.929,-24.652,419.729,20.017,0.36,0.60,4,562.05,
Player1_Car,34.20,673.902,-24.652,427.444,19.939,0.27,0.61,4,554.33,
Player2_Car,34.20,669.929,-24.652,419.328,20.018,0.36,0.60,4,562.45,
Player1_Car,34.22,673.903,-24.652,427.045,19.947,0.28,0.61,4,554.73,
Player2_Car,34.22,669.929,-24.652,418.928,20.019,0.36,0.60,4,562.85,
Player1_Car,34.24,673.903,-24.652,426.646,19.954,0.28,0.61,4,555.13,
Player2_Car,34.24,669.929,-24.652,418.528,20.019,0.36,0.60,4,563.25,
Player1_Car,34.26,673.904,-24.652,426.247,19.961,0.28,0.60,4,555.53,
Player2_Car,34.26,669.929,-24.652,418.127,20.020,0.36,0.60,4,563.65,
Player1_Car,34.28,673.904,-24.652,425.848,19.967,0.29,0.60,4,555.93,
Player2_Car,34.28,669.929,-24.652,417.727,20.020,0.36,0.60,4,564.05,
Player1_Car,34.30,673.905,-24.652,425.448,19.972,0.29,0.60,4,556.33,
Player2_Car,34.30,669.929,-24.652,417.326,20.021,0.36,0.60,4,564.45,
Player1_Car,34.32,673.906,-24.652,425.049,19.977,0.30,0.60,4,556.73,
Player2_Car,34.32,669.929,-24.652,416.926,20.021,0.36,0.60,4,564.85,
Player1_Car,34.34,673.906,-24.652,424.649,19.982,0.30,0.60,4,557.13,
Player2_Car,34.34,669.929,-24.652,416.526,20.022,0.36,0.60,4,565.25,
Player1_Car,34.36,673.907,-24.652,424.250,19.986,0.30,0.60,4,557.53,
Player2_Car,34.36,669.929,-24.652,416.125,20.022,0.36,0.60,4,565.65,
Player1_Car,34.38,673.907,-24.652,423.850,19.990,0.31,0.60,4,557.93,
Player2_Car,34.38,669.929,-24.652,415.725,20.023,0.36,0.60,4,566.05,
Player1_Car,34.40,673.908,-24.652,423.450,19.993,0.31,0.60,4,558.33,
Player2_Car,34.40,669.929,-24.652,415.324,20.023,0.36,0.60,4,566.45,
Player1_Car,34.42,673.908,-24.652,423.050,19.996,0.32,0.60,4,558.73,
Player2_Car,34.42,669.929,-24.652,414.924,20.023,0.36,0.60,4,566.85,
Player1_Car,34.44,673.909,-24.652,422.650,19.999,0.32,0.60,4,559.12,
Player2_Car,34.44,669.929,-24.652,414.523,20.024,0.37,0.60,4,567.25,
Player1_Car,34.46,673.909,-24.652,422.250,20.001,0.32,0.60,4,559.53,
Player2_Car,34.46,669.929,-24.652,414.123,20.024,0.37,0.60,4,567.65,
Player1_Car,34.48,673.910,-24.652,421.850,20.004,0.33,0.60,4,559.93,
Player2_Car,34.48,669.929,-24.652,413.722,20.024,0.37,0.60,4,568.05,
Player1_Car,34.50,673.910,-24.652,421.450,20.006,0.33,0.60,4,560.33,
Player2_Car,34.50,669.929,-24.652,413.322,20.024,0.37,0.60,4,568.45,
Player1_Car,34.52,673.911,-24.652,421.050,20.008,0.33,0.60,4,560.73,
Player2_Car,34.52,669.929,-24.652,412.921,20.024,0.37,0.60,4,568.85,
Player1_Car,34.54,673.911,-24.652,420.649,20.009,0.34,0.60,4,561.13,
Player2_Car,34.54,669.929,-24.652,412.521,20.025,0.37,0.60,4,569.25,
Player1_Car,34.56,673.912,-24.652,420.249,20.011,0.34,0.60,4,561.53,
Player2_Car,34.56,669.929,-24.652,412.120,20.025,0.37,0.60,4,569.65,
Player1_Car,34.58,673.912,-24.652,419.849,20.012,0.34,0.60,4,561.93,
Player2_Car,34.58,669.929,-24.652,411.720,20.025,0.37,0.60,4,570.06,
Player1_Car,34.60,673.913,-24.652,419.449,20.014,0.35,0.60,4,562.33,
Player2_Car,34.60,669.929,-24.652,411.319,20.025,0.37,0.60,4,570.46,
Player1_Car,34.62,673.913,-24.652,419.049,20.015,0.35,0.60,4,562.73,
Player2_Car,34.62,669.929,-24.652,410.919,20.025,0.37,0.60,4,570.86,
Player1_Car,34.64,673.914,-24.652,418.648,20.016,0.35,0.60,4,563.13,
Player2_Car,34.64,669.929,-24.652,410.518,20.025,0.37,0.60,4,571.26,
Player1_Car,34.66,673.914,-24.652,418.248,20.017,0.36,0.60,4,563.53,
Player2_Car,34.66,669.929,-24.652,410.118,20.025,0.37,0.60,4,571.66,
Player1_Car,34.68,673.915,-24.652,417.848,20.018,0.36,0.60,4,563.93,
Player2_Car,34.68,669.929,-24.652,409.717,20.025,0.38,0.60,4,572.06,
Player1_Car,34.70,673.915,-24.652,417.447,20.018,0.36,0.60,4,564.33,
Player2_Car,34.70,669.930,-24.652,409.317,20.025,0.38,0.60,4,572.46,
Player1_Car,34.72,673.916,-24.652,417.047,20.019,0.36,0.60,4,564.73,
Player2_Car,34.72,669.930,-24.652,408.916,20.025,0.38,0.60,4,572.86,
Player1_Car,34.74,673.916,-24.652,416.646,20.020,0.37,0.60,4,565.13,
Player2_Car,34.74,669.930,-24.652,408.516,20.026,0.38,0.60,4,573.26,
Player1_Car,34.76,673.916,-24.652,416.246,20.020,0.37,0.60,4,565.53,
Player2_Car,34.76,669.930,-24.652,408.115,20.026,0.38,0.60,4,573.66,
Player1_Car,34.78,673.917,-24.652,415.846,20.021,0.37,0.60,4,565.93,
Player2_Car,34.78,669.930,-24.652,407.715,20.026,0.38,0.60,4,574.06,
Player1_Car,34.80,673.917,-24.652,415.445,20.021,0.38,0.60,4,566.33,
Player2_Car,34.80,669.930,-24.652,407.314,20.026,0.38,0.60,4,574.46,
Player1_Car,34.82,673.918,-24.652,415.045,20.022,0.38,0.60,4,566.73,
Player2_Car,34.82,669.930,-24.652,406.914,20.026,0.38,0.60,4,574.86,
Player1_Car,34.84,673.918,-24.652,414.644,20.022,0.38,0.60,4,567.13,
Player2_Car,34.84,669.930,-24.652,406.513,20.026,0.38,0.60,4,575.26,
Player1_Car,34.86,673.919,-24.652,414.244,20.023,0.38,0.60,4,567.53,
Player2_Car,34.86,669.930,-24.652,406.113,20.026,0.38,0.60,4,575.66,
Player1_Car,34.88,673.919,-24.652,413.843,20.023,0.39,0.60,4,567.93,
Player2_Car,34.88,669.930,-24.652,405.712,20.026,0.39,0.60,4,576.06,
Player1_Car,34.90,673.919,-24.652,413.443,20.023,0.39,0.60,4,568.33,
Player2_Car,34.90,669.930,-24.652,405.312,20.026,0.39,0.60,4,576.46,
Player1_Car,34.92,673.920,-24.652,413.043,20.023,0.39,0.60,4,568.73,
Player2_Car,34.92,669.930,-24.652,404.911,20.026,0.39,0.60,4,576.86,
Player1_Car,34.94,673.920,-24.652,412.642,20.024,0.39,0.60,4,569.13,
Player2_Car,34.94,669.930,-24.652,404.511,20.026,0.39,0.60,4,577.26,
Player1_Car,34.96,673.920,-24.652,412.242,20.024,0.39,0.60,4,569.53,
Player2_Car,34.96,669.930,-24.652,404.110,20.026,0.39,0.60,4,577.67,
Player1_Car,34.98,673.921,-24.652,411.841,20.024,0.40,0.60,4,569.93,
Player2_Car,34.98,669.930,-24.652,403.710,20.026,0.39,0.60,4,578.07,
Player1_Car,35.00,673.921,-24.652,411.441,20.024,0.40,0.60,4,570.33,
Player2_Car,35.00,669.930,-24.652,403.309,20.026,0.39,0.60,4,578.47,
Player1_Car,35.02,673.921,-24.652,411.040,20.024,0.40,0.60,4,570.73,
Player2_Car,35.02,669.931,-24.652,402.909,20.026,0.39,0.60,4,578.87,
Player1_Car,35.04,673.922,-24.652,410.640,20.025,0.40,0.60,4,571.14,
Player2_Car,35.04,669.931,-24.652,402.508,20.026,0.39,0.60,4,579.27,
Player1_Car,35.06,673.922,-24.652,410.239,20.025,0.41,0.60,4,571.54,
Player2_Car,35.06,669.931,-24.652,402.108,20.026,0.40,0.60,4,579.67,
Player1_Car,35.08,673.923,-24.652,409.839,20.025,0.41,0.60,4,571.94,
Player2_Car,35.08,669.931,-24.652,401.707,20.026,0.40,0.60,4,580.07,
Player1_Car,35.10,673.923,-24.652,409.438,20.025,0.41,0.60,4,572.34,
Player2_Car,35.10,669.931,-24.652,401.307,20.026,0.40,0.60,4,580.47,
Player1_Car,35.12,673.923,-24.652,409.038,20.025,0.41,0.60,4,572.74,
Player2_Car,35.12,669.931,-24.652,400.906,20.026,0.40,0.60,4,580.87,
Player1_Car,35.14,673.923,-24.652,408.637,20.025,0.41,0.60,4,573.14,
Player2_Car,35.14,669.931,-24.652,400.506,20.026,0.40,0.60,4,581.27,
Player1_Car,35.16,673.924,-24.652,408.237,20.025,0.41,0.60,4,573.54,
Player2_Car,35.16,669.931,-24.652,400.105,20.026,0.40,0.60,4,581.67,
Player1_Car,35.18,673.924,-24.652,407.836,20.025,0.42,0.60,4,573.94,
Player2_Car,35.18,669.931,-24.652,399.705,20.026,0.40,0.60,4,582.07,
Player1_Car,35.20,673.924,-24.652,407.436,20.025,0.42,0.60,4,574.34,
Player2_Car,35.20,669.931,-24.652,399.304,20.026,0.40,0.60,4,582.47,
Player1_Car,35.22,673.925,-24.652,407.035,20.025,0.42,0.60,4,574.74,
Player2_Car,35.22,669.931,-24.652,398.904,20.026,0.40,0.60,4,582.87,
Player1_Car,35.24,673.925,-24.652,406.635,20.025,0.42,0.60,4,575.14,
Player2_Car,35.24,669.931,-24.652,398.503,20.026,0.40,0.60,4,583.27,
Player1_Car,35.26,673.925,-24.652,406.234,20.025,0.42,0.60,4,575.54,
Player2_Car,35.26,669.931,-24.652,398.103,20.026,0.41,0.60,4,583.67,
Player1_Car,35.28,673.926,-24.652,405.834,20.025,0.43,0.60,4,575.94,
Player2_Car,35.28,669.931,-24.652,397.702,20.026,0.41,0.60,4,584.07,
Player1_Car,35.30,673.926,-24.652,405.433,20.025,0.43,0.60,4,576.34,
Player2_Car,35.30,669.931,-24.652,397.302,20.026,0.41,0.60,4,584.47,
Player1_Car,35.32,673.926,-24.652,405.033,20.026,0.43,0.60,4,576.74,
Player2_Car,35.32,669.931,-24.652,396.901,20.026,0.41,0.60,4,584.87,
Player1_Car,35.34,673.926,-24.652,404.632,20.026,0.43,0.60,4,577.14,
Player2_Car,35.34,669.932,-24.652,396.501,20.026,0.41,0.60,4,585.27,
Player1_Car,35.36,673.927,-24.652,404.232,20.026,0.43,0.60,4,577.54,
Player2_Car,35.36,669.932,-24.652,396.100,20.026,0.41,0.60,4,585.68,
Player1_Car,35.38,673.927,-24.652,403.831,20.026,0.43,0.60,4,577.94,
Player2_Car,35.38,669.932,-24.652,395.700,20.026,0.41,0.60,4,586.08,
Player1_Car,35.40,673.927,-24.652,403.431,20.026,0.43,0.60,4,578.34,
Player2_Car,35.40,669.932,-24.652,395.299,20.026,0.41,0.60,4,586.48,
Player1_Car,35.42,673.927,-24.652,403.030,20.026,0.43,0.60,4,578.74,
Player2_Car,35.42,669.932,-24.652,394.899,20.026,0.41,0.60,4,586.88,
Player1_Car,35.44,673.928,-24.652,402.630,20.026,0.44,0.60,4,579.15,
Player2_Car,35.44,669.932,-24.652,394.498,20.026,0.41,0.60,4,587.28,
Player1_Car,35.46,673.928,-24.652,402.229,20.026,0.44,0.60,4,579.55,
Player2_Car,35.46,669.932,-24.652,394.097,20.026,0.41,0.60,4,587.68,
Player1_Car,35.48,673.928,-24.652,401.829,20.026,0.44,0.60,4,579.95,
Player2_Car,35.48,669.932,-24.652,393.697,20.026,0.42,0.60,4,588.08,
Player1_Car,35.50,673.928,-24.652,401.428,20.026,0.44,0.60,4,580.35,
Player2_Car,35.50,669.932,-24.652,393.296,20.026,0.42,0.60,4,588.48,
Player1_Car,35.52,673.929,-24.652,401.028,20.026,0.44,0.60,4,580.75,
Player2_Car,35.52,669.932,-24.652,392.896,20.026,0.42,0.60,4,588.88,
Player1_Car,35.54,673.929,-24.652,400.627,20.026,0.44,0.60,4,581.15,
Player2_Car,35.54,669.932,-24.652,392.495,20.026,0.42,0.60,4,589.28,
Player1_Car,35.56,673.929,-24.652,400.227,20.026,0.44,0.60,4,581.55,
Player2_Car,35.56,669.932,-24.652,392.095,20.026,0.42,0.60,4,589.68,
Player1_Car,35.58,673.929,-24.652,399.826,20.026,0.44,0.60,4,581.95,
Player2_Car,35.58,669.932,-24.652,391.694,20.026,0.42,0.60,4,590.08,
Player1_Car,35.60,673.929,-24.652,399.426,20.026,0.45,0.60,4,582.35,
Player2_Car,35.60,669.932,-24.652,391.294,20.026,0.42,0.60,4,590.48,
Player1_Car,35.62,673.930,-24.652,399.025,20.026,0.45,0.60,4,582.75,
Player2_Car,35.62,669.932,-24.652,390.893,20.026,0.42,0.60,4,590.88,
Player1_Car,35.64,673.930,-24.652,398.625,20.026,0.45,0.60,4,583.15,
Player2_Car,35.64,669.932,-24.652,390.493,20.026,0.42,0.60,4,591.28,
Player1_Car,35.66,673.930,-24.652,398.224,20.026,0.45,0.60,4,583.55,
Player2_Car,35.66,669.932,-24.652,390.092,20.026,0.42,0.60,4,591.68,
Player1_Car,35.68,673.930,-24.652,397.824,20.026,0.45,0.60,4,583.95,
Player2_Car,35.68,669.933,-24.652,389.692,20.026,0.43,0.60,4,592.08,
Player1_Car,35.70,673.930,-24.652,397.423,20.026,0.45,0.60,4,584.35,
Player2_Car,35.70,669.933,-24.652,389.291,20.026,0.43,0.60,4,592.48,
Player1_Car,35.72,673.930,-24.652,397.023,20.026,0.45,0.60,4,584.75,
Player2_Car,35.72,669.933,-24.652,388.891,20.026,0.43,0.60,4,592.88,
Player1_Car,35.74,673.931,-24.652,396.622,20.026,0.45,0.60,4,585.15,
Player2_Car,35.74,669.933,-24.652,388.490,20.026,0.43,0.60,4,593.29,
Player1_Car,35.76,673.931,-24.652,396.222,20.026,0.45,0.60,4,585.55,
Player2_Car,35.76,669.933,-24.652,388.090,20.026,0.43,0.60,4,593.69,
Player1_Car,35.78,673.931,-24.652,395.821,20.026,0.45,0.60,4,585.95,
Player2_Car,35.78,669.933,-24.652,387.689,20.026,0.43,0.60,4,594.09,
Player1_Car,35.80,673.931,-24.652,395.420,20.026,0.45,0.60,4,586.35,
Player2_Car,35.80,669.933,-24.652,387.289,20.026,0.43,0.60,4,594.49,
Player1_Car,35.82,673.931,-24.652,395.020,20.026,0.45,0.60,4,586.76,
Player2_Car,35.82,669.933,-24.652,386.888,20.026,0.43,0.60,4,594.89,
Player1_Car,35.84,673.932,-24.652,394.619,20.026,0.46,0.60,4,587.16,
Player2_Car,35.84,669.933,-24.652,386.488,20.026,0.43,0.60,4,595.29,
Player1_Car,35.86,673.932,-24.652,394.219,20.026,0.46,0.60,4,587.56,
Player2_Car,35.86,669.933,-24.652,386.087,20.026,0.43,0.60,4,595.69,
Player1_Car,35.88,673.932,-24.652,393.818,20.026,0.46,0.60,4,587.96,
Player2_Car,35.88,669.933,-24.652,385.687,20.026,0.43,0.60,4,596.09,
Player1_Car,35.90,673.932,-24.652,393.418,20.026,0.46,0.60,4,588.36,
Player2_Car,35.90,669.933,-24.652,385.286,20.026,0.43,0.60,4,596.49,
Player1_Car,35.92,673.932,-24.652,393.017,20.026,0.46,0.60,4,588.76,
Player2_Car,35.92,669.933,-24.652,384.886,20.026,0.44,0.60,4,596.89,
Player1_Car,35.94,673.932,-24.652,392.617,20.026,0.46,0.60,4,589.16,
Player2_Car,35.94,669.933,-24.652,384.485,20.026,0.44,0.60,4,597.29,
Player1_Car,35.96,673.932,-24.652,392.216,20.026,0.46,0.60,4,589.56,
Player2_Car,35.96,669.933,-24.652,384.085,20.026,0.44,0.60,4,597.69,
Player1_Car,35.98,673.933,-24.652,391.816,20.026,0.46,0.60,4,589.96,
Player2_Car,35.98,669.933,-24.652,383.684,20.026,0.44,0.60,4,598.09,
Player1_Car,36.00,673.933,-24.652,391.415,20.026,0.46,0.60,4,590.36,
Player2_Car,36.00,669.934,-24.652,383.284,20.026,0.44,0.60,4,598.49,
Player1_Car,36.02,673.933,-24.652,391.015,20.026,0.46,0.60,4,590.76,
Player2_Car,36.02,669.934,-24.652,382.883,20.026,0.44,0.60,4,598.89,
Player1_Car,36.04,673.933,-24.652,390.614,20.026,0.46,0.60,4,591.16,
Player2_Car,36.04,669.934,-24.652,382.483,20.026,0.44,0.60,4,599.29,
Player1_Car,36.06,673.933,-24.652,390.214,20.026,0.46,0.60,4,591.56,
Player2_Car,36.06,669.934,-24.652,382.082,20.026,0.44,0.60,4,599.69,
Player1_Car,36.08,673.933,-24.652,389.813,20.026,0.46,0.60,4,591.96,
Player2_Car,36.08,669.934,-24.652,381.682,20.026,0.44,0.60,4,600.09,
Player1_Car,36.10,673.933,-24.652,389.413,20.026,0.46,0.60,4,592.36,
Player2_Car,36.10,669.934,-24.652,381.281,20.026,0.44,0.60,4,600.49,
Player1_Car,36.12,673.933,-24.652,389.012,20.026,0.46,0.60,4,592.76,
Player2_Car,36.12,669.934,-24.652,380.881,20.026,0.44,0.60,4,600.89,
Player1_Car,36.14,673.934,-24.652,388.612,20.026,0.46,0.60,4,593.16,
Player2_Car,36.14,669.934,-24.652,380.480,20.026,0.44,0.60,4,601.30,
Player1_Car,36.16,673.934,-24.652,388.211,20.026,0.46,0.60,4,593.56,
Player2_Car,36.16,669.934,-24.652,380.080,20.026,0.45,0.60,4,601.70,
Player1_Car,36.18,673.934,-24.652,387.811,20.026,0.46,0.60,4,593.96,
Player2_Car,36.18,669.934,-24.652,379.679,20.026,0.45,0.60,4,602.10,
Player1_Car,36.20,673.934,-24.652,387.410,20.026,0.46,0.60,4,594.37,
Player2_Car,36.20,669.934,-24.652,379.279,20.026,0.45,0.60,4,602.50,
Player1_Car,36.22,673.934,-24.652,387.010,20.026,0.46,0.60,4,594.77,
Player2_Car,36.22,669.934,-24.652,378.878,20.026,0.45,0.60,4,602.90,
Player1_Car,36.24,673.934,-24.652,386.609,20.026,0.46,0.60,4,595.17,
Player2_Car,36.24,669.934,-24.652,378.477,20.026,0.45,0.60,4,603.30,
Player1_Car,36.26,673.934,-24.652,386.209,20.026,0.46,0.60,4,595.57,
Player2_Car,36.26,669.934,-24.652,378.077,20.026,0.45,0.60,4,603.70,
Player1_Car,36.28,673.934,-24.652,385.808,20.026,0.46,0.60,4,595.97,
Player2_Car,36.28,669.934,-24.652,377.676,20.026,0.45,0.60,4,604.10,
Player1_Car,36.30,673.935,-24.652,385.408,20.026,0.47,0.60,4,596.37,
Player2_Car,36.30,669.934,-24.652,377.276,20.026,0.45,0.60,4,604.50,
Player1_Car,36.32,673.935,-24.652,385.007,20.026,0.47,0.60,4,596.77,
Player2_Car,36.32,669.934,-24.652,376.875,20.026,0.45,0.60,4,604.90,
Player1_Car,36.34,673.935,-24.652,384.607,20.026,0.47,0.60,4,597.17,
Player2_Car,36.34,669.935,-24.652,376.475,20.026,0.45,0.60,4,605.30,
Player1_Car,36.36,673.935,-24.652,384.206,20.026,0.47,0.60,4,597.57,
Player2_Car,36.36,669.935,-24.652,376.074,20.026,0.45,0.60,4,605.70,
Player1_Car,36.38,673.935,-24.652,383.806,20.026,0.47,0.60,4,597.97,
Player2_Car,36.38,669.935,-24.652,375.674,20.026,0.45,0.60,4,606.10,
Player1_Car,36.40,673.935,-24.652,383.405,20.026,0.47,0.60,4,598.37,
Player2_Car,36.40,669.935,-24.652,375.273,20.026,0.46,0.60,4,606.50,
Player1_Car,36.42,673.935,-24.652,383.005,20.026,0.47,0.60,4,598.77,
Player2_Car,36.42,669.935,-24.652,374.873,20.026,0.46,0.60,4,606.90,
Player1_Car,36.44,673.935,-24.652,382.604,20.026,0.47,0.60,4,599.17,
Player2_Car,36.44,669.935,-24.652,374.472,20.026,0.46,0.60,4,607.30,
Player1_Car,36.46,673.935,-24.652,382.204,20.026,0.47,0.60,4,599.57,
Player2_Car,36.46,669.935,-24.652,374.072,20.026,0.46,0.60,4,607.70,
Player1_Car,36.48,673.935,-24.652,381.803,20.026,0.47,0.60,4,599.97,
Player2_Car,36.48,669.935,-24.652,373.671,20.026,0.46,0.60,4,608.10,
Player1_Car,36.50,673.935,-24.652,381.403,20.026,0.47,0.60,4,600.37,
Player2_Car,36.50,669.935,-24.652,373.271,20.026,0.46,0.60,4,608.50,
Player1_Car,36.52,673.935,-24.652,381.002,20.026,0.47,0.60,4,600.77,
Player2_Car,36.52,669.935,-24.652,372.870,20.026,0.46,0.60,4,608.91,
Player1_Car,36.54,673.935,-24.652,380.602,20.026,0.47,0.60,4,601.17,
Player2_Car,36.54,669.935,-24.652,372.470,20.026,0.46,0.60,4,609.31,
Player1_Car,36.56,673.935,-24.652,380.201,20.026,0.47,0.60,4,601.57,
Player2_Car,36.56,669.935,-24.652,372.069,20.026,0.46,0.60,4,609.71,
Player1_Car,36.58,673.935,-24.652,379.800,20.026,0.47,0.60,4,601.97,
Player2_Car,36.58,669.935,-24.652,371.669,20.026,0.46,0.60,4,610.11,
Player1_Car,36.60,673.936,-24.652,379.400,20.026,0.47,0.60,4,602.38,
Player2_Car,36.60,669.935,-24.652,371.268,20.026,0.46,0.60,4,610.51,
Player1_Car,36.62,673.936,-24.652,378.999,20.026,0.47,0.60,4,602.78,
Player2_Car,36.62,669.935,-24.652,370.868,20.026,0.46,0.60,4,610.91,
Player1_Car,36.64,673.936,-24.652,378.599,20.026,0.47,0.60,4,603.18,
Player2_Car,36.64,669.935,-24.652,370.467,20.026,0.46,0.60,4,611.31,
Player1_Car,36.66,673.936,-24.652,378.198,20.026,0.47,0.60,4,603.58,
Player2_Car,36.66,669.936,-24.652,370.067,20.026,0.47,0.60,4,611.71,
Player1_Car,36.68,673.936,-24.652,377.798,20.026,0.47,0.60,4,603.98,
Player2_Car,36.68,669.936,-24.652,369.666,20.026,0.47,0.60,4,612.11,
Player1_Car,36.70,673.936,-24.652,377.397,20.026,0.47,0.60,4,604.38,
Player2_Car,36.70,669.936,-24.652,369.266,20.026,0.47,0.60,4,612.51,
Player1_Car,36.72,673.936,-24.652,376.997,20.026,0.47,0.60,4,604.78,
Player2_Car,36.72,669.936,-24.652,368.865,20.026,0.47,0.60,4,612.91,
Player1_Car,36.74,673.936,-24.652,376.596,20.026,0.46,0.60,4,605.18,
Player2_Car,36.74,669.936,-24.652,368.465,20.026,0.47,0.60,4,613.31,
Player1_Car,36.76,673.936,-24.652,376.196,20.026,0.46,0.60,4,605.58,
Player2_Car,36.76,669.936,-24.652,368.064,20.026,0.47,0.60,4,613.71,
Player1_Car,36.78,673.936,-24.652,375.795,20.026,0.46,0.60,4,605.98,
Player2_Car,36.78,669.936,-24.652,367.664,20.026,0.47,0.60,4,614.11,
Player1_Car,36.80,673.936,-24.652,375.395,20.026,0.46,0.60,4,606.38,
Player2_Car,36.80,669.936,-24.652,367.263,20.026,0.47,0.60,4,614.51,
Player1_Car,36.82,673.936,-24.652,374.994,20.026,0.46,0.60,4,606.78,
Player2_Car,36.82,669.936,-24.652,366.863,20.026,0.47,0.60,4,614.91,
Player1_Car,36.84,673.936,-24.652,374.594,20.026,0.46,0.60,4,607.18,
Player2_Car,36.84,669.936,-24.652,366.462,20.026,0.47,0.60,4,615.31,
Player1_Car,36.86,673.936,-24.652,374.193,20.026,0.46,0.60,4,607.58,
Player2_Car,36.86,669.936,-24.652,366.062,20.026,0.47,0.60,4,615.71,
Player1_Car,36.88,673.936,-24.652,373.793,20.026,0.46,0.60,4,607.98,
Player2_Car,36.88,669.936,-24.652,365.661,20.026,0.47,0.60,4,616.11,
Player1_Car,36.90,673.936,-24.652,373.392,20.026,0.46,0.60,4,608.38,
Player2_Car,36.90,669.936,-24.652,365.261,20.026,0.47,0.60,4,616.51,
Player1_Car,36.92,673.937,-24.652,372.992,20.026,0.46,0.60,4,608.78,
Player2_Car,36.92,669.936,-24.652,364.860,20.026,0.47,0.60,4,616.92,
Player1_Car,36.94,673.937,-24.652,372.591,20.026,0.46,0.60,4,609.18,
Player2_Car,36.94,669.936,-24.652,364.460,20.026,0.48,0.60,4,617.32,
Player1_Car,36.96,673.937,-24.652,372.191,20.026,0.46,0.60,4,609.58,
Player2_Car,36.96,669.936,-24.652,364.059,20.026,0.48,0.60,4,617.72,
Player1_Car,36.98,673.937,-24.652,371.790,20.026,0.46,0.60,4,609.99,
Player2_Car,36.98,669.937,-24.652,363.659,20.026,0.48,0.60,4,618.12,
Player1_Car,37.00,673.937,-24.652,371.390,20.026,0.46,0.60,4,610.39,
Player2_Car,37.00,669.937,-24.652,363.258,20.026,0.48,0.60,4,618.52,
Player1_Car,37.02,673.937,-24.652,370.989,20.026,0.46,0.60,4,610.79,
Player2_Car,37.02,669.937,-24.652,362.858,20.026,0.48,0.60,4,618.92,
Player1_Car,37.04,673.937,-24.652,370.589,20.026,0.46,0.60,4,611.19,
Player2_Car,37.04,669.937,-24.652,362.457,20.026,0.48,0.60,4,619.32,
Player1_Car,37.06,673.937,-24.652,370.188,20.026,0.46,0.60,4,611.59,
Player2_Car,37.06,669.937,-24.652,362.056,20.026,0.48,0.60,4,619.72,
Player1_Car,37.08,673.937,-24.652,369.788,20.026,0.46,0.60,4,611.99,
Player2_Car,37.08,669.937,-24.652,361.656,20.026,0.48,0.60,4,620.12,
Player1_Car,37.10,673.937,-24.652,369.387,20.026,0.46,0.60,4,612.39,
Player2_Car,37.10,669.937,-24.652,361.255,20.026,0.48,0.60,4,620.52,
Player1_Car,37.12,673.937,-24.652,368.987,20.026,0.46,0.60,4,612.79,
Player2_Car,37.12,669.937,-24.652,360.855,20.026,0.48,0.60,4,620.92,
Player1_Car,37.14,673.937,-24.652,368.586,20.026,0.46,0.60,4,613.19,
Player2_Car,37.14,669.937,-24.652,360.454,20.026,0.48,0.60,4,621.32,
Player1_Car,37.16,673.937,-24.652,368.186,20.026,0.46,0.60,4,613.59,
Player2_Car,37.16,669.937,-24.652,360.054,20.025,0.48,0.60,4,621.72,
Player1_Car,37.18,673.937,-24.652,367.785,20.026,0.46,0.60,4,613.99,
Player2_Car,37.18,669.937,-24.652,359.653,20.025,0.48,0.60,4,622.12,
Player1_Car,37.20,673.937,-24.652,367.385,20.026,0.46,0.60,4,614.39,
Player2_Car,37.20,669.937,-24.652,359.253,20.026,0.48,0.60,4,622.52,
Player1_Car,37.22,673.937,-24.652,366.984,20.026,0.46,0.60,4,614.79,
Player2_Car,37.22,669.937,-24.652,358.852,20.025,0.49,0.60,4,622.92,
Player1_Car,37.24,673.937,-24.652,366.584,20.026,0.46,0.60,4,615.19,
Player2_Car,37.24,669.937,-24.652,358.452,20.025,0.49,0.60,4,623.32,
Player1_Car,37.26,673.937,-24.652,366.183,20.026,0.46,0.60,4,615.59,
Player2_Car,37.26,669.937,-24.652,358.051,20.025,0.49,0.60,4,623.72,
Player1_Car,37.28,673.937,-24.652,365.783,20.026,0.46,0.60,4,615.99,
Player2_Car,37.28,669.937,-24.652,357.651,20.025,0.49,0.60,4,624.12,
Player1_Car,37.30,673.937,-24.652,365.382,20.026,0.46,0.60,4,616.39,
Player2_Car,37.30,669.937,-24.652,357.250,20.025,0.49,0.60,4,624.53,
Player1_Car,37.32,673.937,-24.652,364.982,20.026,0.46,0.60,4,616.79,
Player2_Car,37.32,669.938,-24.652,356.850,20.025,0.49,0.60,4,624.93,
Player1_Car,37.34,673.937,-24.652,364.581,20.026,0.46,0.60,4,617.19,
Player2_Car,37.34,669.938,-24.652,356.449,20.025,0.49,0.60,4,625.33,
Player1_Car,37.36,673.937,-24.652,364.181,20.026,0.46,0.60,4,617.59,
Player2_Car,37.36,669.938,-24.652,356.049,20.025,0.49,0.60,4,625.73,
Player1_Car,37.38,673.937,-24.652,363.780,20.026,0.46,0.60,4,618.00,
Player2_Car,37.38,669.938,-24.652,355.648,20.025,0.49,0.60,4,626.13,
Player1_Car,37.40,673.937,-24.652,363.379,20.026,0.45,0.60,4,618.40,
Player2_Car,37.40,669.938,-24.652,355.248,20.025,0.49,0.60,4,626.53,
Player1_Car,37.42,673.937,-24.652,362.979,20.026,0.45,0.60,4,618.80,
Player2_Car,37.42,669.938,-24.652,354.847,20.025,0.49,0.60,4,626.93,
Player1_Car,37.44,673.937,-24.652,362.578,20.026,0.45,0.60,4,619.20,
Player2_Car,37.44,669.938,-24.652,354.447,20.025,0.49,0.60,4,627.33,
Player1_Car,37.46,673.937,-24.652,362.178,20.026,0.45,0.60,4,619.60,
Player2_Car,37.46,669.938,-24.652,354.046,20.025,0.49,0.60,4,627.73,
Player1_Car,37.48,673.937,-24.652,361.777,20.026,0.45,0.60,4,620.00,
Player2_Car,37.48,669.938,-24.652,353.646,20.025,0.49,0.60,4,628.13,
Player1_Car,37.50,673.937,-24.652,361.377,20.026,0.45,0.60,4,620.40,
Player2_Car,37.50,669.938,-24.652,353.245,20.025,0.49,0.60,4,628.53,
Player1_Car,37.52,673.937,-24.652,360.976,20.026,0.45,0.60,4,620.80,
Player2_Car,37.52,669.938,-24.652,352.845,20.025,0.50,0.60,4,628.93,
Player1_Car,37.54,673.937,-24.652,360.576,20.026,0.45,0.60,4,621.20,
Player2_Car,37.54,669.938,-24.652,352.444,20.025,0.50,0.60,4,629.33,
Player1_Car,37.56,673.937,-24.652,360.175,20.026,0.45,0.60,4,621.60,
Player2_Car,37.56,669.938,-24.652,352.044,20.025,0.50,0.60,4,629.73,
Player1_Car,37.58,673.937,-24.652,359.775,20.026,0.45,0.60,4,622.00,
Player2_Car,37.58,669.938,-24.652,351.643,20.025,0.50,0.60,4,630.13,
Player1_Car,37.60,673.937,-24.652,359.374,20.026,0.45,0.60,4,622.40,
Player2_Car,37.60,669.938,-24.652,351.243,20.025,0.50,0.60,4,630.53,
Player1_Car,37.62,673.937,-24.652,358.974,20.026,0.45,0.60,4,622.80,
Player2_Car,37.62,669.938,-24.652,350.842,20.025,0.50,0.60,4,630.93,
Player1_Car,37.64,673.937,-24.652,358.573,20.026,0.45,0.60,4,623.20,
Player2_Car,37.64,669.939,-24.652,350.442,20.025,0.50,0.60,4,631.33,
Player1_Car,37.66,673.937,-24.652,358.173,20.026,0.45,0.60,4,623.60,
Player2_Car,37.66,669.939,-24.652,350.041,20.025,0.50,0.60,4,631.73,
Player1_Car,37.68,673.937,-24.652,357.772,20.026,0.45,0.60,4,624.00,
Player2_Car,37.68,669.939,-24.652,349.641,20.025,0.50,0.60,4,632.14,
Player1_Car,37.70,673.937,-24.652,357.372,20.026,0.45,0.60,4,624.40,
Player2_Car,37.70,669.939,-24.652,349.240,20.025,0.50,0.60,4,632.54,
Player1_Car,37.72,673.937,-24.652,356.971,20.026,0.45,0.60,4,624.80,
Player2_Car,37.72,669.939,-24.652,348.840,20.025,0.50,0.60,4,632.94,
Player1_Car,37.74,673.937,-24.652,356.571,20.026,0.45,0.60,4,625.20,
Player2_Car,37.74,669.939,-24.652,348.439,20.025,0.50,0.60,4,633.34,
Player1_Car,37.76,673.937,-24.652,356.170,20.026,0.45,0.60,4,625.61,
Player2_Car,37.76,669.939,-24.652,348.039,20.025,0.50,0.60,4,633.74,
Player1_Car,37.78,673.937,-24.652,355.770,20.026,0.45,0.60,4,626.01,
Player2_Car,37.78,669.939,-24.652,347.638,20.025,0.50,0.60,4,634.14,
Player1_Car,37.80,673.937,-24.652,355.369,20.026,0.45,0.60,4,626.41,
Player2_Car,37.80,669.939,-24.652,347.238,20.025,0.50,0.60,4,634.54,
Player1_Car,37.82,673.937,-24.652,354.969,20.026,0.45,0.60,4,626.81,
Player2_Car,37.82,669.939,-24.652,346.837,20.025,0.50,0.60,4,634.94,
Player1_Car,37.84,673.937,-24.652,354.568,20.026,0.45,0.60,4,627.21,
Player2_Car,37.84,669.939,-24.652,346.436,20.025,0.50,0.60,4,635.34,
Player1_Car,37.86,673.937,-24.652,354.168,20.026,0.45,0.60,4,627.61,
Player2_Car,37.86,669.939,-24.652,346.036,20.025,0.51,0.60,4,635.74,
Player1_Car,37.88,673.937,-24.652,353.767,20.026,0.45,0.60,4,628.01,
Player2_Car,37.88,669.939,-24.652,345.635,20.025,0.51,0.60,4,636.14,
Player1_Car,37.90,673.937,-24.652,353.367,20.026,0.45,0.60,4,628.41,
Player2_Car,37.90,669.939,-24.652,345.235,20.025,0.51,0.60,4,636.54,
Player1_Car,37.92,673.937,-24.652,352.966,20.026,0.44,0.60,4,628.81,
Player2_Car,37.92,669.939,-24.652,344.834,20.025,0.51,0.60,4,636.94,
Player1_Car,37.94,673.937,-24.652,352.566,20.026,0.44,0.60,4,629.21,
Player2_Car,37.94,669.939,-24.652,344.434,20.025,0.51,0.60,4,637.34,
Player1_Car,37.96,673.937,-24.652,352.165,20.026,0.44,0.60,4,629.61,
Player2_Car,37.96,669.940,-24.652,344.033,20.025,0.51,0.60,4,637.74,
Player1_Car,37.98,673.937,-24.652,351.765,20.026,0.44,0.60,4,630.01,
Player2_Car,37.98,669.940,-24.652,343.633,20.025,0.51,0.60,4,638.14,
Player1_Car,38.00,673.937,-24.652,351.364,20.026,0.44,0.60,4,630.41,
Player2_Car,38.00,669.940,-24.652,343.232,20.025,0.51,0.60,4,638.54,
Player1_Car,38.02,673.937,-24.652,350.964,20.026,0.44,0.60,4,630.81,
Player2_Car,38.02,669.940,-24.652,342.832,20.025,0.51,0.60,4,638.94,
Player1_Car,38.04,673.937,-24.652,350.563,20.026,0.44,0.60,4,631.21,
Player2_Car,38.04,669.940,-24.652,342.431,20.025,0.51,0.60,4,639.34,
Player1_Car,38.06,673.937,-24.652,350.163,20.026,0.44,0.60,4,631.61,
Player2_Car,38.06,669.940,-24.652,342.031,20.025,0.51,0.60,4,639.74,
Player1_Car,38.08,673.937,-24.652,349.762,20.026,0.44,0.60,4,632.01,
Player2_Car,38.08,669.940,-24.652,341.630,20.025,0.51,0.60,4,640.15,
Player1_Car,38.10,673.937,-24.652,349.362,20.026,0.44,0.60,4,632.41,
Player2_Car,38.10,669.940,-24.652,341.230,20.025,0.51,0.60,4,640.55,
Player1_Car,38.12,673.937,-24.652,348.961,20.026,0.44,0.60,4,632.81,
Player2_Car,38.12,669.940,-24.652,340.829,20.025,0.51,0.60,4,640.95,
Player1_Car,38.14,673.937,-24.652,348.561,20.026,0.44,0.60,4,633.21,
Player2_Car,38.14,669.940,-24.652,340.429,20.025,0.51,0.60,4,641.35,
Player1_Car,38.16,673.937,-24.652,348.160,20.026,0.44,0.60,4,633.62,
Player2_Car,38.16,669.940,-24.652,340.028,20.025,0.51,0.60,4,641.75,
Player1_Car,38.18,673.937,-24.652,347.759,20.026,0.44,0.60,4,634.02,
Player2_Car,38.18,669.940,-24.652,339.628,20.025,0.51,0.60,4,642.15,
Player1_Car,38.20,673.936,-24.652,347.359,20.026,0.44,0.60,4,634.42,
Player2_Car,38.20,669.940,-24.652,339.227,20.025,0.52,0.60,4,642.55,
Player1_Car,38.22,673.936,-24.652,346.958,20.026,0.44,0.60,4,634.82,
Player2_Car,38.22,669.940,-24.652,338.827,20.025,0.52,0.60,4,642.95,
Player1_Car,38.24,673.936,-24.652,346.558,20.026,0.44,0.60,4,635.22,
Player2_Car,38.24,669.940,-24.652,338.426,20.025,0.52,0.60,4,643.35,
Player1_Car,38.26,673.936,-24.652,346.157,20.026,0.44,0.60,4,635.62,
Player2_Car,38.26,669.940,-24.652,338.026,20.025,0.52,0.60,4,643.75,
Player1_Car,38.28,673.936,-24.652,345.757,20.026,0.44,0.60,4,636.02,
Player2_Car,38.28,669.940,-24.652,337.625,20.025,0.52,0.60,4,644.15,
Player1_Car,38.30,673.936,-24.652,345.356,20.026,0.44,0.60,4,636.42,
Player2_Car,38.30,669.941,-24.652,337.225,20.025,0.52,0.60,4,644.55,
Player1_Car,38.32,673.936,-24.652,344.956,20.026,0.44,0.60,4,636.82,
Player2_Car,38.32,669.941,-24.652,336.824,20.025,0.52,0.60,4,644.95,
Player1_Car,38.34,673.936,-24.652,344.555,20.026,0.43,0.60,4,637.22,
Player2_Car,38.34,669.941,-24.652,336.424,20.025,0.52,0.60,4,645.35,
Player1_Car,38.36,673.936,-24.652,344.155,20.026,0.43,0.60,4,637.62,
Player2_Car,38.36,669.941,-24.652,336.023,20.025,0.52,0.60,4,645.75,
Player1_Car,38.38,673.936,-24.652,343.754,20.026,0.43,0.60,4,638.02,
Player2_Car,38.38,669.941,-24.652,335.623,20.025,0.52,0.60,4,646.15,
Player1_Car,38.40,673.936,-24.652,343.354,20.026,0.43,0.60,4,638.42,
Player2_Car,38.40,669.941,-24.652,335.222,20.025,0.52,0.60,4,646.55,
Player1_Car,38.42,673.936,-24.652,342.953,20.026,0.43,0.60,4,638.82,
Player2_Car,38.42,669.941,-24.652,334.822,20.025,0.52,0.60,4,646.95,
Player1_Car,38.44,673.936,-24.652,342.553,20.026,0.43,0.60,4,639.22,
Player2_Car,38.44,669.941,-24.652,334.421,20.025,0.52,0.60,4,647.35,
Player1_Car,38.46,673.936,-24.652,342.152,20.026,0.43,0.60,4,639.62,
Player2_Car,38.46,669.941,-24.652,334.021,20.025,0.52,0.60,4,647.75,
Player1_Car,38.48,673.936,-24.652,341.752,20.026,0.43,0.60,4,640.02,
Player2_Car,38.48,669.941,-24.652,333.620,20.025,0.52,0.60,4,648.16,
Player1_Car,38.50,673.936,-24.652,341.351,20.026,0.43,0.60,4,640.42,
Player2_Car,38.50,669.941,-24.652,333.220,20.025,0.52,0.60,4,648.56,
Player1_Car,38.52,673.936,-24.652,340.951,20.026,0.43,0.60,4,640.82,
Player2_Car,38.52,669.941,-24.652,332.819,20.025,0.52,0.60,4,648.96,
Player1_Car,38.54,673.936,-24.652,340.550,20.026,0.43,0.60,4,641.22,
Player2_Car,38.54,669.941,-24.652,332.419,20.025,0.52,0.60,4,649.36,
Player1_Car,38.56,673.935,-24.652,340.150,20.026,0.43,0.60,4,641.63,
Player2_Car,38.56,669.941,-24.652,332.018,20.025,0.52,0.60,4,649.76,
Player1_Car,38.58,673.935,-24.652,339.749,20.026,0.43,0.60,4,642.03,
Player2_Car,38.58,669.941,-24.652,331.618,20.025,0.53,0.60,4,650.16,
Player1_Car,38.60,673.935,-24.652,339.349,20.026,0.43,0.60,4,642.43,
Player2_Car,38.60,669.941,-24.652,331.217,20.025,0.53,0.60,4,650.56,
Player1_Car,38.62,673.935,-24.652,338.948,20.026,0.43,0.60,4,642.83,
Player2_Car,38.62,669.942,-24.652,330.816,20.025,0.53,0.60,4,650.96,
Player1_Car,38.64,673.935,-24.652,338.548,20.026,0.43,0.60,4,643.23,
Player2_Car,38.64,669.942,-24.652,330.416,20.025,0.53,0.60,4,651.36,
Player1_Car,38.66,673.935,-24.652,338.147,20.026,0.42,0.60,4,643.63,
Player2_Car,38.66,669.942,-24.652,330.015,20.025,0.53,0.60,4,651.76,
Player1_Car,38.68,673.935,-24.652,337.747,20.026,0.42,0.60,4,644.03,
Player2_Car,38.68,669.942,-24.652,329.615,20.025,0.53,0.60,4,652.16,
Player1_Car,38.70,673.935,-24.652,337.346,20.026,0.42,0.60,4,644.43,
Player2_Car,38.70,669.942,-24.652,329.214,20.025,0.53,0.60,4,652.56,
Player1_Car,38.72,673.935,-24.652,336.946,20.026,0.42,0.60,4,644.83,
Player2_Car,38.72,669.942,-24.652,328.814,20.025,0.53,0.60,4,652.96,
Player1_Car,38.74,673.935,-24.652,336.545,20.026,0.42,0.60,4,645.23,
Player2_Car,38.74,669.942,-24.652,328.413,20.025,0.53,0.60,4,653.36,
Player1_Car,38.76,673.935,-24.652,336.145,20.026,0.42,0.60,4,645.63,
Player2_Car,38.76,669.942,-24.652,328.013,20.025,0.53,0.60,4,653.76,
Player1_Car,38.78,673.935,-24.652,335.744,20.026,0.42,0.60,4,646.03,
Player2_Car,38.78,669.942,-24.652,327.613,20.025,0.53,0.60,4,654.16,
Player1_Car,38.80,673.935,-24.652,335.344,20.026,0.42,0.60,4,646.43,
Player2_Car,38.80,669.942,-24.652,327.212,20.025,0.53,0.60,4,654.56,
Player1_Car,38.82,673.935,-24.652,334.943,20.026,0.42,0.60,4,646.83,
Player2_Car,38.82,669.942,-24.652,326.812,20.025,0.53,0.60,4,654.96,
Player1_Car,38.84,673.935,-24.652,334.543,20.026,0.42,0.60,4,647.23,
Player2_Car,38.84,669.942,-24.652,326.411,20.025,0.53,0.60,4,655.36,
Player1_Car,38.86,673.935,-24.652,334.142,20.026,0.42,0.60,4,647.63,
Player2_Car,38.86,669.942,-24.652,326.011,20.025,0.53,0.60,4,655.76,
Player1_Car,38.88,673.935,-24.652,333.742,20.026,0.42,0.60,4,648.03,
Player2_Car,38.88,669.942,-24.652,325.610,20.025,0.53,0.60,4,656.16,
Player1_Car,38.90,673.935,-24.652,333.341,20.026,0.42,0.60,4,648.43,
Player2_Car,38.90,669.942,-24.652,325.210,20.025,0.53,0.60,4,656.57,
Player1_Car,38.92,673.935,-24.652,332.941,20.026,0.42,0.60,4,648.83,
Player2_Car,38.92,669.942,-24.652,324.809,20.025,0.53,0.60,4,656.97,
Player1_Car,38.94,673.935,-24.652,332.540,20.026,0.42,0.60,4,649.24,
Player2_Car,38.94,669.942,-24.652,324.409,20.025,0.53,0.60,4,657.37,
Player1_Car,38.96,673.935,-24.652,332.139,20.026,0.42,0.60,4,649.64,
Player2_Car,38.96,669.942,-24.652,324.008,20.025,0.53,0.60,4,657.77,
Player1_Car,38.98,673.935,-24.652,331.739,20.026,0.42,0.60,4,650.04,
Player2_Car,38.98,669.942,-24.652,323.608,20.025,0.53,0.60,4,658.17,
Player1_Car,39.00,673.934,-24.652,331.338,20.026,0.42,0.60,4,650.44,
Player2_Car,39.00,669.942,-24.652,323.207,20.025,0.53,0.60,4,658.57,
Player1_Car,39.02,673.934,-24.652,330.938,20.026,0.41,0.60,4,650.84,
Player2_Car,39.02,669.942,-24.652,322.807,20.025,0.53,0.60,4,658.97,
Player1_Car,39.04,673.934,-24.652,330.537,20.026,0.41,0.60,4,651.24,
Player2_Car,39.04,669.942,-24.652,322.406,20.025,0.53,0.60,4,659.37,
Player1_Car,39.06,673.934,-24.652,330.137,20.026,0.41,0.60,4,651.64,
Player2_Car,39.06,669.942,-24.652,322.006,20.025,0.53,0.60,4,659.77,
Player1_Car,39.08,673.934,-24.652,329.736,20.026,0.41,0.60,4,652.04,
Player2_Car,39.08,669.942,-24.652,321.605,20.025,0.53,0.60,4,660.17,
Player1_Car,39.10,673.934,-24.652,329.336,20.026,0.41,0.60,4,652.44,
Player2_Car,39.10,669.942,-24.652,321.205,20.025,0.53,0.60,4,660.57,
Player1_Car,39.12,673.934,-24.652,328.935,20.026,0.41,0.60,4,652.84,
Player2_Car,39.12,669.942,-24.652,320.804,20.025,0.53,0.60,4,660.97,
Player1_Car,39.14,673.934,-24.652,328.535,20.026,0.41,0.60,4,653.24,
Player2_Car,39.14,669.942,-24.652,320.404,20.025,0.53,0.60,4,661.37,
Player1_Car,39.16,673.934,-24.652,328.134,20.026,0.41,0.60,4,653.64,
Player2_Car,39.16,669.942,-24.652,320.003,20.025,0.53,0.60,4,661.77,
Player1_Car,39.18,673.934,-24.652,327.734,20.026,0.41,0.60,4,654.04,
Player2_Car,39.18,669.942,-24.652,319.603,20.025,0.53,0.60,4,662.17,
Player1_Car,39.20,673.934,-24.652,327.333,20.026,0.41,0.60,4,654.44,
Player2_Car,39.20,669.942,-24.652,319.202,20.025,0.53,0.60,4,662.57,
Player1_Car,39.22,673.934,-24.652,326.933,20.026,0.41,0.60,4,654.84,
Player2_Car,39.22,669.942,-24.652,318.802,20.025,0.53,0.60,4,662.97,
Player1_Car,39.24,673.934,-24.652,326.532,20.026,0.41,0.60,4,655.24,
Player2_Car,39.24,669.942,-24.652,318.401,20.025,0.53,0.60,4,663.37,
Player1_Car,39.26,673.934,-24.652,326.132,20.026,0.41,0.60,4,655.64,
Player2_Car,39.26,669.942,-24.652,318.001,20.025,0.53,0.60,4,663.77,
Player1_Car,39.28,673.934,-24.652,325.731,20.026,0.41,0.60,4,656.04,
Player2_Car,39.28,669.942,-24.652,317.600,20.025,0.54,0.60,4,664.17,
Player1_Car,39.30,673.934,-24.652,325.331,20.026,0.41,0.60,4,656.44,
Player2_Car,39.30,669.942,-24.652,317.200,20.025,0.54,0.60,4,664.58,
Player1_Car,39.32,673.934,-24.652,324.930,20.026,0.41,0.60,4,656.84,
Player2_Car,39.32,669.942,-24.652,316.799,20.025,0.54,0.60,4,664.98,
Player1_Car,39.34,673.934,-24.652,324.530,20.026,0.41,0.60,4,657.25,
Player2_Car,39.34,669.942,-24.652,316.399,20.025,0.54,0.60,4,665.38,
Player1_Car,39.36,673.934,-24.652,324.129,20.026,0.41,0.60,4,657.65,
Player2_Car,39.36,669.942,-24.652,315.999,20.025,0.54,0.60,4,665.78,
Player1_Car,39.38,673.934,-24.652,323.729,20.026,0.41,0.60,4,658.05,
Player2_Car,39.38,669.942,-24.652,315.598,20.025,0.54,0.60,4,666.18,
Player1_Car,39.40,673.934,-24.652,323.328,20.026,0.41,0.60,4,658.45,
Player2_Car,39.40,669.942,-24.652,315.198,20.025,0.55,0.60,4,666.58,
Player1_Car,39.42,673.934,-24.652,322.928,20.026,0.40,0.60,4,658.85,
Player2_Car,39.42,669.942,-24.652,314.797,20.025,0.56,0.60,4,666.98,
Player1_Car,39.44,673.934,-24.652,322.527,20.026,0.40,0.60,4,659.25,
Player2_Car,39.44,669.942,-24.652,314.397,20.025,0.57,0.60,4,667.38,
Player1_Car,39.46,673.934,-24.652,322.127,20.026,0.40,0.60,4,659.65,
Player2_Car,39.46,669.942,-24.652,313.996,20.025,0.58,0.60,4,667.78,
Player1_Car,39.48,673.934,-24.652,321.726,20.026,0.40,0.60,4,660.05,
Player2_Car,39.48,669.942,-24.652,313.596,20.025,0.61,0.60,4,668.18,
Player1_Car,39.50,673.934,-24.652,321.326,20.026,0.40,0.60,4,660.45,
Player2_Car,39.50,669.942,-24.652,313.195,20.025,0.63,0.60,4,668.58,
Player1_Car,39.52,673.934,-24.652,320.925,20.026,0.40,0.60,4,660.85,
Player2_Car,39.52,669.942,-24.652,312.795,20.025,0.66,0.60,4,668.98,
Player1_Car,39.54,673.933,-24.652,320.525,20.026,0.40,0.60,4,661.25,
Player2_Car,39.54,669.942,-24.652,312.394,20.025,0.68,0.60,4,669.38,
Player1_Car,39.56,673.933,-24.652,320.124,20.026,0.40,0.60,4,661.65,
Player2_Car,39.56,669.942,-24.652,311.994,20.025,0.72,0.60,4,669.78,
Player1_Car,39.58,673.933,-24.652,319.724,20.026,0.40,0.60,4,662.05,
Player2_Car,39.58,669.942,-24.652,311.593,20.025,0.76,0.60,4,670.18,
Player1_Car,39.60,673.933,-24.652,319.323,20.026,0.40,0.60,4,662.45,
Player2_Car,39.60,669.941,-24.652,311.193,20.025,0.79,0.60,4,670.58,
Player1_Car,39.62,673.933,-24.652,318.923,20.026,0.40,0.60,4,662.85,
Player2_Car,39.62,669.941,-24.652,310.792,20.024,0.83,0.60,4,670.98,
Player1_Car,39.64,673.933,-24.652,318.522,20.026,0.40,0.60,4,663.25,
Player2_Car,39.64,669.940,-24.652,310.392,20.024,0.88,0.60,4,671.38,
Player1_Car,39.66,673.933,-24.652,318.122,20.026,0.40,0.60,4,663.65,
Player2_Car,39.66,669.940,-24.652,309.991,20.024,0.93,0.60,4,671.78,
Player1_Car,39.68,673.933,-24.652,317.721,20.026,0.40,0.60,4,664.05,
Player2_Car,39.68,669.939,-24.652,309.591,20.024,0.98,0.60,4,672.18,
Player1_Car,39.70,673.933,-24.652,317.321,20.026,0.40,0.60,4,664.45,
Player2_Car,39.70,669.938,-24.652,309.190,20.023,1.03,0.60,4,672.58,
Player1_Car,39.72,673.933,-24.652,316.920,20.026,0.40,0.60,4,664.85,
Player2_Car,39.72,669.937,-24.652,308.790,20.023,1.09,0.60,4,672.98,
Player1_Car,39.74,673.933,-24.652,316.519,20.026,0.40,0.60,4,665.26,
Player2_Car,39.74,669.936,-24.652,308.389,20.023,1.15,0.60,4,673.39,
Player1_Car,39.76,673.933,-24.652,316.119,20.026,0.40,0.60,4,665.66,
Player2_Car,39.76,669.935,-24.652,307.989,20.022,1.20,0.60,4,673.79,
Player1_Car,39.78,673.933,-24.652,315.718,20.026,0.40,0.60,4,666.06,
Player2_Car,39.78,669.933,-24.652,307.589,20.022,1.25,0.60,4,674.19,
Player1_Car,39.80,673.933,-24.652,315.318,20.026,0.41,0.60,4,666.46,
Player2_Car,39.80,669.932,-24.652,307.188,20.021,1.27,0.60,4,674.59,
Player1_Car,39.82,673.933,-24.652,314.917,20.026,0.42,0.60,4,666.86,
Player2_Car,39.82,669.930,-24.652,306.788,20.021,1.28,0.60,4,674.99,
Player1_Car,39.84,673.933,-24.652,314.517,20.026,0.43,0.60,4,667.26,
Player2_Car,39.84,669.928,-24.652,306.387,20.021,1.31,0.60,4,675.39,
Player1_Car,39.86,673.933,-24.652,314.116,20.026,0.44,0.60,4,667.66,
Player2_Car,39.86,669.926,-24.652,305.987,20.020,1.35,0.60,4,675.79,
Player1_Car,39.88,673.933,-24.652,313.716,20.026,0.46,0.60,4,668.06,
Player2_Car,39.88,669.924,-24.652,305.587,20.020,1.38,0.60,4,676.19,
Player1_Car,39.90,673.933,-24.652,313.315,20.026,0.48,0.60,4,668.46,
Player2_Car,39.90,669.922,-24.652,305.186,20.020,1.39,0.60,4,676.59,
Player1_Car,39.92,673.932,-24.652,312.915,20.026,0.51,0.60,4,668.86,
Player2_Car,39.92,669.919,-24.652,304.786,20.019,1.41,0.60,4,676.99,
Player1_Car,39.94,673.932,-24.652,312.514,20.026,0.53,0.60,4,669.26,
Player2_Car,39.94,669.917,-24.652,304.385,20.019,1.44,0.60,4,677.39,
Player1_Car,39.96,673.932,-24.652,312.114,20.026,0.57,0.60,4,669.66,
Player2_Car,39.96,669.914,-24.652,303.985,20.019,1.46,0.60,4,677.79,
Player1_Car,39.98,673.932,-24.652,311.713,20.026,0.60,0.60,4,670.06,
Player2_Car,39.98,669.910,-24.652,303.585,20.018,1.47,0.60,4,678.19,
Player1_Car,40.00,673.931,-24.652,311.313,20.026,0.64,0.60,4,670.46,
Player2_Car,40.00,669.907,-24.652,303.184,20.018,1.49,0.60,4,678.59,
Player1_Car,40.02,673.931,-24.652,310.912,20.025,0.67,0.60,4,670.86,
Player2_Car,40.02,669.903,-24.652,302.784,20.018,1.52,0.60,4,678.99,
Player1_Car,40.04,673.930,-24.652,310.512,20.025,0.72,0.60,4,671.26,
Player2_Car,40.04,669.899,-24.652,302.384,20.018,1.53,0.60,4,679.40,
Player1_Car,40.06,673.929,-24.652,310.111,20.025,0.77,0.60,4,671.66,
Player2_Car,40.06,669.894,-24.652,301.983,20.017,1.54,0.60,4,679.80,
Player1_Car,40.08,673.929,-24.652,309.711,20.025,0.82,0.60,4,672.06,
Player2_Car,40.08,669.889,-24.652,301.583,20.017,1.56,0.60,4,680.20,
Player1_Car,40.10,673.928,-24.652,309.310,20.025,0.87,0.60,4,672.46,
Player2_Car,40.10,669.884,-24.652,301.183,20.017,1.58,0.60,4,680.60,
Player1_Car,40.12,673.927,-24.652,308.910,20.025,0.93,0.60,4,672.86,
Player2_Car,40.12,669.879,-24.652,300.782,20.017,1.59,0.60,4,681.01,
Player1_Car,40.14,673.926,-24.652,308.509,20.024,0.98,0.60,4,673.27,
Player2_Car,40.14,669.873,-24.652,300.382,20.016,1.60,0.60,4,681.41,
Player1_Car,40.16,673.924,-24.652,308.109,20.024,1.04,0.60,4,673.67,
Player2_Car,40.16,669.866,-24.652,299.982,20.016,1.62,0.60,4,681.81,
Player1_Car,40.18,673.923,-24.652,307.708,20.024,1.10,0.60,4,674.07,
Player2_Car,40.18,669.860,-24.652,299.582,20.016,1.63,0.60,4,682.21,
Player1_Car,40.20,673.921,-24.652,307.308,20.023,1.17,0.60,4,674.47,
Player2_Car,40.20,669.852,-24.652,299.181,20.016,1.64,0.60,4,682.62,
Player1_Car,40.22,673.920,-24.652,306.908,20.023,1.23,0.60,4,674.87,
Player2_Car,40.22,669.845,-24.652,298.781,20.016,1.65,0.60,4,683.02,
Player1_Car,40.24,673.918,-24.652,306.507,20.022,1.26,0.60,4,675.27,
Player2_Car,40.24,669.837,-24.652,298.381,20.016,1.66,0.60,4,683.42,
Player1_Car,40.26,673.916,-24.652,306.107,20.022,1.28,0.60,4,675.67,
Player2_Car,40.26,669.828,-24.652,297.981,20.015,1.67,0.60,4,683.83,
Player1_Car,40.28,673.914,-24.652,305.706,20.021,1.31,0.60,4,676.07,
Player2_Car,40.28,669.820,-24.652,297.580,20.015,1.67,0.60,4,684.24,
Player1_Car,40.30,673.912,-24.652,305.306,20.021,1.34,0.60,4,676.47,
Player2_Car,40.30,669.810,-24.652,297.180,20.015,1.69,0.60,4,684.64,
Player1_Car,40.32,673.909,-24.652,304.905,20.020,1.37,0.60,4,676.87,
Player2_Car,40.32,669.801,-24.652,296.780,20.015,1.70,0.60,4,685.04,
Player1_Car,40.34,673.906,-24.652,304.505,20.020,1.40,0.60,4,677.27,
Player2_Car,40.34,669.790,-24.652,296.380,20.015,1.71,0.60,4,685.45,
Player1_Car,40.36,673.904,-24.652,304.105,20.020,1.42,0.60,4,677.67,
Player2_Car,40.36,669.780,-24.652,295.980,20.015,1.71,0.60,4,685.85,
Player1_Car,40.38,673.901,-24.652,303.704,20.019,1.44,0.60,4,678.07,
Player2_Car,40.38,669.768,-24.652,295.580,20.015,1.72,0.60,4,686.25,
Player1_Car,40.40,673.897,-24.652,303.304,20.019,1.46,0.60,4,678.47,
Player2_Car,40.40,669.757,-24.652,295.180,20.015,1.73,0.60,4,686.65,
Player1_Car,40.42,673.894,-24.652,302.904,20.019,1.49,0.60,4,678.87,
Player2_Car,40.42,669.745,-24.652,294.779,20.015,1.73,0.60,4,687.06,
Player1_Car,40.44,673.890,-24.652,302.503,20.018,1.51,0.60,4,679.27,
Player2_Car,40.44,669.732,-24.652,294.379,20.014,1.73,0.60,4,687.46,
Player1_Car,40.46,673.885,-24.652,302.103,20.018,1.52,0.60,4,679.66,
Player2_Car,40.46,669.719,-24.652,293.979,20.014,1.74,0.60,4,687.86,
Player1_Car,40.48,673.881,-24.652,301.703,20.018,1.54,0.60,4,680.06,
Player2_Car,40.48,669.705,-24.652,293.579,20.014,1.75,0.60,4,688.26,
Player1_Car,40.50,673.876,-24.652,301.302,20.017,1.56,0.60,4,680.46,
Player2_Car,40.50,669.691,-24.652,293.179,20.014,1.75,0.60,4,688.67,
Player1_Car,40.52,673.871,-24.652,300.902,20.017,1.57,0.60,4,680.85,
Player2_Car,40.52,669.677,-24.652,292.779,20.014,1.76,0.60,4,689.07,
Player1_Car,40.54,673.865,-24.652,300.502,20.017,1.58,0.60,4,681.25,
Player2_Car,40.54,669.661,-24.652,292.379,20.014,1.76,0.60,4,689.47,
Player1_Car,40.56,673.859,-24.652,300.101,20.017,1.60,0.60,4,681.65,
Player2_Car,40.56,669.646,-24.652,291.979,20.014,1.77,0.60,4,689.88,
Player1_Car,40.58,673.853,-24.652,299.701,20.017,1.62,0.60,4,682.05,
Player2_Car,40.58,669.630,-24.652,291.579,20.014,1.76,0.60,4,690.28,
Player1_Car,40.60,673.846,-24.652,299.301,20.016,1.63,0.60,4,682.44,
Player2_Car,40.60,669.613,-24.652,291.179,20.014,1.77,0.60,4,690.68,
Player1_Car,40.62,673.839,-24.652,298.901,20.016,1.63,0.60,4,682.84,
Player2_Car,40.62,669.596,-24.652,290.779,20.014,1.78,0.60,4,691.08,
Player1_Car,40.64,673.831,-24.652,298.500,20.016,1.65,0.60,4,683.25,
Player2_Car,40.64,669.578,-24.652,290.380,20.014,1.78,0.60,4,691.49,
Player1_Car,40.66,673.823,-24.652,298.100,20.016,1.67,0.60,4,683.65,
Player2_Car,40.66,669.560,-24.652,289.980,20.014,1.78,0.60,4,691.89,
Player1_Car,40.68,673.815,-24.652,297.700,20.016,1.67,0.60,4,684.04,
Player2_Car,40.68,669.541,-24.652,289.580,20.014,1.78,0.60,4,692.29,
Player1_Car,40.70,673.806,-24.652,297.300,20.015,1.67,0.60,4,684.44,
Player2_Car,40.70,669.521,-24.652,289.180,20.014,1.79,0.60,4,692.69,
Player1_Car,40.72,673.797,-24.652,296.899,20.015,1.69,0.60,4,684.84,
Player2_Car,40.72,669.502,-24.652,288.780,20.014,1.79,0.60,4,693.11,
Player1_Car,40.74,673.787,-24.652,296.499,20.015,1.70,0.60,4,685.24,
Player2_Car,40.74,669.481,-24.652,288.380,20.013,1.79,0.60,4,693.51,
Player1_Car,40.76,673.777,-24.652,296.099,20.015,1.70,0.60,4,685.63,
Player2_Car,40.76,669.460,-24.652,287.981,20.013,1.80,0.60,4,693.91,
Player1_Car,40.78,673.766,-24.652,295.699,20.015,1.71,0.60,4,686.03,
Player2_Car,40.78,669.439,-24.652,287.581,20.013,1.80,0.60,4,694.32,
Player1_Car,40.80,673.755,-24.652,295.299,20.015,1.72,0.60,4,686.43,
Player2_Car,40.80,669.417,-24.652,287.181,20.013,1.79,0.60,4,694.72,
Player1_Car,40.82,673.743,-24.652,294.899,20.015,1.73,0.60,4,686.82,
Player2_Car,40.82,669.394,-24.652,286.782,20.013,1.80,0.60,4,695.12,
Player1_Car,40.84,673.731,-24.652,294.499,20.015,1.73,0.60,4,687.22,
Player2_Car,40.84,669.371,-24.652,286.382,20.013,1.80,0.60,4,695.52,
Player1_Car,40.86,673.718,-24.652,294.098,20.015,1.74,0.60,4,687.62,
Player2_Car,40.86,669.347,-24.652,285.983,20.013,1.80,0.60,4,695.93,
Player1_Car,40.88,673.705,-24.652,293.698,20.014,1.75,0.60,4,688.02,
Player2_Car,40.88,669.323,-24.652,285.583,20.013,1.80,0.60,4,696.33,
Player1_Car,40.90,673.691,-24.652,293.298,20.014,1.75,0.60,4,688.41,
Player2_Car,40.90,669.298,-24.652,285.184,20.013,1.80,0.60,4,696.73,
Player1_Car,40.92,673.677,-24.652,292.898,20.014,1.75,0.60,4,688.81,
Player2_Car,40.92,669.273,-24.652,284.784,20.013,1.81,0.60,4,697.13,
Player1_Car,40.94,673.663,-24.652,292.498,20.014,1.76,0.60,4,689.21,
Player2_Car,40.94,669.247,-24.652,284.385,20.013,1.81,0.60,4,697.54,
Player1_Car,40.96,673.648,-24.652,292.098,20.014,1.77,0.60,4,689.61,
Player2_Car,40.96,669.221,-24.652,283.985,20.013,1.80,0.60,4,697.94,
Player1_Car,40.98,673.632,-24.652,291.698,20.014,1.76,0.60,4,690.00,
Player2_Car,40.98,669.194,-24.652,283.586,20.013,1.80,0.60,4,698.34,
Player1_Car,41.00,673.616,-24.652,291.298,20.014,1.76,0.60,4,690.40,
Player2_Car,41.00,669.166,-24.652,283.187,20.013,1.80,0.60,4,698.74,
Player1_Car,41.02,673.599,-24.652,290.899,20.014,1.77,0.60,4,690.80,
Player2_Car,41.02,669.138,-24.652,282.787,20.013,1.79,0.60,4,699.15,
Player1_Car,41.04,673.582,-24.652,290.499,20.014,1.78,0.60,4,691.20,
Player2_Car,41.04,669.110,-24.652,282.388,20.013,1.78,0.60,4,699.55,
Player1_Car,41.06,673.564,-24.652,290.099,20.014,1.77,0.60,4,691.59,
Player2_Car,41.06,669.081,-24.652,281.989,20.013,1.77,0.60,4,699.95,
Player1_Car,41.08,673.546,-24.652,289.699,20.014,1.78,0.60,4,691.99,
Player2_Car,41.08,669.051,-24.652,281.590,20.013,1.76,0.60,4,700.36,
Player1_Car,41.10,673.527,-24.652,289.299,20.014,1.78,0.60,4,692.39,
Player2_Car,41.10,669.021,-24.652,281.191,20.013,1.76,0.60,4,700.76,
Player1_Car,41.12,673.507,-24.652,288.899,20.014,1.79,0.60,4,692.78,
Player2_Car,41.12,668.990,-24.652,280.792,20.013,1.76,0.60,4,701.16,
Player1_Car,41.14,673.488,-24.652,288.499,20.014,1.78,0.60,4,693.18,
Player2_Car,41.14,668.959,-24.652,280.392,20.013,1.77,0.60,4,701.56,
Player1_Car,41.16,673.467,-24.652,288.100,20.014,1.79,0.60,4,693.58,
Player2_Car,41.16,668.927,-24.652,279.993,20.013,1.77,0.60,4,701.98,
Player1_Car,41.18,673.446,-24.652,287.700,20.014,1.80,0.60,4,693.98,
Player2_Car,41.18,668.895,-24.652,279.595,20.013,1.77,0.60,4,702.38,
Player1_Car,41.20,673.425,-24.652,287.300,20.013,1.79,0.60,4,694.37,
Player2_Car,41.20,668.862,-24.652,279.196,20.013,1.79,0.60,4,702.78,
Player1_Car,41.22,673.403,-24.652,286.901,20.013,1.79,0.60,4,694.77,
Player2_Car,41.22,668.829,-24.652,278.797,20.013,1.80,0.60,4,703.18,
Player1_Car,41.24,673.380,-24.652,286.501,20.013,1.79,0.60,4,695.17,
Player2_Car,41.24,668.795,-24.652,278.398,20.013,1.81,0.60,4,703.59,
Player1_Car,41.26,673.357,-24.652,286.101,20.013,1.80,0.60,4,695.57,
Player2_Car,41.26,668.761,-24.652,277.999,20.013,1.82,0.60,4,703.99,
Player1_Car,41.28,673.333,-24.652,285.702,20.013,1.80,0.60,4,695.96,
Player2_Car,41.28,668.726,-24.652,277.600,20.013,1.84,0.60,4,704.39,
Player1_Car,41.30,673.309,-24.652,285.302,20.013,1.79,0.60,4,696.36,
Player2_Car,41.30,668.690,-24.652,277.202,20.013,1.86,0.60,4,704.80,
Player1_Car,41.32,673.285,-24.652,284.903,20.013,1.80,0.60,4,696.76,
Player2_Car,41.32,668.654,-24.652,276.803,20.013,1.86,0.60,4,705.20,
Player1_Car,41.34,673.259,-24.652,284.503,20.013,1.81,0.60,4,697.16,
Player2_Car,41.34,668.618,-24.652,276.404,20.013,1.89,0.60,4,705.60,
Player1_Car,41.36,673.234,-24.652,284.104,20.013,1.80,0.60,4,697.55,
Player2_Car,41.36,668.580,-24.652,276.006,20.013,1.92,0.60,4,706.00,
Player1_Car,41.38,673.207,-24.652,283.705,20.013,1.79,0.60,4,697.95,
Player2_Car,41.38,668.542,-24.652,275.608,20.013,1.93,0.60,4,706.41,
Player1_Car,41.40,673.180,-24.652,283.305,20.013,1.79,0.60,4,698.35,
Player2_Car,41.40,668.504,-24.652,275.209,20.013,1.94,0.60,4,706.81,
Player1_Car,41.42,673.153,-24.652,282.906,20.013,1.79,0.60,4,698.76,
Player2_Car,41.42,668.465,-24.652,274.811,20.013,1.97,0.60,4,707.21,
Player1_Car,41.44,673.125,-24.652,282.507,20.013,1.78,0.60,4,699.14,
Player2_Car,41.44,668.425,-24.652,274.413,20.012,2.00,0.60,4,707.61,
Player1_Car,41.46,673.096,-24.652,282.107,20.013,1.78,0.60,4,699.54,
Player2_Car,41.46,668.384,-24.652,274.014,20.012,2.01,0.60,4,708.02,
Player1_Car,41.48,673.067,-24.652,281.708,20.013,1.77,0.60,4,699.94,
Player2_Car,41.48,668.343,-24.652,273.616,20.012,2.03,0.60,4,708.42,
Player1_Car,41.50,673.038,-24.652,281.309,20.013,1.76,0.60,4,700.34,
Player2_Car,41.50,668.301,-24.652,273.218,20.012,2.06,0.60,4,708.82,
Player1_Car,41.52,673.008,-24.652,280.910,20.013,1.75,0.60,4,700.74,
Player2_Car,41.52,668.258,-24.652,272.820,20.012,2.08,0.60,4,709.22,
Player1_Car,41.54,672.977,-24.652,280.511,20.013,1.76,0.60,4,701.14,
Player2_Car,41.54,668.215,-24.652,272.422,20.012,2.09,0.60,4,709.63,
Player1_Car,41.56,672.946,-24.652,280.112,20.013,1.77,0.60,4,701.54,
Player2_Car,41.56,668.170,-24.652,272.025,20.012,2.11,0.60,4,710.03,
Player1_Car,41.58,672.914,-24.652,279.713,20.013,1.76,0.60,4,701.93,
Player2_Car,41.58,668.125,-24.652,271.627,20.012,2.14,0.60,4,710.43,
Player1_Car,41.60,672.882,-24.652,279.314,20.013,1.76,0.60,4,702.33,
Player2_Car,41.60,668.080,-24.652,271.229,20.011,2.16,0.60,4,710.84,
Player1_Car,41.62,672.850,-24.652,278.915,20.013,1.78,0.60,4,702.73,
Player2_Car,41.62,668.033,-24.652,270.832,20.011,2.16,0.60,4,711.24,
Player1_Car,41.64,672.816,-24.652,278.516,20.013,1.80,0.60,4,703.13,
Player2_Car,41.64,667.985,-24.652,270.434,20.011,2.19,0.60,4,711.64,
Player1_Car,41.66,672.783,-24.652,278.117,20.013,1.80,0.60,4,703.52,
Player2_Car,41.66,667.937,-24.652,270.037,20.011,2.22,0.60,4,712.04,
Player1_Car,41.68,672.748,-24.652,277.718,20.013,1.81,0.60,4,703.92,
Player2_Car,41.68,667.888,-24.652,269.640,20.011,2.23,0.60,4,712.44,
Player1_Car,41.70,672.714,-24.652,277.320,20.013,1.84,0.60,4,704.32,
Player2_Car,41.70,667.838,-24.652,269.243,20.011,2.24,0.60,4,712.84,
Player1_Car,41.72,672.678,-24.652,276.921,20.013,1.86,0.60,4,704.72,
Player2_Car,41.72,667.787,-24.652,268.846,20.011,2.27,0.60,4,713.24,
Player1_Car,41.74,672.642,-24.652,276.522,20.013,1.86,0.60,4,705.11,
Player2_Car,41.74,667.735,-24.652,268.449,20.010,2.29,0.60,4,713.64,
Player1_Car,41.76,672.606,-24.652,276.124,20.013,1.88,0.60,4,705.51,
Player2_Car,41.76,667.682,-24.652,268.052,20.010,2.30,0.60,4,714.06,
Player1_Car,41.78,672.569,-24.652,275.725,20.013,1.91,0.60,4,705.91,
Player2_Car,41.78,667.629,-24.652,267.656,20.010,2.32,0.60,4,714.46,
Player1_Car,41.80,672.531,-24.652,275.327,20.013,1.93,0.60,4,706.30,
Player2_Car,41.80,667.574,-24.652,267.259,20.010,2.35,0.60,4,714.86,
Player1_Car,41.82,672.492,-24.652,274.928,20.013,1.93,0.60,4,706.70,
Player2_Car,41.82,667.519,-24.652,266.863,20.010,2.37,0.60,4,715.28,
Player1_Car,41.84,672.453,-24.652,274.530,20.013,1.96,0.60,4,707.10,
Player2_Car,41.84,667.462,-24.652,266.467,20.010,2.37,0.60,4,715.68,
Player1_Car,41.86,672.414,-24.652,274.132,20.013,1.99,0.60,4,707.50,
Player2_Car,41.86,667.405,-24.652,266.071,20.010,2.39,0.60,4,716.08,
Player1_Car,41.88,672.373,-24.652,273.733,20.012,2.00,0.60,4,707.89,
Player2_Car,41.88,667.346,-24.652,265.675,20.009,2.41,0.60,4,716.48,
Player1_Car,41.90,672.332,-24.652,273.335,20.012,2.01,0.60,4,708.29,
Player2_Car,41.90,667.287,-24.652,265.279,20.009,2.43,0.60,4,716.91,
Player1_Car,41.92,672.290,-24.652,272.937,20.012,2.04,0.60,4,708.69,
Player2_Car,41.92,667.226,-24.652,264.884,20.009,2.43,0.60,4,717.31,
Player1_Car,41.94,672.248,-24.652,272.539,20.012,2.07,0.60,4,709.09,
Player2_Car,41.94,667.164,-24.652,264.488,20.009,2.45,0.60,4,717.71,
Player1_Car,41.96,672.205,-24.652,272.141,20.012,2.08,0.60,4,709.48,
Player2_Car,41.96,667.102,-24.652,264.093,20.009,2.46,0.60,4,718.11,
Player1_Car,41.98,672.160,-24.652,271.744,20.012,2.09,0.60,4,709.88,
Player2_Car,41.98,667.038,-24.652,263.698,20.009,2.47,0.60,4,718.53,
Player1_Car,42.00,672.116,-24.652,271.346,20.012,2.12,0.60,4,710.28,
Player2_Car,42.00,666.973,-24.652,263.303,20.009,2.49,0.60,4,718.93,
Player1_Car,42.02,672.070,-24.652,270.948,20.012,2.15,0.60,4,710.68,
Player2_Car,42.02,666.908,-24.652,262.908,20.009,2.50,0.60,4,719.34,
Player1_Car,42.04,672.024,-24.652,270.551,20.011,2.15,0.60,4,711.08,
Player2_Car,42.04,666.841,-24.652,262.514,20.008,2.52,0.60,4,719.76,
Player1_Car,42.06,671.977,-24.652,270.153,20.011,2.17,0.60,4,711.48,
Player2_Car,42.06,666.773,-24.652,262.119,20.008,2.52,0.60,4,720.16,
Player1_Car,42.08,671.929,-24.652,269.756,20.011,2.20,0.60,4,711.88,
Player2_Car,42.08,666.704,-24.652,261.725,20.008,2.53,0.60,4,720.56,
Player1_Car,42.10,671.880,-24.652,269.359,20.011,2.22,0.60,4,712.28,
Player2_Car,42.10,666.634,-24.652,261.331,20.008,2.55,0.60,4,720.96,
Player1_Car,42.12,671.830,-24.652,268.962,20.011,2.22,0.60,4,712.68,
Player2_Car,42.12,666.563,-24.652,260.937,20.008,2.56,0.60,4,721.39,
Player1_Car,42.14,671.779,-24.652,268.565,20.011,2.25,0.60,4,713.08,
Player2_Car,42.14,666.490,-24.652,260.544,20.008,2.56,0.60,4,721.79,
Player1_Car,42.16,671.728,-24.652,268.168,20.011,2.28,0.60,4,713.48,
Player2_Car,42.16,666.417,-24.652,260.151,20.008,2.57,0.60,4,722.19,
Player1_Car,42.18,671.676,-24.652,267.771,20.010,2.28,0.60,4,713.86,
Player2_Car,42.18,666.342,-24.652,259.757,20.008,2.58,0.60,4,722.59,
Player1_Car,42.20,671.622,-24.652,267.374,20.010,2.29,0.60,4,714.26,
Player2_Car,42.20,666.267,-24.652,259.365,20.008,2.59,0.60,4,723.01,
Player1_Car,42.22,671.568,-24.652,266.978,20.010,2.31,0.60,4,714.66,
Player2_Car,42.22,666.190,-24.652,258.972,20.007,2.60,0.60,4,723.41,
Player1_Car,42.24,671.513,-24.652,266.581,20.010,2.34,0.60,4,715.06,
Player2_Car,42.24,666.112,-24.652,258.579,20.007,2.61,0.60,4,723.81,
Player1_Car,42.26,671.457,-24.652,266.185,20.010,2.34,0.60,4,715.44,
Player2_Car,42.26,666.033,-24.652,258.187,20.007,2.62,0.60,4,724.24,
Player1_Car,42.28,671.400,-24.652,265.789,20.010,2.34,0.60,4,715.84,
Player2_Car,42.28,665.952,-24.652,257.795,20.007,2.61,0.60,4,724.64,
Player1_Car,42.30,671.342,-24.652,265.393,20.010,2.37,0.60,4,716.24,
Player2_Car,42.30,665.871,-24.652,257.403,20.007,2.62,0.60,4,725.04,
Player1_Car,42.32,671.283,-24.652,264.997,20.010,2.40,0.60,4,716.64,
Player2_Car,42.32,665.788,-24.652,257.012,20.007,2.64,0.60,4,725.44,
Player1_Car,42.34,671.223,-24.652,264.602,20.009,2.39,0.60,4,717.02,
Player2_Car,42.34,665.704,-24.652,256.621,20.007,2.64,0.60,4,725.86,
Player1_Car,42.36,671.162,-24.652,264.206,20.009,2.40,0.60,4,717.42,
Player2_Car,42.36,665.619,-24.652,256.230,20.007,2.64,0.60,4,726.26,
Player1_Car,42.38,671.100,-24.652,263.811,20.009,2.43,0.60,4,717.82,
Player2_Car,42.38,665.533,-24.652,255.839,20.007,2.65,0.60,4,726.66,
Player1_Car,42.40,671.037,-24.652,263.416,20.009,2.44,0.60,4,718.22,
Player2_Car,42.40,665.446,-24.652,255.448,20.007,2.65,0.60,4,727.07,
Player1_Car,42.42,670.973,-24.652,263.021,20.009,2.43,0.60,4,718.60,
Player2_Car,42.42,665.357,-24.652,255.058,20.007,2.66,0.60,4,727.49,
Player1_Car,42.44,670.908,-24.652,262.626,20.009,2.45,0.60,4,719.00,
Player2_Car,42.44,665.268,-24.652,254.668,20.007,2.66,0.60,4,727.89,
Player1_Car,42.46,670.842,-24.652,262.231,20.009,2.47,0.60,4,719.40,
Player2_Car,42.46,665.177,-24.652,254.278,20.007,2.67,0.60,4,728.29,
Player1_Car,42.48,670.775,-24.652,261.837,20.009,2.48,0.60,4,719.78,
Player2_Car,42.48,665.085,-24.652,253.889,20.006,2.68,0.60,4,728.72,
Player1_Car,42.50,670.707,-24.652,261.442,20.008,2.47,0.60,4,720.18,
Player2_Car,42.50,664.992,-24.652,253.500,20.006,2.67,0.60,4,729.12,
Player1_Car,42.52,670.637,-24.652,261.048,20.008,2.49,0.60,4,720.58,
Player2_Car,42.52,664.897,-24.652,253.111,20.006,2.67,0.60,4,729.52,
Player1_Car,42.54,670.567,-24.652,260.654,20.008,2.52,0.60,4,720.98,
Player2_Car,42.54,664.802,-24.652,252.723,20.006,2.68,0.60,4,729.92,
Player1_Car,42.56,670.496,-24.652,260.260,20.008,2.51,0.60,4,721.35,
Player2_Car,42.56,664.705,-24.652,252.334,20.006,2.69,0.60,4,730.34,
Player1_Car,42.58,670.423,-24.652,259.867,20.008,2.51,0.60,4,721.75,
Player2_Car,42.58,664.607,-24.652,251.946,20.006,2.69,0.60,4,730.74,
Player1_Car,42.60,670.350,-24.652,259.473,20.008,2.53,0.60,4,722.15,
Player2_Car,42.60,664.507,-24.652,251.559,20.006,2.72,0.60,4,731.14,
Player1_Car,42.62,670.275,-24.652,259.080,20.008,2.55,0.60,4,722.55,
Player2_Car,42.62,664.407,-24.652,251.172,20.006,2.74,0.60,4,731.54,
Player1_Car,42.64,670.199,-24.652,258.687,20.008,2.54,0.60,4,722.93,
Player2_Car,42.64,664.305,-24.652,250.785,20.006,2.75,0.60,4,731.97,
Player1_Car,42.66,670.123,-24.652,258.295,20.008,2.54,0.60,4,723.33,
Player2_Car,42.66,664.202,-24.652,250.398,20.006,2.77,0.60,4,732.37,
Player1_Car,42.68,670.045,-24.652,257.902,20.008,2.56,0.60,4,723.73,
Player2_Car,42.68,664.098,-24.652,250.012,20.006,2.80,0.60,4,732.77,
Player1_Car,42.70,669.966,-24.652,257.510,20.008,2.58,0.60,4,724.13,
Player2_Car,42.70,663.993,-24.652,249.626,20.006,2.83,0.60,4,733.20,
Player1_Car,42.72,669.885,-24.652,257.118,20.008,2.56,0.60,4,724.51,
Player2_Car,42.72,663.886,-24.652,249.240,20.006,2.83,0.60,4,733.60,
Player1_Car,42.74,669.804,-24.652,256.726,20.007,2.57,0.60,4,724.91,
Player2_Car,42.74,663.778,-24.652,248.855,20.005,2.84,0.60,4,734.00,
Player1_Car,42.76,669.722,-24.652,256.335,20.007,2.59,0.60,4,725.31,
Player2_Car,42.76,663.668,-24.652,248.470,20.005,2.86,0.60,4,734.40,
Player1_Car,42.78,669.638,-24.652,255.943,20.007,2.59,0.60,4,725.69,
Player2_Car,42.78,663.558,-24.652,248.085,20.005,2.88,0.60,4,734.82,
Player1_Car,42.80,669.553,-24.652,255.552,20.007,2.58,0.60,4,726.09,
Player2_Car,42.80,663.446,-24.652,247.701,20.005,2.88,0.60,4,735.22,
Player1_Car,42.82,669.468,-24.652,255.161,20.007,2.59,0.60,4,726.49,
Player2_Car,42.82,663.332,-24.652,247.318,20.005,2.89,0.60,4,735.62,
Player1_Car,42.84,669.381,-24.652,254.771,20.007,2.62,0.60,4,726.89,
Player2_Car,42.84,663.218,-24.652,246.934,20.005,2.90,0.60,4,736.02,
Player1_Car,42.86,669.293,-24.652,254.380,20.007,2.60,0.60,4,727.27,
Player2_Car,42.86,663.102,-24.652,246.552,20.005,2.91,0.60,4,736.45,
Player1_Car,42.88,669.203,-24.652,253.990,20.007,2.59,0.60,4,727.67,
Player2_Car,42.88,662.984,-24.652,246.169,20.005,2.92,0.60,4,736.85,
Player1_Car,42.90,669.113,-24.652,253.601,20.007,2.61,0.60,4,728.07,
Player2_Car,42.90,662.865,-24.652,245.787,20.005,2.93,0.60,4,737.25,
Player1_Car,42.92,669.022,-24.652,253.211,20.007,2.63,0.60,4,728.47,
Player2_Car,42.92,662.745,-24.652,245.405,20.005,2.94,0.60,4,737.67,
Player1_Car,42.94,668.929,-24.652,252.822,20.007,2.62,0.60,4,728.85,
Player2_Car,42.94,662.624,-24.652,245.024,20.004,2.93,0.60,4,738.07,
Player1_Car,42.96,668.835,-24.652,252.433,20.007,2.61,0.60,4,729.25,
Player2_Car,42.96,662.501,-24.652,244.643,20.004,2.94,0.60,4,738.47,
Player1_Car,42.98,668.740,-24.652,252.044,20.007,2.63,0.60,4,729.65,
Player2_Car,42.98,662.377,-24.652,244.263,20.004,2.95,0.60,4,738.87,
Player1_Car,43.00,668.644,-24.652,251.656,20.007,2.65,0.60,4,730.05,
Player2_Car,43.00,662.251,-24.652,243.883,20.004,2.95,0.60,4,739.30,
Player1_Car,43.02,668.547,-24.652,251.268,20.007,2.63,0.60,4,730.43,
Player2_Car,43.02,662.124,-24.652,243.504,20.004,2.95,0.60,4,739.70,
Player1_Car,43.04,668.448,-24.652,250.880,20.007,2.65,0.60,4,730.83,
Player2_Car,43.04,661.996,-24.652,243.125,20.004,2.95,0.60,4,740.10,
Player1_Car,43.06,668.348,-24.652,250.492,20.007,2.69,0.60,4,731.23,
Player2_Car,43.06,661.866,-24.652,242.746,20.004,2.95,0.60,4,740.50,
Player1_Car,43.08,668.248,-24.652,250.105,20.007,2.71,0.60,4,731.63,
Player2_Car,43.08,661.735,-24.652,242.368,20.004,2.95,0.60,4,740.93,
Player1_Car,43.10,668.146,-24.652,249.718,20.006,2.69,0.60,4,732.01,
Player2_Car,43.10,661.603,-24.652,241.991,20.004,2.96,0.60,4,741.33,
Player1_Car,43.12,668.042,-24.652,249.332,20.006,2.72,0.60,4,732.41,
Player2_Car,43.12,661.469,-24.652,241.614,20.004,2.96,0.60,4,741.73,
Player1_Car,43.14,667.938,-24.652,248.945,20.006,2.77,0.60,4,732.81,
Player2_Car,43.14,661.334,-24.652,241.237,20.004,2.96,0.60,4,742.15,
Player1_Car,43.16,667.832,-24.652,248.559,20.006,2.78,0.60,4,733.19,
Player2_Car,43.16,661.198,-24.652,240.861,20.004,2.95,0.60,4,742.55,
Player1_Car,43.18,667.725,-24.652,248.174,20.006,2.77,0.60,4,733.59,
Player2_Car,43.18,661.060,-24.652,240.486,20.004,2.95,0.60,4,742.95,
Player1_Car,43.20,667.617,-24.652,247.789,20.006,2.79,0.60,4,733.99,
Player2_Car,43.20,660.920,-24.652,240.110,20.004,2.96,0.60,4,743.35,
Player1_Car,43.22,667.507,-24.652,247.404,20.006,2.82,0.60,4,734.39,
Player2_Car,43.22,660.780,-24.652,239.736,20.004,2.97,0.60,4,743.80,
Player1_Car,43.24,667.397,-24.652,247.019,20.006,2.82,0.60,4,734.77,
Player2_Car,43.24,660.638,-24.652,239.362,20.004,2.97,0.60,4,744.20,
Player1_Car,43.26,667.285,-24.652,246.635,20.005,2.81,0.60,4,735.17,
Player2_Car,43.26,660.495,-24.652,238.988,20.004,2.96,0.60,4,744.60,
Player1_Car,43.28,667.171,-24.652,246.252,20.005,2.84,0.60,4,735.57,
Player2_Car,43.28,660.350,-24.652,238.615,20.004,2.95,0.60,4,745.00,
Player1_Car,43.30,667.057,-24.652,245.868,20.005,2.86,0.60,4,735.97,
Player2_Car,43.30,660.204,-24.652,238.243,20.004,2.96,0.60,4,745.44,
Player1_Car,43.32,666.941,-24.652,245.485,20.005,2.85,0.60,4,736.35,
Player2_Car,43.32,660.057,-24.652,237.871,20.004,2.97,0.60,4,745.84,
Player1_Car,43.34,666.823,-24.652,245.103,20.005,2.84,0.60,4,736.75,
Player2_Car,43.34,659.908,-24.652,237.499,20.004,2.97,0.60,4,746.24,
Player1_Car,43.36,666.705,-24.652,244.721,20.005,2.87,0.60,4,737.15,
Player2_Car,43.36,659.758,-24.652,237.129,20.004,2.96,0.60,4,746.67,
Player1_Car,43.38,666.585,-24.652,244.339,20.005,2.88,0.60,4,737.55,
Player2_Car,43.38,659.606,-24.652,236.758,20.004,2.95,0.60,4,747.07,
Player1_Car,43.40,666.464,-24.652,243.958,20.005,2.86,0.60,4,737.93,
Player2_Car,43.40,659.454,-24.652,236.388,20.004,2.95,0.60,4,747.47,
Player1_Car,43.42,666.341,-24.652,243.577,20.005,2.86,0.60,4,738.33,
Player2_Car,43.42,659.300,-24.652,236.019,20.004,2.95,0.60,4,747.87,
Player1_Car,43.44,666.217,-24.652,243.196,20.005,2.89,0.60,4,738.73,
Player2_Car,43.44,659.144,-24.652,235.651,20.004,2.95,0.60,4,748.30,
Player1_Car,43.46,666.092,-24.652,242.816,20.005,2.88,0.60,4,739.11,
Player2_Car,43.46,658.988,-24.652,235.283,20.004,2.95,0.60,4,748.70,
Player1_Car,43.48,665.966,-24.652,242.437,20.005,2.87,0.60,4,739.51,
Player2_Car,43.48,658.829,-24.652,234.915,20.004,2.95,0.60,4,749.10,
Player1_Car,43.50,665.838,-24.652,242.058,20.005,2.88,0.60,4,739.91,
Player2_Car,43.50,658.670,-24.652,234.548,20.004,2.94,0.60,4,749.50,
Player1_Car,43.52,665.709,-24.652,241.679,20.005,2.90,0.60,4,740.31,
Player2_Car,43.52,658.509,-24.652,234.182,20.004,2.94,0.60,4,749.93,
Player1_Car,43.54,665.578,-24.652,241.301,20.005,2.89,0.60,4,740.69,
Player2_Car,43.54,658.347,-24.652,233.816,20.004,2.95,0.60,4,750.33,
Player1_Car,43.56,665.447,-24.652,240.923,20.005,2.87,0.60,4,741.09,
Player2_Car,43.56,658.184,-24.652,233.451,20.004,2.95,0.60,4,750.73,
Player1_Car,43.58,665.314,-24.652,240.546,20.004,2.89,0.60,4,741.49,
Player2_Car,43.58,658.019,-24.652,233.086,20.004,2.94,0.60,4,751.16,
Player1_Car,43.60,665.179,-24.652,240.169,20.005,2.91,0.60,4,741.89,
Player2_Car,43.60,657.853,-24.652,232.722,20.004,2.93,0.60,4,751.56,
Player1_Car,43.62,665.044,-24.652,239.792,20.004,2.89,0.60,4,742.27,
Player2_Car,43.62,657.686,-24.652,232.359,20.004,2.94,0.60,4,751.96,
Player1_Car,43.64,664.907,-24.652,239.416,20.004,2.88,0.60,4,742.67,
Player2_Car,43.64,657.517,-24.652,231.996,20.004,2.94,0.60,4,752.36,
Player1_Car,43.66,664.768,-24.652,239.041,20.004,2.89,0.60,4,743.07,
Player2_Car,43.66,657.348,-24.652,231.634,20.004,2.93,0.60,4,752.79,
Player1_Car,43.68,664.629,-24.652,238.666,20.004,2.91,0.60,4,743.47,
Player2_Car,43.68,657.176,-24.652,231.272,20.004,2.93,0.60,4,753.19,
Player1_Car,43.70,664.488,-24.652,238.292,20.004,2.87,0.60,4,743.83,
Player2_Car,43.70,657.004,-24.652,230.911,20.004,2.93,0.60,4,753.59,
Player1_Car,43.72,664.346,-24.652,237.918,20.004,2.87,0.60,4,744.23,
Player2_Car,43.72,656.830,-24.652,230.551,20.004,2.92,0.60,4,753.99,
Player1_Car,43.74,664.202,-24.652,237.544,20.004,2.89,0.60,4,744.63,
Player2_Car,43.74,656.655,-24.652,230.191,20.004,2.92,0.60,4,754.42,
Player1_Car,43.76,664.057,-24.652,237.171,20.004,2.90,0.60,4,745.03,
Player2_Car,43.76,656.479,-24.652,229.832,20.004,2.93,0.60,4,754.82,
Player1_Car,43.78,663.911,-24.652,236.799,20.004,2.87,0.60,4,745.40,
Player2_Car,43.78,656.301,-24.652,229.473,20.004,2.93,0.60,4,755.22,
Player1_Car,43.80,663.764,-24.652,236.427,20.004,2.87,0.60,4,745.80,
Player2_Car,43.80,656.122,-24.652,229.115,20.004,2.93,0.60,4,755.65,
Player1_Car,43.82,663.615,-24.652,236.055,20.004,2.89,0.60,4,746.20,
Player2_Car,43.82,655.942,-24.652,228.758,20.004,2.92,0.60,4,756.05,
Player1_Car,43.84,663.465,-24.652,235.685,20.004,2.89,0.60,4,746.58,
Player2_Car,43.84,655.761,-24.652,228.402,20.004,2.92,0.60,4,756.45,
Player1_Car,43.86,663.314,-24.652,235.314,20.004,2.86,0.60,4,746.98,
Player2_Car,43.86,655.578,-24.652,228.046,20.004,2.92,0.60,4,756.85,
Player1_Car,43.88,663.161,-24.652,234.944,20.004,2.88,0.60,4,747.38,
Player2_Car,43.88,655.394,-24.652,227.690,20.004,2.92,0.60,4,757.27,
Player1_Car,43.90,663.007,-24.652,234.575,20.004,2.90,0.60,4,747.78,
Player2_Car,43.90,655.209,-24.652,227.336,20.004,2.93,0.60,4,757.67,
Player1_Car,43.92,662.852,-24.652,234.206,20.004,2.88,0.60,4,748.16,
Player2_Car,43.92,655.022,-24.652,226.982,20.004,2.95,0.60,4,758.07,
Player1_Car,43.94,662.696,-24.652,233.838,20.004,2.86,0.60,4,748.56,
Player2_Car,43.94,654.834,-24.652,226.629,20.004,2.97,0.60,4,758.50,
Player1_Car,43.96,662.538,-24.652,233.470,20.004,2.88,0.60,4,748.96,
Player2_Car,43.96,654.645,-24.652,226.276,20.004,2.96,0.60,4,758.90,
Player1_Car,43.98,662.379,-24.652,233.103,20.004,2.89,0.60,4,749.36,
Player2_Car,43.98,654.455,-24.652,225.924,20.004,2.99,0.60,4,759.30,
Player1_Car,44.00,662.219,-24.652,232.737,20.004,2.87,0.60,4,749.74,
Player2_Car,44.00,654.263,-24.652,225.573,20.004,3.04,0.60,4,759.70,
Player1_Car,44.02,662.057,-24.652,232.371,20.004,2.86,0.60,4,750.14,
Player2_Car,44.02,654.070,-24.652,225.222,20.004,3.06,0.60,4,760.13,
Player1_Car,44.04,661.895,-24.652,232.005,20.004,2.88,0.60,4,750.54,
Player2_Car,44.04,653.876,-24.652,224.873,20.003,3.07,0.60,4,760.53,
Player1_Car,44.06,661.731,-24.652,231.640,20.004,2.89,0.60,4,750.94,
Player2_Car,44.06,653.681,-24.652,224.524,20.003,3.12,0.60,4,760.93,
Player1_Car,44.08,661.565,-24.652,231.276,20.004,2.86,0.60,4,751.31,
Player2_Car,44.08,653.484,-24.652,224.176,20.003,3.16,0.60,4,761.33,
Player1_Car,44.10,661.399,-24.652,230.912,20.004,2.86,0.60,4,751.71,
Player2_Car,44.10,653.285,-24.652,223.828,20.003,3.18,0.60,4,761.76,
Player1_Car,44.12,661.231,-24.652,230.549,20.004,2.88,0.60,4,752.11,
Player2_Car,44.12,653.085,-24.652,223.482,20.003,3.21,0.60,4,762.16,
Player1_Car,44.14,661.062,-24.652,230.186,20.004,2.88,0.60,4,752.51,
Player2_Car,44.14,652.884,-24.652,223.136,20.003,3.25,0.60,4,762.56,
Player1_Car,44.16,660.891,-24.652,229.824,20.004,2.85,0.60,4,752.89,
Player2_Car,44.16,652.682,-24.652,222.791,20.002,3.29,0.60,4,762.99,
Player1_Car,44.18,660.720,-24.652,229.463,20.004,2.86,0.60,4,753.29,
Player2_Car,44.18,652.478,-24.652,222.447,20.002,3.29,0.60,4,763.39,
Player1_Car,44.20,660.547,-24.652,229.102,20.004,2.88,0.60,4,753.69,
Player2_Car,44.20,652.272,-24.652,222.104,20.002,3.31,0.60,4,763.79,
Player1_Car,44.22,660.373,-24.652,228.742,20.004,2.87,0.60,4,754.07,
Player2_Car,44.22,652.065,-24.652,221.761,20.002,3.33,0.60,4,764.19,
Player1_Car,44.24,660.198,-24.652,228.382,20.004,2.85,0.60,4,754.47,
Player2_Car,44.24,651.856,-24.652,221.420,20.002,3.35,0.60,4,764.62,
Player1_Car,44.26,660.021,-24.652,228.023,20.004,2.86,0.60,4,754.87,
Player2_Car,44.26,651.647,-24.652,221.079,20.001,3.36,0.60,4,765.02,
Player1_Car,44.28,659.843,-24.652,227.665,20.004,2.88,0.60,4,755.27,
Player2_Car,44.28,651.435,-24.652,220.740,20.001,3.36,0.60,4,765.42,
Player1_Car,44.30,659.664,-24.652,227.307,20.004,2.86,0.60,4,755.65,
Player2_Car,44.30,651.222,-24.652,220.401,20.001,3.36,0.60,4,765.82,
Player1_Car,44.32,659.484,-24.652,226.950,20.004,2.85,0.60,4,756.05,
Player2_Car,44.32,651.008,-24.652,220.064,20.001,3.37,0.60,4,766.25,
Player1_Car,44.34,659.303,-24.652,226.593,20.004,2.87,0.60,4,756.45,
Player2_Car,44.34,650.792,-24.652,219.727,20.001,3.38,0.60,4,766.65,
Player1_Car,44.36,659.120,-24.652,226.237,20.005,2.88,0.60,4,756.85,
Player2_Car,44.36,650.574,-24.652,219.391,20.001,3.38,0.60,4,767.05,
Player1_Car,44.38,658.936,-24.652,225.882,20.004,2.85,0.60,4,757.23,
Player2_Car,44.38,650.355,-24.652,219.056,20.001,3.38,0.60,4,767.48,
Player1_Car,44.40,658.751,-24.652,225.527,20.004,2.86,0.60,4,757.63,
Player2_Car,44.40,650.135,-24.652,218.723,20.001,3.36,0.60,4,767.88,
Player1_Car,44.42,658.565,-24.652,225.173,20.004,2.90,0.60,4,758.03,
Player2_Car,44.42,649.913,-24.652,218.390,20.001,3.36,0.60,4,768.28,
Player1_Car,44.44,658.377,-24.652,224.820,20.004,2.92,0.60,4,758.43,
Player2_Car,44.44,649.690,-24.652,218.058,20.001,3.36,0.60,4,768.68,
Player1_Car,44.46,658.188,-24.652,224.467,20.004,2.90,0.60,4,758.80,
Player2_Car,44.46,649.465,-24.652,217.727,20.001,3.36,0.60,4,769.11,
Player1_Car,44.48,657.998,-24.652,224.115,20.004,2.93,0.60,4,759.20,
Player2_Car,44.48,649.239,-24.652,217.397,20.000,3.35,0.60,4,769.51,
Player1_Car,44.50,657.807,-24.652,223.764,20.004,3.00,0.60,4,759.60,
Player2_Car,44.50,649.011,-24.652,217.068,20.000,3.35,0.60,4,769.91,
Player1_Car,44.52,657.614,-24.652,223.413,20.004,3.01,0.60,4,759.98,
Player2_Car,44.52,648.782,-24.652,216.741,20.000,3.33,0.60,4,770.31,
Player1_Car,44.54,657.420,-24.652,223.063,20.004,3.00,0.60,4,760.38,
Player2_Car,44.54,648.551,-24.652,216.414,20.000,3.34,0.60,4,770.75,
Player1_Car,44.56,657.225,-24.652,222.714,20.004,3.06,0.60,4,760.78,
Player2_Car,44.56,648.319,-24.652,216.088,20.000,3.34,0.60,4,771.15,
Player1_Car,44.58,657.029,-24.652,222.365,20.004,3.12,0.60,4,761.18,
Player2_Car,44.58,648.086,-24.652,215.763,20.000,3.32,0.60,4,771.55,
Player1_Car,44.60,656.831,-24.652,222.018,20.003,3.12,0.60,4,761.56,
Player2_Car,44.60,647.851,-24.652,215.439,20.001,3.33,0.60,4,772.01,
Player1_Car,44.62,656.632,-24.652,221.671,20.003,3.12,0.60,4,761.96,
Player2_Car,44.62,647.614,-24.652,215.116,20.001,3.31,0.60,4,772.41,
Player1_Car,44.64,656.431,-24.652,221.325,20.003,3.18,0.60,4,762.36,
Player2_Car,44.64,647.377,-24.652,214.795,20.001,3.30,0.60,4,772.81,
Player1_Car,44.66,656.229,-24.652,220.979,20.003,3.23,0.60,4,762.76,
Player2_Car,44.66,647.138,-24.652,214.474,20.001,3.28,0.60,4,773.21,
Player1_Car,44.68,656.026,-24.652,220.635,20.003,3.22,0.60,4,763.14,
Player2_Car,44.68,646.897,-24.652,214.154,20.001,3.29,0.60,4,773.67,
Player1_Car,44.70,655.821,-24.652,220.291,20.002,3.22,0.60,4,763.54,
Player2_Car,44.70,646.656,-24.652,213.836,20.001,3.29,0.60,4,774.07,
Player1_Car,44.72,655.614,-24.652,219.948,20.002,3.25,0.60,4,763.94,
Player2_Car,44.72,646.412,-24.652,213.518,20.001,3.27,0.60,4,774.47,
Player1_Car,44.74,655.407,-24.652,219.607,20.002,3.28,0.60,4,764.34,
Player2_Car,44.74,646.168,-24.652,213.201,20.001,3.26,0.60,4,774.92,
Player1_Car,44.76,655.198,-24.652,219.266,20.002,3.26,0.60,4,764.72,
Player2_Car,44.76,645.922,-24.652,212.886,20.001,3.24,0.60,4,775.32,
Player1_Car,44.78,654.987,-24.652,218.925,20.002,3.26,0.60,4,765.12,
Player2_Car,44.78,645.675,-24.652,212.571,20.001,3.23,0.60,4,775.72,
Player1_Car,44.80,654.775,-24.652,218.586,20.002,3.29,0.60,4,765.52,
Player2_Car,44.80,645.427,-24.652,212.258,20.001,3.22,0.60,4,776.12,
Player1_Car,44.82,654.562,-24.652,218.248,20.002,3.28,0.60,4,765.90,
Player2_Car,44.82,645.177,-24.652,211.945,20.001,3.21,0.60,4,776.55,
Player1_Car,44.84,654.347,-24.652,217.910,20.002,3.26,0.60,4,766.29,
Player2_Car,44.84,644.926,-24.652,211.634,20.001,3.20,0.60,4,776.95,
Player1_Car,44.86,654.130,-24.652,217.574,20.001,3.28,0.60,4,766.69,
Player2_Car,44.86,644.673,-24.652,211.324,20.001,3.19,0.60,4,777.35,
Player1_Car,44.88,653.913,-24.652,217.238,20.001,3.30,0.60,4,767.09,
Player2_Car,44.88,644.420,-24.652,211.014,20.001,3.18,0.60,4,777.75,
Player1_Car,44.90,653.694,-24.652,216.904,20.001,3.28,0.60,4,767.47,
Player2_Car,44.90,644.165,-24.652,210.706,20.001,3.16,0.60,4,778.18,
Player1_Car,44.92,653.473,-24.652,216.570,20.001,3.26,0.60,4,767.87,
Player2_Car,44.92,643.909,-24.652,210.399,20.001,3.17,0.60,4,778.58,
Player1_Car,44.94,653.251,-24.652,216.237,20.001,3.27,0.60,4,768.27,
Player2_Car,44.94,643.652,-24.652,210.092,20.002,3.16,0.60,4,778.98,
Player1_Car,44.96,653.028,-24.652,215.905,20.001,3.29,0.60,4,768.67,
Player2_Car,44.96,643.393,-24.652,209.787,20.002,3.15,0.60,4,779.41,
Player1_Car,44.98,652.803,-24.652,215.574,20.001,3.26,0.60,4,769.05,
Player2_Car,44.98,643.133,-24.652,209.483,20.002,3.13,0.60,4,779.81,
Player1_Car,45.00,652.577,-24.652,215.244,20.001,3.24,0.60,4,769.45,
Player2_Car,45.00,642.872,-24.652,209.180,20.002,3.12,0.60,4,780.21,
Player1_Car,45.02,652.349,-24.652,214.916,20.001,3.25,0.60,4,769.85,
Player2_Car,45.02,642.610,-24.652,208.877,20.002,3.12,0.60,4,780.61,
Player1_Car,45.04,652.120,-24.652,214.587,20.001,3.26,0.60,4,770.25,
Player2_Car,45.04,642.347,-24.652,208.576,20.002,3.11,0.60,4,781.04,
Player1_Car,45.06,651.890,-24.652,214.260,20.001,3.22,0.60,4,770.62,
Player2_Car,45.06,642.082,-24.652,208.276,20.002,3.10,0.60,4,781.44,
Player1_Car,45.08,651.658,-24.652,213.934,20.001,3.21,0.60,4,771.02,
Player2_Car,45.08,641.816,-24.652,207.977,20.002,3.09,0.60,4,781.84,
Player1_Car,45.10,651.425,-24.652,213.609,20.001,3.22,0.60,4,771.42,
Player2_Car,45.10,641.549,-24.652,207.679,20.002,3.08,0.60,4,782.24,
Player1_Car,45.12,651.191,-24.652,213.285,20.001,3.23,0.60,4,771.82,
Player2_Car,45.12,641.281,-24.652,207.382,20.002,3.07,0.60,4,782.67,
Player1_Car,45.14,650.955,-24.652,212.962,20.001,3.18,0.60,4,772.17,
Player2_Car,45.14,641.012,-24.652,207.086,20.002,3.10,0.60,4,783.07,
Player1_Car,45.16,650.718,-24.652,212.640,20.001,3.17,0.60,4,772.57,
Player2_Car,45.16,640.742,-24.652,206.792,20.002,3.11,0.60,4,783.47,
Player1_Car,45.18,650.480,-24.652,212.318,20.002,3.19,0.60,4,772.97,
Player2_Car,45.18,640.470,-24.652,206.498,20.002,3.11,0.60,4,783.90,
Player1_Car,45.20,650.240,-24.652,211.998,20.002,3.18,0.60,4,773.35,
Player2_Car,45.20,640.198,-24.652,206.205,20.002,3.11,0.60,4,784.30,
Player1_Car,45.22,649.999,-24.652,211.679,20.002,3.14,0.60,4,773.73,
Player2_Car,45.22,639.924,-24.652,205.913,20.002,3.14,0.60,4,784.70,
Player1_Car,45.24,649.757,-24.652,211.360,20.002,3.14,0.60,4,774.13,
Player2_Car,45.24,639.649,-24.652,205.623,20.002,3.17,0.60,4,785.10,
Player1_Car,45.26,649.513,-24.652,211.043,20.002,3.16,0.60,4,774.53,
Player2_Car,45.26,639.373,-24.652,205.333,20.002,3.18,0.60,4,785.53,
Player1_Car,45.28,649.268,-24.652,210.727,20.002,3.13,0.60,4,774.90,
Player2_Car,45.28,639.096,-24.652,205.045,20.002,3.21,0.60,4,785.93,
Player1_Car,45.30,649.022,-24.652,210.411,20.002,3.11,0.60,4,775.30,
Player2_Car,45.30,638.817,-24.652,204.758,20.002,3.25,0.60,4,786.33,
Player1_Car,45.32,648.775,-24.652,210.097,20.002,3.12,0.60,4,775.70,
Player2_Car,45.32,638.537,-24.652,204.472,20.002,3.29,0.60,4,786.76,
Player1_Car,45.34,648.527,-24.652,209.783,20.002,3.13,0.60,4,776.10,
Player2_Car,45.34,638.257,-24.652,204.187,20.002,3.29,0.60,4,787.16,
Player1_Car,45.36,648.277,-24.652,209.471,20.002,3.10,0.60,4,776.48,
Player2_Car,45.36,637.974,-24.652,203.903,20.001,3.33,0.60,4,787.56,
Player1_Car,45.38,648.026,-24.652,209.159,20.002,3.08,0.60,4,776.88,
Player2_Car,45.38,637.691,-24.652,203.621,20.001,3.38,0.60,4,787.96,
Player1_Car,45.40,647.774,-24.652,208.849,20.002,3.09,0.60,4,777.28,
Player2_Car,45.40,637.407,-24.652,203.340,20.001,3.42,0.60,4,788.39,
Player1_Car,45.42,647.520,-24.652,208.539,20.002,3.10,0.60,4,777.68,
Player2_Car,45.42,637.121,-24.652,203.060,20.001,3.43,0.60,4,788.79,
Player1_Car,45.44,647.266,-24.652,208.230,20.002,3.07,0.60,4,778.06,
Player2_Car,45.44,636.834,-24.652,202.781,20.001,3.46,0.60,4,789.19,
Player1_Car,45.46,647.010,-24.652,207.923,20.002,3.06,0.60,4,778.46,
Player2_Car,45.46,636.545,-24.652,202.504,20.000,3.49,0.60,4,789.59,
Player1_Car,45.48,646.753,-24.652,207.616,20.002,3.07,0.60,4,778.86,
Player2_Car,45.48,636.256,-24.652,202.228,20.000,3.52,0.60,4,790.02,
Player1_Car,45.50,646.495,-24.652,207.311,20.002,3.07,0.60,4,779.26,
Player2_Car,45.50,635.965,-24.652,201.954,20.000,3.54,0.60,4,790.42,
Player1_Car,45.52,646.236,-24.652,207.006,20.002,3.04,0.60,4,779.63,
Player2_Car,45.52,635.673,-24.652,201.681,20.000,3.55,0.60,4,790.82,
Player1_Car,45.54,645.975,-24.652,206.702,20.002,3.03,0.60,4,780.03,
Player2_Car,45.54,635.379,-24.652,201.409,20.000,3.57,0.60,4,791.25,
Player1_Car,45.56,645.714,-24.652,206.400,20.003,3.05,0.60,4,780.43,
Player2_Car,45.56,635.084,-24.652,201.138,19.999,3.56,0.60,4,791.65,
Player1_Car,45.58,645.451,-24.652,206.098,20.003,3.03,0.60,4,780.81,
Player2_Car,45.58,634.788,-24.652,200.870,19.999,3.57,0.60,4,792.05,
Player1_Car,45.60,645.187,-24.652,205.797,20.003,3.01,0.60,4,781.21,
Player2_Car,45.60,634.491,-24.652,200.602,19.999,3.57,0.60,4,792.45,
Player1_Car,45.62,644.922,-24.652,205.498,20.003,3.02,0.60,4,781.61,
Player2_Car,45.62,634.192,-24.652,200.336,19.999,3.58,0.60,4,792.88,
Player1_Car,45.64,644.656,-24.652,205.199,20.003,3.03,0.60,4,782.01,
Player2_Car,45.64,633.892,-24.652,200.071,19.999,3.57,0.60,4,793.28,
Player1_Car,45.66,644.389,-24.652,204.901,20.003,3.01,0.60,4,782.39,
Player2_Car,45.66,633.591,-24.652,199.808,19.999,3.57,0.60,4,793.68,
Player1_Car,45.68,644.120,-24.652,204.605,20.003,3.00,0.60,4,782.79,
Player2_Car,45.68,633.288,-24.652,199.547,19.999,3.55,0.60,4,794.08,
Player1_Car,45.70,643.851,-24.652,204.309,20.003,3.04,0.60,4,783.19,
Player2_Car,45.70,632.984,-24.652,199.286,19.999,3.55,0.60,4,794.51,
Player1_Car,45.72,643.580,-24.652,204.014,20.003,3.06,0.60,4,783.59,
Player2_Car,45.72,632.679,-24.652,199.028,19.999,3.55,0.60,4,794.91,
Player1_Car,45.74,643.308,-24.652,203.721,20.003,3.04,0.60,4,783.97,
Player2_Car,45.74,632.373,-24.652,198.770,19.999,3.54,0.60,4,795.31,
Player1_Car,45.76,643.036,-24.652,203.428,20.003,3.05,0.60,4,784.37,
Player2_Car,45.76,632.066,-24.652,198.515,19.999,3.54,0.60,4,795.76,
Player1_Car,45.78,642.762,-24.652,203.136,20.003,3.11,0.60,4,784.77,
Player2_Car,45.78,631.757,-24.652,198.260,19.999,3.52,0.60,4,796.16,
Player1_Car,45.80,642.487,-24.652,202.846,20.003,3.14,0.60,4,785.17,
Player2_Car,45.80,631.447,-24.652,198.007,19.999,3.50,0.60,4,796.56,
Player1_Car,45.82,642.210,-24.652,202.557,20.003,3.12,0.60,4,785.55,
Player2_Car,45.82,631.136,-24.652,197.756,19.999,3.49,0.60,4,796.96,
Player1_Car,45.84,641.933,-24.652,202.268,20.002,3.15,0.60,4,785.95,
Player2_Car,45.84,630.824,-24.652,197.506,19.999,3.50,0.60,4,797.42,
Player1_Car,45.86,641.654,-24.652,201.981,20.002,3.21,0.60,4,786.35,
Player2_Car,45.86,630.511,-24.652,197.257,19.999,3.49,0.60,4,797.82,
Player1_Car,45.88,641.375,-24.652,201.695,20.002,3.24,0.60,4,786.74,
Player2_Car,45.88,630.196,-24.652,197.010,19.999,3.46,0.60,4,798.22,
Player1_Car,45.90,641.094,-24.652,201.410,20.002,3.22,0.60,4,787.12,
Player2_Car,45.90,629.880,-24.652,196.765,19.999,3.46,0.60,4,798.68,
Player1_Car,45.92,640.812,-24.652,201.126,20.002,3.27,0.60,4,787.52,
Player2_Car,45.92,629.564,-24.652,196.520,19.999,3.43,0.60,4,799.08,
Player1_Car,45.94,640.529,-24.652,200.844,20.002,3.34,0.60,4,787.92,
Player2_Car,45.94,629.246,-24.652,196.278,19.999,3.41,0.60,4,799.48,
Player1_Car,45.96,640.244,-24.652,200.563,20.002,3.35,0.60,4,788.30,
Player2_Car,45.96,628.927,-24.652,196.037,19.999,3.39,0.60,4,799.88,
Player1_Car,45.98,639.959,-24.652,200.283,20.001,3.35,0.60,4,788.70,
Player2_Car,45.98,628.606,-24.652,195.797,19.999,3.40,0.60,4,800.34,
Player1_Car,46.00,639.672,-24.652,200.004,20.001,3.40,0.60,4,789.10,
Player2_Car,46.00,628.285,-24.652,195.558,19.999,3.38,0.60,4,800.74,
Player1_Car,46.02,639.384,-24.652,199.726,20.001,3.45,0.60,4,789.50,
Player2_Car,46.02,627.963,-24.652,195.321,20.000,3.36,0.60,4,801.14,
Player1_Car,46.04,639.094,-24.652,199.450,20.001,3.44,0.60,4,789.88,
Player2_Car,46.04,627.640,-24.652,195.086,20.000,3.33,0.60,4,801.54,
Player1_Car,46.06,638.804,-24.652,199.175,20.000,3.43,0.60,4,790.28,
Player2_Car,46.06,627.315,-24.652,194.852,20.000,3.32,0.60,4,801.99,
Player1_Car,46.08,638.512,-24.652,198.902,20.000,3.46,0.60,4,790.68,
Player2_Car,46.08,626.990,-24.652,194.619,20.000,3.32,0.60,4,802.39,
Player1_Car,46.10,638.219,-24.652,198.630,20.000,3.49,0.60,4,791.08,
Player2_Car,46.10,626.664,-24.652,194.388,20.000,3.30,0.60,4,802.79,
Player1_Car,46.12,637.924,-24.652,198.359,20.000,3.46,0.60,4,791.46,
Player2_Car,46.12,626.336,-24.652,194.158,20.000,3.28,0.60,4,803.22,
Player1_Car,46.14,637.629,-24.652,198.089,20.000,3.46,0.60,4,791.86,
Player2_Car,46.14,626.008,-24.652,193.929,20.000,3.25,0.60,4,803.62,
Player1_Car,46.16,637.332,-24.652,197.821,20.000,3.48,0.60,4,792.26,
Player2_Car,46.16,625.679,-24.652,193.702,20.000,3.25,0.60,4,804.02,
Player1_Car,46.18,637.034,-24.652,197.555,20.000,3.49,0.60,4,792.66,
Player2_Car,46.18,625.349,-24.652,193.477,20.000,3.23,0.60,4,804.42,
Player1_Car,46.20,636.734,-24.652,197.289,20.000,3.45,0.60,4,793.03,
Player2_Car,46.20,625.017,-24.652,193.252,20.001,3.22,0.60,4,804.85,
Player1_Car,46.22,636.434,-24.652,197.025,20.000,3.45,0.60,4,793.43,
Player2_Car,46.22,624.685,-24.652,193.029,20.001,3.20,0.60,4,805.25,
Player1_Car,46.24,636.132,-24.652,196.763,20.000,3.47,0.60,4,793.83,
Player2_Car,46.24,624.352,-24.652,192.808,20.001,3.19,0.60,4,805.65,
Player1_Car,46.26,635.829,-24.652,196.502,20.000,3.45,0.60,4,794.21,
Player2_Car,46.26,624.018,-24.652,192.587,20.001,3.17,0.60,4,806.05,
Player1_Car,46.28,635.525,-24.652,196.242,20.000,3.42,0.60,4,794.61,
Player2_Car,46.28,623.684,-24.652,192.369,20.001,3.16,0.60,4,806.48,
Player1_Car,46.30,635.219,-24.652,195.984,20.000,3.43,0.60,4,795.01,
Player2_Car,46.30,623.348,-24.652,192.151,20.001,3.16,0.60,4,806.88,
Player1_Car,46.32,634.913,-24.652,195.727,20.000,3.44,0.60,4,795.41,
Player2_Car,46.32,623.011,-24.652,191.935,20.001,3.16,0.60,4,807.28,
Player1_Car,46.34,634.605,-24.652,195.471,20.000,3.40,0.60,4,795.78,
Player2_Car,46.34,622.674,-24.652,191.720,20.001,3.15,0.60,4,807.71,
Player1_Car,46.36,634.296,-24.652,195.217,20.000,3.37,0.60,4,796.18,
Player2_Car,46.36,622.335,-24.652,191.507,20.001,3.14,0.60,4,808.11,
Player1_Car,46.38,633.986,-24.652,194.964,20.000,3.39,0.60,4,796.58,
Player2_Car,46.38,621.996,-24.652,191.294,20.002,3.16,0.60,4,808.51,
Player1_Car,46.40,633.675,-24.652,194.713,20.000,3.39,0.60,4,796.98,
Player2_Car,46.40,621.656,-24.652,191.084,20.002,3.18,0.60,4,808.91,
Player1_Car,46.42,633.363,-24.652,194.463,20.000,3.34,0.60,4,797.34,
Player2_Car,46.42,621.315,-24.652,190.874,20.002,3.18,0.60,4,809.34,
Player1_Car,46.44,633.050,-24.652,194.214,20.000,3.32,0.60,4,797.74,
Player2_Car,46.44,620.974,-24.652,190.666,20.002,3.20,0.60,4,809.74,
Player1_Car,46.46,632.735,-24.652,193.967,20.000,3.33,0.60,4,798.14,
Player2_Car,46.46,620.631,-24.652,190.460,20.002,3.23,0.60,4,810.14,
Player1_Car,46.48,632.420,-24.652,193.721,20.000,3.34,0.60,4,798.54,
Player2_Car,46.48,620.288,-24.652,190.255,20.001,3.26,0.60,4,810.57,
Player1_Car,46.50,632.103,-24.652,193.476,20.000,3.28,0.60,4,798.90,
Player2_Car,46.50,619.943,-24.652,190.051,20.001,3.26,0.60,4,810.97,
Player1_Car,46.52,631.786,-24.652,193.233,20.000,3.27,0.60,4,799.30,
Player2_Car,46.52,619.598,-24.652,189.849,20.001,3.29,0.60,4,811.37,
Player1_Car,46.54,631.467,-24.652,192.991,20.000,3.28,0.60,4,799.70,
Player2_Car,46.54,619.252,-24.652,189.648,20.001,3.34,0.60,4,811.77,
Player1_Car,46.56,631.148,-24.652,192.751,20.001,3.28,0.60,4,800.10,
Player2_Car,46.56,618.905,-24.652,189.449,20.001,3.36,0.60,4,812.19,
Player1_Car,46.58,630.827,-24.652,192.511,20.001,3.23,0.60,4,800.46,
Player2_Car,46.58,618.558,-24.652,189.251,20.001,3.38,0.60,4,812.59,
Player1_Car,46.60,630.505,-24.652,192.274,20.001,3.21,0.60,4,800.86,
Player2_Car,46.60,618.209,-24.652,189.055,20.001,3.42,0.60,4,812.99,
Player1_Car,46.62,630.182,-24.652,192.037,20.001,3.23,0.60,4,801.26,
Player2_Car,46.62,617.860,-24.652,188.860,20.001,3.45,0.60,4,813.39,
Player1_Car,46.64,629.859,-24.652,191.802,20.001,3.20,0.60,4,801.62,
Player2_Car,46.64,617.509,-24.652,188.667,20.000,3.47,0.60,4,813.82,
Player1_Car,46.66,629.534,-24.652,191.568,20.001,3.17,0.60,4,802.02,
Player2_Car,46.66,617.158,-24.652,188.476,20.000,3.51,0.60,4,814.22,
Player1_Car,46.68,629.209,-24.652,191.336,20.001,3.18,0.60,4,802.42,
Player2_Car,46.68,616.806,-24.652,188.286,20.000,3.54,0.60,4,814.62,
Player1_Car,46.70,628.882,-24.652,191.105,20.001,3.19,0.60,4,802.82,
Player2_Car,46.70,616.453,-24.652,188.098,20.000,3.57,0.60,4,815.05,
Player1_Car,46.72,628.555,-24.652,190.875,20.001,3.16,0.60,4,803.20,
Player2_Car,46.72,616.099,-24.652,187.911,20.000,3.57,0.60,4,815.45,
Player1_Car,46.74,628.226,-24.652,190.647,20.001,3.13,0.60,4,803.60,
Player2_Car,46.74,615.744,-24.652,187.727,19.999,3.58,0.60,4,815.85,
Player1_Car,46.76,627.897,-24.652,190.419,20.001,3.14,0.60,4,804.00,
Player2_Car,46.76,615.388,-24.652,187.544,19.999,3.59,0.60,4,816.25,
Player1_Car,46.78,627.567,-24.652,190.194,20.002,3.15,0.60,4,804.40,
Player2_Car,46.78,615.032,-24.652,187.363,19.999,3.61,0.60,4,816.68,
Player1_Car,46.80,627.236,-24.652,189.969,20.002,3.11,0.60,4,804.78,
Player2_Car,46.80,614.674,-24.652,187.183,19.999,3.61,0.60,4,817.08,
Player1_Car,46.82,626.904,-24.652,189.746,20.002,3.09,0.60,4,805.18,
Player2_Car,46.82,614.316,-24.652,187.005,19.999,3.60,0.60,4,817.48,
Player1_Car,46.84,626.571,-24.652,189.524,20.002,3.11,0.60,4,805.58,
Player2_Car,46.84,613.957,-24.652,186.829,19.999,3.59,0.60,4,817.88,
Player1_Car,46.86,626.237,-24.652,189.303,20.002,3.11,0.60,4,805.98,
Player2_Car,46.86,613.597,-24.652,186.655,19.999,3.59,0.60,4,818.31,
Player1_Car,46.88,625.903,-24.652,189.084,20.002,3.07,0.60,4,806.36,
Player2_Car,46.88,613.236,-24.652,186.483,19.999,3.60,0.60,4,818.71,
Player1_Car,46.90,625.567,-24.652,188.866,20.002,3.07,0.60,4,806.76,
Player2_Car,46.90,612.874,-24.652,186.312,19.999,3.59,0.60,4,819.11,
Player1_Car,46.92,625.231,-24.652,188.649,20.002,3.09,0.60,4,807.16,
Player2_Car,46.92,612.512,-24.652,186.143,19.999,3.58,0.60,4,819.55,
Player1_Car,46.94,624.894,-24.652,188.434,20.002,3.09,0.60,4,807.56,
Player2_Car,46.94,612.148,-24.652,185.976,19.999,3.56,0.60,4,819.95,
Player1_Car,46.96,624.556,-24.652,188.220,20.002,3.05,0.60,4,807.94,
Player2_Car,46.96,611.784,-24.652,185.810,19.998,3.55,0.60,4,820.35,
Player1_Car,46.98,624.217,-24.652,188.007,20.002,3.08,0.60,4,808.34,
Player2_Car,46.98,611.419,-24.652,185.647,19.999,3.53,0.60,4,820.75,
Player1_Car,47.00,623.878,-24.652,187.795,20.002,3.13,0.60,4,808.74,
Player2_Car,47.00,611.054,-24.652,185.485,19.999,3.54,0.60,4,821.20,
Player1_Car,47.02,623.538,-24.652,187.585,20.002,3.13,0.60,4,809.11,
Player2_Car,47.02,610.687,-24.652,185.324,19.999,3.53,0.60,4,821.60,
Player1_Car,47.04,623.196,-24.652,187.376,20.002,3.11,0.60,4,809.52,
Player2_Car,47.04,610.320,-24.652,185.166,19.999,3.50,0.60,4,822.00,
Player1_Car,47.06,622.854,-24.652,187.169,20.002,3.16,0.60,4,809.92,
Player2_Car,47.06,609.952,-24.652,185.009,19.999,3.47,0.60,4,822.40,
Player1_Car,47.08,622.511,-24.652,186.963,20.002,3.21,0.60,4,810.32,
Player2_Car,47.08,609.583,-24.652,184.854,19.999,3.48,0.60,4,822.86,
Player1_Car,47.10,622.168,-24.652,186.758,20.002,3.20,0.60,4,810.69,
Player2_Car,47.10,609.214,-24.652,184.701,19.999,3.47,0.60,4,823.26,
Player1_Car,47.12,621.823,-24.652,186.555,20.002,3.21,0.60,4,811.09,
Player2_Car,47.12,608.844,-24.652,184.549,19.999,3.44,0.60,4,823.66,
Player1_Car,47.14,621.478,-24.652,186.353,20.002,3.27,0.60,4,811.49,
Player2_Car,47.14,608.473,-24.652,184.399,19.999,3.43,0.60,4,824.12,
Player1_Car,47.16,621.132,-24.652,186.152,20.002,3.31,0.60,4,811.89,
Player2_Car,47.16,608.101,-24.652,184.251,19.999,3.41,0.60,4,824.52,
Player1_Car,47.18,620.785,-24.652,185.954,20.002,3.30,0.60,4,812.27,
Player2_Car,47.18,607.729,-24.652,184.104,19.999,3.39,0.60,4,824.92,
Player1_Car,47.20,620.437,-24.652,185.756,20.001,3.32,0.60,4,812.67,
Player2_Car,47.20,607.356,-24.652,183.960,19.999,3.36,0.60,4,825.32,
Player1_Car,47.22,620.088,-24.652,185.560,20.001,3.38,0.60,4,813.07,
Player2_Car,47.22,606.983,-24.652,183.816,19.999,3.36,0.60,4,825.78,
Player1_Car,47.24,619.738,-24.652,185.366,20.001,3.42,0.60,4,813.47,
Player2_Car,47.24,606.609,-24.652,183.675,20.000,3.35,0.60,4,826.18,
Player1_Car,47.26,619.388,-24.652,185.173,20.001,3.40,0.60,4,813.85,
Player2_Car,47.26,606.234,-24.652,183.535,20.000,3.33,0.60,4,826.58,
Player1_Car,47.28,619.036,-24.652,184.982,20.001,3.43,0.60,4,814.25,
Player2_Car,47.28,605.859,-24.652,183.397,20.000,3.31,0.60,4,827.03,
Player1_Car,47.30,618.684,-24.652,184.792,20.000,3.48,0.60,4,814.65,
Player2_Car,47.30,605.483,-24.652,183.260,20.000,3.29,0.60,4,827.43,
Player1_Car,47.32,618.331,-24.652,184.604,20.000,3.49,0.60,4,815.03,
Player2_Car,47.32,605.106,-24.652,183.125,20.000,3.27,0.60,4,827.83,
Player1_Car,47.34,617.977,-24.652,184.418,20.000,3.48,0.60,4,815.43,
Player2_Car,47.34,604.729,-24.652,182.991,20.000,3.25,0.60,4,828.23,
Player1_Car,47.36,617.622,-24.652,184.233,20.000,3.50,0.60,4,815.83,
Player2_Car,47.36,604.352,-24.652,182.859,20.000,3.23,0.60,4,828.66,
Player1_Car,47.38,617.267,-24.652,184.050,20.000,3.52,0.60,4,816.23,
Player2_Car,47.38,603.973,-24.652,182.729,20.000,3.22,0.60,4,829.06,
Player1_Car,47.40,616.910,-24.652,183.869,20.000,3.50,0.60,4,816.61,
Player2_Car,47.40,603.595,-24.652,182.600,20.001,3.20,0.60,4,829.46,
Player1_Car,47.42,616.553,-24.652,183.689,20.000,3.49,0.60,4,817.01,
Player2_Car,47.42,603.216,-24.652,182.473,20.001,3.18,0.60,4,829.86,
Player1_Car,47.44,616.195,-24.652,183.511,19.999,3.51,0.60,4,817.41,
Player2_Car,47.44,602.836,-24.652,182.348,20.001,3.16,0.60,4,830.28,
Player1_Car,47.46,615.836,-24.652,183.335,20.000,3.52,0.60,4,817.81,
Player2_Car,47.46,602.455,-24.652,182.224,20.001,3.16,0.60,4,830.68,
Player1_Car,47.48,615.476,-24.652,183.160,19.999,3.48,0.60,4,818.19,
Player2_Car,47.48,602.075,-24.652,182.101,20.001,3.15,0.60,4,831.08,
Player1_Car,47.50,615.115,-24.652,182.987,19.999,3.47,0.60,4,818.58,
Player2_Car,47.50,601.693,-24.652,181.980,20.001,3.13,0.60,4,831.51,
Player1_Car,47.52,614.754,-24.652,182.816,19.999,3.48,0.60,4,818.98,
Player2_Car,47.52,601.312,-24.652,181.861,20.001,3.12,0.60,4,831.91,
Player1_Car,47.54,614.391,-24.652,182.646,19.999,3.48,0.60,4,819.38,
Player2_Car,47.54,600.929,-24.652,181.743,20.001,3.14,0.60,4,832.31,
Player1_Car,47.56,614.028,-24.652,182.478,19.999,3.44,0.60,4,819.76,
Player2_Car,47.56,600.547,-24.652,181.626,20.002,3.15,0.60,4,832.71,
Player1_Car,47.58,613.665,-24.652,182.312,19.999,3.43,0.60,4,820.16,
Player2_Car,47.58,600.164,-24.652,181.511,20.002,3.14,0.60,4,833.14,
Player1_Car,47.60,613.300,-24.652,182.147,19.999,3.44,0.60,4,820.56,
Player2_Car,47.60,599.780,-24.652,181.398,20.002,3.16,0.60,4,833.54,
Player1_Car,47.62,612.935,-24.652,181.984,20.000,3.43,0.60,4,820.95,
Player2_Car,47.62,599.396,-24.652,181.286,20.002,3.19,0.60,4,833.94,
Player1_Car,47.64,612.569,-24.652,181.823,20.000,3.37,0.60,4,821.32,
Player2_Car,47.64,599.011,-24.652,181.176,20.002,3.21,0.60,4,834.37,
Player1_Car,47.66,612.202,-24.652,181.664,20.000,3.37,0.60,4,821.72,
Player2_Car,47.66,598.626,-24.652,181.067,20.002,3.20,0.60,4,834.77,
Player1_Car,47.68,611.835,-24.652,181.505,20.000,3.38,0.60,4,822.12,
Player2_Car,47.68,598.241,-24.652,180.960,20.002,3.23,0.60,4,835.17,
Player1_Car,47.70,611.466,-24.652,181.349,20.000,3.35,0.60,4,822.48,
Player2_Car,47.70,597.855,-24.652,180.854,20.002,3.28,0.60,4,835.57,
Player1_Car,47.72,611.098,-24.652,181.194,20.000,3.31,0.60,4,822.88,
Player2_Car,47.72,597.469,-24.652,180.750,20.001,3.30,0.60,4,836.00,
Player1_Car,47.74,610.728,-24.652,181.041,20.000,3.32,0.60,4,823.28,
Player2_Car,47.74,597.082,-24.652,180.648,20.001,3.31,0.60,4,836.40,
Player1_Car,47.76,610.358,-24.652,180.890,20.000,3.33,0.60,4,823.68,
Player2_Car,47.76,596.695,-24.652,180.547,20.001,3.35,0.60,4,836.80,
Player1_Car,47.78,609.987,-24.652,180.740,20.000,3.28,0.60,4,824.04,
Player2_Car,47.78,596.307,-24.652,180.449,20.001,3.38,0.60,4,837.20,
Player1_Car,47.80,609.616,-24.652,180.591,20.000,3.25,0.60,4,824.44,
Player2_Car,47.80,595.919,-24.652,180.351,20.001,3.40,0.60,4,837.62,
Player1_Car,47.82,609.244,-24.652,180.445,20.000,3.26,0.60,4,824.84,
Player2_Car,47.82,595.531,-24.652,180.256,20.001,3.44,0.60,4,838.02,
Player1_Car,47.84,608.871,-24.652,180.299,20.001,3.27,0.60,4,825.24,
Player2_Car,47.84,595.142,-24.652,180.162,20.000,3.47,0.60,4,838.42,
Player1_Car,47.86,608.497,-24.652,180.156,20.001,3.22,0.60,4,825.60,
Player2_Car,47.86,594.753,-24.652,180.070,20.000,3.51,0.60,4,838.85,
Player1_Car,47.88,608.124,-24.652,180.014,20.001,3.19,0.60,4,826.00,
Player2_Car,47.88,594.363,-24.652,179.980,20.000,3.51,0.60,4,839.25,
Player1_Car,47.90,607.749,-24.652,179.873,20.001,3.20,0.60,4,826.40,
Player2_Car,47.90,593.973,-24.652,179.892,20.000,3.52,0.60,4,839.65,
Player1_Car,47.92,607.374,-24.652,179.734,20.001,3.21,0.60,4,826.80,
Player2_Car,47.92,593.582,-24.652,179.806,20.000,3.55,0.60,4,840.05,
Player1_Car,47.94,606.998,-24.652,179.596,20.001,3.16,0.60,4,827.17,
Player2_Car,47.94,593.191,-24.652,179.721,19.999,3.57,0.60,4,840.48,
Player1_Car,47.96,606.622,-24.652,179.461,20.001,3.14,0.60,4,827.57,
Player2_Car,47.96,592.800,-24.652,179.639,19.999,3.57,0.60,4,840.88,
Player1_Car,47.98,606.245,-24.652,179.326,20.001,3.15,0.60,4,827.97,
Player2_Car,47.98,592.408,-24.652,179.558,19.999,3.56,0.60,4,841.28,
Player1_Car,48.00,605.868,-24.652,179.193,20.001,3.15,0.60,4,828.37,
Player2_Car,48.00,592.016,-24.652,179.479,19.999,3.56,0.60,4,841.68,
Player1_Car,48.02,605.490,-24.652,179.062,20.001,3.11,0.60,4,828.75,
Player2_Car,48.02,591.624,-24.652,179.402,19.999,3.57,0.60,4,842.11,
Player1_Car,48.04,605.112,-24.652,178.932,20.002,3.10,0.60,4,829.15,
Player2_Car,48.04,591.231,-24.652,179.327,19.999,3.57,0.60,4,842.51,
Player1_Car,48.06,604.733,-24.652,178.803,20.002,3.11,0.60,4,829.55,
Player2_Car,48.06,590.837,-24.652,179.254,19.999,3.56,0.60,4,842.91,
Player1_Car,48.08,604.354,-24.652,178.676,20.002,3.09,0.60,4,829.93,
Player2_Car,48.08,590.444,-24.652,179.182,19.999,3.56,0.60,4,843.34,
Player1_Car,48.10,603.974,-24.652,178.551,20.002,3.06,0.60,4,830.33,
Player2_Car,48.10,590.050,-24.652,179.113,19.999,3.54,0.60,4,843.74,
Player1_Car,48.12,603.594,-24.652,178.427,20.002,3.07,0.60,4,830.73,
Player2_Car,48.12,589.656,-24.652,179.045,19.999,3.53,0.60,4,844.14,
Player1_Car,48.14,603.213,-24.652,178.304,20.002,3.08,0.60,4,831.13,
Player2_Car,48.14,589.261,-24.652,178.980,19.999,3.52,0.60,4,844.54,
Player1_Car,48.16,602.831,-24.652,178.183,20.002,3.05,0.60,4,831.51,
Player2_Car,48.16,588.866,-24.652,178.916,19.999,3.53,0.60,4,844.99,
Player1_Car,48.18,602.450,-24.652,178.063,20.002,3.04,0.60,4,831.91,
Player2_Car,48.18,588.471,-24.652,178.854,19.999,3.51,0.60,4,845.39,
Player1_Car,48.20,602.068,-24.652,177.945,20.002,3.08,0.60,4,832.31,
Player2_Car,48.20,588.076,-24.652,178.794,19.999,3.48,0.60,4,845.79,
Player1_Car,48.22,601.685,-24.652,177.828,20.002,3.10,0.60,4,832.71,
Player2_Car,48.22,587.680,-24.652,178.736,19.999,3.46,0.60,4,846.19,
Player1_Car,48.24,601.302,-24.652,177.713,20.002,3.08,0.60,4,833.09,
Player2_Car,48.24,587.284,-24.652,178.679,19.999,3.46,0.60,4,846.65,
Player1_Car,48.26,600.918,-24.652,177.599,20.002,3.09,0.60,4,833.49,
Player2_Car,48.26,586.888,-24.652,178.625,19.999,3.46,0.60,4,847.05,
Player1_Car,48.28,600.534,-24.652,177.487,20.002,3.14,0.60,4,833.89,
Player2_Car,48.28,586.491,-24.652,178.572,19.999,3.43,0.60,4,847.45,
Player1_Car,48.30,600.150,-24.652,177.376,20.002,3.17,0.60,4,834.29,
Player2_Car,48.30,586.095,-24.652,178.521,19.999,3.42,0.60,4,847.91,
Player1_Car,48.32,599.765,-24.652,177.267,20.002,3.14,0.60,4,834.66,
Player2_Car,48.32,585.698,-24.652,178.472,19.999,3.40,0.60,4,848.31,
Player1_Car,48.34,599.380,-24.652,177.160,20.002,3.17,0.60,4,835.06,
Player2_Car,48.34,585.301,-24.652,178.424,19.999,3.38,0.60,4,848.71,
Player1_Car,48.36,598.994,-24.652,177.054,20.002,3.23,0.60,4,835.46,
Player2_Car,48.36,584.903,-24.652,178.379,19.999,3.36,0.60,4,849.11,
Player1_Car,48.38,598.608,-24.652,176.949,20.002,3.24,0.60,4,835.84,
Player2_Car,48.38,584.506,-24.652,178.335,20.000,3.35,0.60,4,849.56,
Player1_Car,48.40,598.221,-24.652,176.846,20.002,3.23,0.60,4,836.24,
Player2_Car,48.40,584.108,-24.652,178.293,20.000,3.34,0.60,4,849.96,
Player1_Car,48.42,597.834,-24.652,176.745,20.002,3.29,0.60,4,836.64,
Player2_Car,48.42,583.710,-24.652,178.253,20.000,3.31,0.60,4,850.36,
Player1_Car,48.44,597.447,-24.652,176.645,20.002,3.34,0.60,4,837.04,
Player2_Car,48.44,583.312,-24.652,178.214,20.000,3.31,0.60,4,850.82,
Player1_Car,48.46,597.059,-24.652,176.547,20.001,3.34,0.60,4,837.42,
Player2_Car,48.46,582.913,-24.652,178.177,20.000,3.28,0.60,4,851.22,
Player1_Car,48.48,596.671,-24.652,176.451,20.001,3.34,0.60,4,837.82,
Player2_Car,48.48,582.515,-24.652,178.142,20.000,3.26,0.60,4,851.62,
Player1_Car,48.50,596.282,-24.652,176.356,20.001,3.40,0.60,4,838.22,
Player2_Car,48.50,582.116,-24.652,178.109,20.000,3.24,0.60,4,852.02,
Player1_Car,48.52,595.893,-24.652,176.264,20.001,3.45,0.60,4,838.62,
Player2_Car,48.52,581.718,-24.652,178.077,20.000,3.23,0.60,4,852.45,
Player1_Car,48.54,595.504,-24.652,176.172,20.001,3.43,0.60,4,839.00,
Player2_Car,48.54,581.319,-24.652,178.047,20.001,3.21,0.60,4,852.85,
Player1_Car,48.56,595.114,-24.652,176.083,20.000,3.43,0.60,4,839.40,
Player2_Car,48.56,580.920,-24.652,178.018,20.001,3.19,0.60,4,853.25,
Player1_Car,48.58,594.723,-24.652,175.996,20.000,3.46,0.60,4,839.80,
Player2_Car,48.58,580.521,-24.652,177.991,20.001,3.17,0.60,4,853.65,
Player1_Car,48.60,594.333,-24.652,175.910,20.000,3.49,0.60,4,840.20,
Player2_Car,48.60,580.121,-24.652,177.966,20.001,3.15,0.60,4,854.08,
Player1_Car,48.62,593.942,-24.652,175.826,20.000,3.46,0.60,4,840.58,
Player2_Car,48.62,579.722,-24.652,177.942,20.001,3.15,0.60,4,854.48,
Player1_Car,48.64,593.550,-24.652,175.744,20.000,3.46,0.60,4,840.98,
Player2_Car,48.64,579.323,-24.652,177.920,20.001,3.13,0.60,4,854.88,
Player1_Car,48.66,593.158,-24.652,175.664,20.000,3.48,0.60,4,841.38,
Player2_Car,48.66,578.923,-24.652,177.900,20.001,3.12,0.60,4,855.31,
Player1_Car,48.68,592.766,-24.652,175.585,20.000,3.49,0.60,4,841.78,
Player2_Car,48.68,578.524,-24.652,177.881,20.001,3.10,0.60,4,855.71,
Player1_Car,48.70,592.374,-24.652,175.509,20.000,3.45,0.60,4,842.16,
Player2_Car,48.70,578.124,-24.652,177.864,20.002,3.11,0.60,4,856.11,
Player1_Car,48.72,591.981,-24.652,175.434,20.000,3.45,0.60,4,842.56,
Player2_Car,48.72,577.724,-24.652,177.848,20.002,3.12,0.60,4,856.51,
Player1_Car,48.74,591.587,-24.652,175.361,20.000,3.47,0.60,4,842.96,
Player2_Car,48.74,577.324,-24.652,177.834,20.002,3.11,0.60,4,856.93,
Player1_Car,48.76,591.194,-24.652,175.289,20.000,3.45,0.60,4,843.34,
Player2_Car,48.76,576.925,-24.652,177.821,20.002,3.12,0.60,4,857.33,
Player1_Car,48.78,590.800,-24.652,175.220,20.000,3.42,0.60,4,843.74,
Player2_Car,48.78,576.525,-24.652,177.810,20.002,3.15,0.60,4,857.73,
Player1_Car,48.80,590.406,-24.652,175.152,20.000,3.43,0.60,4,844.14,
Player2_Car,48.80,576.125,-24.652,177.801,20.002,3.16,0.60,4,858.13,
Player1_Car,48.82,590.011,-24.652,175.087,20.000,3.43,0.60,4,844.54,
Player2_Car,48.82,575.725,-24.652,177.793,20.002,3.16,0.60,4,858.56,
Player1_Car,48.84,589.616,-24.652,175.023,20.000,3.39,0.60,4,844.90,
Player2_Car,48.84,575.325,-24.652,177.787,20.002,3.20,0.60,4,858.96,
Player1_Car,48.86,589.221,-24.652,174.960,20.000,3.36,0.60,4,845.30,
Player2_Car,48.86,574.925,-24.652,177.782,20.002,3.24,0.60,4,859.36,
Player1_Car,48.88,588.826,-24.652,174.900,20.000,3.37,0.60,4,845.70,
Player2_Car,48.88,574.525,-24.652,177.779,20.002,3.25,0.60,4,859.79,
Player1_Car,48.90,588.430,-24.652,174.841,20.000,3.38,0.60,4,846.10,
Player2_Car,48.90,574.125,-24.652,177.778,20.002,3.26,0.60,4,860.19,
Player1_Car,48.92,588.034,-24.652,174.784,20.000,3.32,0.60,4,846.46,
Player2_Car,48.92,573.725,-24.652,177.778,20.001,3.30,0.60,4,860.59,
Player1_Car,48.94,587.638,-24.652,174.729,20.000,3.30,0.60,4,846.86,
Player2_Car,48.94,573.325,-24.652,177.781,20.001,3.33,0.60,4,860.99,
Player1_Car,48.96,587.242,-24.652,174.675,20.000,3.31,0.60,4,847.26,
Player2_Car,48.96,572.925,-24.652,177.784,20.001,3.36,0.60,4,861.42,
Player1_Car,48.98,586.845,-24.652,174.623,20.000,3.31,0.60,4,847.66,
Player2_Car,48.98,572.525,-24.652,177.790,20.001,3.39,0.60,4,861.82,
Player1_Car,49.00,586.448,-24.652,174.573,20.000,3.26,0.60,4,848.02,
Player2_Car,49.00,572.125,-24.652,177.798,20.001,3.43,0.60,4,862.22,
Player1_Car,49.02,586.051,-24.652,174.525,20.000,3.24,0.60,4,848.42,
Player2_Car,49.02,571.725,-24.652,177.807,20.001,3.47,0.60,4,862.64,
Player1_Car,49.04,585.654,-24.652,174.478,20.001,3.25,0.60,4,848.82,
Player2_Car,49.04,571.325,-24.652,177.818,20.000,3.47,0.60,4,863.04,
Player1_Car,49.06,585.256,-24.652,174.433,20.001,3.25,0.60,4,849.22,
Player2_Car,49.06,570.925,-24.652,177.831,20.000,3.49,0.60,4,863.44,
Player1_Car,49.08,584.859,-24.652,174.389,20.001,3.19,0.60,4,849.58,
Player2_Car,49.08,570.526,-24.652,177.846,20.000,3.52,0.60,4,863.84,
Player1_Car,49.10,584.461,-24.652,174.347,20.001,3.18,0.60,4,849.98,
Player2_Car,49.10,570.126,-24.652,177.862,20.000,3.55,0.60,4,864.27,
Player1_Car,49.12,584.063,-24.652,174.307,20.001,3.20,0.60,4,850.38,
Player2_Car,49.12,569.726,-24.652,177.881,20.000,3.54,0.60,4,864.67,
Player1_Car,49.14,583.665,-24.652,174.269,20.001,3.17,0.60,4,850.75,
Player2_Car,49.14,569.327,-24.652,177.901,19.999,3.55,0.60,4,865.07,
Player1_Car,49.16,583.266,-24.652,174.232,20.001,3.14,0.60,4,851.15,
Player2_Car,49.16,568.928,-24.652,177.924,19.999,3.55,0.60,4,865.47,
Player1_Car,49.18,582.868,-24.652,174.196,20.001,3.14,0.60,4,851.55,
Player2_Car,49.18,568.528,-24.652,177.948,19.999,3.56,0.60,4,865.90,
Player1_Car,49.20,582.469,-24.652,174.163,20.001,3.15,0.60,4,851.95,
Player2_Car,49.20,568.129,-24.652,177.974,19.999,3.56,0.60,4,866.30,
Player1_Car,49.22,582.071,-24.652,174.130,20.002,3.11,0.60,4,852.32,
Player2_Car,49.22,567.730,-24.652,178.002,19.999,3.56,0.60,4,866.70,
Player1_Car,49.24,581.672,-24.652,174.100,20.002,3.09,0.60,4,852.72,
Player2_Car,49.24,567.331,-24.652,178.032,19.999,3.56,0.60,4,867.13,
Player1_Car,49.26,581.273,-24.652,174.071,20.002,3.09,0.60,4,853.12,
Player2_Car,49.26,566.933,-24.652,178.064,19.999,3.54,0.60,4,867.53,
Player1_Car,49.28,580.874,-24.652,174.043,20.002,3.10,0.60,4,853.52,
Player2_Car,49.28,566.534,-24.652,178.098,19.999,3.53,0.60,4,867.93,
Player1_Car,49.30,580.474,-24.652,174.017,20.002,3.06,0.60,4,853.90,
Player2_Car,49.30,566.136,-24.652,178.134,19.999,3.53,0.60,4,868.33,
Player1_Car,49.32,580.075,-24.652,173.993,20.002,3.04,0.60,4,854.30,
Player2_Car,49.32,565.738,-24.652,178.171,19.999,3.53,0.60,4,868.77,
Player1_Car,49.34,579.676,-24.652,173.970,20.002,3.05,0.60,4,854.70,
Player2_Car,49.34,565.340,-24.652,178.211,19.999,3.52,0.60,4,869.17,
Player1_Car,49.36,579.276,-24.652,173.949,20.002,3.05,0.60,4,855.10,
Player2_Car,49.36,564.942,-24.652,178.252,19.999,3.49,0.60,4,869.57,
Player1_Car,49.38,578.877,-24.652,173.929,20.002,3.02,0.60,4,855.48,
Player2_Car,49.38,564.544,-24.652,178.295,19.999,3.47,0.60,4,869.97,
Player1_Car,49.40,578.477,-24.652,173.911,20.002,3.03,0.60,4,855.88,
Player2_Car,49.40,564.147,-24.652,178.341,19.999,3.48,0.60,4,870.43,
Player1_Car,49.42,578.077,-24.652,173.894,20.003,3.06,0.60,4,856.28,
Player2_Car,49.42,563.749,-24.652,178.387,19.999,3.48,0.60,4,870.83,
Player1_Car,49.44,577.678,-24.652,173.878,20.003,3.06,0.60,4,856.67,
Player2_Car,49.44,563.352,-24.652,178.436,19.999,3.45,0.60,4,871.23,
Player1_Car,49.46,577.278,-24.652,173.865,20.003,3.03,0.60,4,857.06,
Player2_Car,49.46,562.956,-24.652,178.487,19.999,3.44,0.60,4,871.69,
Player1_Car,49.48,576.878,-24.652,173.852,20.003,3.07,0.60,4,857.46,
Player2_Car,49.48,562.559,-24.652,178.539,19.999,3.42,0.60,4,872.09,
Player1_Car,49.50,576.478,-24.652,173.842,20.003,3.12,0.60,4,857.86,
Player2_Car,49.50,562.163,-24.652,178.593,19.999,3.40,0.60,4,872.49,
Player1_Car,49.52,576.078,-24.652,173.832,20.003,3.11,0.60,4,858.24,
Player2_Car,49.52,561.767,-24.652,178.649,19.999,3.38,0.60,4,872.89,
Player1_Car,49.54,575.678,-24.652,173.825,20.002,3.11,0.60,4,858.64,
Player2_Car,49.54,561.371,-24.652,178.707,20.000,3.38,0.60,4,873.35,
Player1_Car,49.56,575.278,-24.652,173.819,20.002,3.16,0.60,4,859.04,
Player2_Car,49.56,560.975,-24.652,178.767,20.000,3.37,0.60,4,873.75,
Player1_Car,49.58,574.878,-24.652,173.814,20.002,3.21,0.60,4,859.44,
Player2_Car,49.58,560.580,-24.652,178.828,20.000,3.34,0.60,4,874.15,
Player1_Car,49.60,574.478,-24.652,173.812,20.002,3.20,0.60,4,859.82,
Player2_Car,49.60,560.185,-24.652,178.891,20.000,3.33,0.60,4,874.60,
Player1_Car,49.62,574.078,-24.652,173.811,20.002,3.21,0.60,4,860.22,
Player2_Car,49.62,559.790,-24.652,178.956,20.000,3.31,0.60,4,875.00,
Player1_Car,49.64,573.678,-24.652,173.811,20.002,3.27,0.60,4,860.62,
Player2_Car,49.64,559.396,-24.652,179.022,20.000,3.29,0.60,4,875.40,
Player1_Car,49.66,573.278,-24.652,173.813,20.002,3.31,0.60,4,861.02,
Player2_Car,49.66,559.002,-24.652,179.090,20.000,3.27,0.60,4,875.80,
Player1_Car,49.68,572.878,-24.652,173.817,20.002,3.30,0.60,4,861.40,
Player2_Car,49.68,558.608,-24.652,179.160,20.000,3.26,0.60,4,876.24,
Player1_Car,49.70,572.478,-24.652,173.823,20.001,3.32,0.60,4,861.80,
Player2_Car,49.70,558.214,-24.652,179.232,20.000,3.24,0.60,4,876.64,
Player1_Car,49.72,572.078,-24.652,173.830,20.001,3.38,0.60,4,862.20,
Player2_Car,49.72,557.821,-24.652,179.305,20.000,3.23,0.60,4,877.04,
Player1_Car,49.74,571.678,-24.652,173.839,20.001,3.42,0.60,4,862.60,
Player2_Car,49.74,557.428,-24.652,179.379,20.001,3.20,0.60,4,877.44,
Player1_Car,49.76,571.278,-24.652,173.850,20.001,3.39,0.60,4,862.98,
Player2_Car,49.76,557.036,-24.652,179.456,20.001,3.19,0.60,4,877.87,
Player1_Car,49.78,570.879,-24.652,173.863,20.001,3.41,0.60,4,863.38,
Player2_Car,49.78,556.643,-24.652,179.534,20.001,3.18,0.60,4,878.27,
Player1_Car,49.80,570.479,-24.652,173.877,20.001,3.46,0.60,4,863.78,
Player2_Car,49.80,556.251,-24.652,179.613,20.001,3.16,0.60,4,878.67,
Player1_Car,49.82,570.079,-24.652,173.893,20.000,3.46,0.60,4,864.16,
Player2_Car,49.82,555.859,-24.652,179.695,20.001,3.15,0.60,4,879.10,
Player1_Car,49.84,569.680,-24.652,173.912,20.000,3.45,0.60,4,864.56,
Player2_Car,49.84,555.468,-24.652,179.777,20.001,3.12,0.60,4,879.50,
Player1_Car,49.86,569.280,-24.652,173.932,20.000,3.46,0.60,4,864.96,
Player2_Car,49.86,555.077,-24.652,179.862,20.001,3.12,0.60,4,879.90,
Player1_Car,49.88,568.881,-24.652,173.953,20.000,3.48,0.60,4,865.36,
Player2_Car,49.88,554.686,-24.652,179.947,20.002,3.12,0.60,4,880.30,
Player1_Car,49.90,568.481,-24.652,173.977,20.000,3.46,0.60,4,865.74,
Player2_Car,49.90,554.296,-24.652,180.035,20.002,3.11,0.60,4,880.73,
Player1_Car,49.92,568.082,-24.652,174.003,20.000,3.45,0.60,4,866.14,
Player2_Car,49.92,553.906,-24.652,180.124,20.002,3.12,0.60,4,881.13,
Player1_Car,49.94,567.683,-24.652,174.030,20.000,3.46,0.60,4,866.54,
Player2_Car,49.94,553.516,-24.652,180.214,20.002,3.15,0.60,4,881.53,
Player1_Car,49.96,567.284,-24.652,174.059,20.000,3.47,0.60,4,866.94,
Player2_Car,49.96,553.127,-24.652,180.306,20.002,3.16,0.60,4,881.93,
Player1_Car,49.98,566.885,-24.652,174.090,20.000,3.44,0.60,4,867.32,
Player2_Car,49.98,552.738,-24.652,180.400,20.002,3.15,0.60,4,882.35,
Player1_Car,50.00,566.487,-24.652,174.123,20.000,3.42,0.60,4,867.72,
Player2_Car,50.00,552.349,-24.652,180.495,20.002,3.19,0.60,4,882.75,
Player1_Car,50.02,566.088,-24.652,174.158,20.000,3.43,0.60,4,868.12,
Player2_Car,50.02,551.961,-24.652,180.591,20.002,3.22,0.60,4,883.15,
Player1_Car,50.04,565.690,-24.652,174.194,20.000,3.43,0.60,4,868.52,
Player2_Car,50.04,551.574,-24.652,180.690,20.002,3.24,0.60,4,883.58,
Player1_Car,50.06,565.292,-24.652,174.232,20.000,3.38,0.60,4,868.88,
Player2_Car,50.06,551.186,-24.652,180.790,20.002,3.24,0.60,4,883.98,
Player1_Car,50.08,564.894,-24.652,174.272,20.000,3.37,0.60,4,869.28,
Player2_Car,50.08,550.799,-24.652,180.891,20.001,3.28,0.60,4,884.38,
Player1_Car,50.10,564.496,-24.652,174.314,20.000,3.39,0.60,4,869.68,
Player2_Car,50.10,550.413,-24.652,180.994,20.001,3.31,0.60,4,884.78,
Player1_Car,50.12,564.098,-24.652,174.358,20.000,3.37,0.60,4,870.06,
Player2_Car,50.12,550.027,-24.652,181.099,20.001,3.33,0.60,4,885.21,
Player1_Car,50.14,563.701,-24.652,174.403,20.000,3.32,0.60,4,870.44,
Player2_Car,50.14,549.641,-24.652,181.206,20.001,3.37,0.60,4,885.61,
Player1_Car,50.16,563.304,-24.652,174.450,20.000,3.32,0.60,4,870.84,
Player2_Car,50.16,549.256,-24.652,181.314,20.001,3.41,0.60,4,886.01,
Player1_Car,50.18,562.907,-24.652,174.499,20.000,3.34,0.60,4,871.24,
Player2_Car,50.18,548.871,-24.652,181.424,20.001,3.44,0.60,4,886.41,
Player1_Car,50.20,562.510,-24.652,174.550,20.000,3.30,0.60,4,871.60,
Player2_Car,50.20,548.487,-24.652,181.535,20.000,3.46,0.60,4,886.84,
Player1_Car,50.22,562.113,-24.652,174.602,20.000,3.26,0.60,4,872.00,
Player2_Car,50.22,548.104,-24.652,181.649,20.000,3.50,0.60,4,887.24,
Player1_Car,50.24,561.717,-24.652,174.656,20.000,3.27,0.60,4,872.40,
Player2_Car,50.24,547.721,-24.652,181.764,20.000,3.53,0.60,4,887.64,
Player1_Car,50.26,561.321,-24.652,174.711,20.001,3.28,0.60,4,872.80,
Player2_Car,50.26,547.338,-24.652,181.881,20.000,3.55,0.60,4,888.06,
Player1_Car,50.28,560.925,-24.652,174.769,20.001,3.23,0.60,4,873.16,
Player2_Car,50.28,546.956,-24.652,182.000,19.999,3.55,0.60,4,888.46,
Player1_Car,50.30,560.529,-24.652,174.828,20.001,3.21,0.60,4,873.56,
Player2_Car,50.30,546.575,-24.652,182.121,19.999,3.56,0.60,4,888.86,
Player1_Car,50.32,560.134,-24.652,174.888,20.001,3.22,0.60,4,873.96,
Player2_Car,50.32,546.194,-24.652,182.243,19.999,3.57,0.60,4,889.26,
Player1_Car,50.34,559.739,-24.652,174.951,20.001,3.22,0.60,4,874.36,
Player2_Car,50.34,545.814,-24.652,182.367,20.000,3.58,0.60,4,889.69,
Player1_Car,50.36,559.344,-24.652,175.014,20.001,3.18,0.60,4,874.73,
Player2_Car,50.36,545.434,-24.652,182.493,19.999,3.59,0.60,4,890.09,
Player1_Car,50.38,558.949,-24.652,175.080,20.001,3.15,0.60,4,875.13,
Player2_Car,50.38,545.055,-24.652,182.621,19.999,3.59,0.60,4,890.49,
Player1_Car,50.40,558.555,-24.652,175.147,20.001,3.17,0.60,4,875.53,
Player2_Car,50.40,544.677,-24.652,182.751,19.999,3.60,0.60,4,890.92,
Player1_Car,50.42,558.161,-24.652,175.216,20.001,3.17,0.60,4,875.93,
Player2_Car,50.42,544.299,-24.652,182.883,19.999,3.58,0.60,4,891.32,
Player1_Car,50.44,557.767,-24.652,175.286,20.001,3.12,0.60,4,876.30,
Player2_Car,50.44,543.922,-24.652,183.016,19.999,3.57,0.60,4,891.72,
Player1_Car,50.46,557.374,-24.652,175.358,20.001,3.11,0.60,4,876.70,
Player2_Car,50.46,543.546,-24.652,183.152,19.999,3.57,0.60,4,892.12,
Player1_Car,50.48,556.980,-24.652,175.431,20.002,3.12,0.60,4,877.10,
Player2_Car,50.48,543.170,-24.652,183.289,19.999,3.57,0.60,4,892.56,
Player1_Car,50.50,556.588,-24.652,175.506,20.002,3.12,0.60,4,877.50,
Player2_Car,50.50,542.795,-24.652,183.428,19.998,3.56,0.60,4,892.96,
Player1_Car,50.52,556.195,-24.652,175.582,20.002,3.08,0.60,4,877.88,
Player2_Car,50.52,542.421,-24.652,183.568,19.998,3.54,0.60,4,893.36,
Player1_Car,50.54,555.803,-24.652,175.660,20.002,3.07,0.60,4,878.28,
Player2_Car,50.54,542.047,-24.652,183.711,19.999,3.52,0.60,4,893.76,
Player1_Car,50.56,555.410,-24.652,175.740,20.002,3.08,0.60,4,878.68,
Player2_Car,50.56,541.674,-24.652,183.855,19.999,3.53,0.60,4,894.22,
Player1_Car,50.58,555.019,-24.652,175.821,20.002,3.05,0.60,4,879.06,
Player2_Car,50.58,541.302,-24.652,184.001,19.999,3.53,0.60,4,894.62,
Player1_Car,50.60,554.627,-24.652,175.903,20.002,3.03,0.60,4,879.46,
Player2_Car,50.60,540.930,-24.652,184.149,19.999,3.51,0.60,4,895.02,
Player1_Car,50.62,554.236,-24.652,175.987,20.002,3.05,0.60,4,879.86,
Player2_Car,50.62,540.559,-24.652,184.299,19.999,3.50,0.60,4,895.47,
Player1_Car,50.64,553.845,-24.652,176.073,20.002,3.06,0.60,4,880.26,
Player2_Car,50.64,540.189,-24.652,184.450,19.999,3.48,0.60,4,895.87,
Player1_Car,50.66,553.455,-24.652,176.160,20.002,3.04,0.60,4,880.64,
Player2_Car,50.66,539.819,-24.652,184.603,19.999,3.46,0.60,4,896.27,
Player1_Car,50.68,553.065,-24.652,176.248,20.002,3.03,0.60,4,881.04,
Player2_Car,50.68,539.450,-24.652,184.758,19.999,3.44,0.60,4,896.67,
Player1_Car,50.70,552.675,-24.652,176.338,20.003,3.09,0.60,4,881.44,
Player2_Car,50.70,539.082,-24.652,184.914,19.999,3.45,0.60,4,897.13,
Player1_Car,50.72,552.285,-24.652,176.430,20.003,3.12,0.60,4,881.84,
Player2_Car,50.72,538.715,-24.652,185.072,19.999,3.43,0.60,4,897.53,
Player1_Car,50.74,551.896,-24.652,176.523,20.002,3.10,0.60,4,882.22,
Player2_Car,50.74,538.348,-24.652,185.232,19.999,3.40,0.60,4,897.93,
Player1_Car,50.76,551.508,-24.652,176.617,20.002,3.11,0.60,4,882.62,
Player2_Car,50.76,537.982,-24.652,185.393,19.999,3.40,0.60,4,898.39,
Player1_Car,50.78,551.119,-24.652,176.713,20.002,3.16,0.60,4,883.02,
Player2_Car,50.78,537.617,-24.652,185.556,20.000,3.37,0.60,4,898.79,
Player1_Car,50.80,550.731,-24.652,176.811,20.002,3.19,0.60,4,883.42,
Player2_Car,50.80,537.252,-24.652,185.721,20.000,3.36,0.60,4,899.19,
Player1_Car,50.82,550.344,-24.652,176.910,20.002,3.17,0.60,4,883.80,
Player2_Car,50.82,536.889,-24.652,185.887,20.000,3.34,0.60,4,899.59,
Player1_Car,50.84,549.957,-24.652,177.011,20.002,3.21,0.60,4,884.20,
Player2_Car,50.84,536.526,-24.652,186.055,20.000,3.33,0.60,4,900.04,
Player1_Car,50.86,549.570,-24.652,177.113,20.002,3.27,0.60,4,884.60,
Player2_Car,50.86,536.163,-24.652,186.225,20.000,3.31,0.60,4,900.44,
Player1_Car,50.88,549.184,-24.652,177.217,20.002,3.28,0.60,4,884.97,
Player2_Car,50.88,535.802,-24.652,186.396,20.000,3.29,0.60,4,900.84,
Player1_Car,50.90,548.798,-24.652,177.322,20.002,3.27,0.60,4,885.38,
Player2_Car,50.90,535.441,-24.652,186.568,20.000,3.27,0.60,4,901.24,
Player1_Car,50.92,548.412,-24.652,177.430,20.001,3.34,0.60,4,885.78,
Player2_Car,50.92,535.081,-24.652,186.742,20.000,3.26,0.60,4,901.67,
Player1_Car,50.94,548.027,-24.652,177.538,20.001,3.40,0.60,4,886.18,
Player2_Car,50.94,534.721,-24.652,186.918,20.000,3.25,0.60,4,902.07,
Player1_Car,50.96,547.643,-24.652,177.649,20.001,3.40,0.60,4,886.55,
Player2_Car,50.96,534.363,-24.652,187.095,20.000,3.23,0.60,4,902.47,
Player1_Car,50.98,547.259,-24.652,177.761,20.001,3.40,0.60,4,886.95,
Player2_Car,50.98,534.005,-24.652,187.274,20.000,3.22,0.60,4,902.90,
Player1_Car,51.00,546.876,-24.652,177.875,20.001,3.44,0.60,4,887.35,
Player2_Car,51.00,533.648,-24.652,187.454,20.001,3.19,0.60,4,903.30,
Player1_Car,51.02,546.493,-24.652,177.991,20.001,3.48,0.60,4,887.75,
Player2_Car,51.02,533.291,-24.652,187.635,20.001,3.19,0.60,4,903.70,
Player1_Car,51.04,546.110,-24.652,178.108,20.000,3.46,0.60,4,888.13,
Player2_Car,51.04,532.936,-24.652,187.818,20.001,3.18,0.60,4,904.10,
Player1_Car,51.06,545.728,-24.652,178.228,20.000,3.46,0.60,4,888.53,
Player2_Car,51.06,532.581,-24.652,188.003,20.001,3.16,0.60,4,904.52,
Player1_Car,51.08,545.347,-24.652,178.349,20.000,3.49,0.60,4,888.93,
Player2_Car,51.08,532.226,-24.652,188.189,20.001,3.15,0.60,4,904.92,
Player1_Car,51.10,544.967,-24.652,178.472,20.000,3.50,0.60,4,889.33,
Player2_Car,51.10,531.873,-24.652,188.376,20.001,3.15,0.60,4,905.32,
Player1_Car,51.12,544.586,-24.652,178.596,20.000,3.47,0.60,4,889.71,
Player2_Car,51.12,531.520,-24.652,188.565,20.001,3.14,0.60,4,905.72,
Player1_Car,51.14,544.207,-24.652,178.722,20.000,3.48,0.60,4,890.11,
Player2_Car,51.14,531.168,-24.652,188.755,20.001,3.13,0.60,4,906.15,
Player1_Car,51.16,543.828,-24.652,178.850,20.000,3.50,0.60,4,890.51,
Player2_Car,51.16,530.817,-24.652,188.947,20.001,3.17,0.60,4,906.55,
Player1_Car,51.18,543.450,-24.652,178.980,20.000,3.49,0.60,4,890.89,
Player2_Car,51.18,530.467,-24.652,189.140,20.001,3.19,0.60,4,906.96,
Player1_Car,51.20,543.072,-24.652,179.112,19.999,3.47,0.60,4,891.29,
Player2_Car,51.20,530.117,-24.652,189.334,20.001,3.20,0.60,4,907.38,
Player1_Car,51.22,542.695,-24.652,179.245,19.999,3.47,0.60,4,891.69,
Player2_Car,51.22,529.768,-24.652,189.530,20.002,3.19,0.60,4,907.78,
Player1_Car,51.24,542.318,-24.652,179.380,19.999,3.48,0.60,4,892.09,
Player2_Car,51.24,529.420,-24.652,189.727,20.002,3.23,0.60,4,908.18,
Player1_Car,51.26,541.942,-24.652,179.517,20.000,3.44,0.60,4,892.46,
Player2_Car,51.26,529.073,-24.652,189.926,20.002,3.27,0.60,4,908.58,
Player1_Car,51.28,541.567,-24.652,179.656,20.000,3.42,0.60,4,892.86,
Player2_Car,51.28,528.727,-24.652,190.126,20.001,3.28,0.60,4,909.01,
Player1_Car,51.30,541.193,-24.652,179.796,20.000,3.44,0.60,4,893.26,
Player2_Car,51.30,528.381,-24.652,190.328,20.001,3.31,0.60,4,909.41,
Player1_Car,51.32,540.819,-24.652,179.938,20.000,3.44,0.60,4,893.66,
Player2_Car,51.32,528.037,-24.652,190.531,20.001,3.35,0.60,4,909.81,
Player1_Car,51.34,540.445,-24.652,180.082,20.000,3.39,0.60,4,894.02,
Player2_Car,51.34,527.693,-24.652,190.735,20.001,3.39,0.60,4,910.24,
Player1_Car,51.36,540.073,-24.652,180.227,20.000,3.37,0.60,4,894.42,
Player2_Car,51.36,527.350,-24.652,190.942,20.000,3.39,0.60,4,910.64,
Player1_Car,51.38,539.701,-24.652,180.374,20.000,3.38,0.60,4,894.82,
Player2_Car,51.38,527.008,-24.652,191.149,20.000,3.43,0.60,4,911.04,
Player1_Car,51.40,539.330,-24.652,180.523,20.000,3.39,0.60,4,895.22,
Player2_Car,51.40,526.667,-24.652,191.358,20.000,3.48,0.60,4,911.44,
Player1_Car,51.42,538.959,-24.652,180.673,19.999,3.34,0.60,4,895.59,
Player2_Car,51.42,526.328,-24.652,191.569,20.000,3.51,0.60,4,911.87,
Player1_Car,51.44,538.589,-24.652,180.825,20.000,3.32,0.60,4,895.99,
Player2_Car,51.44,525.989,-24.652,191.782,20.001,3.52,0.60,4,912.27,
Player1_Car,51.46,538.220,-24.652,180.979,20.000,3.33,0.60,4,896.38,
Player2_Car,51.46,525.651,-24.652,191.996,20.000,3.53,0.60,4,912.67,
Player1_Car,51.48,537.851,-24.652,181.134,20.001,3.33,0.60,4,896.78,
Player2_Car,51.48,525.314,-24.652,192.211,20.000,3.55,0.60,4,913.07,
Player1_Car,51.50,537.483,-24.652,181.290,20.000,3.28,0.60,4,897.15,
Player2_Car,51.50,524.978,-24.652,192.428,19.999,3.57,0.60,4,913.50,
Player1_Car,51.52,537.116,-24.652,181.449,20.000,3.26,0.60,4,897.55,
Player2_Car,51.52,524.643,-24.652,192.647,19.999,3.58,0.60,4,913.90,
Player1_Car,51.54,536.749,-24.652,181.609,20.001,3.28,0.60,4,897.95,
Player2_Car,51.54,524.309,-24.652,192.867,19.999,3.58,0.60,4,914.30,
Player1_Car,51.56,536.383,-24.652,181.770,20.001,3.26,0.60,4,898.33,
Player2_Car,51.56,523.976,-24.652,193.089,19.999,3.59,0.60,4,914.73,
Player1_Car,51.58,536.018,-24.652,181.933,20.001,3.21,0.60,4,898.70,
Player2_Car,51.58,523.645,-24.652,193.313,19.998,3.58,0.60,4,915.13,
Player1_Car,51.60,535.653,-24.652,182.098,20.001,3.21,0.60,4,899.10,
Player2_Car,51.60,523.314,-24.652,193.538,19.998,3.58,0.60,4,915.53,
Player1_Car,51.62,535.289,-24.652,182.264,20.001,3.23,0.60,4,899.50,
Player2_Car,51.62,522.985,-24.652,193.765,19.999,3.58,0.60,4,915.93,
Player1_Car,51.64,534.926,-24.652,182.431,20.000,3.20,0.60,4,899.87,
Player2_Car,51.64,522.656,-24.652,193.993,19.998,3.58,0.60,4,916.36,
Player1_Car,51.66,534.563,-24.652,182.600,20.001,3.17,0.60,4,900.27,
Player2_Car,51.66,522.329,-24.652,194.223,19.999,3.57,0.60,4,916.76,
Player1_Car,51.68,534.201,-24.652,182.771,20.001,3.18,0.60,4,900.67,
Player2_Car,51.68,522.003,-24.652,194.455,19.999,3.56,0.60,4,917.16,
Player1_Car,51.70,533.840,-24.652,182.943,20.001,3.18,0.60,4,901.07,
Player2_Car,51.70,521.678,-24.652,194.688,19.999,3.55,0.60,4,917.56,
Player1_Car,51.72,533.480,-24.652,183.116,20.002,3.15,0.60,4,901.45,
Player2_Car,51.72,521.354,-24.652,194.923,19.999,3.55,0.60,4,918.00,
Player1_Car,51.74,533.120,-24.652,183.291,20.001,3.13,0.60,4,901.85,
Player2_Car,51.74,521.031,-24.652,195.159,19.999,3.55,0.60,4,918.40,
Player1_Car,51.76,532.761,-24.652,183.467,20.002,3.14,0.60,4,902.25,
Player2_Car,51.76,520.710,-24.652,195.397,19.999,3.53,0.60,4,918.80,
Player1_Car,51.78,532.403,-24.652,183.645,20.002,3.14,0.60,4,902.65,
Player2_Car,51.78,520.389,-24.652,195.636,19.999,3.54,0.60,4,919.26,
Player1_Car,51.80,532.045,-24.652,183.824,20.002,3.10,0.60,4,903.03,
Player2_Car,51.80,520.070,-24.652,195.877,19.998,3.52,0.60,4,919.66,
Player1_Car,51.82,531.688,-24.652,184.005,20.002,3.09,0.60,4,903.43,
Player2_Car,51.82,519.752,-24.652,196.119,19.998,3.49,0.60,4,920.06,
Player1_Car,51.84,531.332,-24.652,184.187,20.002,3.10,0.60,4,903.83,
Player2_Car,51.84,519.435,-24.652,196.363,19.999,3.47,0.60,4,920.46,
Player1_Car,51.86,530.976,-24.652,184.370,20.002,3.10,0.60,4,904.23,
Player2_Car,51.86,519.119,-24.652,196.608,19.999,3.48,0.60,4,920.92,
Player1_Car,51.88,530.621,-24.652,184.555,20.002,3.06,0.60,4,904.61,
Player2_Car,51.88,518.804,-24.652,196.855,19.999,3.47,0.60,4,921.32,
Player1_Car,51.90,530.267,-24.652,184.741,20.002,3.07,0.60,4,905.01,
Player2_Car,51.90,518.490,-24.652,197.103,19.999,3.45,0.60,4,921.72,
Player1_Car,51.92,529.914,-24.652,184.929,20.002,3.09,0.60,4,905.41,
Player2_Car,51.92,518.178,-24.652,197.353,19.999,3.45,0.60,4,922.18,
Player1_Car,51.94,529.561,-24.652,185.117,20.003,3.08,0.60,4,905.79,
Player2_Car,51.94,517.866,-24.652,197.604,19.999,3.42,0.60,4,922.58,
Player1_Car,51.96,529.209,-24.652,185.308,20.002,3.06,0.60,4,906.19,
Player2_Car,51.96,517.556,-24.652,197.856,19.999,3.40,0.60,4,922.98,
Player1_Car,51.98,528.858,-24.652,185.499,20.002,3.10,0.60,4,906.59,
Player2_Car,51.98,517.247,-24.652,198.110,19.999,3.38,0.60,4,923.38,
Player1_Car,52.00,528.508,-24.652,185.692,20.002,3.15,0.60,4,906.99,
Player2_Car,52.00,516.939,-24.652,198.365,19.999,3.39,0.60,4,923.83,
Player1_Car,52.02,528.158,-24.652,185.886,20.002,3.14,0.60,4,907.37,
Player2_Car,52.02,516.632,-24.652,198.622,19.999,3.37,0.60,4,924.23,
Player1_Car,52.04,527.809,-24.652,186.082,20.002,3.13,0.60,4,907.77,
Player2_Car,52.04,516.326,-24.652,198.880,20.000,3.34,0.60,4,924.63,
Player1_Car,52.06,527.461,-24.652,186.279,20.002,3.19,0.60,4,908.17,
Player2_Car,52.06,516.022,-24.652,199.139,20.000,3.32,0.60,4,925.03,
Player1_Car,52.08,527.114,-24.652,186.478,20.002,3.24,0.60,4,908.57,
Player2_Car,52.08,515.718,-24.652,199.400,20.000,3.31,0.60,4,925.47,
Player1_Car,52.10,526.767,-24.652,186.678,20.002,3.23,0.60,4,908.95,
Player2_Car,52.10,515.416,-24.652,199.662,20.000,3.31,0.60,4,925.87,
Player1_Car,52.12,526.421,-24.652,186.879,20.001,3.24,0.60,4,909.35,
Player2_Car,52.12,515.115,-24.652,199.925,20.000,3.29,0.60,4,926.27,
Player1_Car,52.14,526.077,-24.652,187.082,20.001,3.30,0.60,4,909.75,
Player2_Car,52.14,514.815,-24.652,200.190,20.000,3.27,0.60,4,926.70,
Player1_Car,52.16,525.733,-24.652,187.286,20.002,3.34,0.60,4,910.15,
Player2_Car,52.16,514.516,-24.652,200.455,20.000,3.25,0.60,4,927.10,
Player1_Car,52.18,525.390,-24.652,187.492,20.002,3.33,0.60,4,910.52,
Player2_Car,52.18,514.218,-24.652,200.722,20.000,3.24,0.60,4,927.50,
Player1_Car,52.20,525.047,-24.652,187.699,20.001,3.36,0.60,4,910.92,
Player2_Car,52.20,513.922,-24.652,200.991,20.000,3.23,0.60,4,927.90,
Player1_Car,52.22,524.706,-24.652,187.908,20.001,3.42,0.60,4,911.32,
Player2_Car,52.22,513.626,-24.652,201.260,20.001,3.22,0.60,4,928.33,
Player1_Car,52.24,524.366,-24.652,188.118,20.001,3.44,0.60,4,911.71,
Player2_Car,52.24,513.332,-24.652,201.531,20.001,3.20,0.60,4,928.73,
Player1_Car,52.26,524.027,-24.652,188.330,20.001,3.43,0.60,4,912.10,
Player2_Car,52.26,513.039,-24.652,201.803,20.001,3.19,0.60,4,929.13,
Player1_Car,52.28,523.688,-24.652,188.543,20.000,3.45,0.60,4,912.50,
Player2_Car,52.28,512.746,-24.652,202.076,20.001,3.17,0.60,4,929.53,
Player1_Car,52.30,523.351,-24.652,188.758,20.000,3.49,0.60,4,912.90,
Player2_Car,52.30,512.455,-24.652,202.351,20.001,3.16,0.60,4,929.96,
Player1_Car,52.32,523.015,-24.652,188.975,20.000,3.48,0.60,4,913.28,
Player2_Car,52.32,512.165,-24.652,202.626,20.001,3.16,0.60,4,930.36,
Player1_Car,52.34,522.679,-24.652,189.193,20.000,3.47,0.60,4,913.68,
Player2_Car,52.34,511.876,-24.652,202.903,20.001,3.15,0.60,4,930.76,
Player1_Car,52.36,522.345,-24.652,189.412,19.999,3.49,0.60,4,914.08,
Player2_Car,52.36,511.589,-24.652,203.181,20.001,3.14,0.60,4,931.19,
Player1_Car,52.38,522.012,-24.652,189.633,20.000,3.51,0.60,4,914.48,
Player2_Car,52.38,511.302,-24.652,203.460,20.001,3.12,0.60,4,931.59,
Player1_Car,52.40,521.679,-24.652,189.856,20.000,3.48,0.60,4,914.86,
Player2_Car,52.40,511.017,-24.652,203.740,20.002,3.13,0.60,4,931.99,
Player1_Car,52.42,521.348,-24.652,190.080,20.000,3.47,0.60,4,915.26,
Player2_Car,52.42,510.732,-24.652,204.021,20.002,3.12,0.60,4,932.39,
Player1_Car,52.44,521.018,-24.652,190.306,20.000,3.49,0.60,4,915.66,
Player2_Car,52.44,510.449,-24.652,204.304,20.002,3.12,0.60,4,932.82,
Player1_Car,52.46,520.689,-24.652,190.533,20.000,3.50,0.60,4,916.06,
Player2_Car,52.46,510.167,-24.652,204.587,20.002,3.13,0.60,4,933.22,
Player1_Car,52.48,520.361,-24.652,190.762,20.000,3.46,0.60,4,916.44,
Player2_Car,52.48,509.886,-24.652,204.872,20.002,3.16,0.60,4,933.62,
Player1_Car,52.50,520.034,-24.652,190.992,19.999,3.45,0.60,4,916.84,
Player2_Car,52.50,509.606,-24.652,205.158,20.002,3.18,0.60,4,934.05,
Player1_Car,52.52,519.708,-24.652,191.224,20.000,3.46,0.60,4,917.24,
Player2_Car,52.52,509.327,-24.652,205.445,20.002,3.16,0.60,4,934.45,
Player1_Car,52.54,519.383,-24.652,191.457,19.999,3.46,0.60,4,917.64,
Player2_Car,52.54,509.049,-24.652,205.733,20.002,3.20,0.60,4,934.85,
Player1_Car,52.56,519.059,-24.652,191.692,19.999,3.42,0.60,4,918.01,
Player2_Car,52.56,508.773,-24.652,206.022,20.002,3.24,0.60,4,935.25,
Player1_Car,52.58,518.736,-24.652,191.928,19.999,3.41,0.60,4,918.41,
Player2_Car,52.58,508.498,-24.652,206.312,20.002,3.27,0.60,4,935.68,
Player1_Car,52.60,518.415,-24.652,192.166,19.999,3.42,0.60,4,918.81,
Player2_Car,52.60,508.224,-24.652,206.604,20.001,3.28,0.60,4,936.08,
Player1_Car,52.62,518.094,-24.652,192.405,20.000,3.39,0.60,4,919.17,
Player2_Car,52.62,507.951,-24.652,206.897,20.001,3.31,0.60,4,936.48,
Player1_Car,52.64,517.774,-24.652,192.646,20.000,3.36,0.60,4,919.57,
Player2_Car,52.64,507.680,-24.652,207.190,20.001,3.35,0.60,4,936.88,
Player1_Car,52.66,517.456,-24.652,192.888,20.000,3.37,0.60,4,919.97,
Player2_Car,52.66,507.409,-24.652,207.485,20.001,3.37,0.60,4,937.31,
Player1_Car,52.68,517.139,-24.652,193.131,20.000,3.38,0.60,4,920.37,
Player2_Car,52.68,507.140,-24.652,207.781,20.001,3.39,0.60,4,937.71,
Player1_Car,52.70,516.822,-24.652,193.376,20.000,3.33,0.60,4,920.73,
Player2_Car,52.70,506.873,-24.652,208.079,20.001,3.40,0.60,4,938.11,
Player1_Car,52.72,516.507,-24.652,193.623,20.000,3.30,0.60,4,921.13,
Player2_Car,52.72,506.607,-24.652,208.377,20.001,3.42,0.60,4,938.54,
Player1_Car,52.74,516.193,-24.652,193.870,20.000,3.32,0.60,4,921.53,
Player2_Car,52.74,506.342,-24.652,208.677,20.000,3.42,0.60,4,938.94,
Player1_Car,52.76,515.880,-24.652,194.119,20.000,3.33,0.60,4,921.93,
Player2_Car,52.76,506.078,-24.652,208.978,20.000,3.43,0.60,4,939.34,
Player1_Car,52.78,515.568,-24.652,194.369,20.000,3.28,0.60,4,922.29,
Player2_Car,52.78,505.816,-24.652,209.280,20.000,3.43,0.60,4,939.74,
Player1_Car,52.80,515.257,-24.652,194.621,20.000,3.26,0.60,4,922.69,
Player2_Car,52.80,505.555,-24.652,209.584,20.000,3.45,0.60,4,940.17,
Player1_Car,52.82,514.947,-24.652,194.874,20.000,3.27,0.60,4,923.09,
Player2_Car,52.82,505.296,-24.652,209.888,20.000,3.44,0.60,4,940.57,
Player1_Car,52.84,514.638,-24.652,195.128,20.000,3.28,0.60,4,923.49,
Player2_Car,52.84,505.038,-24.652,210.194,20.000,3.44,0.60,4,940.97,
Player1_Car,52.86,514.330,-24.652,195.384,20.001,3.22,0.60,4,923.85,
Player2_Car,52.86,504.782,-24.652,210.501,20.000,3.43,0.60,4,941.37,
Player1_Car,52.88,514.024,-24.652,195.641,20.001,3.21,0.60,4,924.25,
Player2_Car,52.88,504.526,-24.652,210.809,20.000,3.43,0.60,4,941.80,
Player1_Car,52.90,513.718,-24.652,195.899,20.001,3.23,0.60,4,924.65,
Player2_Car,52.90,504.273,-24.652,211.118,20.000,3.43,0.60,4,942.20,
Player1_Car,52.92,513.414,-24.652,196.158,20.001,3.23,0.60,4,925.05,
Player2_Car,52.92,504.020,-24.652,211.428,20.000,3.42,0.60,4,942.60,
Player1_Car,52.94,513.110,-24.652,196.419,20.001,3.18,0.60,4,925.42,
Player2_Car,52.94,503.769,-24.652,211.740,20.000,3.42,0.60,4,943.03,
Player1_Car,52.96,512.808,-24.652,196.681,20.001,3.17,0.60,4,925.82,
Player2_Car,52.96,503.520,-24.652,212.052,20.000,3.40,0.60,4,943.43,
Player1_Car,52.98,512.507,-24.652,196.944,20.001,3.18,0.60,4,926.22,
Player2_Car,52.98,503.272,-24.652,212.366,20.000,3.39,0.60,4,943.83,
Player1_Car,53.00,512.206,-24.652,197.208,20.001,3.17,0.60,4,926.60,
Player2_Car,53.00,503.025,-24.652,212.681,20.000,3.39,0.60,4,944.23,
Player1_Car,53.02,511.907,-24.652,197.474,20.001,3.14,0.60,4,927.00,
Player2_Car,53.02,502.779,-24.652,212.997,20.000,3.39,0.60,4,944.66,
Player1_Car,53.04,511.609,-24.652,197.741,20.001,3.14,0.60,4,927.40,
Player2_Car,53.04,502.536,-24.652,213.314,20.000,3.37,0.60,4,945.06,
Player1_Car,53.06,511.312,-24.652,198.009,20.002,3.15,0.60,4,927.80,
Player2_Car,53.06,502.293,-24.652,213.632,20.000,3.36,0.60,4,945.46,
Player1_Car,53.08,511.016,-24.652,198.278,20.002,3.12,0.60,4,928.18,
Player2_Car,53.08,502.052,-24.652,213.951,20.000,3.34,0.60,4,945.86,
Player1_Car,53.10,510.721,-24.652,198.548,20.002,3.10,0.60,4,928.58,
Player2_Car,53.10,501.812,-24.652,214.271,20.000,3.34,0.60,4,946.32,
Player1_Car,53.12,510.428,-24.652,198.820,20.002,3.11,0.60,4,928.98,
Player2_Car,53.12,501.574,-24.652,214.592,20.000,3.34,0.60,4,946.72,
Player1_Car,53.14,510.135,-24.652,199.092,20.002,3.12,0.60,4,929.38,
Player2_Car,53.14,501.337,-24.652,214.915,20.000,3.32,0.60,4,947.12,
Player1_Car,53.16,509.843,-24.652,199.366,20.002,3.08,0.60,4,929.76,
Player2_Car,53.16,501.102,-24.652,215.238,20.000,3.32,0.60,4,947.58,
Player1_Car,53.18,509.553,-24.652,199.641,20.002,3.07,0.60,4,930.16,
Player2_Car,53.18,500.868,-24.652,215.562,20.000,3.30,0.60,4,947.98,
Player1_Car,53.20,509.263,-24.652,199.917,20.002,3.08,0.60,4,930.56,
Player2_Car,53.20,500.635,-24.652,215.888,20.000,3.28,0.60,4,948.38,
Player1_Car,53.22,508.974,-24.652,200.194,20.002,3.08,0.60,4,930.96,
Player2_Car,53.22,500.404,-24.652,216.214,20.000,3.27,0.60,4,948.78,
Player1_Car,53.24,508.687,-24.652,200.472,20.002,3.05,0.60,4,931.34,
Player2_Car,53.24,500.174,-24.652,216.542,20.001,3.27,0.60,4,949.24,
Player1_Car,53.26,508.401,-24.652,200.752,20.002,3.05,0.60,4,931.74,
Player2_Car,53.26,499.945,-24.652,216.870,20.001,3.26,0.60,4,949.64,
Player1_Car,53.28,508.115,-24.652,201.032,20.002,3.07,0.60,4,932.14,
Player2_Car,53.28,499.718,-24.652,217.199,20.001,3.24,0.60,4,950.04,
Player1_Car,53.30,507.831,-24.652,201.314,20.002,3.08,0.60,4,932.54,
Player2_Car,53.30,499.492,-24.652,217.529,20.001,3.23,0.60,4,950.47,
Player1_Car,53.32,507.548,-24.652,201.596,20.002,3.04,0.60,4,932.91,
Player2_Car,53.32,499.268,-24.652,217.861,20.001,3.21,0.60,4,950.87,
Player1_Car,53.34,507.266,-24.652,201.880,20.002,3.07,0.60,4,933.31,
Player2_Car,53.34,499.045,-24.652,218.193,20.001,3.20,0.60,4,951.27,
Player1_Car,53.36,506.985,-24.652,202.165,20.003,3.13,0.60,4,933.71,
Player2_Car,53.36,498.823,-24.652,218.526,20.001,3.19,0.60,4,951.67,
Player1_Car,53.38,506.705,-24.652,202.451,20.003,3.12,0.60,4,934.09,
Player2_Car,53.38,498.603,-24.652,218.860,20.001,3.18,0.60,4,952.10,
Player1_Car,53.40,506.427,-24.652,202.738,20.002,3.11,0.60,4,934.49,
Player2_Car,53.40,498.384,-24.652,219.194,20.001,3.16,0.60,4,952.50,
Player1_Car,53.42,506.149,-24.652,203.026,20.002,3.16,0.60,4,934.89,
Player2_Car,53.42,498.167,-24.652,219.530,20.001,3.15,0.60,4,952.90,
Player1_Car,53.44,505.873,-24.652,203.315,20.002,3.22,0.60,4,935.29,
Player2_Car,53.44,497.950,-24.652,219.867,20.001,3.14,0.60,4,953.30,
Player1_Car,53.46,505.597,-24.652,203.605,20.002,3.21,0.60,4,935.67,
Player2_Car,53.46,497.736,-24.652,220.204,20.002,3.12,0.60,4,953.73,
Player1_Car,53.48,505.323,-24.652,203.897,20.002,3.21,0.60,4,936.07,
Player2_Car,53.48,497.522,-24.652,220.542,20.002,3.12,0.60,4,954.13,
Player1_Car,53.50,505.050,-24.652,204.189,20.002,3.27,0.60,4,936.47,
Player2_Car,53.50,497.310,-24.652,220.881,20.002,3.12,0.60,4,954.53,
Player1_Car,53.52,504.779,-24.652,204.483,20.002,3.31,0.60,4,936.87,
Player2_Car,53.52,497.099,-24.652,221.221,20.002,3.11,0.60,4,954.96,
Player1_Car,53.54,504.509,-24.652,204.778,20.002,3.30,0.60,4,937.25,
Player2_Car,53.54,496.889,-24.652,221.562,20.002,3.08,0.60,4,955.36,
Player1_Car,53.56,504.240,-24.652,205.074,20.001,3.30,0.60,4,937.65,
Player2_Car,53.56,496.681,-24.652,221.904,20.002,3.08,0.60,4,955.76,
Player1_Car,53.58,503.972,-24.652,205.371,20.001,3.34,0.60,4,938.05,
Player2_Car,53.58,496.474,-24.652,222.246,20.002,3.07,0.60,4,956.16,
Player1_Car,53.60,503.705,-24.652,205.669,20.001,3.36,0.60,4,938.45,
Player2_Car,53.60,496.269,-24.652,222.589,20.002,3.07,0.60,4,956.59,
Player1_Car,53.62,503.440,-24.652,205.969,20.001,3.33,0.60,4,938.83,
Player2_Car,53.62,496.065,-24.652,222.933,20.002,3.06,0.60,4,956.99,
Player1_Car,53.64,503.176,-24.652,206.269,20.001,3.34,0.60,4,939.23,
Player2_Car,53.64,495.862,-24.652,223.278,20.002,3.05,0.60,4,957.39,
Player1_Car,53.66,502.914,-24.652,206.571,20.001,3.36,0.60,4,939.63,
Player2_Car,53.66,495.660,-24.652,223.624,20.002,3.04,0.60,4,957.79,
Player1_Car,53.68,502.652,-24.652,206.874,20.001,3.35,0.60,4,940.00,
Player2_Car,53.68,495.460,-24.652,223.970,20.002,3.03,0.60,4,958.22,
Player1_Car,53.70,502.393,-24.652,207.178,20.001,3.34,0.60,4,940.40,
Player2_Car,53.70,495.261,-24.652,224.317,20.003,3.03,0.60,4,958.62,
Player1_Car,53.72,502.134,-24.652,207.483,20.001,3.35,0.60,4,940.80,
Player2_Car,53.72,495.063,-24.652,224.665,20.003,3.03,0.60,4,959.02,
Player1_Car,53.74,501.877,-24.652,207.790,20.001,3.37,0.60,4,941.20,
Player2_Car,53.74,494.867,-24.652,225.013,20.003,3.02,0.60,4,959.45,
Player1_Car,53.76,501.621,-24.652,208.097,20.001,3.34,0.60,4,941.58,
Player2_Car,53.76,494.672,-24.652,225.363,20.003,3.00,0.60,4,959.85,
Player1_Car,53.78,501.366,-24.652,208.406,20.001,3.32,0.60,4,941.98,
Player2_Car,53.78,494.478,-24.652,225.713,20.003,3.00,0.60,4,960.25,
Player1_Car,53.80,501.113,-24.652,208.716,20.001,3.33,0.60,4,942.38,
Player2_Car,53.80,494.285,-24.652,226.063,20.003,3.00,0.60,4,960.65,
Player1_Car,53.82,500.861,-24.652,209.026,20.001,3.34,0.60,4,942.78,
Player2_Car,53.82,494.094,-24.652,226.415,20.003,2.99,0.60,4,961.07,
Player1_Car,53.84,500.611,-24.652,209.338,20.001,3.31,0.60,4,943.16,
Player2_Car,53.84,493.904,-24.652,226.767,20.003,2.99,0.60,4,961.47,
Player1_Car,53.86,500.362,-24.652,209.651,20.001,3.29,0.60,4,943.56,
Player2_Car,53.86,493.716,-24.652,227.120,20.003,2.99,0.60,4,961.88,
Player1_Car,53.88,500.114,-24.652,209.965,20.001,3.30,0.60,4,943.96,
Player2_Car,53.88,493.529,-24.652,227.473,20.003,2.98,0.60,4,962.28,
Player1_Car,53.90,499.868,-24.652,210.280,20.001,3.30,0.60,4,944.36,
Player2_Car,53.90,493.343,-24.652,227.827,20.003,2.98,0.60,4,962.70,
Player1_Car,53.92,499.623,-24.652,210.597,20.001,3.26,0.60,4,944.73,
Player2_Car,53.92,493.158,-24.652,228.182,20.003,3.01,0.60,4,963.10,
Player1_Car,53.94,499.379,-24.652,210.914,20.001,3.25,0.60,4,945.13,
Player2_Car,53.94,492.975,-24.652,228.538,20.003,3.04,0.60,4,963.50,
Player1_Car,53.96,499.137,-24.652,211.232,20.001,3.26,0.60,4,945.53,
Player2_Car,53.96,492.793,-24.652,228.894,20.003,3.05,0.60,4,963.93,
Player1_Car,53.98,498.896,-24.652,211.551,20.001,3.26,0.60,4,945.93,
Player2_Car,53.98,492.612,-24.652,229.251,20.003,3.03,0.60,4,964.33,
Player1_Car,54.00,498.656,-24.652,211.872,20.001,3.21,0.60,4,946.29,
Player2_Car,54.00,492.433,-24.652,229.609,20.003,3.04,0.60,4,964.73,
Player1_Car,54.02,498.418,-24.652,212.193,20.001,3.20,0.60,4,946.69,
Player2_Car,54.02,492.255,-24.652,229.967,20.003,3.06,0.60,4,965.13,
Player1_Car,54.04,498.181,-24.652,212.515,20.001,3.22,0.60,4,947.09,
Player2_Car,54.04,492.078,-24.652,230.326,20.003,3.07,0.60,4,965.56,
Player1_Car,54.06,497.945,-24.652,212.838,20.001,3.19,0.60,4,947.45,
Player2_Car,54.06,491.903,-24.652,230.686,20.003,3.07,0.60,4,965.96,
Player1_Car,54.08,497.710,-24.652,213.162,20.001,3.16,0.60,4,947.85,
Player2_Car,54.08,491.729,-24.652,231.046,20.003,3.07,0.60,4,966.36,
Player1_Car,54.10,497.477,-24.652,213.488,20.001,3.17,0.60,4,948.25,
Player2_Car,54.10,491.557,-24.652,231.407,20.003,3.08,0.60,4,966.79,
Player1_Car,54.12,497.246,-24.652,213.814,20.001,3.18,0.60,4,948.65,
Player2_Car,54.12,491.386,-24.652,231.769,20.003,3.06,0.60,4,967.19,
Player1_Car,54.14,497.015,-24.652,214.141,20.001,3.14,0.60,4,949.01,
Player2_Car,54.14,491.216,-24.652,232.131,20.003,3.06,0.60,4,967.59,
Player1_Car,54.16,496.786,-24.652,214.469,20.001,3.12,0.60,4,949.41,
Player2_Car,54.16,491.048,-24.652,232.494,20.003,3.06,0.60,4,967.99,
Player1_Car,54.18,496.558,-24.652,214.797,20.002,3.13,0.60,4,949.81,
Player2_Car,54.18,490.881,-24.652,232.858,20.003,3.07,0.60,4,968.42,
Player1_Car,54.20,496.332,-24.652,215.127,20.002,3.14,0.60,4,950.21,
Player2_Car,54.20,490.716,-24.652,233.222,20.003,3.05,0.60,4,968.82,
Player1_Car,54.22,496.107,-24.652,215.458,20.002,3.11,0.60,4,950.59,
Player2_Car,54.22,490.552,-24.652,233.587,20.003,3.05,0.60,4,969.22,
Player1_Car,54.24,495.883,-24.652,215.789,20.002,3.09,0.60,4,950.99,
Player2_Car,54.24,490.389,-24.652,233.952,20.003,3.05,0.60,4,969.62,
Player1_Car,54.26,495.660,-24.652,216.122,20.002,3.10,0.60,4,951.39,
Player2_Car,54.26,490.228,-24.652,234.318,20.003,3.04,0.60,4,970.05,
Player1_Car,54.28,495.439,-24.652,216.455,20.002,3.10,0.60,4,951.79,
Player2_Car,54.28,490.068,-24.652,234.685,20.003,3.04,0.60,4,970.45,
Player1_Car,54.30,495.219,-24.652,216.789,20.002,3.07,0.60,4,952.17,
Player2_Car,54.30,489.909,-24.652,235.052,20.003,3.03,0.60,4,970.85,
Player1_Car,54.32,495.000,-24.652,217.124,20.002,3.06,0.60,4,952.57,
Player2_Car,54.32,489.752,-24.652,235.420,20.003,3.03,0.60,4,971.28,
Player1_Car,54.34,494.783,-24.652,217.460,20.002,3.07,0.60,4,952.97,
Player2_Car,54.34,489.596,-24.652,235.789,20.003,3.01,0.60,4,971.68,
Player1_Car,54.36,494.567,-24.652,217.796,20.002,3.07,0.60,4,953.37,
Player2_Car,54.36,489.442,-24.652,236.158,20.003,3.01,0.60,4,972.08,
Player1_Car,54.38,494.352,-24.652,218.134,20.002,3.03,0.60,4,953.74,
Player2_Car,54.38,489.289,-24.652,236.527,20.003,3.01,0.60,4,972.48,
Player1_Car,54.40,494.138,-24.652,218.472,20.002,3.03,0.60,4,954.14,
Player2_Car,54.40,489.138,-24.652,236.898,20.003,3.00,0.60,4,972.91,
Player1_Car,54.42,493.926,-24.652,218.811,20.003,3.04,0.60,4,954.54,
Player2_Car,54.42,488.987,-24.652,237.268,20.003,2.99,0.60,4,973.31,
Player1_Car,54.44,493.715,-24.652,219.151,20.003,3.02,0.60,4,954.92,
Player2_Car,54.44,488.838,-24.652,237.640,20.003,2.98,0.60,4,973.71,
Player1_Car,54.46,493.505,-24.652,219.492,20.003,3.00,0.60,4,955.32,
Player2_Car,54.46,488.691,-24.652,238.012,20.003,2.97,0.60,4,974.11,
Player1_Car,54.48,493.297,-24.652,219.833,20.003,3.01,0.60,4,955.72,
Player2_Car,54.48,488.545,-24.652,238.384,20.003,2.97,0.60,4,974.54,
Player1_Car,54.50,493.090,-24.652,220.175,20.003,3.02,0.60,4,956.12,
Player2_Car,54.50,488.400,-24.652,238.757,20.003,2.97,0.60,4,974.94,
Player1_Car,54.52,492.884,-24.652,220.518,20.003,2.99,0.60,4,956.50,
Player2_Car,54.52,488.257,-24.652,239.131,20.003,2.96,0.60,4,975.34,
Player1_Car,54.54,492.679,-24.652,220.862,20.003,2.97,0.60,4,956.90,
Player2_Car,54.54,488.115,-24.652,239.505,20.003,2.96,0.60,4,975.79,
Player1_Car,54.56,492.476,-24.652,221.207,20.003,2.99,0.60,4,957.30,
Player2_Car,54.56,487.974,-24.652,239.879,20.003,2.94,0.60,4,976.19,
Player1_Car,54.58,492.274,-24.652,221.552,20.003,2.99,0.60,4,957.70,
Player2_Car,54.58,487.835,-24.652,240.254,20.003,2.93,0.60,4,976.59,
Player1_Car,54.60,492.073,-24.652,221.898,20.003,2.96,0.60,4,958.08,
Player2_Car,54.60,487.697,-24.652,240.630,20.004,2.93,0.60,4,976.99,
Player1_Car,54.62,491.873,-24.652,222.245,20.003,2.95,0.60,4,958.48,
Player2_Car,54.62,487.560,-24.652,241.006,20.004,2.93,0.60,4,977.42,
Player1_Car,54.64,491.675,-24.652,222.592,20.003,2.97,0.60,4,958.88,
Player2_Car,54.64,487.425,-24.652,241.382,20.004,2.92,0.60,4,977.82,
Player1_Car,54.66,491.478,-24.652,222.940,20.003,2.97,0.60,4,959.28,
Player2_Car,54.66,487.291,-24.652,241.759,20.004,2.91,0.60,4,978.22,
Player1_Car,54.68,491.282,-24.652,223.289,20.003,2.93,0.60,4,959.66,
Player2_Car,54.68,487.158,-24.652,242.137,20.004,2.90,0.60,4,978.62,
Player1_Car,54.70,491.088,-24.652,223.639,20.003,2.93,0.60,4,960.06,
Player2_Car,54.70,487.027,-24.652,242.514,20.004,2.89,0.60,4,979.05,
Player1_Car,54.72,490.894,-24.652,223.989,20.003,2.95,0.60,4,960.46,
Player2_Car,54.72,486.897,-24.652,242.893,20.004,2.89,0.60,4,979.45,
Player1_Car,54.74,490.702,-24.652,224.340,20.004,2.93,0.60,4,960.84,
Player2_Car,54.74,486.768,-24.652,243.272,20.004,2.89,0.60,4,979.85,
Player1_Car,54.76,490.512,-24.652,224.692,20.003,2.91,0.60,4,961.24,
Player2_Car,54.76,486.641,-24.652,243.651,20.004,2.88,0.60,4,980.28,
Player1_Car,54.78,490.322,-24.652,225.044,20.004,2.93,0.60,4,961.64,
Player2_Car,54.78,486.515,-24.652,244.031,20.004,2.86,0.60,4,980.68,
Player1_Car,54.80,490.134,-24.652,225.397,20.004,2.95,0.60,4,962.04,
Player2_Car,54.80,486.390,-24.652,244.411,20.004,2.86,0.60,4,981.08,
Player1_Car,54.82,489.947,-24.652,225.751,20.004,2.93,0.60,4,962.41,
Player2_Car,54.82,486.267,-24.652,244.791,20.004,2.86,0.60,4,981.48,
Player1_Car,54.84,489.761,-24.652,226.105,20.004,2.92,0.60,4,962.81,
Player2_Car,54.84,486.145,-24.652,245.172,20.004,2.86,0.60,4,981.90,
Player1_Car,54.86,489.577,-24.652,226.460,20.004,2.96,0.60,4,963.21,
Player2_Car,54.86,486.024,-24.652,245.554,20.004,2.85,0.60,4,982.30,
Player1_Car,54.88,489.394,-24.652,226.816,20.004,3.00,0.60,4,963.61,
Player2_Car,54.88,485.904,-24.652,245.936,20.004,2.85,0.60,4,982.70,
Player1_Car,54.90,489.212,-24.652,227.172,20.004,2.98,0.60,4,963.99,
Player2_Car,54.90,485.786,-24.652,246.318,20.004,2.84,0.60,4,983.10,
Player1_Car,54.92,489.032,-24.652,227.529,20.004,2.97,0.60,4,964.39,
Player2_Car,54.92,485.669,-24.652,246.701,20.004,2.83,0.60,4,983.53,
Player1_Car,54.94,488.852,-24.652,227.887,20.003,3.00,0.60,4,964.79,
Player2_Car,54.94,485.554,-24.652,247.084,20.004,2.83,0.60,4,983.93,
Player1_Car,54.96,488.674,-24.652,228.245,20.004,3.02,0.60,4,965.19,
Player2_Car,54.96,485.440,-24.652,247.467,20.004,2.83,0.60,4,984.33,
Player1_Car,54.98,488.498,-24.652,228.604,20.003,3.00,0.60,4,965.57,
Player2_Car,54.98,485.327,-24.652,247.851,20.004,2.83,0.60,4,984.76,
Player1_Car,55.00,488.323,-24.652,228.964,20.003,2.99,0.60,4,965.97,
Player2_Car,55.00,485.215,-24.652,248.235,20.004,2.81,0.60,4,985.16,
Player1_Car,55.02,488.149,-24.652,229.324,20.003,3.01,0.60,4,966.37,
Player2_Car,55.02,485.105,-24.652,248.620,20.005,2.81,0.60,4,985.56,
Player1_Car,55.04,487.976,-24.652,229.685,20.003,3.01,0.60,4,966.76,
Player2_Car,55.04,484.996,-24.652,249.005,20.005,2.82,0.60,4,985.96,
Player1_Car,55.06,487.805,-24.652,230.047,20.003,2.99,0.60,4,967.15,
Player2_Car,55.06,484.888,-24.652,249.390,20.005,2.81,0.60,4,986.38,
Player1_Car,55.08,487.635,-24.652,230.409,20.003,3.00,0.60,4,967.55,
Player2_Car,55.08,484.781,-24.652,249.775,20.005,2.80,0.60,4,986.78,
Player1_Car,55.10,487.467,-24.652,230.772,20.003,3.01,0.60,4,967.95,
Player2_Car,55.10,484.676,-24.652,250.162,20.005,2.80,0.60,4,987.18,
Player1_Car,55.12,487.300,-24.652,231.135,20.003,3.00,0.60,4,968.33,
Player2_Car,55.12,484.572,-24.652,250.548,20.005,2.80,0.60,4,987.58,
Player1_Car,55.14,487.134,-24.652,231.500,20.003,2.97,0.60,4,968.73,
Player2_Car,55.14,484.470,-24.652,250.935,20.005,2.79,0.60,4,988.01,
Player1_Car,55.16,486.969,-24.652,231.864,20.003,2.99,0.60,4,969.13,
Player2_Car,55.16,484.368,-24.652,251.322,20.005,2.80,0.60,4,988.41,
Player1_Car,55.18,486.806,-24.652,232.230,20.003,3.00,0.60,4,969.53,
Player2_Car,55.18,484.268,-24.652,251.709,20.005,2.80,0.60,4,988.81,
Player1_Car,55.20,486.644,-24.652,232.595,20.003,2.97,0.60,4,969.90,
Player2_Car,55.20,484.169,-24.652,252.097,20.005,2.79,0.60,4,989.23,
Player1_Car,55.22,486.484,-24.652,232.962,20.003,2.96,0.60,4,970.31,
Player2_Car,55.22,484.072,-24.652,252.485,20.005,2.78,0.60,4,989.63,
Player1_Car,55.24,486.325,-24.652,233.329,20.003,2.97,0.60,4,970.71,
Player2_Car,55.24,483.976,-24.652,252.873,20.005,2.78,0.60,4,990.03,
Player1_Car,55.26,486.167,-24.652,233.697,20.003,2.98,0.60,4,971.11,
Player2_Car,55.26,483.881,-24.652,253.262,20.005,2.78,0.60,4,990.43,
Player1_Car,55.28,486.011,-24.652,234.065,20.003,2.95,0.60,4,971.48,
Player2_Car,55.28,483.787,-24.652,253.651,20.005,2.78,0.60,4,990.86,
Player1_Car,55.30,485.856,-24.652,234.434,20.003,2.93,0.60,4,971.88,
Player2_Car,55.30,483.694,-24.652,254.040,20.005,2.77,0.60,4,991.26,
Player1_Car,55.32,485.702,-24.652,234.803,20.004,2.95,0.60,4,972.28,
Player2_Car,55.32,483.603,-24.652,254.430,20.005,2.77,0.60,4,991.66,
Player1_Car,55.34,485.550,-24.652,235.173,20.004,2.95,0.60,4,972.68,
Player2_Car,55.34,483.513,-24.652,254.819,20.005,2.77,0.60,4,992.06,
Player1_Car,55.36,485.398,-24.652,235.543,20.004,2.92,0.60,4,973.06,
Player2_Car,55.36,483.425,-24.652,255.210,20.005,2.76,0.60,4,992.49,
Player1_Car,55.38,485.249,-24.652,235.914,20.004,2.91,0.60,4,973.46,
Player2_Car,55.38,483.338,-24.652,255.600,20.005,2.77,0.60,4,992.89,
Player1_Car,55.40,485.100,-24.652,236.286,20.004,2.92,0.60,4,973.86,
Player2_Car,55.40,483.251,-24.652,255.991,20.005,2.77,0.60,4,993.29,
Player1_Car,55.42,484.953,-24.652,236.658,20.004,2.91,0.60,4,974.24,
Player2_Car,55.42,483.167,-24.652,256.382,20.005,2.77,0.60,4,993.71,
Player1_Car,55.44,484.807,-24.652,237.030,20.004,2.88,0.60,4,974.64,
Player2_Car,55.44,483.083,-24.652,256.773,20.005,2.75,0.60,4,994.11,
Player1_Car,55.46,484.663,-24.652,237.403,20.004,2.89,0.60,4,975.04,
Player2_Car,55.46,483.001,-24.652,257.165,20.005,2.72,0.60,4,994.51,
Player1_Car,55.48,484.520,-24.652,237.777,20.004,2.90,0.60,4,975.44,
Player2_Car,55.48,482.920,-24.652,257.556,20.005,2.71,0.60,4,994.91,
Player1_Car,55.50,484.378,-24.652,238.151,20.004,2.87,0.60,4,975.80,
Player2_Car,55.50,482.840,-24.652,257.949,20.005,2.70,0.60,4,995.34,
Player1_Car,55.52,484.237,-24.652,238.526,20.004,2.85,0.60,4,976.20,
Player2_Car,55.52,482.762,-24.652,258.341,20.005,2.67,0.60,4,995.74,
Player1_Car,55.54,484.098,-24.652,238.901,20.004,2.87,0.60,4,976.60,
Player2_Car,55.54,482.684,-24.652,258.733,20.006,2.63,0.60,4,996.14,
Player1_Car,55.56,483.960,-24.652,239.276,20.004,2.88,0.60,4,977.00,
Player2_Car,55.56,482.608,-24.652,259.126,20.006,2.60,0.60,4,996.54,
Player1_Car,55.58,483.823,-24.652,239.652,20.004,2.85,0.60,4,977.37,
Player2_Car,55.58,482.533,-24.652,259.519,20.006,2.58,0.60,4,996.97,
Player1_Car,55.60,483.688,-24.652,240.029,20.004,2.83,0.60,4,977.77,
Player2_Car,55.60,482.459,-24.652,259.912,20.006,2.55,0.60,4,997.37,
Player1_Car,55.62,483.553,-24.652,240.406,20.004,2.84,0.60,4,978.17,
Player2_Car,55.62,482.386,-24.652,260.306,20.006,2.51,0.60,4,997.77,
Player1_Car,55.64,483.420,-24.652,240.783,20.004,2.85,0.60,4,978.57,
Player2_Car,55.64,482.315,-24.652,260.700,20.006,2.47,0.60,4,998.19,
Player1_Car,55.66,483.289,-24.652,241.161,20.004,2.83,0.60,4,978.95,
Player2_Car,55.66,482.244,-24.652,261.093,20.006,2.44,0.60,4,998.59,
Player1_Car,55.68,483.159,-24.652,241.539,20.004,2.82,0.60,4,979.35,
Player2_Car,55.68,482.175,-24.652,261.488,20.007,2.40,0.60,4,998.99,
Player1_Car,55.70,483.030,-24.652,241.918,20.004,2.83,0.60,4,979.75,
Player2_Car,55.70,482.106,-24.652,261.882,20.007,2.36,0.60,4,999.39,
Player1_Car,55.72,482.902,-24.652,242.297,20.005,2.83,0.60,4,980.15,
Player2_Car,55.72,482.039,-24.652,262.276,20.007,2.32,0.60,4,999.82,
Player1_Car,55.74,482.775,-24.652,242.677,20.005,2.80,0.60,4,980.53,
Player2_Car,55.74,481.972,-24.652,262.671,20.007,2.28,0.60,4,1000.22,
Player1_Car,55.76,482.650,-24.652,243.057,20.005,2.80,0.60,4,980.93,
Player2_Car,55.76,481.906,-24.652,263.065,20.008,2.24,0.60,4,1000.62,
Player1_Car,55.78,482.526,-24.652,243.437,20.005,2.81,0.60,4,981.33,
Player2_Car,55.78,481.841,-24.652,263.460,20.008,2.20,0.60,4,1001.02,
Player1_Car,55.80,482.404,-24.652,243.818,20.005,2.80,0.60,4,981.71,
Player2_Car,55.80,481.777,-24.652,263.855,20.008,2.17,0.60,4,1001.44,
Player1_Car,55.82,482.282,-24.652,244.199,20.005,2.78,0.60,4,982.11,
Player2_Car,55.82,481.714,-24.652,264.250,20.008,2.13,0.60,4,1001.84,
Player1_Car,55.84,482.162,-24.652,244.581,20.005,2.79,0.60,4,982.51,
Player2_Car,55.84,481.652,-24.652,264.646,20.009,2.09,0.60,4,1002.24,
Player1_Car,55.86,482.043,-24.652,244.963,20.005,2.80,0.60,4,982.91,
Player2_Car,55.86,481.591,-24.652,265.041,20.009,2.05,0.60,4,1002.67,
Player1_Car,55.88,481.925,-24.652,245.345,20.005,2.78,0.60,4,983.29,
Player2_Car,55.88,481.530,-24.652,265.437,20.009,2.02,0.60,4,1003.07,
Player1_Car,55.90,481.809,-24.652,245.728,20.005,2.77,0.60,4,983.69,
Player2_Car,55.90,481.470,-24.652,265.832,20.009,1.98,0.60,4,1003.47,
Player1_Car,55.92,481.694,-24.652,246.111,20.005,2.78,0.60,4,984.09,
Player2_Car,55.92,481.410,-24.652,266.228,20.010,1.94,0.60,4,1003.87,
Player1_Car,55.94,481.580,-24.652,246.495,20.005,2.79,0.60,4,984.49,
Player2_Car,55.94,481.352,-24.652,266.624,20.010,1.91,0.60,4,1004.30,
Player1_Car,55.96,481.468,-24.652,246.878,20.005,2.76,0.60,4,984.87,
Player2_Car,55.96,481.293,-24.652,267.020,20.010,1.87,0.60,4,1004.70,
Player1_Car,55.98,481.356,-24.652,247.263,20.005,2.75,0.60,4,985.27,
Player2_Car,55.98,481.236,-24.652,267.416,20.010,1.84,0.60,4,1005.10,
Player1_Car,56.00,481.246,-24.652,247.647,20.005,2.77,0.60,4,985.67,
Player2_Car,56.00,481.179,-24.652,267.812,20.011,1.81,0.60,4,1005.50,
Player1_Car,56.02,481.137,-24.652,248.032,20.005,2.77,0.60,4,986.07,
Player2_Car,56.02,481.123,-24.652,268.208,20.011,1.78,0.60,4,1005.92,
Player1_Car,56.04,481.030,-24.652,248.418,20.005,2.75,0.60,4,986.45,
Player2_Car,56.04,481.067,-24.652,268.605,20.011,1.75,0.60,4,1006.32,
Player1_Car,56.06,480.923,-24.652,248.803,20.005,2.74,0.60,4,986.85,
Player2_Car,56.06,481.012,-24.652,269.001,20.012,1.71,0.60,4,1006.72,
Player1_Car,56.08,480.818,-24.652,249.190,20.005,2.76,0.60,4,987.25,
Player2_Car,56.08,480.957,-24.652,269.398,20.012,1.69,0.60,4,1007.12,
Player1_Car,56.10,480.714,-24.652,249.576,20.005,2.76,0.60,4,987.65,
Player2_Car,56.10,480.902,-24.652,269.794,20.012,1.66,0.60,4,1007.52,
Player1_Car,56.12,480.612,-24.652,249.963,20.005,2.73,0.60,4,988.03,
Player2_Car,56.12,480.848,-24.652,270.191,20.012,1.61,0.60,4,1007.92,
Player1_Car,56.14,480.510,-24.652,250.350,20.005,2.74,0.60,4,988.43,
Player2_Car,56.14,480.795,-24.652,270.587,20.012,1.57,0.60,4,1008.32,
Player1_Car,56.16,480.410,-24.652,250.737,20.005,2.75,0.60,4,988.83,
Player2_Car,56.16,480.742,-24.652,270.984,20.013,1.54,0.60,4,1008.72,
Player1_Car,56.18,480.311,-24.652,251.125,20.005,2.74,0.60,4,989.21,
Player2_Car,56.18,480.689,-24.652,271.381,20.013,1.51,0.60,4,1009.12,
Player1_Car,56.20,480.214,-24.652,251.513,20.005,2.72,0.60,4,989.61,
Player2_Car,56.20,480.637,-24.652,271.778,20.013,1.45,0.60,4,1009.52,
Player1_Car,56.22,480.117,-24.652,251.901,20.005,2.73,0.60,4,990.01,
Player2_Car,56.22,480.584,-24.652,272.174,20.013,1.39,0.60,4,1009.92,
Player1_Car,56.24,480.022,-24.652,252.290,20.005,2.75,0.60,4,990.41,
Player2_Car,56.24,480.533,-24.652,272.571,20.014,1.35,0.60,4,1010.32,
Player1_Car,56.26,479.928,-24.652,252.679,20.005,2.73,0.60,4,990.79,
Player2_Car,56.26,480.481,-24.652,272.968,20.014,1.31,0.60,4,1010.72,
Player1_Car,56.28,479.836,-24.652,253.068,20.005,2.71,0.60,4,991.19,
Player2_Car,56.28,480.429,-24.652,273.365,20.014,1.25,0.60,4,1011.12,
Player1_Car,56.30,479.744,-24.652,253.457,20.005,2.73,0.60,4,991.59,
Player2_Car,56.30,480.378,-24.652,273.762,20.015,1.19,0.60,4,1011.52,
Player1_Car,56.32,479.654,-24.652,253.847,20.005,2.74,0.60,4,991.99,
Player2_Car,56.32,480.326,-24.652,274.159,20.015,1.15,0.60,4,1011.92,
Player1_Car,56.34,479.565,-24.652,254.237,20.005,2.71,0.60,4,992.37,
Player2_Car,56.34,480.275,-24.652,274.556,20.015,1.10,0.60,4,1012.32,
Player1_Car,56.36,479.477,-24.652,254.628,20.005,2.70,0.60,4,992.77,
Player2_Car,56.36,480.224,-24.652,274.953,20.016,1.03,0.60,4,1012.72,
Player1_Car,56.38,479.391,-24.652,255.018,20.006,2.72,0.60,4,993.17,
Player2_Car,56.38,480.173,-24.652,275.350,20.016,0.98,0.60,4,1013.12,
Player1_Car,56.40,479.305,-24.652,255.409,20.006,2.72,0.60,4,993.57,
Player2_Car,56.40,480.121,-24.652,275.747,20.016,0.91,0.60,4,1013.52,
Player1_Car,56.42,479.221,-24.652,255.800,20.006,2.69,0.60,4,993.95,
Player2_Car,56.42,480.070,-24.652,276.144,20.017,0.79,0.60,4,1013.92,
Player1_Car,56.44,479.138,-24.652,256.192,20.006,2.67,0.60,4,994.35,
Player2_Car,56.44,480.018,-24.652,276.541,20.017,0.67,0.60,4,1014.32,
Player1_Car,56.46,479.057,-24.652,256.583,20.006,2.66,0.60,4,994.75,
Player2_Car,56.46,479.966,-24.652,276.938,20.017,0.55,0.60,4,1014.72,
Player1_Car,56.48,478.976,-24.652,256.975,20.006,2.64,0.60,4,995.13,
Player2_Car,56.48,479.914,-24.652,277.335,20.018,0.43,0.60,4,1015.12,
Player1_Car,56.50,478.897,-24.652,257.368,20.006,2.62,0.60,4,995.53,
Player2_Car,56.50,479.862,-24.652,277.732,20.019,0.28,0.60,4,1015.52,
Player1_Car,56.52,478.819,-24.652,257.760,20.006,2.60,0.60,4,995.93,
Player2_Car,56.52,479.809,-24.652,278.129,20.019,0.14,0.60,4,1015.92,
Player1_Car,56.54,478.742,-24.652,258.153,20.006,2.57,0.60,4,996.33,
Player2_Car,56.54,479.756,-24.652,278.526,20.020,-0.01,0.60,4,1016.32,
Player1_Car,56.56,478.666,-24.652,258.545,20.006,2.54,0.60,4,996.71,
Player2_Car,56.56,479.703,-24.652,278.923,20.021,-0.17,0.60,4,1016.72,
Player1_Car,56.58,478.592,-24.652,258.939,20.006,2.51,0.60,4,997.11,
Player2_Car,56.58,479.649,-24.652,279.319,20.022,-0.34,0.60,4,1017.12,
Player1_Car,56.60,478.518,-24.652,259.332,20.006,2.48,0.60,4,997.51,
Player2_Car,56.60,479.595,-24.652,279.716,20.022,-0.50,0.60,4,1017.52,
Player1_Car,56.62,478.446,-24.652,259.725,20.007,2.45,0.60,4,997.91,
Player2_Car,56.62,479.541,-24.652,280.113,20.023,-0.67,0.60,4,1017.92,
Player1_Car,56.64,478.374,-24.652,260.119,20.007,2.41,0.60,4,998.29,
Player2_Car,56.64,479.486,-24.652,280.510,20.023,-0.87,0.60,4,1018.32,
Player1_Car,56.66,478.304,-24.652,260.513,20.007,2.37,0.60,4,998.69,
Player2_Car,56.66,479.431,-24.652,280.906,20.023,-1.07,0.60,4,1018.72,
Player1_Car,56.68,478.234,-24.652,260.907,20.007,2.34,0.60,4,999.09,
Player2_Car,56.68,479.375,-24.652,281.303,20.023,-1.27,0.60,4,1019.12,
Player1_Car,56.70,478.166,-24.652,261.301,20.007,2.31,0.60,4,999.49,
Player2_Car,56.70,479.319,-24.652,281.699,20.023,-1.48,0.60,4,1019.52,
Player1_Car,56.72,478.098,-24.652,261.696,20.008,2.27,0.60,4,999.87,
Player2_Car,56.72,479.262,-24.652,282.096,20.023,-1.62,0.60,4,1019.92,
Player1_Car,56.74,478.031,-24.652,262.090,20.008,2.23,0.60,4,1000.27,
Player2_Car,56.74,479.205,-24.652,282.492,20.021,-1.71,0.60,4,1020.32,
Player1_Car,56.76,477.965,-24.652,262.485,20.008,2.20,0.60,4,1000.67,
Player2_Car,56.76,479.148,-24.652,282.888,20.020,-1.77,0.60,4,1020.71,
Player1_Car,56.78,477.901,-24.652,262.880,20.008,2.16,0.60,4,1001.05,
Player2_Car,56.78,479.090,-24.652,283.285,20.019,-1.88,0.60,4,1021.11,
Player1_Car,56.80,477.836,-24.652,263.275,20.009,2.13,0.60,4,1001.45,
Player2_Car,56.80,479.032,-24.652,283.681,20.018,-2.03,0.60,4,1021.51,
Player1_Car,56.82,477.773,-24.652,263.670,20.009,2.09,0.60,4,1001.85,
Player2_Car,56.82,478.973,-24.652,284.077,20.017,-2.13,0.60,4,1021.91,
Player1_Car,56.84,477.711,-24.652,264.065,20.009,2.06,0.60,4,1002.25,
Player2_Car,56.84,478.913,-24.652,284.472,20.016,-2.18,-0.72,4,1022.29,
Player1_Car,56.86,477.649,-24.652,264.461,20.009,2.02,0.60,4,1002.63,
Player2_Car,56.86,478.852,-24.652,284.868,20.016,-2.27,0.60,4,1022.69,
Player1_Car,56.88,477.588,-24.652,264.856,20.010,1.99,0.60,4,1003.03,
Player2_Car,56.88,478.793,-24.652,285.248,19.223,-2.29,0.69,4,1023.08,
Player1_Car,56.90,477.527,-24.652,265.252,20.010,1.96,0.60,4,1003.43,
Player2_Car,56.90,478.733,-24.652,285.628,19.231,-2.31,0.69,4,1023.46,
Player1_Car,56.92,477.468,-24.652,265.647,20.010,1.92,0.60,4,1003.83,
Player2_Car,56.92,478.671,-24.652,286.009,19.297,-2.40,-0.64,4,1023.82,
Player1_Car,56.94,477.409,-24.652,266.043,20.010,1.89,0.60,4,1004.21,
Player2_Car,56.94,478.609,-24.652,286.391,19.362,-2.53,0.68,4,1024.21,
Player1_Car,56.96,477.350,-24.652,266.439,20.010,1.86,0.60,4,1004.61,
Player2_Car,56.96,478.548,-24.652,286.759,18.629,-2.54,0.76,4,1024.58,
Player1_Car,56.98,477.292,-24.652,266.835,20.011,1.83,0.60,4,1005.01,
Player2_Car,56.98,478.486,-24.652,287.127,18.691,-2.55,0.76,4,1024.96,
Player1_Car,57.00,477.235,-24.652,267.231,20.011,1.80,0.60,4,1005.41,
Player2_Car,57.00,478.422,-24.652,287.498,18.806,-2.64,-0.58,4,1025.31,
Player1_Car,57.02,477.178,-24.652,267.627,20.011,1.77,0.60,4,1005.79,
Player2_Car,57.02,478.357,-24.652,287.871,18.915,-2.77,-0.59,4,1025.69,
Player1_Car,57.04,477.122,-24.652,268.024,20.011,1.74,0.60,4,1006.19,
Player2_Car,57.04,478.293,-24.652,288.229,18.222,-2.77,-0.51,4,1026.05,
Player1_Car,57.06,477.066,-24.652,268.420,20.012,1.71,0.60,4,1006.59,
Player2_Car,57.06,478.231,-24.652,288.574,17.530,-2.65,0.90,4,1026.40,
Player1_Car,57.08,477.011,-24.652,268.816,20.012,1.68,0.60,4,1006.99,
Player2_Car,57.08,478.170,-24.652,288.907,16.895,-2.54,-0.35,4,1026.72,
Player1_Car,57.10,476.956,-24.652,269.213,20.012,1.66,0.60,4,1007.38,
Player2_Car,57.10,478.106,-24.652,289.243,17.110,-2.66,-0.37,4,1027.06,
Player1_Car,57.12,476.902,-24.652,269.609,20.012,1.62,0.60,4,1007.78,
Player2_Car,57.12,478.045,-24.652,289.569,16.577,-2.79,-0.31,4,1027.39,
Player1_Car,57.14,476.848,-24.652,270.006,20.013,1.58,0.60,4,1008.18,
Player2_Car,57.14,477.984,-24.652,289.884,16.034,-2.74,-0.24,4,1027.71,
Player1_Car,57.16,476.795,-24.652,270.403,20.013,1.55,0.60,4,1008.58,
Player2_Car,57.16,477.924,-24.652,290.188,15.536,-2.61,-0.18,4,1028.00,
Player1_Car,57.18,476.742,-24.652,270.799,20.013,1.52,0.60,4,1008.99,
Player2_Car,57.18,477.865,-24.652,290.484,15.083,-2.58,-0.13,4,1028.30,
Player1_Car,57.20,476.689,-24.652,271.196,20.013,1.47,0.60,4,1009.39,
Player2_Car,57.20,477.807,-24.652,290.772,14.672,-2.62,-0.08,4,1028.60,
Player1_Car,57.22,476.636,-24.652,271.593,20.013,1.41,0.60,4,1009.79,
Player2_Car,57.22,477.749,-24.652,291.052,14.298,-2.65,-0.04,4,1028.88,
Player1_Car,57.24,476.584,-24.652,271.990,20.014,1.37,0.60,4,1010.19,
Player2_Car,57.24,477.693,-24.652,291.325,13.958,-2.64,0.01,4,1029.16,
Player1_Car,57.26,476.532,-24.652,272.387,20.014,1.34,0.60,4,1010.59,
Player2_Car,57.26,477.636,-24.652,291.592,13.649,-2.64,0.04,4,1029.44,
Player1_Car,57.28,476.480,-24.652,272.784,20.014,1.28,0.60,4,1010.99,
Player2_Car,57.28,477.581,-24.652,291.854,13.368,-2.66,0.08,4,1029.68,
Player1_Car,57.30,476.428,-24.652,273.181,20.015,1.21,0.60,4,1011.39,
Player2_Car,57.30,477.525,-24.652,292.110,13.113,-2.70,0.11,4,1029.94,
Player1_Car,57.32,476.377,-24.652,273.578,20.015,1.17,0.60,4,1011.79,
Player2_Car,57.32,477.470,-24.652,292.362,12.881,-2.74,0.13,4,1030.20,
Player1_Car,57.34,476.325,-24.652,273.975,20.015,1.13,0.60,4,1012.19,
Player2_Car,57.34,477.416,-24.652,292.609,12.670,-2.77,0.16,4,1030.46,
Player1_Car,57.36,476.274,-24.652,274.371,20.015,1.07,0.60,4,1012.59,
Player2_Car,57.36,477.361,-24.652,292.853,12.478,-2.79,0.18,4,1030.70,
Player1_Car,57.38,476.222,-24.652,274.768,20.016,1.01,0.60,4,1012.99,
Player2_Car,57.38,477.307,-24.652,293.093,12.304,-2.81,0.20,4,1030.95,
Player1_Car,57.40,476.171,-24.652,275.165,20.016,0.97,0.60,4,1013.39,
Player2_Car,57.40,477.252,-24.652,293.330,12.146,-2.81,0.22,4,1031.17,
Player1_Car,57.42,476.119,-24.652,275.562,20.016,0.86,0.60,4,1013.79,
Player2_Car,57.42,477.198,-24.652,293.563,12.002,-2.83,0.24,4,1031.41,
Player1_Car,57.44,476.067,-24.652,275.959,20.017,0.74,0.60,4,1014.19,
Player2_Car,57.44,477.144,-24.652,293.795,11.871,-2.89,0.26,4,1031.64,
Player1_Car,57.46,476.015,-24.652,276.356,20.017,0.62,0.60,4,1014.59,
Player2_Car,57.46,477.089,-24.652,294.023,11.752,-2.96,0.27,4,1031.88,
Player1_Car,57.48,475.963,-24.652,276.753,20.018,0.51,0.60,4,1014.99,
Player2_Car,57.48,477.035,-24.652,294.250,11.644,-3.00,0.28,4,1032.11,
Player1_Car,57.50,475.911,-24.652,277.150,20.018,0.36,0.60,4,1015.39,
Player2_Car,57.50,476.980,-24.652,294.474,11.545,-3.03,0.29,4,1032.34,
Player1_Car,57.52,475.858,-24.652,277.547,20.019,0.22,0.60,4,1015.79,
Player2_Car,57.52,476.925,-24.652,294.696,11.456,-3.01,0.31,4,1032.53,
Player1_Car,57.54,475.805,-24.652,277.944,20.020,0.08,0.60,4,1016.20,
Player2_Car,57.54,476.870,-24.652,294.917,11.375,-3.04,0.32,4,1032.76,
Player1_Car,57.56,475.752,-24.652,278.341,20.021,-0.07,0.60,4,1016.60,
Player2_Car,57.56,476.815,-24.652,295.136,11.301,-3.09,0.32,4,1032.99,
Player1_Car,57.58,475.698,-24.652,278.738,20.021,-0.24,0.60,4,1017.00,
Player2_Car,57.58,476.759,-24.652,295.354,11.234,-3.13,0.33,4,1033.21,
Player1_Car,57.60,475.644,-24.652,279.134,20.022,-0.41,0.60,4,1017.40,
Player2_Car,57.60,476.703,-24.652,295.570,11.173,-3.18,0.34,4,1033.43,
Player1_Car,57.62,475.590,-24.652,279.531,20.022,-0.57,0.60,4,1017.80,
Player2_Car,57.62,476.647,-24.652,295.785,11.117,-3.25,0.35,4,1033.66,
Player1_Car,57.64,475.535,-24.652,279.928,20.023,-0.76,0.60,4,1018.20,
Player2_Car,57.64,476.590,-24.652,295.999,11.067,-3.30,0.35,4,1033.88,
Player1_Car,57.66,475.480,-24.652,280.324,20.023,-0.96,0.60,4,1018.60,
Player2_Car,57.66,476.533,-24.652,296.212,11.020,-3.28,0.36,4,1034.06,
Player1_Car,57.68,475.424,-24.652,280.721,20.023,-1.16,0.60,4,1019.00,
Player2_Car,57.68,476.475,-24.652,296.424,10.979,-3.31,0.36,4,1034.28,
Player1_Car,57.70,475.368,-24.652,281.117,20.023,-1.35,0.60,4,1019.40,
Player2_Car,57.70,476.417,-24.652,296.635,10.941,-3.36,0.37,4,1034.50,
Player1_Car,57.72,475.312,-24.652,281.514,20.023,-1.55,0.60,4,1019.80,
Player2_Car,57.72,476.359,-24.652,296.845,10.906,-3.39,0.37,4,1034.72,
Player1_Car,57.74,475.255,-24.652,281.910,20.023,-1.67,0.60,4,1020.20,
Player2_Car,57.74,476.300,-24.652,297.054,10.875,-3.42,0.38,4,1034.93,
Player1_Car,57.76,475.198,-24.652,282.306,20.020,-1.75,0.60,4,1020.62,
Player2_Car,57.76,476.240,-24.652,297.263,10.846,-3.49,0.38,4,1035.15,
Player1_Car,57.78,475.140,-24.652,282.703,20.019,-1.82,0.60,4,1021.02,
Player2_Car,57.78,476.180,-24.652,297.471,10.820,-3.55,0.38,4,1035.37,
Player1_Car,57.80,475.082,-24.652,283.099,20.018,-1.95,0.60,4,1021.42,
Player2_Car,57.80,476.120,-24.652,297.678,10.796,-3.53,0.38,4,1035.54,
Player1_Car,57.82,475.023,-24.652,283.495,20.018,-2.08,0.60,4,1021.82,
Player2_Car,57.82,476.058,-24.652,297.885,10.775,-3.55,0.39,4,1035.76,
Player1_Car,57.84,474.963,-24.652,283.891,20.017,-2.18,-0.72,4,1022.25,
Player2_Car,57.84,475.996,-24.652,298.091,10.755,-3.60,0.39,4,1035.97,
Player1_Car,57.86,474.902,-24.652,284.286,20.016,-2.26,0.60,4,1022.65,
Player2_Car,57.86,475.934,-24.652,298.296,10.737,-3.63,0.39,4,1036.19,
Player1_Car,57.88,474.844,-24.652,284.666,19.223,-2.25,0.69,4,1023.03,
Player2_Car,57.88,475.871,-24.652,298.501,10.721,-3.65,0.39,4,1036.40,
Player1_Car,57.90,474.784,-24.652,285.046,19.232,-2.28,0.69,4,1023.41,
Player2_Car,57.90,475.807,-24.652,298.706,10.706,-3.71,0.40,4,1036.62,
Player1_Car,57.92,474.723,-24.652,285.427,19.298,-2.42,-0.64,4,1023.83,
Player2_Car,57.92,475.743,-24.652,298.910,10.693,-3.77,0.40,4,1036.83,
Player1_Car,57.94,474.661,-24.652,285.810,19.362,-2.56,0.68,4,1024.22,
Player2_Car,57.94,475.678,-24.652,299.113,10.680,-3.75,0.40,4,1037.01,
Player1_Car,57.96,474.600,-24.652,286.177,18.629,-2.55,0.76,4,1024.59,
Player2_Car,57.96,475.612,-24.652,299.316,10.669,-3.77,0.40,4,1037.22,
Player1_Car,57.98,474.538,-24.652,286.546,18.691,-2.54,0.76,4,1024.96,
Player2_Car,57.98,475.546,-24.652,299.519,10.659,-3.81,0.40,4,1037.43,
Player1_Car,58.00,474.475,-24.652,286.917,18.806,-2.68,-0.58,4,1025.37,
Player2_Car,58.00,475.479,-24.652,299.721,10.650,-3.84,0.40,4,1037.64,
Player1_Car,58.02,474.410,-24.652,287.289,18.915,-2.82,-0.59,4,1025.75,
Player2_Car,58.02,475.411,-24.652,299.923,10.641,-3.84,0.40,4,1037.86,
Player1_Car,58.04,474.347,-24.652,287.648,18.222,-2.81,0.81,4,1026.11,
Player2_Car,58.04,475.343,-24.652,300.124,10.634,-3.90,0.40,4,1038.07,
Player1_Car,58.06,474.284,-24.652,287.993,17.529,-2.68,0.90,4,1026.46,
Player2_Car,58.06,475.274,-24.652,300.325,10.627,-3.96,0.40,4,1038.28,
Player1_Car,58.08,474.220,-24.652,288.341,17.687,-2.73,-0.44,4,1026.85,
Player2_Car,58.08,475.204,-24.652,300.526,10.620,-3.93,0.41,4,1038.46,
Player1_Car,58.10,474.154,-24.652,288.693,17.893,-2.93,-0.47,4,1027.20,
Player2_Car,58.10,475.133,-24.652,300.726,10.614,-3.94,0.41,4,1038.67,
Player1_Car,58.12,474.090,-24.652,289.033,17.293,-2.99,-0.40,4,1027.55,
Player2_Car,58.12,475.062,-24.652,300.926,10.609,-3.98,0.41,4,1038.88,
Player1_Car,58.14,474.026,-24.652,289.360,16.685,-2.84,-0.32,4,1027.88,
Player2_Car,58.14,474.989,-24.652,301.125,10.604,-4.00,0.41,4,1039.09,
Player1_Car,58.16,473.963,-24.652,289.677,16.127,-2.74,-0.26,4,1028.24,
Player2_Car,58.16,474.917,-24.652,301.324,10.600,-4.00,0.41,4,1039.30,
Player1_Car,58.18,473.902,-24.652,289.983,15.620,-2.73,-0.19,4,1028.55,
Player2_Car,58.18,474.843,-24.652,301.523,10.596,-4.04,0.41,4,1039.52,
Player1_Car,58.20,473.841,-24.652,290.280,15.160,-2.77,-0.14,4,1028.85,
Player2_Car,58.20,474.768,-24.652,301.721,10.592,-4.10,0.41,4,1039.73,
Player1_Car,58.22,473.782,-24.652,290.569,14.741,-2.78,-0.09,4,1029.15,
Player2_Car,58.22,474.693,-24.652,301.919,10.589,-4.08,0.41,4,1039.90,
Player1_Car,58.24,473.722,-24.652,290.850,14.361,-2.77,-0.04,4,1029.43,
Player2_Car,58.24,474.617,-24.652,302.117,10.586,-4.09,0.41,4,1040.11,
Player1_Car,58.26,473.664,-24.652,291.124,14.015,-2.80,0.00,4,1029.74,
Player2_Car,58.26,474.540,-24.652,302.314,10.583,-4.12,0.41,4,1040.32,
Player1_Car,58.28,473.606,-24.652,291.392,13.701,-2.81,0.04,4,1030.02,
Player2_Car,58.28,474.463,-24.652,302.511,10.580,-4.14,0.41,4,1040.54,
Player1_Car,58.30,473.549,-24.652,291.654,13.415,-2.82,0.07,4,1030.29,
Player2_Car,58.30,474.384,-24.652,302.707,10.578,-4.13,0.41,4,1040.75,
Player1_Car,58.32,473.492,-24.652,291.911,13.155,-2.82,0.10,4,1030.55,
Player2_Car,58.32,474.305,-24.652,302.903,10.576,-4.16,0.41,4,1040.96,
Player1_Car,58.34,473.435,-24.652,292.163,12.919,-2.84,0.13,4,1030.81,
Player2_Car,58.34,474.225,-24.652,303.099,10.574,-4.21,0.41,4,1041.17,
Player1_Car,58.36,473.378,-24.652,292.410,12.705,-2.89,0.16,4,1031.10,
Player2_Car,58.36,474.144,-24.652,303.294,10.572,-4.18,0.41,4,1041.34,
Player1_Car,58.38,473.322,-24.652,292.654,12.510,-2.92,0.18,4,1031.35,
Player2_Car,58.38,474.063,-24.652,303.489,10.570,-4.19,0.41,4,1041.55,
Player1_Car,58.40,473.266,-24.652,292.894,12.333,-2.95,0.20,4,1031.60,
Player2_Car,58.40,473.980,-24.652,303.684,10.569,-4.22,0.41,4,1041.76,
Player1_Car,58.42,473.210,-24.652,293.131,12.171,-2.99,0.22,4,1031.84,
Player2_Car,58.42,473.897,-24.652,303.878,10.568,-4.24,0.41,4,1041.98,
Player1_Car,58.44,473.153,-24.652,293.365,12.025,-3.02,0.24,4,1032.08,
Player2_Car,58.44,473.813,-24.652,304.072,10.566,-4.23,0.41,4,1042.19,
Player1_Car,58.46,473.097,-24.652,293.596,11.892,-3.05,0.25,4,1032.32,
Player2_Car,58.46,473.728,-24.652,304.266,10.565,-4.24,0.41,4,1042.40,
Player1_Car,58.48,473.041,-24.652,293.825,11.771,-3.13,0.27,4,1032.61,
Player2_Car,58.48,473.642,-24.652,304.459,10.564,-4.29,0.41,4,1042.61,
Player1_Car,58.50,472.984,-24.652,294.051,11.661,-3.15,0.28,4,1032.84,
Player2_Car,58.50,473.556,-24.652,304.652,10.563,-4.24,0.41,4,1042.77,
Player1_Car,58.52,472.928,-24.652,294.275,11.561,-3.14,0.29,4,1033.08,
Player2_Car,58.52,473.468,-24.652,304.844,10.562,-4.25,0.41,4,1042.98,
Player1_Car,58.54,472.871,-24.652,294.497,11.470,-3.18,0.30,4,1033.31,
Player2_Car,58.54,473.380,-24.652,305.036,10.562,-4.28,0.41,4,1043.19,
Player1_Car,58.56,472.814,-24.652,294.718,11.387,-3.26,0.31,4,1033.53,
Player2_Car,58.56,473.291,-24.652,305.227,10.561,-4.29,0.41,4,1043.40,
Player1_Car,58.58,472.756,-24.652,294.937,11.312,-3.31,0.32,4,1033.76,
Player2_Car,58.58,473.201,-24.652,305.419,10.560,-4.28,0.41,4,1043.62,
Player1_Car,58.60,472.698,-24.652,295.154,11.243,-3.41,0.33,4,1034.04,
Player2_Car,58.60,473.110,-24.652,305.609,10.560,-4.28,0.41,4,1043.83,
Player1_Car,58.62,472.640,-24.652,295.370,11.181,-3.42,0.34,4,1034.27,
Player2_Car,58.62,473.019,-24.652,305.800,10.559,-4.31,0.41,4,1044.04,
Player1_Car,58.64,472.582,-24.652,295.584,11.124,-3.41,0.35,4,1034.49,
Player2_Car,58.64,472.927,-24.652,305.990,10.559,-4.30,0.41,4,1044.22,
Player1_Car,58.66,472.522,-24.652,295.798,11.073,-3.41,0.35,4,1034.71,
Player2_Car,58.66,472.834,-24.652,306.179,10.558,-4.27,0.41,4,1044.41,
Player1_Car,58.68,472.463,-24.652,296.010,11.026,-3.47,0.36,4,1034.93,
Player2_Car,58.68,472.740,-24.652,306.368,10.558,-4.29,0.41,4,1044.62,
Player1_Car,58.70,472.403,-24.652,296.221,10.984,-3.55,0.36,4,1035.15,
Player2_Car,58.70,472.645,-24.652,306.557,10.558,-4.30,0.41,4,1044.83,
Player1_Car,58.72,472.342,-24.652,296.432,10.945,-3.60,0.37,4,1035.37,
Player2_Car,58.72,472.549,-24.652,306.745,10.557,-4.30,0.41,4,1045.04,
Player1_Car,58.74,472.281,-24.652,296.641,10.910,-3.70,0.37,4,1035.65,
Player2_Car,58.74,472.453,-24.652,306.933,10.557,-4.28,0.41,4,1045.25,
Player1_Car,58.76,472.220,-24.652,296.850,10.878,-3.71,0.37,4,1035.87,
Player2_Car,58.76,472.356,-24.652,307.121,10.557,-4.31,0.41,4,1045.47,
Player1_Car,58.78,472.157,-24.652,297.058,10.849,-3.69,0.38,4,1036.08,
Player2_Car,58.78,472.258,-24.652,307.308,10.557,-4.35,0.41,4,1045.68,
Player1_Car,58.80,472.094,-24.652,297.265,10.822,-3.69,0.38,4,1036.30,
Player2_Car,58.80,472.159,-24.652,307.494,10.556,-4.28,0.41,4,1045.84,
Player1_Car,58.82,472.031,-24.652,297.471,10.798,-3.75,0.38,4,1036.51,
Player2_Car,58.82,472.059,-24.652,307.680,10.556,-4.26,0.41,4,1046.05,
Player1_Car,58.84,471.967,-24.652,297.677,10.776,-3.83,0.39,4,1036.73,
Player2_Car,58.84,471.959,-24.652,307.866,10.556,-4.29,0.41,4,1046.26,
Player1_Car,58.86,471.902,-24.652,297.882,10.756,-3.95,0.39,4,1037.01,
Player2_Car,58.86,471.858,-24.652,308.051,10.556,-4.30,0.41,4,1046.47,
Player1_Car,58.88,471.837,-24.652,298.087,10.738,-3.96,0.39,4,1037.22,
Player2_Car,58.88,471.756,-24.652,308.236,10.556,-4.28,0.41,4,1046.68,
Player1_Car,58.90,471.770,-24.652,298.291,10.721,-3.92,0.39,4,1037.43,
Player2_Car,58.90,471.653,-24.652,308.420,10.556,-4.30,1.00,4,1046.89,
Player1_Car,58.92,471.703,-24.652,298.494,10.706,-3.92,0.40,4,1037.65,
Player2_Car,58.92,471.549,-24.652,308.604,10.555,-4.33,1.00,4,1047.10,
Player1_Car,58.94,471.636,-24.652,298.697,10.692,-3.93,0.40,4,1037.86,
Player2_Car,58.94,471.441,-24.652,308.794,10.907,-4.32,0.37,4,1047.27,
Player1_Car,58.96,471.568,-24.652,298.899,10.680,-4.01,0.40,4,1038.08,
Player2_Car,58.96,471.329,-24.652,308.989,11.255,-4.39,0.33,4,1047.50,
Player1_Car,58.98,471.499,-24.652,299.101,10.669,-4.07,0.40,4,1038.29,
Player2_Car,58.98,471.216,-24.652,309.183,11.222,-4.46,0.33,4,1047.72,
Player1_Car,59.00,471.429,-24.652,299.303,10.658,-4.17,0.40,4,1038.56,
Player2_Car,59.00,471.103,-24.652,309.375,11.163,-4.40,1.00,4,1047.94,
Player1_Car,59.02,471.358,-24.652,299.503,10.649,-4.17,0.40,4,1038.78,
Player2_Car,59.02,470.989,-24.652,309.566,11.107,-4.37,1.00,4,1048.17,
Player1_Car,59.04,471.287,-24.652,299.704,10.640,-4.13,0.40,4,1038.99,
Player2_Car,59.04,470.871,-24.652,309.762,11.452,-4.42,1.00,4,1048.40,
Player1_Car,59.06,471.214,-24.652,299.904,10.632,-4.12,0.40,4,1039.20,
Player2_Car,59.06,470.748,-24.652,309.964,11.794,-4.48,1.00,4,1048.60,
Player1_Car,59.08,471.141,-24.652,300.103,10.625,-4.15,0.40,4,1039.41,
Player2_Car,59.08,470.621,-24.652,310.171,12.131,-4.52,0.22,4,1048.82,
Player1_Car,59.10,471.068,-24.652,300.303,10.619,-4.22,0.41,4,1039.63,
Player2_Car,59.10,470.490,-24.652,310.382,12.464,-4.58,1.00,4,1049.07,
Player1_Car,59.12,470.993,-24.652,300.501,10.613,-4.35,0.41,4,1039.90,
Player2_Car,59.12,470.358,-24.652,310.591,12.329,-4.61,1.00,4,1049.32,
Player1_Car,59.14,470.918,-24.652,300.700,10.607,-4.35,0.41,4,1040.11,
Player2_Car,59.14,470.222,-24.652,310.804,12.658,-4.58,1.00,4,1049.57,
Player1_Car,59.16,470.841,-24.652,300.897,10.602,-4.30,0.41,4,1040.32,
Player2_Car,59.16,470.081,-24.652,311.022,12.985,-4.60,1.00,4,1049.83,
Player1_Car,59.18,470.764,-24.652,301.095,10.597,-4.28,0.41,4,1040.53,
Player2_Car,59.18,469.936,-24.652,311.245,13.308,-4.59,1.00,4,1050.06,
Player1_Car,59.20,470.686,-24.652,301.292,10.593,-4.29,0.41,4,1040.75,
Player2_Car,59.20,469.785,-24.652,311.473,13.628,-4.68,1.00,4,1050.32,
Player1_Car,59.22,470.607,-24.652,301.488,10.590,-4.33,0.41,4,1040.96,
Player2_Car,59.22,469.630,-24.652,311.704,13.943,-4.76,1.00,4,1050.60,
Player1_Car,59.24,470.527,-24.652,301.684,10.587,-4.38,0.41,4,1041.17,
Player2_Car,59.24,469.470,-24.652,311.940,14.254,-4.77,1.00,4,1050.89,
Player1_Car,59.26,470.447,-24.652,301.880,10.584,-4.50,0.41,4,1041.45,
Player2_Car,59.26,469.305,-24.652,312.180,14.562,-4.76,1.00,4,1051.18,
Player1_Car,59.28,470.365,-24.652,302.076,10.581,-4.50,0.41,4,1041.66,
Player2_Car,59.28,469.134,-24.652,312.424,14.866,-4.81,1.00,4,1051.48,
Player1_Car,59.30,470.283,-24.652,302.270,10.577,-4.44,0.41,4,1041.87,
Player2_Car,59.30,468.959,-24.652,312.671,15.167,-4.79,1.00,4,1051.73,
Player1_Car,59.32,470.200,-24.652,302.465,10.575,-4.41,0.41,4,1042.08,
Player2_Car,59.32,468.779,-24.652,312.923,15.464,-4.78,1.00,4,1052.04,
Player1_Car,59.34,470.116,-24.652,302.659,10.573,-4.41,0.41,4,1042.29,
Player2_Car,59.34,468.593,-24.652,313.177,15.757,-4.82,1.00,4,1052.36,
Player1_Car,59.36,470.031,-24.652,302.852,10.571,-4.47,0.41,4,1042.50,
Player2_Car,59.36,468.403,-24.652,313.436,16.047,-4.86,1.00,4,1052.68,
Player1_Car,59.38,469.945,-24.652,303.046,10.570,-4.64,0.41,4,1042.80,
Player2_Car,59.38,468.207,-24.652,313.697,16.334,-4.83,1.00,4,1053.00,
Player1_Car,59.40,469.858,-24.652,303.238,10.568,-4.63,0.41,4,1043.01,
Player2_Car,59.40,468.006,-24.652,313.962,16.617,-4.77,1.00,4,1053.30,
Player1_Car,59.42,469.770,-24.652,303.431,10.566,-4.55,0.41,4,1043.22,
Player2_Car,59.42,467.800,-24.652,314.230,16.896,-4.80,0.97,4,1053.63,
Player1_Car,59.44,469.682,-24.652,303.622,10.564,-4.51,0.41,4,1043.43,
Player2_Car,59.44,467.588,-24.652,314.500,17.173,-4.85,0.94,4,1053.98,
Player1_Car,59.46,469.592,-24.652,303.814,10.563,-4.51,0.41,4,1043.64,
Player2_Car,59.46,467.372,-24.652,314.773,17.430,-4.83,0.91,4,1054.33,
Player1_Car,59.48,469.502,-24.652,304.005,10.563,-4.53,0.41,4,1043.85,
Player2_Car,59.48,467.151,-24.652,315.049,17.663,-4.78,0.88,4,1054.64,
Player1_Car,59.50,469.410,-24.652,304.195,10.562,-4.56,0.41,4,1044.07,
Player2_Car,59.50,466.925,-24.652,315.326,17.875,-4.79,0.85,4,1054.99,
Player1_Car,59.52,469.318,-24.652,304.385,10.561,-4.69,0.41,4,1044.36,
Player2_Car,59.52,466.694,-24.652,315.604,18.068,-4.79,0.83,4,1055.35,
Player1_Car,59.54,469.225,-24.652,304.575,10.560,-4.68,0.41,4,1044.57,
Player2_Car,59.54,466.460,-24.652,315.884,18.244,-4.80,0.81,4,1055.72,
Player1_Car,59.56,469.131,-24.652,304.764,10.558,-4.59,0.41,4,1044.78,
Player2_Car,59.56,466.221,-24.652,316.164,18.403,-4.75,0.79,4,1056.04,
Player1_Car,59.58,469.036,-24.652,304.952,10.558,-4.55,0.41,4,1045.00,
Player2_Car,59.58,465.978,-24.652,316.444,18.548,-4.73,0.77,4,1056.42,
Player1_Car,59.60,468.940,-24.652,305.141,10.557,-4.54,0.41,4,1045.21,
Player2_Car,59.60,465.732,-24.652,316.725,18.679,-4.71,0.76,4,1056.79,
Player1_Car,59.62,468.844,-24.652,305.328,10.557,-4.57,0.41,4,1045.42,
Player2_Car,59.62,465.482,-24.652,317.006,18.799,-4.74,0.74,4,1057.17,
Player1_Car,59.64,468.746,-24.652,305.515,10.557,-4.60,0.41,4,1045.63,
Player2_Car,59.64,465.229,-24.652,317.287,18.908,-4.70,0.73,4,1057.50,
Player1_Car,59.66,468.648,-24.652,305.702,10.556,-4.71,0.41,4,1045.93,
Player2_Car,59.66,464.972,-24.652,317.568,19.006,-4.65,0.72,4,1057.88,
Player1_Car,59.68,468.548,-24.652,305.889,10.556,-4.68,0.41,4,1046.14,
Player2_Car,59.68,464.713,-24.652,317.848,19.096,-4.65,0.71,4,1058.26,
Player1_Car,59.70,468.448,-24.652,306.074,10.555,-4.59,0.41,4,1046.35,
Player2_Car,59.70,464.450,-24.652,318.127,19.178,-4.68,0.70,4,1058.65,
Player1_Car,59.72,468.347,-24.652,306.259,10.554,-4.55,0.41,4,1046.56,
Player2_Car,59.72,464.184,-24.652,318.406,19.252,-4.63,0.69,4,1058.99,
Player1_Car,59.74,468.245,-24.652,306.444,10.554,-4.55,1.00,4,1046.77,
Player2_Car,59.74,463.916,-24.652,318.684,19.319,-4.57,0.68,4,1059.37,
Player1_Car,59.76,468.142,-24.652,306.629,10.554,-4.59,1.00,4,1046.98,
Player2_Car,59.76,463.644,-24.652,318.960,19.381,-4.59,0.67,4,1059.76,
Player1_Car,59.78,468.034,-24.652,306.818,10.906,-4.75,0.37,4,1047.28,
Player2_Car,59.78,463.370,-24.652,319.236,19.437,-4.62,0.67,4,1060.15,
Player1_Car,59.80,467.923,-24.652,307.014,11.253,-4.81,0.33,4,1047.51,
Player2_Car,59.80,463.094,-24.652,319.511,19.487,-4.55,0.66,4,1060.50,
Player1_Car,59.82,467.810,-24.652,307.208,11.220,-4.76,0.33,4,1047.73,
Player2_Car,59.82,462.814,-24.652,319.784,19.533,-4.49,0.66,4,1060.89,
Player1_Car,59.84,467.697,-24.652,307.400,11.161,-4.66,1.00,4,1047.96,
Player2_Car,59.84,462.533,-24.652,320.056,19.575,-4.50,0.65,4,1061.28,
Player1_Car,59.86,467.584,-24.652,307.592,11.105,-4.64,1.00,4,1048.18,
Player2_Car,59.86,462.249,-24.652,320.326,19.613,-4.51,0.65,4,1061.67,
Player1_Car,59.88,467.466,-24.652,307.788,11.450,-4.69,1.00,4,1048.41,
Player2_Car,59.88,461.963,-24.652,320.596,19.648,-4.44,0.64,4,1062.02,
Player1_Car,59.90,467.344,-24.652,307.989,11.792,-4.87,0.26,4,1048.73,
Player2_Car,59.90,461.674,-24.652,320.863,19.679,-4.38,0.64,4,1062.42,
Player1_Car,59.92,467.216,-24.652,308.196,12.129,-4.89,0.22,4,1048.97,
Player2_Car,59.92,461.384,-24.652,321.130,19.708,-4.39,0.64,4,1062.81,
Player1_Car,59.94,467.089,-24.652,308.400,12.021,-4.84,1.00,4,1049.21,
Player2_Car,59.94,461.091,-24.652,321.394,19.734,-4.38,0.63,4,1063.21,
Player1_Car,59.96,466.963,-24.652,308.601,11.889,-4.76,1.00,4,1049.45,
Player2_Car,59.96,460.796,-24.652,321.657,19.758,-4.31,0.63,4,1063.57,
Player1_Car,59.98,466.831,-24.652,308.807,12.224,-4.72,1.00,4,1049.69,
Player2_Car,59.98,460.499,-24.652,321.919,19.779,-4.27,0.63,4,1063.97,
Player1_Car,60.00,466.694,-24.652,309.018,12.557,-4.78,1.00,4,1049.95,
Player2_Car,60.00,460.200,-24.652,322.179,19.799,-4.27,0.62,4,1064.36,
Player1_Car,60.02,466.553,-24.652,309.233,12.885,-4.95,1.00,4,1050.29,
Player2_Car,60.02,459.900,-24.652,322.437,19.817,-4.26,0.62,4,1064.76,
Player1_Car,60.04,466.407,-24.652,309.454,13.209,-5.01,1.00,4,1050.55,
Player2_Car,60.04,459.597,-24.652,322.694,19.833,-4.18,0.62,4,1065.12,
Player1_Car,60.06,466.256,-24.652,309.678,13.529,-4.97,1.00,4,1050.82,
Player2_Car,60.06,459.293,-24.652,322.949,19.847,-4.15,0.62,4,1065.52,
Player1_Car,60.08,466.099,-24.652,309.906,13.845,-4.91,1.00,4,1051.10,
Player2_Car,60.08,458.987,-24.652,323.202,19.861,-4.17,0.62,4,1065.92,
Player1_Car,60.10,465.938,-24.652,310.139,14.158,-4.95,1.00,4,1051.38,
Player2_Car,60.10,458.679,-24.652,323.454,19.873,-4.13,0.62,4,1066.28,
Player1_Car,60.12,465.772,-24.652,310.376,14.467,-5.13,1.00,4,1051.75,
Player2_Car,60.12,458.370,-24.652,323.703,19.884,-4.07,0.61,4,1066.68,
Player1_Car,60.14,465.600,-24.652,310.617,14.772,-5.14,1.00,4,1052.05,
Player2_Car,60.14,458.059,-24.652,323.951,19.895,-4.08,0.61,4,1067.08,
Player1_Car,60.16,465.424,-24.652,310.861,15.073,-5.03,1.00,4,1052.35,
Player2_Car,60.16,457.746,-24.652,324.198,19.904,-4.09,0.61,4,1067.47,
Player1_Car,60.18,465.242,-24.652,311.109,15.371,-5.00,1.00,4,1052.66,
Player2_Car,60.18,457.432,-24.652,324.443,19.912,-4.03,0.61,4,1067.84,
Player1_Car,60.20,465.054,-24.652,311.360,15.666,-5.12,1.00,4,1053.04,
Player2_Car,60.20,457.116,-24.652,324.686,19.920,-3.98,0.61,4,1068.23,
Player1_Car,60.22,464.862,-24.652,311.614,15.957,-5.11,1.00,4,1053.36,
Player2_Car,60.22,456.799,-24.652,324.927,19.927,-4.00,0.61,4,1068.63,
Player1_Car,60.24,464.664,-24.652,311.872,16.244,-5.06,1.00,4,1053.68,
Player2_Car,60.24,456.480,-24.652,325.166,19.933,-4.01,0.61,4,1069.03,
Player1_Car,60.26,464.461,-24.652,312.133,16.528,-5.03,1.00,4,1054.01,
Player2_Car,60.26,456.160,-24.652,325.404,19.939,-3.95,0.61,4,1069.39,
Player1_Car,60.28,464.252,-24.652,312.396,16.809,-5.01,0.98,4,1054.35,
Player2_Car,60.28,455.839,-24.652,325.640,19.944,-3.91,0.61,4,1069.79,
Player1_Car,60.30,464.038,-24.652,312.663,17.086,-5.10,0.95,4,1054.77,
Player2_Car,60.30,455.516,-24.652,325.874,19.949,-3.93,0.61,4,1070.19,
Player1_Car,60.32,463.819,-24.652,312.932,17.350,-5.11,0.92,4,1055.11,
Player2_Car,60.32,455.191,-24.652,326.107,19.953,-3.94,0.61,4,1070.59,
Player1_Car,60.34,463.595,-24.652,313.203,17.590,-5.02,0.89,4,1055.47,
Player2_Car,60.34,454.866,-24.652,326.337,19.957,-3.88,0.61,4,1070.95,
Player1_Car,60.36,463.365,-24.652,313.475,17.809,-4.97,0.86,4,1055.82,
Player2_Car,60.36,454.538,-24.652,326.566,19.961,-3.85,0.60,4,1071.35,
Player1_Car,60.38,463.132,-24.652,313.749,18.008,-5.07,0.84,4,1056.26,
Player2_Car,60.38,454.210,-24.652,326.794,19.964,-3.86,0.60,4,1071.75,
Player1_Car,60.40,462.893,-24.652,314.024,18.189,-5.07,0.82,4,1056.62,
Player2_Car,60.40,453.881,-24.652,327.019,19.967,-3.86,0.60,4,1072.15,
Player1_Car,60.42,462.651,-24.652,314.300,18.353,-4.97,0.80,4,1056.99,
Player2_Car,60.42,453.550,-24.652,327.243,19.970,-3.80,0.60,4,1072.52,
Player1_Car,60.44,462.404,-24.652,314.575,18.502,-4.93,0.78,4,1057.36,
Player2_Car,60.44,453.217,-24.652,327.464,19.972,-3.77,0.60,4,1072.92,
Player1_Car,60.46,462.154,-24.652,314.852,18.638,-5.01,0.76,4,1057.80,
Player2_Car,60.46,452.884,-24.652,327.685,19.975,-3.77,0.60,4,1073.31,
Player1_Car,60.48,461.900,-24.652,315.128,18.761,-4.98,0.75,4,1058.18,
Player2_Car,60.48,452.550,-24.652,327.903,19.977,-3.74,0.60,4,1073.69,
Player1_Car,60.50,461.642,-24.652,315.403,18.873,-4.92,0.74,4,1058.56,
Player2_Car,60.50,452.214,-24.652,328.120,19.979,-3.70,0.60,4,1074.09,
Player1_Car,60.52,461.381,-24.652,315.679,18.975,-4.95,0.72,4,1059.01,
Player2_Car,60.52,451.877,-24.652,328.335,19.981,-3.68,0.60,4,1074.49,
Player1_Car,60.54,461.116,-24.652,315.953,19.067,-4.92,0.71,4,1059.39,
Player2_Car,60.54,451.539,-24.652,328.548,19.982,-3.67,0.60,4,1074.89,
Player1_Car,60.56,460.848,-24.652,316.227,19.151,-4.86,0.70,4,1059.78,
Player2_Car,60.56,451.200,-24.652,328.760,19.984,-3.62,0.60,4,1075.27,
Player1_Car,60.58,460.577,-24.652,316.500,19.228,-4.84,0.69,4,1060.16,
Player2_Car,60.58,450.860,-24.652,328.970,19.985,-3.58,0.60,4,1075.67,
Player1_Car,60.60,460.303,-24.652,316.772,19.297,-4.89,0.68,4,1060.62,
Player2_Car,60.60,450.519,-24.652,329.178,19.987,-3.57,0.60,4,1076.06,
Player1_Car,60.62,460.027,-24.652,317.043,19.361,-4.85,0.68,4,1061.01,
Player2_Car,60.62,450.176,-24.652,329.384,19.988,-3.56,0.60,4,1076.46,
Player1_Car,60.64,459.747,-24.652,317.312,19.418,-4.78,0.67,4,1061.40,
Player2_Car,60.64,449.833,-24.652,329.589,19.989,-3.51,0.60,4,1076.84,
Player1_Car,60.66,459.465,-24.652,317.580,19.470,-4.73,0.66,4,1061.79,
Player2_Car,60.66,449.489,-24.652,329.793,19.990,-3.47,0.60,4,1077.24,
Player1_Car,60.68,459.180,-24.652,317.847,19.517,-4.75,0.66,4,1062.25,
Player2_Car,60.68,449.144,-24.652,329.994,19.991,-3.48,0.60,4,1077.64,
Player1_Car,60.70,458.892,-24.652,318.112,19.561,-4.72,0.65,4,1062.64,
Player2_Car,60.70,448.797,-24.652,330.194,19.992,-3.47,0.60,4,1078.04,
Player1_Car,60.72,458.602,-24.652,318.376,19.600,-4.65,0.65,4,1063.03,
Player2_Car,60.72,448.450,-24.652,330.393,19.993,-3.41,0.60,4,1078.41,
Player1_Car,60.74,458.310,-24.652,318.638,19.635,-4.61,0.64,4,1063.47,
Player2_Car,60.74,448.102,-24.652,330.590,19.993,-3.39,0.60,4,1078.81,
Player1_Car,60.76,458.015,-24.652,318.899,19.668,-4.56,0.64,4,1063.87,
Player2_Car,60.76,447.753,-24.652,330.785,19.994,-3.40,0.60,4,1079.21,
Player1_Car,60.78,457.719,-24.652,319.158,19.698,-4.53,0.64,4,1064.26,
Player2_Car,60.78,447.403,-24.652,330.979,19.995,-3.39,0.60,4,1079.61,
Player1_Car,60.80,457.420,-24.652,319.415,19.725,-4.48,0.63,4,1064.65,
Player2_Car,60.80,447.053,-24.652,331.171,19.995,-3.34,0.60,4,1079.98,
Player1_Car,60.82,457.118,-24.652,319.671,19.749,-4.47,0.63,4,1065.11,
Player2_Car,60.82,446.701,-24.652,331.361,19.996,-3.32,0.60,4,1080.38,
Player1_Car,60.84,456.815,-24.652,319.925,19.771,-4.43,0.63,4,1065.50,
Player2_Car,60.84,446.349,-24.652,331.550,19.996,-3.33,0.60,4,1080.78,
Player1_Car,60.86,456.510,-24.652,320.177,19.792,-4.38,0.63,4,1065.90,
Player2_Car,60.86,445.995,-24.652,331.738,19.997,-3.31,0.60,4,1081.15,
Player1_Car,60.88,456.203,-24.652,320.428,19.810,-4.38,0.62,4,1066.35,
Player2_Car,60.88,445.641,-24.652,331.924,19.997,-3.27,0.60,4,1081.55,
Player1_Car,60.90,455.894,-24.652,320.676,19.827,-4.33,0.62,4,1066.75,
Player2_Car,60.90,445.286,-24.652,332.108,19.998,-3.28,0.60,4,1081.95,
Player1_Car,60.92,455.584,-24.652,320.923,19.842,-4.29,0.62,4,1067.15,
Player2_Car,60.92,444.931,-24.652,332.291,19.998,-3.29,0.60,4,1082.34,
Player1_Car,60.94,455.271,-24.652,321.168,19.856,-4.26,0.62,4,1067.54,
Player2_Car,60.94,444.574,-24.652,332.472,19.999,-3.25,0.60,4,1082.71,
Player1_Car,60.96,454.957,-24.652,321.412,19.869,-4.26,0.62,4,1068.00,
Player2_Car,60.96,444.217,-24.652,332.652,19.999,-3.22,0.60,4,1083.11,
Player1_Car,60.98,454.641,-24.652,321.653,19.880,-4.23,0.61,4,1068.40,
Player2_Car,60.98,443.859,-24.652,332.830,19.999,-3.22,0.60,4,1083.51,
Player1_Car,61.00,454.324,-24.652,321.893,19.890,-4.19,0.61,4,1068.80,
Player2_Car,61.00,443.500,-24.652,333.007,20.000,-3.22,0.60,4,1083.91,
Player1_Car,61.02,454.005,-24.652,322.131,19.900,-4.14,0.61,4,1069.19,
Player2_Car,61.02,443.140,-24.652,333.182,20.000,-3.19,0.60,4,1084.29,
Player1_Car,61.04,453.684,-24.652,322.367,19.909,-4.14,0.61,4,1069.65,
Player2_Car,61.04,442.780,-24.652,333.356,20.000,-3.15,0.60,4,1084.69,
Player1_Car,61.06,453.362,-24.652,322.601,19.917,-4.14,0.61,4,1070.05,
Player2_Car,61.06,442.419,-24.652,333.528,20.000,-3.15,0.60,4,1085.09,
Player1_Car,61.08,453.038,-24.652,322.833,19.924,-4.11,0.61,4,1070.45,
Player2_Car,61.08,442.057,-24.652,333.699,20.001,-3.14,0.60,4,1085.49,
Player1_Car,61.10,452.713,-24.652,323.063,19.930,-4.10,0.61,4,1070.91,
Player2_Car,61.10,441.695,-24.652,333.869,20.001,-3.11,0.60,4,1085.87,
Player1_Car,61.12,452.386,-24.652,323.292,19.936,-4.06,0.61,4,1071.30,
Player2_Car,61.12,441.332,-24.652,334.037,20.001,-3.08,0.60,4,1086.27,
Player1_Car,61.14,452.058,-24.652,323.519,19.942,-4.03,0.61,4,1071.70,
Player2_Car,61.14,440.968,-24.652,334.203,20.001,-3.07,0.60,4,1086.67,
Player1_Car,61.16,451.728,-24.652,323.743,19.947,-4.00,0.61,4,1072.10,
Player2_Car,61.16,440.604,-24.652,334.368,20.002,-3.06,0.60,4,1087.07,
Player1_Car,61.18,451.397,-24.652,323.966,19.951,-4.00,0.61,4,1072.56,
Player2_Car,61.18,440.239,-24.652,334.532,20.002,-3.02,0.60,4,1087.45,
Player1_Car,61.20,451.065,-24.652,324.188,19.955,-3.97,0.61,4,1072.96,
Player2_Car,61.20,439.873,-24.652,334.694,20.002,-2.99,0.60,4,1087.85,
Player1_Car,61.22,450.732,-24.652,324.407,19.959,-3.93,0.60,4,1073.36,
Player2_Car,61.22,439.507,-24.652,334.855,20.002,-2.99,0.60,4,1088.25,
Player1_Car,61.24,450.397,-24.652,324.624,19.962,-3.90,0.60,4,1073.79,
Player2_Car,61.24,439.140,-24.652,335.015,20.002,-2.96,0.60,4,1088.63,
Player1_Car,61.26,450.061,-24.652,324.840,19.966,-3.86,0.60,4,1074.19,
Player2_Car,61.26,438.773,-24.652,335.173,20.003,-2.92,0.60,4,1089.03,
Player1_Car,61.28,449.723,-24.652,325.054,19.968,-3.82,0.60,4,1074.59,
Player2_Car,61.28,438.405,-24.652,335.330,20.003,-2.91,0.60,4,1089.43,
Player1_Car,61.30,449.385,-24.652,325.266,19.971,-3.79,0.60,4,1074.99,
Player2_Car,61.30,438.036,-24.652,335.485,20.003,-2.91,0.60,4,1089.83,
Player1_Car,61.32,449.045,-24.652,325.476,19.974,-3.76,0.60,4,1075.43,
Player2_Car,61.32,437.667,-24.652,335.640,20.003,-2.87,0.60,4,1090.21,
Player1_Car,61.34,448.704,-24.652,325.685,19.976,-3.72,0.60,4,1075.82,
Player2_Car,61.34,437.297,-24.652,335.793,20.003,-2.84,0.60,4,1090.61,
Player1_Car,61.36,448.363,-24.652,325.891,19.978,-3.69,0.60,4,1076.22,
Player2_Car,61.36,436.927,-24.652,335.944,20.004,-2.84,0.60,4,1091.01,
Player1_Car,61.38,448.019,-24.652,326.096,19.980,-3.64,0.60,4,1076.62,
Player2_Car,61.38,436.556,-24.652,336.095,20.004,-2.84,0.60,4,1091.41,
Player1_Car,61.40,447.675,-24.652,326.300,19.982,-3.62,0.60,4,1077.06,
Player2_Car,61.40,436.185,-24.652,336.244,20.004,-2.81,0.60,4,1091.78,
Player1_Car,61.42,447.330,-24.652,326.501,19.983,-3.60,0.60,4,1077.46,
Player2_Car,61.42,435.813,-24.652,336.392,20.004,-2.78,0.60,4,1092.18,
Player1_Car,61.44,446.984,-24.652,326.701,19.985,-3.57,0.60,4,1077.86,
Player2_Car,61.44,435.441,-24.652,336.538,20.004,-2.79,0.60,4,1092.58,
Player1_Car,61.46,446.637,-24.652,326.899,19.986,-3.55,0.60,4,1078.31,
Player2_Car,61.46,435.068,-24.652,336.684,20.004,-2.79,0.60,4,1092.98,
Player1_Car,61.48,446.289,-24.652,327.096,19.988,-3.51,0.60,4,1078.71,
Player2_Car,61.48,434.695,-24.652,336.828,20.005,-2.75,0.60,4,1093.36,
Player1_Car,61.50,445.940,-24.652,327.291,19.989,-3.49,0.60,4,1079.11,
Player2_Car,61.50,434.321,-24.652,336.971,20.005,-2.74,0.60,4,1093.76,
Player1_Car,61.52,445.590,-24.652,327.484,19.990,-3.47,0.60,4,1079.51,
Player2_Car,61.52,433.947,-24.652,337.112,20.005,-2.75,0.60,4,1094.16,
Player1_Car,61.54,445.239,-24.652,327.675,19.991,-3.46,0.60,4,1079.95,
Player2_Car,61.54,433.573,-24.652,337.253,20.005,-2.75,0.60,4,1094.56,
Player1_Car,61.56,444.887,-24.652,327.865,19.992,-3.44,0.60,4,1080.35,
Player2_Car,61.56,433.198,-24.652,337.392,20.005,-2.71,0.60,4,1094.93,
Player1_Car,61.58,444.534,-24.652,328.054,19.993,-3.41,0.60,4,1080.75,
Player2_Car,61.58,432.822,-24.652,337.530,20.005,-2.70,0.60,4,1095.33,
Player1_Car,61.60,444.181,-24.652,328.240,19.993,-3.41,0.60,4,1081.20,
Player2_Car,61.60,432.446,-24.652,337.667,20.005,-2.71,0.60,4,1095.73,
Player1_Car,61.62,443.826,-24.652,328.425,19.994,-3.37,0.60,4,1081.60,
Player2_Car,61.62,432.070,-24.652,337.803,20.005,-2.70,0.60,4,1096.11,
Player1_Car,61.64,443.471,-24.652,328.609,19.995,-3.36,0.60,4,1082.00,
Player2_Car,61.64,431.693,-24.652,337.937,20.005,-2.67,0.60,4,1096.51,
Player1_Car,61.66,443.115,-24.652,328.791,19.995,-3.35,0.60,4,1082.40,
Player2_Car,61.66,431.316,-24.652,338.070,20.006,-2.67,0.60,4,1096.91,
Player1_Car,61.68,442.758,-24.652,328.971,19.996,-3.35,0.60,4,1082.84,
Player2_Car,61.68,430.938,-24.652,338.202,20.006,-2.67,0.60,4,1097.31,
Player1_Car,61.70,442.400,-24.652,329.150,19.996,-3.32,0.60,4,1083.24,
Player2_Car,61.70,430.560,-24.652,338.333,20.006,-2.64,0.60,4,1097.70,
Player1_Car,61.72,442.042,-24.652,329.327,19.997,-3.29,0.60,4,1083.64,
Player2_Car,61.72,430.181,-24.652,338.463,20.006,-2.62,0.60,4,1098.10,
Player1_Car,61.74,441.682,-24.652,329.503,19.997,-3.27,0.60,4,1084.04,
Player2_Car,61.74,429.802,-24.652,338.592,20.006,-2.62,0.60,4,1098.50,
Player1_Car,61.76,441.322,-24.652,329.677,19.998,-3.26,0.60,4,1084.48,
Player2_Car,61.76,429.423,-24.652,338.719,20.006,-2.61,0.60,4,1098.90,
Player1_Car,61.78,440.961,-24.652,329.849,19.998,-3.25,0.60,4,1084.88,
Player2_Car,61.78,429.043,-24.652,338.845,20.006,-2.58,0.60,4,1099.28,
Player1_Car,61.80,440.600,-24.652,330.020,19.999,-3.22,0.60,4,1085.28,
Player2_Car,61.80,428.663,-24.652,338.971,20.006,-2.56,0.60,4,1099.68,
Player1_Car,61.82,440.237,-24.652,330.190,19.999,-3.19,0.60,4,1085.70,
Player2_Car,61.82,428.283,-24.652,339.095,20.006,-2.56,0.60,4,1100.08,
Player1_Car,61.84,439.874,-24.652,330.358,19.999,-3.16,0.60,4,1086.10,
Player2_Car,61.84,427.902,-24.652,339.218,20.007,-2.55,0.60,4,1100.48,
Player1_Car,61.86,439.511,-24.652,330.524,20.000,-3.14,0.60,4,1086.50,
Player2_Car,61.86,427.521,-24.652,339.340,20.007,-2.52,0.60,4,1100.87,
Player1_Car,61.88,439.146,-24.652,330.689,20.000,-3.12,0.60,4,1086.90,
Player2_Car,61.88,427.140,-24.652,339.461,20.007,-2.50,0.60,4,1101.27,
Player1_Car,61.90,438.781,-24.652,330.853,20.000,-3.10,0.60,4,1087.33,
Player2_Car,61.90,426.758,-24.652,339.580,20.007,-2.50,0.60,4,1101.67,
Player1_Car,61.92,438.416,-24.652,331.015,20.001,-3.07,0.60,4,1087.73,
Player2_Car,61.92,426.376,-24.652,339.699,20.007,-2.48,0.60,4,1102.05,
Player1_Car,61.94,438.049,-24.652,331.176,20.001,-3.04,0.60,4,1088.13,
Player2_Car,61.94,425.993,-24.652,339.817,20.007,-2.45,0.60,4,1102.45,
Player1_Car,61.96,437.682,-24.652,331.335,20.001,-3.02,0.60,4,1088.53,
Player2_Car,61.96,425.611,-24.652,339.933,20.007,-2.45,0.60,4,1102.85,
Player1_Car,61.98,437.315,-24.652,331.493,20.001,-2.99,0.60,4,1088.95,
Player2_Car,61.98,425.228,-24.652,340.049,20.007,-2.44,0.60,4,1103.25,
Player1_Car,62.00,436.947,-24.652,331.649,20.002,-2.97,0.60,4,1089.35,
Player2_Car,62.00,424.844,-24.652,340.164,20.008,-2.42,0.60,4,1103.63,
Player1_Car,62.02,436.578,-24.652,331.804,20.002,-2.95,0.60,4,1089.75,
Player2_Car,62.02,424.460,-24.652,340.277,20.008,-2.39,0.60,4,1104.03,
Player1_Car,62.04,436.209,-24.652,331.958,20.002,-2.93,0.60,4,1090.18,
Player2_Car,62.04,424.077,-24.652,340.390,20.008,-2.40,0.60,4,1104.43,
Player1_Car,62.06,435.839,-24.652,332.111,20.003,-2.90,0.60,4,1090.58,
Player2_Car,62.06,423.692,-24.652,340.501,20.008,-2.40,0.60,4,1104.83,
Player1_Car,62.08,435.468,-24.652,332.262,20.003,-2.88,0.60,4,1090.98,
Player2_Car,62.08,423.308,-24.652,340.612,20.008,-2.38,0.60,4,1105.21,
Player1_Car,62.10,435.097,-24.652,332.412,20.003,-2.87,0.60,4,1091.38,
Player2_Car,62.10,422.923,-24.652,340.722,20.008,-2.36,0.60,4,1105.61,
Player1_Car,62.12,434.726,-24.652,332.560,20.003,-2.86,0.60,4,1091.82,
Player2_Car,62.12,422.538,-24.652,340.830,20.008,-2.36,0.60,4,1106.01,
Player1_Car,62.14,434.354,-24.652,332.707,20.003,-2.84,0.60,4,1092.22,
Player2_Car,62.14,422.152,-24.652,340.938,20.008,-2.37,0.60,4,1106.41,
Player1_Car,62.16,433.981,-24.652,332.853,20.004,-2.82,0.60,4,1092.62,
Player2_Car,62.16,421.767,-24.652,341.045,20.008,-2.35,0.60,4,1106.79,
Player1_Car,62.18,433.608,-24.652,332.998,20.004,-2.81,0.60,4,1093.02,
Player2_Car,62.18,421.381,-24.652,341.151,20.008,-2.33,0.60,4,1107.19,
Player1_Car,62.20,433.235,-24.652,333.141,20.004,-2.80,0.60,4,1093.45,
Player2_Car,62.20,420.995,-24.652,341.256,20.008,-2.34,0.60,4,1107.59,
Player1_Car,62.22,432.861,-24.652,333.283,20.004,-2.79,0.60,4,1093.85,
Player2_Car,62.22,420.608,-24.652,341.359,20.009,-2.34,0.60,4,1107.99,
Player1_Car,62.24,432.487,-24.652,333.424,20.004,-2.78,0.60,4,1094.25,
Player2_Car,62.24,420.221,-24.652,341.462,20.009,-2.32,0.60,4,1108.37,
Player1_Car,62.26,432.112,-24.652,333.564,20.004,-2.78,0.60,4,1094.68,
Player2_Car,62.26,419.834,-24.652,341.564,20.009,-2.31,0.60,4,1108.77,
Player1_Car,62.28,431.736,-24.652,333.702,20.005,-2.76,0.60,4,1095.08,
Player2_Car,62.28,419.447,-24.652,341.665,20.009,-2.32,0.60,4,1109.17,
Player1_Car,62.30,431.360,-24.652,333.839,20.005,-2.75,0.60,4,1095.48,
Player2_Car,62.30,419.060,-24.652,341.766,20.009,-2.31,0.60,4,1109.56,
Player1_Car,62.32,430.984,-24.652,333.975,20.005,-2.74,0.60,4,1095.89,
Player2_Car,62.32,418.672,-24.652,341.865,20.009,-2.30,0.60,4,1109.96,
Player1_Car,62.34,430.607,-24.652,334.110,20.005,-2.73,0.60,4,1096.31,
Player2_Car,62.34,418.284,-24.652,341.963,20.009,-2.29,0.60,4,1110.36,
Player1_Car,62.36,430.230,-24.652,334.243,20.005,-2.72,0.60,4,1096.71,
Player2_Car,62.36,417.896,-24.652,342.060,20.009,-2.29,0.60,4,1110.76,
Player1_Car,62.38,429.852,-24.652,334.376,20.005,-2.70,0.60,4,1097.11,
Player2_Car,62.38,417.508,-24.652,342.157,20.009,-2.27,0.60,4,1111.15,
Player1_Car,62.40,429.474,-24.652,334.507,20.005,-2.68,0.60,4,1097.51,
Player2_Car,62.40,417.119,-24.652,342.252,20.009,-2.26,0.60,4,1111.55,
Player1_Car,62.42,429.096,-24.652,334.637,20.005,-2.67,0.60,4,1097.93,
Player2_Car,62.42,416.730,-24.652,342.347,20.009,-2.25,0.60,4,1111.95,
Player1_Car,62.44,428.717,-24.652,334.765,20.006,-2.66,0.60,4,1098.33,
Player2_Car,62.44,416.341,-24.652,342.441,20.009,-2.25,0.60,4,1112.35,
Player1_Car,62.46,428.338,-24.652,334.893,20.006,-2.64,0.60,4,1098.73,
Player2_Car,62.46,415.952,-24.652,342.534,20.009,-2.23,0.60,4,1112.74,
Player1_Car,62.48,427.958,-24.652,335.019,20.006,-2.63,0.60,4,1099.15,
Player2_Car,62.48,415.562,-24.652,342.626,20.009,-2.22,0.60,4,1113.14,
Player1_Car,62.50,427.578,-24.652,335.144,20.006,-2.60,0.60,4,1099.55,
Player2_Car,62.50,415.173,-24.652,342.717,20.009,-2.21,0.60,4,1113.54,
Player1_Car,62.52,427.198,-24.652,335.268,20.006,-2.59,0.60,4,1099.95,
Player2_Car,62.52,414.783,-24.652,342.807,20.010,-2.21,0.60,4,1113.94,
Player1_Car,62.54,426.817,-24.652,335.391,20.006,-2.58,0.60,4,1100.35,
Player2_Car,62.54,414.393,-24.652,342.896,20.010,-2.19,0.60,4,1114.32,
Player1_Car,62.56,426.436,-24.652,335.513,20.006,-2.56,0.60,4,1100.77,
Player2_Car,62.56,414.003,-24.652,342.985,20.010,-2.18,0.60,4,1114.73,
Player1_Car,62.58,426.055,-24.652,335.634,20.006,-2.54,0.60,4,1101.17,
Player2_Car,62.58,413.612,-24.652,343.073,20.010,-2.17,0.60,4,1115.13,
Player1_Car,62.60,425.673,-24.652,335.754,20.007,-2.52,0.60,4,1101.57,
Player2_Car,62.60,413.221,-24.652,343.159,20.010,-2.16,0.60,4,1115.51,
Player1_Car,62.62,425.291,-24.652,335.872,20.007,-2.51,0.60,4,1101.97,
Player2_Car,62.62,412.831,-24.652,343.246,20.010,-2.15,0.60,4,1115.91,
Player1_Car,62.64,424.908,-24.652,335.990,20.007,-2.49,0.60,4,1102.39,
Player2_Car,62.64,412.440,-24.652,343.331,20.010,-2.14,0.60,4,1116.31,
Player1_Car,62.66,424.525,-24.652,336.106,20.007,-2.48,0.60,4,1102.79,
Player2_Car,62.66,412.048,-24.652,343.415,20.010,-2.14,0.60,4,1116.71,
Player1_Car,62.68,424.142,-24.652,336.221,20.007,-2.46,0.60,4,1103.19,
Player2_Car,62.68,411.657,-24.652,343.499,20.010,-2.12,0.60,4,1117.10,
Player1_Car,62.70,423.759,-24.652,336.336,20.007,-2.45,0.60,4,1103.61,
Player2_Car,62.70,411.265,-24.652,343.582,20.010,-2.10,0.60,4,1117.50,
Player1_Car,62.72,423.375,-24.652,336.449,20.007,-2.43,0.60,4,1104.01,
Player2_Car,62.72,410.874,-24.652,343.664,20.010,-2.11,0.60,4,1117.90,
Player1_Car,62.74,422.991,-24.652,336.561,20.007,-2.42,0.60,4,1104.41,
Player2_Car,62.74,410.482,-24.652,343.745,20.010,-2.11,0.60,4,1118.30,
Player1_Car,62.76,422.606,-24.652,336.673,20.008,-2.41,0.60,4,1104.81,
Player2_Car,62.76,410.090,-24.652,343.825,20.010,-2.09,0.60,4,1118.68,
Player1_Car,62.78,422.222,-24.652,336.783,20.008,-2.41,0.60,4,1105.24,
Player2_Car,62.78,409.698,-24.652,343.905,20.010,-2.08,0.60,4,1119.08,
Player1_Car,62.80,421.837,-24.652,336.892,20.008,-2.39,0.60,4,1105.64,
Player2_Car,62.80,409.305,-24.652,343.984,20.011,-2.09,0.60,4,1119.48,
Player1_Car,62.82,421.452,-24.652,337.001,20.008,-2.38,0.60,4,1106.04,
Player2_Car,62.82,408.913,-24.652,344.062,20.011,-2.09,0.60,4,1119.88,
Player1_Car,62.84,421.066,-24.652,337.108,20.008,-2.38,0.60,4,1106.44,
Player2_Car,62.84,408.520,-24.652,344.140,20.011,-2.08,0.60,4,1120.26,
Player1_Car,62.86,420.680,-24.652,337.214,20.008,-2.37,0.60,4,1106.86,
Player2_Car,62.86,408.127,-24.652,344.216,20.011,-2.07,0.60,4,1120.66,
Player1_Car,62.88,420.294,-24.652,337.320,20.008,-2.36,0.60,4,1107.26,
Player2_Car,62.88,407.734,-24.652,344.292,20.011,-2.08,0.60,4,1121.06,
Player1_Car,62.90,419.908,-24.652,337.424,20.008,-2.36,0.60,4,1107.67,
Player2_Car,62.90,407.341,-24.652,344.367,20.011,-2.08,0.60,4,1121.46,
Player1_Car,62.92,419.521,-24.652,337.527,20.008,-2.36,0.60,4,1108.09,
Player2_Car,62.92,406.948,-24.652,344.441,20.011,-2.07,0.60,4,1121.85,
Player1_Car,62.94,419.135,-24.652,337.630,20.008,-2.35,0.60,4,1108.49,
Player2_Car,62.94,406.555,-24.652,344.515,20.011,-2.06,0.60,4,1122.25,
Player1_Car,62.96,418.748,-24.652,337.731,20.008,-2.34,0.60,4,1108.89,
Player2_Car,62.96,406.161,-24.652,344.588,20.011,-2.06,0.60,4,1122.65,
Player1_Car,62.98,418.360,-24.652,337.832,20.009,-2.34,0.60,4,1109.29,
Player2_Car,62.98,405.767,-24.652,344.660,20.011,-2.06,0.60,4,1123.04,
Player1_Car,63.00,417.973,-24.652,337.932,20.009,-2.33,0.60,4,1109.70,
Player2_Car,63.00,405.374,-24.652,344.731,20.011,-2.05,0.60,4,1123.44,
Player1_Car,63.02,417.585,-24.652,338.030,20.009,-2.32,0.60,4,1110.10,
Player2_Car,63.02,404.980,-24.652,344.802,20.011,-2.05,0.60,4,1123.84,
Player1_Car,63.04,417.197,-24.652,338.128,20.009,-2.31,0.60,4,1110.50,
Player2_Car,63.04,404.586,-24.652,344.872,20.011,-2.05,0.60,4,1124.24,
Player1_Car,63.06,416.808,-24.652,338.225,20.009,-2.30,0.60,4,1110.90,
Player2_Car,63.06,404.191,-24.652,344.941,20.011,-2.04,0.60,4,1124.63,
Player1_Car,63.08,416.420,-24.652,338.321,20.009,-2.29,0.60,4,1111.32,
Player2_Car,63.08,403.797,-24.652,345.009,20.011,-2.02,0.60,4,1125.03,
Player1_Car,63.10,416.031,-24.652,338.416,20.009,-2.28,0.60,4,1111.72,
Player2_Car,63.10,403.402,-24.652,345.077,20.011,-2.02,0.60,4,1125.43,
Player1_Car,63.12,415.642,-24.652,338.510,20.009,-2.27,0.60,4,1112.12,
Player2_Car,63.12,403.008,-24.652,345.144,20.011,-2.02,0.60,4,1125.83,
Player1_Car,63.14,415.253,-24.652,338.603,20.009,-2.26,0.60,4,1112.53,
Player2_Car,63.14,402.613,-24.652,345.210,20.011,-2.01,0.60,4,1126.22,
Player1_Car,63.16,414.864,-24.652,338.695,20.009,-2.24,0.60,4,1112.93,
Player2_Car,63.16,402.218,-24.652,345.275,20.011,-2.00,0.60,4,1126.62,
Player1_Car,63.18,414.474,-24.652,338.786,20.009,-2.23,0.60,4,1113.33,
Player2_Car,63.18,401.823,-24.652,345.340,20.011,-1.99,0.60,4,1127.02,
Player1_Car,63.20,414.084,-24.652,338.877,20.009,-2.23,0.60,4,1113.73,
Player2_Car,63.20,401.428,-24.652,345.404,20.011,-1.99,0.60,4,1127.42,
Player1_Car,63.22,413.694,-24.652,338.966,20.009,-2.22,0.60,4,1114.15,
Player2_Car,63.22,401.033,-24.652,345.467,20.011,-1.98,0.60,4,1127.81,
Player1_Car,63.24,413.304,-24.652,339.055,20.009,-2.20,0.60,4,1114.55,
Player2_Car,63.24,400.638,-24.652,345.530,20.011,-1.97,0.60,4,1128.21,
Player1_Car,63.26,412.914,-24.652,339.143,20.010,-2.19,0.60,4,1114.95,
Player2_Car,63.26,400.242,-24.652,345.592,20.012,-1.97,0.60,4,1128.61,
Player1_Car,63.28,412.523,-24.652,339.230,20.010,-2.18,0.60,4,1115.35,
Player2_Car,63.28,399.847,-24.652,345.653,20.012,-1.96,0.60,4,1129.00,
Player1_Car,63.30,412.132,-24.652,339.316,20.010,-2.17,0.60,4,1115.76,
Player2_Car,63.30,399.451,-24.652,345.714,20.012,-1.95,0.60,4,1129.40,
Player1_Car,63.32,411.741,-24.652,339.401,20.010,-2.16,0.60,4,1116.16,
Player2_Car,63.32,399.056,-24.652,345.774,20.012,-1.94,0.60,4,1129.80,
Player1_Car,63.34,411.350,-24.652,339.486,20.010,-2.15,0.60,4,1116.56,
Player2_Car,63.34,398.660,-24.652,345.833,20.012,-1.94,0.60,4,1130.20,
Player1_Car,63.36,410.959,-24.652,339.570,20.010,-2.14,0.60,4,1116.96,
Player2_Car,63.36,398.264,-24.652,345.892,20.012,-1.93,0.60,4,1130.59,
Player1_Car,63.38,410.567,-24.652,339.653,20.010,-2.13,0.60,4,1117.38,
Player2_Car,63.38,397.868,-24.652,345.950,20.012,-1.92,0.60,4,1130.99,
Player1_Car,63.40,410.175,-24.652,339.735,20.010,-2.12,0.60,4,1117.78,
Player2_Car,63.40,397.472,-24.652,346.007,20.012,-1.92,0.60,4,1131.39,
Player1_Car,63.42,409.783,-24.652,339.816,20.010,-2.12,0.60,4,1118.18,
Player2_Car,63.42,397.076,-24.652,346.064,20.012,-1.92,0.60,4,1131.79,
Player1_Car,63.44,409.391,-24.652,339.896,20.010,-2.12,0.60,4,1118.60,
Player2_Car,63.44,396.679,-24.652,346.120,20.012,-1.91,0.60,4,1132.17,
Player1_Car,63.46,408.999,-24.652,339.976,20.010,-2.10,0.60,4,1119.00,
Player2_Car,63.46,396.283,-24.652,346.175,20.012,-1.90,0.60,4,1132.57,
Player1_Car,63.48,408.607,-24.652,340.055,20.010,-2.10,0.60,4,1119.40,
Player2_Car,63.48,395.886,-24.652,346.230,20.012,-1.91,0.60,4,1132.97,
Player1_Car,63.50,408.214,-24.652,340.133,20.011,-2.10,0.60,4,1119.80,
Player2_Car,63.50,395.490,-24.652,346.284,20.012,-1.91,0.60,4,1133.37,
Player1_Car,63.52,407.822,-24.652,340.211,20.011,-2.10,0.60,4,1120.22,
Player2_Car,63.52,395.093,-24.652,346.338,20.012,-1.90,0.60,4,1133.76,
Player1_Car,63.54,407.429,-24.652,340.287,20.011,-2.09,0.60,4,1120.63,
Player2_Car,63.54,394.696,-24.652,346.390,20.012,-1.90,0.60,4,1134.16,
Player1_Car,63.56,407.036,-24.652,340.363,20.011,-2.09,0.60,4,1121.03,
Player2_Car,63.56,394.300,-24.652,346.443,20.012,-1.91,0.60,4,1134.56,
Player1_Car,63.58,406.643,-24.652,340.438,20.011,-2.09,0.60,4,1121.43,
Player2_Car,63.58,393.903,-24.652,346.494,20.012,-1.91,0.60,4,1134.96,
Player1_Car,63.60,406.250,-24.652,340.512,20.011,-2.08,0.60,4,1121.84,
Player2_Car,63.60,393.506,-24.652,346.545,20.012,-1.90,0.60,4,1135.35,
Player1_Car,63.62,405.856,-24.652,340.586,20.011,-2.08,0.60,4,1122.24,
Player2_Car,63.62,393.109,-24.652,346.595,20.012,-1.90,0.60,4,1135.75,
Player1_Car,63.64,405.463,-24.652,340.658,20.011,-2.08,0.60,4,1122.64,
Player2_Car,63.64,392.711,-24.652,346.645,20.012,-1.90,0.60,4,1136.15,
Player1_Car,63.66,405.069,-24.652,340.730,20.011,-2.08,0.60,4,1123.05,
Player2_Car,63.66,392.314,-24.652,346.694,20.012,-1.90,0.60,4,1136.54,
Player1_Car,63.68,404.675,-24.652,340.802,20.011,-2.06,0.60,4,1123.45,
Player2_Car,63.68,391.917,-24.652,346.742,20.012,-1.89,0.60,4,1136.94,
Player1_Car,63.70,404.281,-24.652,340.872,20.011,-2.06,0.60,4,1123.85,
Player2_Car,63.70,391.519,-24.652,346.790,20.012,-1.89,0.60,4,1137.34,
Player1_Car,63.72,403.887,-24.652,340.942,20.011,-2.06,0.60,4,1124.25,
Player2_Car,63.72,391.122,-24.652,346.837,20.012,-1.89,0.60,4,1137.74,
Player1_Car,63.74,403.493,-24.652,341.011,20.011,-2.05,0.60,4,1124.67,
Player2_Car,63.74,390.725,-24.652,346.884,20.012,-1.89,0.60,4,1138.13,
Player1_Car,63.76,403.098,-24.652,341.079,20.011,-2.04,0.60,4,1125.07,
Player2_Car,63.76,390.327,-24.652,346.930,20.012,-1.88,0.60,4,1138.53,
Player1_Car,63.78,402.704,-24.652,341.146,20.011,-2.03,0.60,4,1125.47,
Player2_Car,63.78,389.929,-24.652,346.975,20.012,-1.88,0.60,4,1138.93,
Player1_Car,63.80,402.309,-24.652,341.213,20.011,-2.03,0.60,4,1125.87,
Player2_Car,63.80,389.531,-24.652,347.020,20.012,-1.88,0.60,4,1139.33,
Player1_Car,63.82,401.915,-24.652,341.279,20.011,-2.02,0.60,4,1126.28,
Player2_Car,63.82,389.134,-24.652,347.064,20.013,-1.87,0.60,4,1139.72,
Player1_Car,63.84,401.520,-24.652,341.344,20.011,-2.01,0.60,4,1126.68,
Player2_Car,63.84,388.736,-24.652,347.107,20.013,-1.86,0.60,4,1140.12,
Player1_Car,63.86,401.125,-24.652,341.409,20.011,-2.01,0.60,4,1127.08,
Player2_Car,63.86,388.338,-24.652,347.150,20.013,-1.86,0.60,4,1140.52,
Player1_Car,63.88,400.730,-24.652,341.473,20.011,-2.00,0.60,4,1127.48,
Player2_Car,63.88,387.940,-24.652,347.192,20.013,-1.85,0.60,4,1140.92,
Player1_Car,63.90,400.334,-24.652,341.536,20.011,-1.99,0.60,4,1127.89,
Player2_Car,63.90,387.542,-24.652,347.234,20.013,-1.84,0.60,4,1141.31,
Player1_Car,63.92,399.939,-24.652,341.598,20.011,-1.98,0.60,4,1128.29,
Player2_Car,63.92,387.144,-24.652,347.275,20.013,-1.84,0.60,4,1141.72,
Player1_Car,63.94,399.544,-24.652,341.660,20.011,-1.98,0.60,4,1128.69,
Player2_Car,63.94,386.745,-24.652,347.315,20.013,-1.84,0.60,4,1142.12,
Player1_Car,63.96,399.148,-24.652,341.721,20.012,-1.97,0.60,4,1129.10,
Player2_Car,63.96,386.347,-24.652,347.355,20.013,-1.83,0.60,4,1142.51,
Player1_Car,63.98,398.752,-24.652,341.781,20.012,-1.96,0.60,4,1129.50,
Player2_Car,63.98,385.949,-24.652,347.395,20.013,-1.82,0.60,4,1142.91,
Player1_Car,64.00,398.357,-24.652,341.841,20.012,-1.95,0.60,4,1129.90,
Player2_Car,64.00,385.550,-24.652,347.433,20.013,-1.81,0.60,4,1143.31,
Player1_Car,64.02,397.961,-24.652,341.900,20.012,-1.95,0.60,4,1130.30,
Player2_Car,64.02,385.152,-24.652,347.471,20.013,-1.81,0.60,4,1143.71,
Player1_Car,64.04,397.565,-24.652,341.958,20.012,-1.94,0.60,4,1130.72,
Player2_Car,64.04,384.754,-24.652,347.509,20.013,-1.80,0.60,4,1144.09,
Player1_Car,64.06,397.169,-24.652,342.016,20.012,-1.93,0.60,4,1131.12,
Player2_Car,64.06,384.355,-24.652,347.546,20.013,-1.79,0.60,4,1144.49,
Player1_Car,64.08,396.773,-24.652,342.073,20.012,-1.93,0.60,4,1131.52,
Player2_Car,64.08,383.956,-24.652,347.583,20.013,-1.79,0.60,4,1144.90,
Player1_Car,64.10,396.376,-24.652,342.130,20.012,-1.93,0.60,4,1131.92,
Player2_Car,64.10,383.558,-24.652,347.618,20.013,-1.79,0.60,4,1145.30,
Player1_Car,64.12,395.980,-24.652,342.185,20.012,-1.92,0.60,4,1132.34,
Player2_Car,64.12,383.159,-24.652,347.654,20.013,-1.78,0.60,4,1145.68,
Player1_Car,64.14,395.584,-24.652,342.240,20.012,-1.92,0.60,4,1132.74,
Player2_Car,64.14,382.760,-24.652,347.689,20.013,-1.77,0.60,4,1146.08,
Player1_Car,64.16,395.187,-24.652,342.295,20.012,-1.92,0.60,4,1133.14,
Player2_Car,64.16,382.362,-24.652,347.723,20.013,-1.77,0.60,4,1146.48,
Player1_Car,64.18,394.791,-24.652,342.348,20.012,-1.92,0.60,4,1133.55,
Player2_Car,64.18,381.963,-24.652,347.757,20.013,-1.77,0.60,4,1146.88,
Player1_Car,64.20,394.394,-24.652,342.402,20.012,-1.91,0.60,4,1133.95,
Player2_Car,64.20,381.564,-24.652,347.790,20.013,-1.75,0.60,4,1147.27,
Player1_Car,64.22,393.997,-24.652,342.454,20.012,-1.91,0.60,4,1134.35,
Player2_Car,64.22,381.165,-24.652,347.823,20.013,-1.75,0.60,4,1147.67,
Player1_Car,64.24,393.600,-24.652,342.506,20.012,-1.92,0.60,4,1134.75,
Player2_Car,64.24,380.766,-24.652,347.855,20.013,-1.75,0.60,4,1148.07,
Player1_Car,64.26,393.203,-24.652,342.557,20.012,-1.92,0.60,4,1135.17,
Player2_Car,64.26,380.367,-24.652,347.887,20.013,-1.74,0.60,4,1148.47,
Player1_Car,64.28,392.806,-24.652,342.608,20.012,-1.91,0.60,4,1135.57,
Player2_Car,64.28,379.968,-24.652,347.918,20.013,-1.73,0.60,4,1148.86,
Player1_Car,64.30,392.409,-24.652,342.657,20.012,-1.91,0.60,4,1135.97,
Player2_Car,64.30,379.569,-24.652,347.948,20.013,-1.72,0.60,4,1149.26,
Player1_Car,64.32,392.012,-24.652,342.707,20.012,-1.91,0.60,4,1136.37,
Player2_Car,64.32,379.170,-24.652,347.979,20.013,-1.72,0.60,4,1149.66,
Player1_Car,64.34,391.615,-24.652,342.755,20.012,-1.91,0.60,4,1136.78,
Player2_Car,64.34,378.770,-24.652,348.008,20.014,-1.71,0.60,4,1150.05,
Player1_Car,64.36,391.217,-24.652,342.803,20.012,-1.90,0.60,4,1137.18,
Player2_Car,64.36,378.371,-24.652,348.037,20.014,-1.70,0.60,4,1150.45,
Player1_Car,64.38,390.820,-24.652,342.851,20.012,-1.90,0.60,4,1137.58,
Player2_Car,64.38,377.972,-24.652,348.066,20.014,-1.69,0.60,4,1150.85,
Player1_Car,64.40,390.422,-24.652,342.897,20.012,-1.90,0.60,4,1137.99,
Player2_Car,64.40,377.573,-24.652,348.094,20.014,-1.69,0.60,4,1151.26,
Player1_Car,64.42,390.025,-24.652,342.943,20.012,-1.89,0.60,4,1138.39,
Player2_Car,64.42,377.173,-24.652,348.122,20.014,-1.68,0.60,4,1151.65,
Player1_Car,64.44,389.627,-24.652,342.989,20.012,-1.89,0.60,4,1138.79,
Player2_Car,64.44,376.774,-24.652,348.149,20.014,-1.66,0.60,4,1152.05,
Player1_Car,64.46,389.229,-24.652,343.034,20.012,-1.88,0.60,4,1139.19,
Player2_Car,64.46,376.375,-24.652,348.176,20.014,-1.66,0.60,4,1152.45,
Player1_Car,64.48,388.832,-24.652,343.078,20.012,-1.88,0.60,4,1139.60,
Player2_Car,64.48,375.975,-24.652,348.203,20.014,-1.65,0.60,4,1152.85,
Player1_Car,64.50,388.434,-24.652,343.121,20.012,-1.87,0.60,4,1140.00,
Player2_Car,64.50,375.576,-24.652,348.229,20.014,-1.64,0.60,4,1153.24,
Player1_Car,64.52,388.036,-24.652,343.164,20.012,-1.87,0.60,4,1140.40,
Player2_Car,64.52,375.176,-24.652,348.254,20.014,-1.63,0.60,4,1153.64,
Player1_Car,64.54,387.638,-24.652,343.207,20.012,-1.86,0.60,4,1140.80,
Player2_Car,64.54,374.777,-24.652,348.279,20.014,-1.62,0.60,4,1154.04,
Player1_Car,64.56,387.240,-24.652,343.248,20.013,-1.86,0.60,4,1141.21,
Player2_Car,64.56,374.377,-24.652,348.304,20.014,-1.61,0.60,4,1154.44,
Player1_Car,64.58,386.842,-24.652,343.290,20.013,-1.85,0.60,4,1141.61,
Player2_Car,64.58,373.978,-24.652,348.328,20.014,-1.60,0.60,4,1154.83,
Player1_Car,64.60,386.443,-24.652,343.330,20.013,-1.84,0.60,4,1142.01,
Player2_Car,64.60,373.578,-24.652,348.352,20.014,-1.58,0.60,4,1155.23,
Player1_Car,64.62,386.045,-24.652,343.370,20.013,-1.84,0.60,4,1142.41,
Player2_Car,64.62,373.179,-24.652,348.376,20.014,-1.57,0.60,4,1155.63,
Player1_Car,64.64,385.647,-24.652,343.410,20.013,-1.83,0.60,4,1142.82,
Player2_Car,64.64,372.779,-24.652,348.399,20.015,-1.55,0.60,4,1156.03,
Player1_Car,64.66,385.248,-24.652,343.448,20.013,-1.83,0.60,4,1143.22,
Player2_Car,64.66,372.379,-24.652,348.421,20.015,-1.54,0.60,4,1156.43,
Player1_Car,64.68,384.850,-24.652,343.487,20.013,-1.82,0.60,4,1143.62,
Player2_Car,64.68,371.980,-24.652,348.444,20.015,-1.52,0.60,4,1156.83,
Player1_Car,64.70,384.451,-24.652,343.524,20.013,-1.82,0.60,4,1144.03,
Player2_Car,64.70,371.580,-24.652,348.466,20.015,-1.50,0.60,4,1157.23,
Player1_Car,64.72,384.053,-24.652,343.561,20.013,-1.81,0.60,4,1144.43,
Player2_Car,64.72,371.180,-24.652,348.488,20.015,-1.48,0.60,4,1157.62,
Player1_Car,64.74,383.654,-24.652,343.598,20.013,-1.80,0.60,4,1144.83,
Player2_Car,64.74,370.781,-24.652,348.509,20.015,-1.47,0.60,4,1158.02,
Player1_Car,64.76,383.256,-24.652,343.634,20.013,-1.80,0.60,4,1145.24,
Player2_Car,64.76,370.381,-24.652,348.530,20.015,-1.45,0.60,4,1158.42,
Player1_Car,64.78,382.857,-24.652,343.669,20.013,-1.79,0.60,4,1145.65,
Player2_Car,64.78,369.981,-24.652,348.551,20.015,-1.43,0.60,4,1158.82,
Player1_Car,64.80,382.458,-24.652,343.704,20.013,-1.78,0.60,4,1146.05,
Player2_Car,64.80,369.581,-24.652,348.571,20.016,-1.41,0.60,4,1159.21,
Player1_Car,64.82,382.059,-24.652,343.738,20.013,-1.78,0.60,4,1146.45,
Player2_Car,64.82,369.182,-24.652,348.592,20.016,-1.40,0.60,4,1159.61,
Player1_Car,64.84,381.661,-24.652,343.772,20.013,-1.77,0.60,4,1146.85,
Player2_Car,64.84,368.782,-24.652,348.612,20.016,-1.38,0.60,4,1160.01,
Player1_Car,64.86,381.262,-24.652,343.805,20.013,-1.77,0.60,4,1147.26,
Player2_Car,64.86,368.382,-24.652,348.632,20.016,-1.36,0.60,4,1160.42,
Player1_Car,64.88,380.863,-24.652,343.838,20.013,-1.76,0.60,4,1147.66,
Player2_Car,64.88,367.982,-24.652,348.651,20.016,-1.34,0.60,4,1160.81,
Player1_Car,64.90,380.464,-24.652,343.870,20.013,-1.75,0.60,4,1148.06,
Player2_Car,64.90,367.582,-24.652,348.671,20.016,-1.33,0.60,4,1161.21,
Player1_Car,64.92,380.065,-24.652,343.902,20.013,-1.75,0.60,4,1148.48,
Player2_Car,64.92,367.183,-24.652,348.690,20.016,-1.31,0.60,4,1161.61,
Player1_Car,64.94,379.666,-24.652,343.933,20.013,-1.74,0.60,4,1148.88,
Player2_Car,64.94,366.783,-24.652,348.709,20.016,-1.29,0.60,4,1162.00,
Player1_Car,64.96,379.267,-24.652,343.963,20.013,-1.73,0.60,4,1149.28,
Player2_Car,64.96,366.383,-24.652,348.728,20.017,-1.27,0.60,4,1162.40,
Player1_Car,64.98,378.868,-24.652,343.994,20.013,-1.73,0.60,4,1149.68,
Player2_Car,64.98,365.983,-24.652,348.747,20.017,-1.25,0.60,4,1162.80,
Player1_Car,65.00,378.468,-24.652,344.023,20.013,-1.72,0.60,4,1150.08,
Player2_Car,65.00,365.583,-24.652,348.765,20.017,-1.23,0.60,4,1163.20,
Player1_Car,65.02,378.069,-24.652,344.052,20.014,-1.71,0.60,4,1150.49,
Player2_Car,65.02,365.183,-24.652,348.784,20.017,-1.22,0.60,4,1163.60,
Player1_Car,65.04,377.670,-24.652,344.081,20.014,-1.70,0.60,4,1150.89,
Player2_Car,65.04,364.783,-24.652,348.802,20.017,-1.20,0.60,4,1164.00,
Player1_Car,65.06,377.271,-24.652,344.109,20.014,-1.69,0.60,4,1151.29,
Player2_Car,65.06,364.383,-24.652,348.820,20.017,-1.18,0.60,4,1164.40,
Player1_Car,65.08,376.871,-24.652,344.137,20.014,-1.68,0.60,4,1151.69,
Player2_Car,65.08,363.984,-24.652,348.839,20.017,-1.16,0.60,4,1164.80,
Player1_Car,65.10,376.472,-24.652,344.164,20.014,-1.67,0.60,4,1152.09,
Player2_Car,65.10,363.584,-24.652,348.857,20.017,-1.14,0.60,4,1165.20,
Player1_Car,65.12,376.073,-24.652,344.191,20.014,-1.66,0.60,4,1152.50,
Player2_Car,65.12,363.184,-24.652,348.875,20.017,-1.12,0.60,4,1165.60,
Player1_Car,65.14,375.673,-24.652,344.217,20.014,-1.65,0.60,4,1152.90,
Player2_Car,65.14,362.784,-24.652,348.893,20.017,-1.09,0.60,4,1166.00,
Player1_Car,65.16,375.274,-24.652,344.243,20.014,-1.64,0.60,4,1153.30,
Player2_Car,65.16,362.384,-24.652,348.911,20.018,-1.06,0.60,4,1166.40,
Player1_Car,65.18,374.874,-24.652,344.268,20.014,-1.63,0.60,4,1153.70,
Player2_Car,65.18,361.984,-24.652,348.929,20.018,-1.04,0.60,4,1166.80,
Player1_Car,65.20,374.475,-24.652,344.293,20.014,-1.62,0.60,4,1154.10,
Player2_Car,65.20,361.584,-24.652,348.947,20.018,-0.98,0.60,4,1167.20,
Player1_Car,65.22,374.075,-24.652,344.318,20.014,-1.61,0.60,4,1154.51,
Player2_Car,65.22,361.184,-24.652,348.966,20.018,-0.92,0.60,4,1167.60,
Player1_Car,65.24,373.676,-24.652,344.342,20.014,-1.60,0.60,4,1154.91,
Player2_Car,65.24,360.784,-24.652,348.984,20.018,-0.85,0.60,4,1168.00,
Player1_Car,65.26,373.276,-24.652,344.366,20.014,-1.58,0.60,4,1155.31,
Player2_Car,65.26,360.384,-24.652,349.002,20.018,-0.79,0.60,4,1168.40,
Player1_Car,65.28,372.877,-24.652,344.389,20.014,-1.57,0.60,4,1155.71,
Player2_Car,65.28,359.984,-24.652,349.021,20.019,-0.70,0.60,4,1168.80,
Player1_Car,65.30,372.477,-24.652,344.412,20.014,-1.55,0.60,4,1156.12,
Player2_Car,65.30,359.584,-24.652,349.039,20.019,-0.61,0.60,4,1169.20,
Player1_Car,65.32,372.077,-24.652,344.435,20.014,-1.54,0.60,4,1156.52,
Player2_Car,65.32,359.184,-24.652,349.058,20.019,-0.53,0.60,4,1169.61,
Player1_Car,65.34,371.678,-24.652,344.457,20.015,-1.52,0.60,4,1156.92,
Player2_Car,65.34,358.785,-24.652,349.077,20.020,-0.44,0.60,4,1170.01,
Player1_Car,65.36,371.278,-24.652,344.479,20.015,-1.50,0.60,4,1157.32,
Player2_Car,65.36,358.385,-24.652,349.096,20.020,-0.33,0.60,4,1170.41,
Player1_Car,65.38,370.878,-24.652,344.500,20.015,-1.48,0.60,4,1157.73,
Player2_Car,65.38,357.985,-24.652,349.115,20.021,-0.22,0.60,4,1170.81,
Player1_Car,65.40,370.479,-24.652,344.522,20.015,-1.47,0.60,4,1158.13,
Player2_Car,65.40,357.585,-24.652,349.135,20.021,-0.11,0.60,4,1171.21,
Player1_Car,65.42,370.079,-24.652,344.543,20.015,-1.45,0.60,4,1158.53,
Player2_Car,65.42,357.185,-24.652,349.154,20.021,0.00,0.60,4,1171.61,
Player1_Car,65.44,369.679,-24.652,344.563,20.015,-1.43,0.60,4,1158.93,
Player2_Car,65.44,356.785,-24.652,349.174,20.022,0.13,0.60,4,1172.02,
Player1_Car,65.46,369.279,-24.652,344.584,20.015,-1.41,0.60,4,1159.34,
Player2_Car,65.46,356.385,-24.652,349.194,20.022,0.25,0.60,4,1172.42,
Player1_Car,65.48,368.880,-24.652,344.604,20.015,-1.39,0.60,4,1159.74,
Player2_Car,65.48,355.985,-24.652,349.215,20.023,0.37,0.60,4,1172.82,
Player1_Car,65.50,368.480,-24.652,344.624,20.015,-1.37,0.60,4,1160.14,
Player2_Car,65.50,355.585,-24.652,349.236,20.023,0.51,0.60,4,1173.22,
Player1_Car,65.52,368.080,-24.652,344.643,20.015,-1.35,0.60,4,1160.55,
Player2_Car,65.52,355.185,-24.652,349.257,20.023,0.66,0.60,4,1173.62,
Player1_Car,65.54,367.680,-24.652,344.663,20.016,-1.34,0.60,4,1160.95,
Player2_Car,65.54,354.785,-24.652,349.278,20.023,0.80,0.60,4,1174.03,
Player1_Car,65.56,367.280,-24.652,344.682,20.016,-1.32,0.60,4,1161.35,
Player2_Car,65.56,354.385,-24.652,349.299,20.023,0.94,0.60,4,1174.43,
Player1_Car,65.58,366.880,-24.652,344.701,20.016,-1.30,0.60,4,1161.75,
Player2_Car,65.58,353.986,-24.652,349.321,20.023,1.10,0.60,4,1174.83,
Player1_Car,65.60,366.480,-24.652,344.720,20.016,-1.28,0.60,4,1162.15,
Player2_Car,65.60,353.586,-24.652,349.344,20.023,1.26,0.60,4,1175.23,
Player1_Car,65.62,366.081,-24.652,344.739,20.016,-1.26,0.60,4,1162.55,
Player2_Car,65.62,353.186,-24.652,349.366,20.022,1.41,0.60,4,1175.64,
Player1_Car,65.64,365.681,-24.652,344.758,20.016,-1.24,0.60,4,1162.95,
Player2_Car,65.64,352.786,-24.652,349.389,20.022,1.48,0.60,4,1176.04,
Player1_Car,65.66,365.281,-24.652,344.776,20.016,-1.22,0.60,4,1163.35,
Player2_Car,65.66,352.386,-24.652,349.412,20.021,1.53,0.60,4,1176.44,
Player1_Car,65.68,364.881,-24.652,344.795,20.016,-1.20,0.60,4,1163.76,
Player2_Car,65.68,351.987,-24.652,349.436,20.020,1.60,0.60,4,1176.84,
Player1_Car,65.70,364.481,-24.652,344.813,20.017,-1.18,0.60,4,1164.16,
Player2_Car,65.70,351.587,-24.652,349.460,20.020,1.67,0.60,4,1177.25,
Player1_Car,65.72,364.081,-24.652,344.831,20.017,-1.16,0.60,4,1164.56,
Player2_Car,65.72,351.187,-24.652,349.484,20.019,1.75,0.60,4,1177.65,
Player1_Car,65.74,363.681,-24.652,344.849,20.018,-1.14,0.60,4,1164.96,
Player2_Car,65.74,350.788,-24.652,349.509,20.019,1.83,0.60,4,1178.05,
Player1_Car,65.76,363.281,-24.652,344.868,20.018,-1.13,0.60,4,1165.36,
Player2_Car,65.76,350.388,-24.652,349.534,20.018,1.90,0.60,4,1178.46,
Player1_Car,65.78,362.881,-24.652,344.886,20.019,-1.10,0.60,4,1165.76,
Player2_Car,65.78,349.989,-24.652,349.560,20.017,1.94,0.60,4,1178.86,
Player1_Car,65.80,362.481,-24.652,344.904,20.019,-1.07,0.60,4,1166.16,
Player2_Car,65.80,349.589,-24.652,349.587,20.017,2.01,0.60,4,1179.26,
Player1_Car,65.82,362.081,-24.652,344.922,20.019,-1.05,0.60,4,1166.57,
Player2_Car,65.82,349.190,-24.652,349.614,20.016,2.09,0.60,4,1179.66,
Player1_Car,65.84,361.682,-24.652,344.940,20.019,-1.02,0.60,4,1166.97,
Player2_Car,65.84,348.790,-24.652,349.642,20.016,2.14,0.60,4,1180.09,
Player1_Car,65.86,361.282,-24.652,344.958,20.019,-0.95,0.60,4,1167.37,
Player2_Car,65.86,348.391,-24.652,349.671,20.015,2.18,0.60,4,1180.49,
Player1_Car,65.88,360.882,-24.652,344.976,20.019,-0.88,0.60,4,1167.77,
Player2_Car,65.88,347.992,-24.652,349.701,20.014,2.24,0.60,4,1180.89,
Player1_Car,65.90,360.482,-24.652,344.995,20.019,-0.82,0.60,4,1168.16,
Player2_Car,65.90,347.593,-24.652,349.731,20.014,2.30,0.60,4,1181.29,
Player1_Car,65.92,360.082,-24.652,345.013,20.019,-0.74,0.60,4,1168.56,
Player2_Car,65.92,347.194,-24.652,349.763,20.013,2.35,0.60,4,1181.71,
Player1_Car,65.94,359.682,-24.652,345.031,20.019,-0.66,0.60,4,1168.97,
Player2_Car,65.94,346.795,-24.652,349.795,20.013,2.39,0.60,4,1182.11,
Player1_Car,65.96,359.282,-24.652,345.050,20.019,-0.57,0.60,4,1169.37,
Player2_Car,65.96,346.396,-24.652,349.829,20.012,2.45,0.60,4,1182.51,
Player1_Car,65.98,358.882,-24.652,345.069,20.020,-0.48,0.60,4,1169.76,
Player2_Car,65.98,345.997,-24.652,349.863,20.012,2.49,0.60,4,1182.91,
Player1_Car,66.00,358.482,-24.652,345.088,20.020,-0.38,0.60,4,1170.16,
Player2_Car,66.00,345.599,-24.652,349.899,20.011,2.52,0.60,4,1183.33,
Player1_Car,66.02,358.082,-24.652,345.107,20.021,-0.28,0.60,4,1170.56,
Player2_Car,66.02,345.200,-24.652,349.935,20.011,2.57,0.60,4,1183.73,
Player1_Car,66.04,357.682,-24.652,345.127,20.021,-0.17,0.60,4,1170.96,
Player2_Car,66.04,344.802,-24.652,349.973,20.010,2.62,0.60,4,1184.13,
Player1_Car,66.06,357.282,-24.652,345.146,20.021,-0.07,0.60,4,1171.36,
Player2_Car,66.06,344.403,-24.652,350.012,20.010,2.65,0.60,4,1184.55,
Player1_Car,66.08,356.882,-24.652,345.166,20.022,0.06,0.60,4,1171.76,
Player2_Car,66.08,344.005,-24.652,350.052,20.010,2.68,0.60,4,1184.95,
Player1_Car,66.10,356.482,-24.652,345.186,20.022,0.18,0.60,4,1172.16,
Player2_Car,66.10,343.607,-24.652,350.093,20.009,2.73,0.60,4,1185.35,
Player1_Car,66.12,356.082,-24.652,345.206,20.023,0.30,0.60,4,1172.56,
Player2_Car,66.12,343.209,-24.652,350.136,20.009,2.78,0.60,4,1185.75,
Player1_Car,66.14,355.683,-24.652,345.227,20.023,0.43,0.60,4,1172.96,
Player2_Car,66.14,342.812,-24.652,350.179,20.008,2.81,0.60,4,1186.17,
Player1_Car,66.16,355.283,-24.652,345.248,20.023,0.57,0.60,4,1173.36,
Player2_Car,66.16,342.414,-24.652,350.225,20.008,2.85,0.60,4,1186.57,
Player1_Car,66.18,354.883,-24.652,345.269,20.023,0.71,0.60,4,1173.76,
Player2_Car,66.18,342.016,-24.652,350.271,20.007,2.91,0.60,4,1186.97,
Player1_Car,66.20,354.483,-24.652,345.290,20.023,0.85,0.60,4,1174.15,
Player2_Car,66.20,341.619,-24.652,350.319,20.007,2.95,0.60,4,1187.37,
Player1_Car,66.22,354.083,-24.652,345.312,20.023,0.99,0.60,4,1174.55,
Player2_Car,66.22,341.222,-24.652,350.368,20.007,2.97,0.60,4,1187.80,
Player1_Car,66.24,353.683,-24.652,345.334,20.023,1.15,0.60,4,1174.95,
Player2_Car,66.24,340.825,-24.652,350.419,20.006,3.03,0.60,4,1188.20,
Player1_Car,66.26,353.283,-24.652,345.357,20.023,1.31,0.60,4,1175.35,
Player2_Car,66.26,340.429,-24.652,350.471,20.006,3.08,0.60,4,1188.60,
Player1_Car,66.28,352.884,-24.652,345.379,20.022,1.42,0.60,4,1175.75,
Player2_Car,66.28,340.032,-24.652,350.525,20.005,3.12,0.60,4,1189.03,
Player1_Car,66.30,352.484,-24.652,345.402,20.022,1.49,0.60,4,1176.15,
Player2_Car,66.30,339.636,-24.652,350.580,20.005,3.14,0.60,4,1189.43,
Player1_Car,66.32,352.084,-24.652,345.426,20.021,1.56,0.60,4,1176.55,
Player2_Car,66.32,339.240,-24.652,350.637,20.005,3.18,0.60,4,1189.83,
Player1_Car,66.34,351.684,-24.652,345.450,20.020,1.63,0.60,4,1176.95,
Player2_Car,66.34,338.844,-24.652,350.695,20.004,3.23,0.60,4,1190.23,
Player1_Car,66.36,351.285,-24.652,345.474,20.020,1.69,0.60,4,1177.34,
Player2_Car,66.36,338.448,-24.652,350.755,20.004,3.27,0.60,4,1190.67,
Player1_Car,66.38,350.885,-24.652,345.498,20.019,1.77,0.60,4,1177.74,
Player2_Car,66.38,338.053,-24.652,350.817,20.004,3.30,0.60,4,1191.07,
Player1_Car,66.40,350.486,-24.652,345.523,20.018,1.85,0.60,4,1178.14,
Player2_Car,66.40,337.658,-24.652,350.880,20.003,3.34,0.60,4,1191.47,
Player1_Car,66.42,350.086,-24.652,345.549,20.018,1.90,0.60,4,1178.53,
Player2_Car,66.42,337.263,-24.652,350.946,20.003,3.36,0.60,4,1191.87,
Player1_Car,66.44,349.687,-24.652,345.575,20.017,1.94,0.60,4,1178.93,
Player2_Car,66.44,336.869,-24.652,351.012,20.002,3.39,0.60,4,1192.30,
Player1_Car,66.46,349.287,-24.652,345.602,20.017,2.02,0.60,4,1179.33,
Player2_Car,66.46,336.475,-24.652,351.081,20.002,3.44,0.60,4,1192.70,
Player1_Car,66.48,348.888,-24.652,345.630,20.016,2.10,0.60,4,1179.73,
Player2_Car,66.48,336.081,-24.652,351.151,20.002,3.47,0.60,4,1193.10,
Player1_Car,66.50,348.488,-24.652,345.658,20.016,2.13,0.60,4,1180.11,
Player2_Car,66.50,335.688,-24.652,351.224,20.001,3.50,0.60,4,1193.54,
Player1_Car,66.52,348.089,-24.652,345.687,20.015,2.17,0.60,4,1180.51,
Player2_Car,66.52,335.295,-24.652,351.298,20.001,3.52,0.60,4,1193.94,
Player1_Car,66.54,347.690,-24.652,345.717,20.014,2.24,0.60,4,1180.92,
Player2_Car,66.54,334.902,-24.652,351.374,20.001,3.56,0.60,4,1194.34,
Player1_Car,66.56,347.291,-24.652,345.748,20.014,2.30,0.60,4,1181.32,
Player2_Car,66.56,334.509,-24.652,351.451,20.001,3.59,0.60,4,1194.74,
Player1_Car,66.58,346.892,-24.652,345.779,20.013,2.33,0.60,4,1181.70,
Player2_Car,66.58,334.117,-24.652,351.531,20.000,3.62,-0.72,4,1195.18,
Player1_Car,66.60,346.493,-24.652,345.812,20.013,2.36,0.60,4,1182.10,
Player2_Car,66.60,333.726,-24.652,351.612,20.000,3.67,0.60,4,1195.58,
Player1_Car,66.62,346.094,-24.652,345.846,20.012,2.43,0.60,4,1182.50,
Player2_Car,66.62,333.350,-24.652,351.692,19.208,3.64,0.70,4,1195.96,
Player1_Car,66.64,345.695,-24.652,345.880,20.012,2.48,0.60,4,1182.90,
Player2_Car,66.64,332.975,-24.652,351.774,19.216,3.54,0.69,4,1196.35,
Player1_Car,66.66,345.297,-24.652,345.916,20.011,2.49,0.60,4,1183.28,
Player2_Car,66.66,332.598,-24.652,351.859,19.282,3.59,0.69,4,1196.77,
Player1_Car,66.68,344.898,-24.652,345.953,20.011,2.53,0.60,4,1183.68,
Player2_Car,66.68,332.221,-24.652,351.945,19.347,3.72,0.68,4,1197.16,
Player1_Car,66.70,344.500,-24.652,345.990,20.011,2.59,0.60,4,1184.08,
Player2_Car,66.70,331.843,-24.652,352.033,19.407,3.82,0.67,4,1197.54,
Player1_Car,66.72,344.102,-24.652,346.029,20.010,2.62,0.60,4,1184.47,
Player2_Car,66.72,331.465,-24.652,352.124,19.460,3.88,0.66,4,1197.98,
Player1_Car,66.74,343.703,-24.652,346.070,20.010,2.63,0.60,4,1184.87,
Player2_Car,66.74,331.086,-24.652,352.217,19.509,3.86,0.66,4,1198.37,
Player1_Car,66.76,343.305,-24.652,346.111,20.009,2.69,0.60,4,1185.27,
Player2_Car,66.76,330.706,-24.652,352.312,19.553,3.90,0.65,4,1198.76,
Player1_Car,66.78,342.908,-24.652,346.154,20.009,2.76,0.60,4,1185.67,
Player2_Car,66.78,330.327,-24.652,352.410,19.593,3.98,0.65,4,1199.16,
Player1_Car,66.80,342.510,-24.652,346.197,20.009,2.77,0.60,4,1186.05,
Player2_Car,66.80,329.947,-24.652,352.510,19.630,4.06,-0.68,4,1199.60,
Player1_Car,66.82,342.112,-24.652,346.242,20.008,2.79,0.60,4,1186.45,
Player2_Car,66.82,329.567,-24.652,352.612,19.663,4.08,0.64,4,1200.00,
Player1_Car,66.84,341.715,-24.652,346.289,20.008,2.86,0.60,4,1186.85,
Player2_Car,66.84,329.203,-24.652,352.711,18.901,4.01,0.73,4,1200.37,
Player1_Car,66.86,341.317,-24.652,346.337,20.007,2.92,0.60,4,1187.25,
Player2_Car,66.86,328.838,-24.652,352.814,18.937,3.90,0.73,4,1200.75,
Player1_Car,66.88,340.920,-24.652,346.386,20.007,2.93,0.60,4,1187.63,
Player2_Car,66.88,328.473,-24.652,352.919,19.028,4.00,-0.60,4,1201.18,
Player1_Car,66.90,340.523,-24.652,346.436,20.007,2.95,0.60,4,1188.03,
Player2_Car,66.90,328.106,-24.652,353.027,19.116,4.11,0.71,4,1201.57,
Player1_Car,66.92,340.127,-24.652,346.488,20.006,3.01,0.60,4,1188.43,
Player2_Car,66.92,327.753,-24.652,353.132,18.404,4.08,0.79,4,1201.93,
Player1_Car,66.94,339.730,-24.652,346.542,20.006,3.06,0.60,4,1188.83,
Player2_Car,66.94,327.399,-24.652,353.240,18.485,4.01,0.78,4,1202.36,
Player1_Car,66.96,339.334,-24.652,346.597,20.005,3.06,0.60,4,1189.21,
Player2_Car,66.96,327.044,-24.652,353.351,18.617,4.03,-0.55,4,1202.73,
Player1_Car,66.98,338.938,-24.652,346.653,20.005,3.09,0.60,4,1189.61,
Player2_Car,66.98,326.687,-24.652,353.465,18.743,4.11,-0.57,4,1203.10,
Player1_Car,67.00,338.542,-24.652,346.711,20.005,3.16,0.60,4,1190.01,
Player2_Car,67.00,326.343,-24.652,353.576,18.065,4.11,0.83,4,1203.46,
Player1_Car,67.02,338.146,-24.652,346.771,20.005,3.20,0.60,4,1190.41,
Player2_Car,67.02,326.013,-24.652,353.685,17.385,3.99,-0.41,4,1203.86,
Player1_Car,67.04,337.751,-24.652,346.832,20.004,3.18,0.60,4,1190.78,
Player2_Car,67.04,325.680,-24.652,353.797,17.554,3.89,-0.43,4,1204.21,
Player1_Car,67.06,337.356,-24.652,346.895,20.004,3.22,0.60,4,1191.18,
Player2_Car,67.06,325.359,-24.652,353.907,16.980,3.92,-0.36,4,1204.55,
Player1_Car,67.08,336.961,-24.652,346.959,20.004,3.29,0.60,4,1191.58,
Player2_Car,67.08,325.049,-24.652,354.015,16.399,3.86,-0.29,4,1204.88,
Player1_Car,67.10,336.566,-24.652,347.025,20.003,3.29,0.60,4,1191.95,
Player2_Car,67.10,324.750,-24.652,354.121,15.867,3.73,-0.22,4,1205.20,
Player1_Car,67.12,336.172,-24.652,347.093,20.003,3.29,0.60,4,1192.35,
Player2_Car,67.12,324.460,-24.652,354.225,15.383,3.68,-0.17,4,1205.56,
Player1_Car,67.14,335.778,-24.652,347.162,20.003,3.35,0.60,4,1192.75,
Player2_Car,67.14,324.180,-24.652,354.327,14.943,3.64,-0.11,4,1205.86,
Player1_Car,67.16,335.384,-24.652,347.233,20.002,3.40,0.60,4,1193.15,
Player2_Car,67.16,323.907,-24.652,354.428,14.543,3.58,-0.07,4,1206.15,
Player1_Car,67.18,334.991,-24.652,347.306,20.002,3.39,0.60,4,1193.53,
Player2_Car,67.18,323.641,-24.652,354.527,14.180,3.54,-0.02,4,1206.43,
Player1_Car,67.20,334.598,-24.652,347.381,20.002,3.40,0.60,4,1193.93,
Player2_Car,67.20,323.382,-24.652,354.625,13.850,3.54,0.02,4,1206.71,
Player1_Car,67.22,334.205,-24.652,347.457,20.001,3.47,0.60,4,1194.33,
Player2_Car,67.22,323.129,-24.652,354.723,13.550,3.63,0.05,4,1207.04,
Player1_Car,67.24,333.813,-24.652,347.536,20.001,3.52,0.60,4,1194.73,
Player2_Car,67.24,322.882,-24.652,354.819,13.277,3.63,0.09,4,1207.31,
Player1_Car,67.26,333.421,-24.652,347.616,20.001,3.50,-0.72,4,1195.10,
Player2_Car,67.26,322.639,-24.652,354.914,13.029,3.57,0.12,4,1207.57,
Player1_Car,67.28,333.030,-24.652,347.698,20.000,3.54,0.60,4,1195.50,
Player2_Car,67.28,322.401,-24.652,355.009,12.804,3.55,0.14,4,1207.82,
Player1_Car,67.30,332.654,-24.652,347.778,19.209,3.53,0.69,4,1195.88,
Player2_Car,67.30,322.167,-24.652,355.103,12.599,3.56,0.17,4,1208.08,
Player1_Car,67.32,332.278,-24.652,347.860,19.217,3.46,0.69,4,1196.27,
Player2_Car,67.32,321.938,-24.652,355.197,12.413,3.66,0.19,4,1208.40,
Player1_Car,67.34,331.902,-24.652,347.944,19.283,3.48,0.69,4,1196.63,
Player2_Car,67.34,321.711,-24.652,355.290,12.244,3.66,0.21,4,1208.64,
Player1_Car,67.36,331.525,-24.652,348.031,19.348,3.57,0.68,4,1197.01,
Player2_Car,67.36,321.488,-24.652,355.383,12.090,3.66,0.23,4,1208.89,
Player1_Car,67.38,331.147,-24.652,348.119,19.407,3.70,0.67,4,1197.40,
Player2_Car,67.38,321.268,-24.652,355.476,11.950,3.69,0.25,4,1209.13,
Player1_Car,67.40,330.768,-24.652,348.209,19.461,3.76,0.66,4,1197.79,
Player2_Car,67.40,321.050,-24.652,355.568,11.823,3.73,0.26,4,1209.36,
Player1_Car,67.42,330.389,-24.652,348.302,19.510,3.72,0.66,4,1198.15,
Player2_Car,67.42,320.835,-24.652,355.661,11.708,3.75,0.28,4,1209.60,
Player1_Car,67.44,330.010,-24.652,348.397,19.554,3.74,0.65,4,1198.54,
Player2_Car,67.44,320.622,-24.652,355.753,11.603,3.86,0.29,4,1209.90,
Player1_Car,67.46,329.630,-24.652,348.494,19.594,3.84,0.65,4,1198.93,
Player2_Car,67.46,320.411,-24.652,355.846,11.507,3.87,0.30,4,1210.13,
Player1_Car,67.48,329.250,-24.652,348.593,19.631,3.91,0.64,4,1199.32,
Player2_Car,67.48,320.203,-24.652,355.939,11.420,3.83,0.31,4,1210.36,
Player1_Car,67.50,328.870,-24.652,348.694,19.664,3.88,-0.68,4,1199.68,
Player2_Car,67.50,319.996,-24.652,356.032,11.341,3.84,0.32,4,1210.59,
Player1_Car,67.52,328.490,-24.652,348.798,19.694,3.90,0.64,4,1200.07,
Player2_Car,67.52,319.791,-24.652,356.125,11.270,3.91,0.33,4,1210.81,
Player1_Car,67.54,328.126,-24.652,348.899,18.930,3.88,0.73,4,1200.45,
Player2_Car,67.54,319.587,-24.652,356.218,11.205,3.96,0.34,4,1211.04,
Player1_Car,67.56,327.761,-24.652,349.003,18.963,3.81,0.72,4,1200.83,
Player2_Car,67.56,319.385,-24.652,356.312,11.145,4.07,0.34,4,1211.32,
Player1_Car,67.58,327.395,-24.652,349.109,19.052,3.81,-0.61,4,1201.18,
Player2_Car,67.58,319.184,-24.652,356.406,11.091,4.07,0.35,4,1211.54,
Player1_Car,67.60,327.028,-24.652,349.218,19.138,3.90,0.70,4,1201.56,
Player2_Car,67.60,318.984,-24.652,356.501,11.042,4.03,0.35,4,1211.77,
Player1_Car,67.62,326.675,-24.652,349.324,18.425,3.91,0.79,4,1201.93,
Player2_Car,67.62,318.786,-24.652,356.596,10.997,4.02,0.36,4,1211.99,
Player1_Car,67.64,326.321,-24.652,349.433,18.504,3.83,0.78,4,1202.30,
Player2_Car,67.64,318.589,-24.652,356.692,10.957,4.06,0.37,4,1212.20,
Player1_Car,67.66,325.966,-24.652,349.544,18.634,3.83,-0.56,4,1202.64,
Player2_Car,67.66,318.393,-24.652,356.788,10.920,4.12,0.37,4,1212.42,
Player1_Car,67.68,325.608,-24.652,349.658,18.758,3.93,-0.57,4,1203.02,
Player2_Car,67.68,318.197,-24.652,356.884,10.887,4.24,0.37,4,1212.70,
Player1_Car,67.70,325.264,-24.652,349.770,18.080,3.94,-0.49,4,1203.38,
Player2_Car,67.70,318.003,-24.652,356.981,10.856,4.25,0.38,4,1212.92,
Player1_Car,67.72,324.934,-24.652,349.879,17.399,3.76,0.91,4,1203.73,
Player2_Car,67.72,317.810,-24.652,357.079,10.828,4.20,0.38,4,1213.14,
Player1_Car,67.74,324.616,-24.652,349.986,16.775,3.55,-0.33,4,1204.03,
Player2_Car,67.74,317.618,-24.652,357.177,10.803,4.18,0.38,4,1213.35,
Player1_Car,67.76,324.294,-24.652,350.096,17.000,3.60,-0.36,4,1204.37,
Player2_Car,67.76,317.426,-24.652,357.276,10.780,4.19,0.39,4,1213.57,
Player1_Car,67.78,323.983,-24.652,350.204,16.477,3.73,-0.30,4,1204.70,
Player2_Car,67.78,317.235,-24.652,357.376,10.759,4.22,0.39,4,1213.78,
Player1_Car,67.80,323.682,-24.652,350.309,15.942,3.67,-0.23,4,1205.02,
Player2_Car,67.80,317.045,-24.652,357.476,10.740,4.26,0.39,4,1214.00,
Player1_Car,67.82,323.391,-24.652,350.413,15.451,3.47,-0.17,4,1205.29,
Player2_Car,67.82,316.856,-24.652,357.577,10.723,4.37,0.39,4,1214.28,
Player1_Car,67.84,323.109,-24.652,350.516,15.005,3.38,-0.12,4,1205.59,
Player2_Car,67.84,316.667,-24.652,357.678,10.707,4.36,0.40,4,1214.49,
Player1_Car,67.86,322.835,-24.652,350.616,14.600,3.39,-0.07,4,1205.89,
Player2_Car,67.86,316.480,-24.652,357.780,10.693,4.31,0.40,4,1214.71,
Player1_Car,67.88,322.568,-24.652,350.715,14.232,3.40,-0.03,4,1206.17,
Player2_Car,67.88,316.293,-24.652,357.883,10.680,4.28,0.40,4,1214.92,
Player1_Car,67.90,322.308,-24.652,350.813,13.897,3.37,0.01,4,1206.45,
Player2_Car,67.90,316.106,-24.652,357.987,10.668,4.28,0.40,4,1215.13,
Player1_Car,67.92,322.053,-24.652,350.909,13.593,3.34,0.05,4,1206.72,
Player2_Car,67.92,315.920,-24.652,358.091,10.658,4.32,0.40,4,1215.35,
Player1_Car,67.94,321.805,-24.652,351.005,13.317,3.32,0.08,4,1206.95,
Player2_Car,67.94,315.735,-24.652,358.196,10.648,4.36,0.40,4,1215.56,
Player1_Car,67.96,321.561,-24.652,351.099,13.066,3.35,0.11,4,1207.21,
Player2_Car,67.96,315.550,-24.652,358.302,10.639,4.45,0.40,4,1215.84,
Player1_Car,67.98,321.322,-24.652,351.193,12.837,3.39,0.14,4,1207.47,
Player2_Car,67.98,315.366,-24.652,358.408,10.631,4.44,0.40,4,1216.05,
Player1_Car,68.00,321.087,-24.652,351.286,12.630,3.41,0.16,4,1207.72,
Player2_Car,68.00,315.183,-24.652,358.516,10.623,4.38,0.41,4,1216.26,
Player1_Car,68.02,320.856,-24.652,351.379,12.441,3.41,0.19,4,1207.97,
Player2_Car,68.02,315.000,-24.652,358.624,10.617,4.34,0.41,4,1216.48,
Player1_Car,68.04,320.629,-24.652,351.471,12.269,3.42,0.21,4,1208.21,
Player2_Car,68.04,314.818,-24.652,358.732,10.611,4.34,0.41,4,1216.69,
Player1_Car,68.06,320.405,-24.652,351.563,12.113,3.39,0.23,4,1208.41,
Player2_Car,68.06,314.636,-24.652,358.842,10.605,4.39,0.41,4,1216.90,
Player1_Car,68.08,320.184,-24.652,351.654,11.972,3.40,0.24,4,1208.65,
Player2_Car,68.08,314.455,-24.652,358.952,10.601,4.53,0.41,4,1217.20,
Player1_Car,68.10,319.965,-24.652,351.745,11.843,3.46,0.26,4,1208.89,
Player2_Car,68.10,314.274,-24.652,359.063,10.596,4.52,0.41,4,1217.41,
Player1_Car,68.12,319.749,-24.652,351.836,11.726,3.54,0.27,4,1209.12,
Player2_Car,68.12,314.094,-24.652,359.175,10.591,4.44,0.41,4,1217.62,
Player1_Car,68.14,319.535,-24.652,351.927,11.620,3.59,0.29,4,1209.36,
Player2_Car,68.14,313.915,-24.652,359.287,10.587,4.39,0.41,4,1217.83,
Player1_Car,68.16,319.323,-24.652,352.018,11.523,3.61,0.30,4,1209.59,
Player2_Car,68.16,313.736,-24.652,359.401,10.584,4.39,0.41,4,1218.04,
Player1_Car,68.18,319.113,-24.652,352.109,11.435,3.58,0.31,4,1209.77,
Player2_Car,68.18,313.558,-24.652,359.515,10.581,4.42,0.41,4,1218.25,
Player1_Car,68.20,318.905,-24.652,352.200,11.355,3.61,0.32,4,1210.00,
Player2_Car,68.20,313.380,-24.652,359.629,10.579,4.46,0.41,4,1218.47,
Player1_Car,68.22,318.699,-24.652,352.292,11.282,3.66,0.33,4,1210.22,
Player2_Car,68.22,313.203,-24.652,359.745,10.576,4.59,0.41,4,1218.76,
Player1_Car,68.24,318.494,-24.652,352.383,11.216,3.70,0.33,4,1210.45,
Player2_Car,68.24,313.027,-24.652,359.861,10.574,4.58,0.41,4,1218.98,
Player1_Car,68.26,318.291,-24.652,352.475,11.156,3.73,0.34,4,1210.67,
Player2_Car,68.26,312.851,-24.652,359.979,10.571,4.50,0.41,4,1219.19,
Player1_Car,68.28,318.089,-24.652,352.567,11.101,3.79,0.35,4,1210.89,
Player2_Car,68.28,312.675,-24.652,360.097,10.569,4.45,0.41,4,1219.40,
Player1_Car,68.30,317.888,-24.652,352.660,11.051,3.84,0.35,4,1211.12,
Player2_Car,68.30,312.500,-24.652,360.215,10.567,4.45,0.41,4,1219.61,
Player1_Car,68.32,317.688,-24.652,352.752,11.006,3.81,0.36,4,1211.30,
Player2_Car,68.32,312.326,-24.652,360.335,10.566,4.50,0.41,4,1219.82,
Player1_Car,68.34,317.490,-24.652,352.846,10.965,3.83,0.36,4,1211.52,
Player2_Car,68.34,312.152,-24.652,360.455,10.565,4.66,0.41,4,1220.11,
Player1_Car,68.36,317.293,-24.652,352.939,10.928,3.88,0.37,4,1211.74,
Player2_Car,68.36,311.979,-24.652,360.576,10.563,4.65,0.41,4,1220.32,
Player1_Car,68.38,317.096,-24.652,353.033,10.894,3.90,0.37,4,1211.95,
Player2_Car,68.38,311.807,-24.652,360.698,10.561,4.57,0.41,4,1220.53,
Player1_Car,68.40,316.901,-24.652,353.128,10.863,3.91,0.38,4,1212.17,
Player2_Car,68.40,311.635,-24.652,360.821,10.560,4.53,0.41,4,1220.74,
Player1_Car,68.42,316.706,-24.652,353.223,10.835,3.96,0.38,4,1212.39,
Player2_Car,68.42,311.464,-24.652,360.945,10.559,4.53,0.41,4,1220.95,
Player1_Car,68.44,316.512,-24.652,353.319,10.809,4.01,0.38,4,1212.60,
Player2_Car,68.44,311.293,-24.652,361.069,10.558,4.54,1.00,4,1221.17,
Player1_Car,68.46,316.319,-24.652,353.415,10.786,3.98,0.39,4,1212.78,
Player2_Car,68.46,311.123,-24.652,361.194,10.558,4.56,1.00,4,1221.38,
Player1_Car,68.48,316.127,-24.652,353.512,10.764,3.99,0.39,4,1213.00,
Player2_Car,68.48,310.948,-24.652,361.324,10.909,4.70,0.37,4,1221.66,
Player1_Car,68.50,315.935,-24.652,353.609,10.745,4.03,0.39,4,1213.21,
Player2_Car,68.50,310.768,-24.652,361.459,11.256,4.77,0.33,4,1221.89,
Player1_Car,68.52,315.744,-24.652,353.707,10.728,4.05,0.39,4,1213.43,
Player2_Car,68.52,310.589,-24.652,361.595,11.222,4.74,0.33,4,1222.11,
Player1_Car,68.54,315.554,-24.652,353.806,10.712,4.05,0.39,4,1213.64,
Player2_Car,68.54,310.412,-24.652,361.731,11.163,4.65,1.00,4,1222.34,
Player1_Car,68.56,315.364,-24.652,353.905,10.698,4.08,0.40,4,1213.85,
Player2_Car,68.56,310.236,-24.652,361.867,11.107,4.62,1.00,4,1222.56,
Player1_Car,68.58,315.175,-24.652,354.005,10.684,4.13,0.40,4,1214.07,
Player2_Car,68.58,310.056,-24.652,362.008,11.451,4.66,1.00,4,1222.79,
Player1_Car,68.60,314.987,-24.652,354.105,10.672,4.10,0.40,4,1214.24,
Player2_Car,68.60,309.871,-24.652,362.154,11.793,4.83,0.26,4,1223.09,
Player1_Car,68.62,314.799,-24.652,354.207,10.661,4.10,0.40,4,1214.46,
Player2_Car,68.62,309.681,-24.652,362.306,12.130,4.85,0.22,4,1223.33,
Player1_Car,68.64,314.612,-24.652,354.308,10.652,4.13,0.40,4,1214.67,
Player2_Car,68.64,309.494,-24.652,362.457,12.021,4.81,1.00,4,1223.58,
Player1_Car,68.66,314.426,-24.652,354.411,10.643,4.14,0.40,4,1214.88,
Player2_Car,68.66,309.310,-24.652,362.608,11.890,4.74,1.00,4,1223.81,
Player1_Car,68.68,314.240,-24.652,354.514,10.635,4.13,0.40,4,1215.10,
Player2_Car,68.68,309.122,-24.652,362.764,12.225,4.69,1.00,4,1224.06,
Player1_Car,68.70,314.054,-24.652,354.618,10.627,4.15,0.40,4,1215.31,
Player2_Car,68.70,308.930,-24.652,362.925,12.557,4.74,1.00,4,1224.31,
Player1_Car,68.72,313.869,-24.652,354.722,10.620,4.19,0.41,4,1215.52,
Player2_Car,68.72,308.733,-24.652,363.091,12.885,4.88,1.00,4,1224.64,
Player1_Car,68.74,313.685,-24.652,354.828,10.614,4.16,0.41,4,1215.69,
Player2_Car,68.74,308.532,-24.652,363.263,13.209,4.94,1.00,4,1224.90,
Player1_Car,68.76,313.501,-24.652,354.934,10.608,4.16,0.41,4,1215.91,
Player2_Car,68.76,308.328,-24.652,363.441,13.528,4.91,1.00,4,1225.17,
Player1_Car,68.78,313.318,-24.652,355.040,10.603,4.18,0.41,4,1216.12,
Player2_Car,68.78,308.120,-24.652,363.624,13.844,4.86,1.00,4,1225.45,
Player1_Car,68.80,313.135,-24.652,355.148,10.599,4.19,0.41,4,1216.33,
Player2_Car,68.80,307.909,-24.652,363.812,14.157,4.88,1.00,4,1225.73,
Player1_Car,68.82,312.953,-24.652,355.256,10.595,4.18,0.41,4,1216.54,
Player2_Car,68.82,307.694,-24.652,364.006,14.466,5.03,1.00,4,1226.09,
Player1_Car,68.84,312.771,-24.652,355.364,10.591,4.19,0.41,4,1216.75,
Player2_Car,68.84,307.476,-24.652,364.205,14.771,5.05,1.00,4,1226.39,
Player1_Car,68.86,312.590,-24.652,355.474,10.587,4.23,0.41,4,1216.96,
Player2_Car,68.86,307.255,-24.652,364.410,15.072,4.94,1.00,4,1226.69,
Player1_Car,68.88,312.409,-24.652,355.584,10.584,4.18,0.41,4,1217.13,
Player2_Car,68.88,307.031,-24.652,364.620,15.370,4.95,1.00,4,1227.00,
Player1_Car,68.90,312.229,-24.652,355.695,10.581,4.19,0.41,4,1217.34,
Player2_Car,68.90,306.804,-24.652,364.836,15.664,5.01,1.00,4,1227.31,
Player1_Car,68.92,312.049,-24.652,355.807,10.579,4.22,0.41,4,1217.55,
Player2_Car,68.92,306.574,-24.652,365.058,15.955,5.11,1.00,4,1227.72,
Player1_Car,68.94,311.870,-24.652,355.919,10.576,4.23,0.41,4,1217.76,
Player2_Car,68.94,306.342,-24.652,365.285,16.242,5.11,1.00,4,1228.04,
Player1_Car,68.96,311.691,-24.652,356.032,10.574,4.21,0.41,4,1217.97,
Player2_Car,68.96,306.108,-24.652,365.518,16.526,5.06,1.00,4,1228.37,
Player1_Car,68.98,311.513,-24.652,356.146,10.572,4.21,0.41,4,1218.18,
Player2_Car,68.98,305.871,-24.652,365.757,16.806,5.02,0.98,4,1228.71,
Player1_Car,69.00,311.335,-24.652,356.260,10.570,4.26,0.41,4,1218.40,
Player2_Car,69.00,305.632,-24.652,366.001,17.084,5.13,0.95,4,1229.13,
Player1_Car,69.02,311.158,-24.652,356.375,10.569,4.23,0.41,4,1218.56,
Player2_Car,69.02,305.391,-24.652,366.251,17.348,5.17,0.92,4,1229.48,
Player1_Car,69.04,310.981,-24.652,356.491,10.567,4.24,0.41,4,1218.77,
Player2_Car,69.04,305.149,-24.652,366.506,17.588,5.09,0.89,4,1229.83,
Player1_Car,69.06,310.805,-24.652,356.608,10.566,4.27,0.41,4,1218.98,
Player2_Car,69.06,304.906,-24.652,366.766,17.806,5.03,0.86,4,1230.19,
Player1_Car,69.08,310.629,-24.652,356.725,10.565,4.28,0.41,4,1219.19,
Player2_Car,69.08,304.662,-24.652,367.031,18.005,5.12,0.84,4,1230.62,
Player1_Car,69.10,310.454,-24.652,356.843,10.563,4.27,0.41,4,1219.40,
Player2_Car,69.10,304.418,-24.652,367.301,18.187,5.14,0.82,4,1230.98,
Player1_Car,69.12,310.280,-24.652,356.962,10.562,4.26,0.41,4,1219.61,
Player2_Car,69.12,304.173,-24.652,367.574,18.350,5.05,0.80,4,1231.35,
Player1_Car,69.14,310.105,-24.652,357.082,10.561,4.31,0.41,4,1219.82,
Player2_Car,69.14,303.929,-24.652,367.852,18.499,5.01,0.78,4,1231.72,
Player1_Car,69.16,309.932,-24.652,357.202,10.561,4.34,0.41,4,1220.03,
Player2_Car,69.16,303.685,-24.652,368.134,18.635,5.08,0.76,4,1232.16,
Player1_Car,69.18,309.759,-24.652,357.323,10.560,4.30,0.41,4,1220.20,
Player2_Car,69.18,303.442,-24.652,368.419,18.759,5.05,0.75,4,1232.53,
Player1_Car,69.20,309.586,-24.652,357.445,10.559,4.30,0.41,4,1220.41,
Player2_Car,69.20,303.199,-24.652,368.708,18.870,5.00,0.74,4,1232.91,
Player1_Car,69.22,309.414,-24.652,357.567,10.558,4.32,0.41,4,1220.62,
Player2_Car,69.22,302.957,-24.652,369.001,18.972,5.04,0.72,4,1233.36,
Player1_Car,69.24,309.243,-24.652,357.691,10.558,4.33,0.41,4,1220.83,
Player2_Car,69.24,302.716,-24.652,369.296,19.065,5.00,0.71,4,1233.74,
Player1_Car,69.26,309.072,-24.652,357.815,10.557,4.32,0.41,4,1221.05,
Player2_Car,69.26,302.477,-24.652,369.595,19.149,4.95,0.70,4,1234.12,
Player1_Car,69.28,308.902,-24.652,357.939,10.556,4.34,1.00,4,1221.26,
Player2_Car,69.28,302.239,-24.652,369.897,19.225,4.93,0.69,4,1234.51,
Player1_Car,69.30,308.732,-24.652,358.065,10.556,4.37,1.00,4,1221.47,
Player2_Car,69.30,302.002,-24.652,370.202,19.295,4.98,0.68,4,1234.96,
Player1_Car,69.32,308.557,-24.652,358.195,10.907,4.36,0.37,4,1221.64,
Player2_Car,69.32,301.766,-24.652,370.509,19.358,4.93,0.68,4,1235.35,
Player1_Car,69.34,308.377,-24.652,358.331,11.255,4.44,0.33,4,1221.87,
Player2_Car,69.34,301.532,-24.652,370.819,19.415,4.87,0.67,4,1235.74,
Player1_Car,69.36,308.198,-24.652,358.466,11.222,4.50,0.33,4,1222.09,
Player2_Car,69.36,301.300,-24.652,371.132,19.467,4.83,0.66,4,1236.13,
Player1_Car,69.38,308.021,-24.652,358.602,11.163,4.44,0.34,4,1222.32,
Player2_Car,69.38,301.070,-24.652,371.447,19.515,4.85,0.66,4,1236.58,
Player1_Car,69.40,307.846,-24.652,358.738,11.107,4.41,1.00,4,1222.54,
Player2_Car,69.40,300.841,-24.652,371.764,19.558,4.82,0.65,4,1236.98,
Player1_Car,69.42,307.671,-24.652,358.875,11.056,4.41,1.00,4,1222.76,
Player2_Car,69.42,300.615,-24.652,372.084,19.597,4.75,0.65,4,1237.37,
Player1_Car,69.44,307.493,-24.652,359.016,11.402,4.42,1.00,4,1222.96,
Player2_Car,69.44,300.390,-24.652,372.406,19.633,4.74,0.64,4,1237.83,
Player1_Car,69.46,307.309,-24.652,359.163,11.743,4.47,0.27,4,1223.18,
Player2_Car,69.46,300.167,-24.652,372.730,19.666,4.69,0.64,4,1238.22,
Player1_Car,69.48,307.121,-24.652,359.314,12.081,4.53,1.00,4,1223.42,
Player2_Car,69.48,299.946,-24.652,373.056,19.695,4.64,0.64,4,1238.62,
Player1_Car,69.50,306.935,-24.652,359.465,11.978,4.57,1.00,4,1223.66,
Player2_Car,69.50,299.727,-24.652,373.384,19.722,4.60,0.63,4,1239.01,
Player1_Car,69.52,306.745,-24.652,359.622,12.312,4.56,1.00,4,1223.91,
Player2_Car,69.52,299.510,-24.652,373.714,19.747,4.59,0.63,4,1239.47,
Player1_Car,69.54,306.551,-24.652,359.784,12.642,4.58,1.00,4,1224.16,
Player2_Car,69.54,299.295,-24.652,374.046,19.769,4.56,0.63,4,1239.87,
Player1_Car,69.56,306.352,-24.652,359.951,12.969,4.62,1.00,4,1224.42,
Player2_Car,69.56,299.082,-24.652,374.379,19.789,4.51,0.63,4,1240.26,
Player1_Car,69.58,306.150,-24.652,360.123,13.292,4.62,1.00,4,1224.65,
Player2_Car,69.58,298.871,-24.652,374.715,19.808,4.50,0.62,4,1240.72,
Player1_Car,69.60,305.944,-24.652,360.301,13.612,4.68,1.00,4,1224.92,
Player2_Car,69.60,298.662,-24.652,375.052,19.824,4.45,0.62,4,1241.12,
Player1_Car,69.62,305.734,-24.652,360.484,13.927,4.72,1.00,4,1225.20,
Player2_Car,69.62,298.456,-24.652,375.390,19.840,4.41,0.62,4,1241.51,
Player1_Car,69.64,305.520,-24.652,360.672,14.239,4.71,1.00,4,1225.48,
Player2_Car,69.64,298.251,-24.652,375.731,19.854,4.39,0.62,4,1241.91,
Player1_Car,69.66,305.303,-24.652,360.866,14.546,4.75,1.00,4,1225.77,
Player2_Car,69.66,298.048,-24.652,376.072,19.866,4.39,0.62,4,1242.37,
Player1_Car,69.68,305.083,-24.652,361.065,14.851,4.74,1.00,4,1226.03,
Player2_Car,69.68,297.847,-24.652,376.416,19.878,4.36,0.61,4,1242.76,
Player1_Car,69.70,304.859,-24.652,361.270,15.151,4.74,1.00,4,1226.33,
Player2_Car,69.70,297.649,-24.652,376.760,19.888,4.32,0.61,4,1243.16,
Player1_Car,69.72,304.633,-24.652,361.480,15.448,4.76,1.00,4,1226.64,
Player2_Car,69.72,297.452,-24.652,377.106,19.898,4.28,0.61,4,1243.56,
Player1_Car,69.74,304.403,-24.652,361.695,15.742,4.83,1.00,4,1226.95,
Player2_Car,69.74,297.258,-24.652,377.454,19.906,4.28,0.61,4,1244.02,
Player1_Car,69.76,304.171,-24.652,361.916,16.032,4.85,1.00,4,1227.27,
Player2_Car,69.76,297.066,-24.652,377.803,19.914,4.28,0.61,4,1244.42,
Player1_Car,69.78,303.936,-24.652,362.143,16.318,4.76,1.00,4,1227.55,
Player2_Car,69.78,296.876,-24.652,378.153,19.922,4.24,0.61,4,1244.81,
Player1_Car,69.80,303.699,-24.652,362.375,16.601,4.78,1.00,4,1227.88,
Player2_Car,69.80,296.688,-24.652,378.504,19.928,4.23,0.61,4,1245.27,
Player1_Car,69.82,303.459,-24.652,362.613,16.881,4.86,0.97,4,1228.22,
Player2_Car,69.82,296.502,-24.652,378.857,19.934,4.19,0.61,4,1245.67,
Player1_Car,69.84,303.217,-24.652,362.856,17.158,4.88,0.94,4,1228.56,
Player2_Car,69.84,296.318,-24.652,379.211,19.939,4.16,0.61,4,1246.07,
Player1_Car,69.86,302.973,-24.652,363.105,17.415,4.80,0.91,4,1228.86,
Player2_Car,69.86,296.136,-24.652,379.566,19.944,4.12,0.61,4,1246.47,
Player1_Car,69.88,302.727,-24.652,363.358,17.650,4.81,0.88,4,1229.21,
Player2_Car,69.88,295.956,-24.652,379.922,19.949,4.12,0.61,4,1246.93,
Player1_Car,69.90,302.481,-24.652,363.617,17.863,4.86,0.86,4,1229.57,
Player2_Car,69.90,295.778,-24.652,380.279,19.953,4.09,0.61,4,1247.32,
Player1_Car,69.92,302.233,-24.652,363.880,18.057,4.85,0.83,4,1229.93,
Player2_Car,69.92,295.603,-24.652,380.638,19.957,4.04,0.61,4,1247.72,
Player1_Car,69.94,301.985,-24.652,364.147,18.233,4.85,0.81,4,1230.30,
Player2_Car,69.94,295.429,-24.652,380.997,19.960,4.02,0.60,4,1248.17,
Player1_Car,69.96,301.737,-24.652,364.419,18.393,4.81,0.79,4,1230.62,
Player2_Car,69.96,295.258,-24.652,381.358,19.964,3.97,0.60,4,1248.56,
Player1_Car,69.98,301.489,-24.652,364.694,18.539,4.78,0.78,4,1230.99,
Player2_Car,69.98,295.088,-24.652,381.719,19.967,3.94,0.60,4,1248.96,
Player1_Car,70.00,301.241,-24.652,364.973,18.671,4.80,0.76,4,1231.37,
Player2_Car,70.00,294.921,-24.652,382.082,19.969,3.90,0.60,4,1249.36,
Player1_Car,70.02,300.993,-24.652,365.256,18.791,4.82,0.75,4,1231.74,
Player2_Car,70.02,294.755,-24.652,382.445,19.972,3.87,0.60,4,1249.80,
Player1_Car,70.04,300.746,-24.652,365.542,18.901,4.76,0.73,4,1232.08,
Player2_Car,70.04,294.591,-24.652,382.810,19.974,3.83,0.60,4,1250.20,
Player1_Car,70.06,300.500,-24.652,365.831,19.000,4.70,0.72,4,1232.46,
Player2_Car,70.06,294.430,-24.652,383.175,19.976,3.79,0.60,4,1250.60,
Player1_Car,70.08,300.254,-24.652,366.124,19.090,4.74,0.71,4,1232.84,
Player2_Car,70.08,294.270,-24.652,383.541,19.978,3.75,0.60,4,1251.00,
Player1_Car,70.10,300.010,-24.652,366.419,19.172,4.77,0.70,4,1233.23,
Player2_Car,70.10,294.112,-24.652,383.908,19.980,3.72,0.60,4,1251.44,
Player1_Car,70.12,299.767,-24.652,366.717,19.247,4.70,0.69,4,1233.57,
Player2_Car,70.12,293.956,-24.652,384.276,19.982,3.70,0.60,4,1251.84,
Player1_Car,70.14,299.525,-24.652,367.019,19.314,4.64,0.68,4,1233.96,
Player2_Car,70.14,293.802,-24.652,384.645,19.983,3.66,0.60,4,1252.24,
Player1_Car,70.16,299.284,-24.652,367.322,19.376,4.68,0.67,4,1234.35,
Player2_Car,70.16,293.650,-24.652,385.015,19.985,3.64,0.60,4,1252.68,
Player1_Car,70.18,299.045,-24.652,367.628,19.432,4.69,0.67,4,1234.73,
Player2_Car,70.18,293.499,-24.652,385.385,19.986,3.60,0.60,4,1253.08,
Player1_Car,70.20,298.807,-24.652,367.937,19.483,4.62,0.66,4,1235.09,
Player2_Car,70.20,293.350,-24.652,385.756,19.987,3.56,0.60,4,1253.48,
Player1_Car,70.22,298.571,-24.652,368.248,19.529,4.58,0.66,4,1235.48,
Player2_Car,70.22,293.204,-24.652,386.128,19.988,3.53,0.60,4,1253.88,
Player1_Car,70.24,298.336,-24.652,368.562,19.571,4.60,0.65,4,1235.87,
Player2_Car,70.24,293.059,-24.652,386.500,19.989,3.51,0.60,4,1254.33,
Player1_Car,70.26,298.103,-24.652,368.877,19.609,4.55,0.65,4,1236.22,
Player2_Car,70.26,292.915,-24.652,386.874,19.990,3.49,0.60,4,1254.73,
Player1_Car,70.28,297.872,-24.652,369.195,19.644,4.50,0.64,4,1236.61,
Player2_Car,70.28,292.774,-24.652,387.247,19.991,3.46,0.60,4,1255.13,
Player1_Car,70.30,297.643,-24.652,369.514,19.676,4.50,0.64,4,1237.01,
Player2_Car,70.30,292.634,-24.652,387.622,19.992,3.45,0.60,4,1255.58,
Player1_Car,70.32,297.415,-24.652,369.836,19.705,4.49,0.64,4,1237.40,
Player2_Car,70.32,292.496,-24.652,387.997,19.993,3.42,0.60,4,1255.98,
Player1_Car,70.34,297.189,-24.652,370.160,19.731,4.42,0.63,4,1237.75,
Player2_Car,70.34,292.359,-24.652,388.373,19.993,3.40,0.60,4,1256.38,
Player1_Car,70.36,296.965,-24.652,370.485,19.754,4.36,0.63,4,1238.15,
Player2_Car,70.36,292.224,-24.652,388.750,19.994,3.38,0.60,4,1256.78,
Player1_Car,70.38,296.743,-24.652,370.812,19.776,4.37,0.63,4,1238.54,
Player2_Car,70.38,292.091,-24.652,389.127,19.995,3.38,0.60,4,1257.22,
Player1_Car,70.40,296.523,-24.652,371.141,19.796,4.38,0.62,4,1238.94,
Player2_Car,70.40,291.960,-24.652,389.504,19.995,3.35,0.60,4,1257.62,
Player1_Car,70.42,296.304,-24.652,371.472,19.814,4.30,0.62,4,1239.30,
Player2_Car,70.42,291.830,-24.652,389.883,19.996,3.31,0.60,4,1258.02,
Player1_Car,70.44,296.088,-24.652,371.805,19.830,4.25,0.62,4,1239.70,
Player2_Car,70.44,291.702,-24.652,390.262,19.996,3.29,0.60,4,1258.42,
Player1_Car,70.46,295.874,-24.652,372.138,19.845,4.27,0.62,4,1240.09,
Player2_Car,70.46,291.576,-24.652,390.641,19.997,3.27,0.60,4,1258.85,
Player1_Car,70.48,295.661,-24.652,372.474,19.859,4.28,0.62,4,1240.49,
Player2_Car,70.48,291.451,-24.652,391.021,19.997,3.25,0.60,4,1259.25,
Player1_Car,70.50,295.450,-24.652,372.811,19.871,4.20,0.62,4,1240.85,
Player2_Car,70.50,291.328,-24.652,391.401,19.998,3.22,0.60,4,1259.65,
Player1_Car,70.52,295.242,-24.652,373.149,19.882,4.17,0.61,4,1241.25,
Player2_Car,70.52,291.206,-24.652,391.782,19.998,3.20,0.60,4,1260.08,
Player1_Car,70.54,295.035,-24.652,373.489,19.892,4.18,0.61,4,1241.65,
Player2_Car,70.54,291.086,-24.652,392.164,19.998,3.16,0.60,4,1260.48,
Player1_Car,70.56,294.830,-24.652,373.830,19.902,4.19,0.61,4,1242.05,
Player2_Car,70.56,290.967,-24.652,392.546,19.999,3.14,0.60,4,1260.88,
Player1_Car,70.58,294.627,-24.652,374.173,19.910,4.11,0.61,4,1242.41,
Player2_Car,70.58,290.850,-24.652,392.928,19.999,3.12,0.60,4,1261.28,
Player1_Car,70.60,294.426,-24.652,374.517,19.917,4.09,0.61,4,1242.81,
Player2_Car,70.60,290.735,-24.652,393.311,20.000,3.10,0.60,4,1261.71,
Player1_Car,70.62,294.227,-24.652,374.862,19.925,4.12,0.61,4,1243.21,
Player2_Car,70.62,290.621,-24.652,393.695,20.000,3.07,0.60,4,1262.11,
Player1_Car,70.64,294.030,-24.652,375.209,19.931,4.11,0.61,4,1243.59,
Player2_Car,70.64,290.508,-24.652,394.079,20.000,3.04,0.60,4,1262.51,
Player1_Car,70.66,293.835,-24.652,375.557,19.937,4.04,0.61,4,1243.97,
Player2_Car,70.66,290.397,-24.652,394.463,20.001,3.02,0.60,4,1262.91,
Player1_Car,70.68,293.642,-24.652,375.906,19.942,4.03,0.61,4,1244.37,
Player2_Car,70.68,290.288,-24.652,394.848,20.001,2.99,0.60,4,1263.33,
Player1_Car,70.70,293.451,-24.652,376.256,19.947,4.06,0.61,4,1244.77,
Player2_Car,70.70,290.179,-24.652,395.233,20.001,2.97,0.60,4,1263.73,
Player1_Car,70.72,293.262,-24.652,376.607,19.951,4.02,0.61,4,1245.13,
Player2_Car,70.72,290.073,-24.652,395.618,20.001,2.95,0.60,4,1264.13,
Player1_Car,70.74,293.075,-24.652,376.960,19.955,3.97,0.61,4,1245.53,
Player2_Car,70.74,289.967,-24.652,396.004,20.002,2.93,0.60,4,1264.56,
Player1_Car,70.76,292.890,-24.652,377.313,19.959,3.97,0.60,4,1245.93,
Player2_Car,70.76,289.863,-24.652,396.390,20.002,2.90,0.60,4,1264.96,
Player1_Car,70.78,292.706,-24.652,377.668,19.962,3.98,0.60,4,1246.33,
Player2_Car,70.78,289.761,-24.652,396.777,20.002,2.88,0.60,4,1265.36,
Player1_Car,70.80,292.525,-24.652,378.024,19.965,3.92,0.60,4,1246.69,
Player2_Car,70.80,289.659,-24.652,397.164,20.002,2.86,0.60,4,1265.76,
Player1_Car,70.82,292.346,-24.652,378.381,19.968,3.88,0.60,4,1247.09,
Player2_Car,70.82,289.559,-24.652,397.551,20.003,2.85,0.60,4,1266.19,
Player1_Car,70.84,292.169,-24.652,378.739,19.971,3.88,0.60,4,1247.49,
Player2_Car,70.84,289.461,-24.652,397.939,20.003,2.82,0.60,4,1266.59,
Player1_Car,70.86,291.993,-24.652,379.098,19.973,3.87,0.60,4,1247.89,
Player2_Car,70.86,289.363,-24.652,398.327,20.003,2.80,0.60,4,1266.99,
Player1_Car,70.88,291.820,-24.652,379.457,19.975,3.81,0.60,4,1248.26,
Player2_Car,70.88,289.267,-24.652,398.716,20.003,2.78,0.60,4,1267.39,
Player1_Car,70.90,291.648,-24.652,379.818,19.977,3.77,0.60,4,1248.66,
Player2_Car,70.90,289.173,-24.652,399.104,20.004,2.77,0.60,4,1267.82,
Player1_Car,70.92,291.478,-24.652,380.180,19.979,3.77,0.60,4,1249.06,
Player2_Car,70.92,289.079,-24.652,399.493,20.004,2.76,0.60,4,1268.22,
Player1_Car,70.94,291.310,-24.652,380.543,19.981,3.76,0.60,4,1249.46,
Player2_Car,70.94,288.987,-24.652,399.883,20.004,2.74,0.60,4,1268.62,
Player1_Car,70.96,291.144,-24.652,380.906,19.982,3.70,0.60,4,1249.83,
Player2_Car,70.96,288.896,-24.652,400.272,20.004,2.72,0.60,4,1269.06,
Player1_Car,70.98,290.980,-24.652,381.270,19.984,3.67,0.60,4,1250.23,
Player2_Car,70.98,288.806,-24.652,400.662,20.004,2.70,0.60,4,1269.46,
Player1_Car,71.00,290.818,-24.652,381.636,19.985,3.66,0.60,4,1250.63,
Player2_Car,71.00,288.718,-24.652,401.052,20.004,2.68,0.60,4,1269.86,
Player1_Car,71.02,290.657,-24.652,382.002,19.986,3.63,0.60,4,1251.02,
Player2_Car,71.02,288.631,-24.652,401.443,20.005,2.67,0.60,4,1270.26,
Player1_Car,71.04,290.499,-24.652,382.369,19.987,3.58,0.60,4,1251.41,
Player2_Car,71.04,288.544,-24.652,401.833,20.005,2.65,0.60,4,1270.68,
Player1_Car,71.06,290.342,-24.652,382.736,19.988,3.56,0.60,4,1251.81,
Player2_Car,71.06,288.460,-24.652,402.224,20.005,2.63,0.60,4,1271.08,
Player1_Car,71.08,290.187,-24.652,383.105,19.990,3.55,0.60,4,1252.21,
Player2_Car,71.08,288.376,-24.652,402.616,20.005,2.61,0.60,4,1271.48,
Player1_Car,71.10,290.033,-24.652,383.474,19.990,3.51,0.60,4,1252.57,
Player2_Car,71.10,288.293,-24.652,403.007,20.005,2.58,0.60,4,1271.88,
Player1_Car,71.12,289.882,-24.652,383.844,19.991,3.46,0.60,4,1252.97,
Player2_Car,71.12,288.212,-24.652,403.399,20.006,2.56,0.60,4,1272.30,
Player1_Car,71.14,289.732,-24.652,384.215,19.992,3.46,0.60,4,1253.37,
Player2_Car,71.14,288.132,-24.652,403.791,20.006,2.55,0.60,4,1272.70,
Player1_Car,71.16,289.583,-24.652,384.586,19.993,3.45,0.60,4,1253.77,
Player2_Car,71.16,288.052,-24.652,404.183,20.006,2.53,0.60,4,1273.10,
Player1_Car,71.18,289.437,-24.652,384.958,19.994,3.40,0.60,4,1254.14,
Player2_Car,71.18,287.974,-24.652,404.575,20.006,2.51,0.60,4,1273.52,
Player1_Car,71.20,289.292,-24.652,385.331,19.994,3.36,0.60,4,1254.54,
Player2_Car,71.20,287.897,-24.652,404.968,20.006,2.48,0.60,4,1273.92,
Player1_Car,71.22,289.149,-24.652,385.704,19.995,3.37,0.60,4,1254.94,
Player2_Car,71.22,287.821,-24.652,405.361,20.006,2.47,0.60,4,1274.32,
Player1_Car,71.24,289.007,-24.652,386.078,19.995,3.38,0.60,4,1255.34,
Player2_Car,71.24,287.747,-24.652,405.754,20.007,2.46,0.60,4,1274.72,
Player1_Car,71.26,288.867,-24.652,386.453,19.996,3.33,0.60,4,1255.71,
Player2_Car,71.26,287.673,-24.652,406.147,20.007,2.44,0.60,4,1275.14,
Player1_Car,71.28,288.729,-24.652,386.828,19.996,3.30,0.60,4,1256.11,
Player2_Car,71.28,287.600,-24.652,406.541,20.007,2.42,0.60,4,1275.54,
Player1_Car,71.30,288.593,-24.652,387.204,19.997,3.31,0.60,4,1256.51,
Player2_Car,71.30,287.528,-24.652,406.934,20.007,2.40,0.60,4,1275.94,
Player1_Car,71.32,288.458,-24.652,387.580,19.997,3.31,0.60,4,1256.91,
Player2_Car,71.32,287.457,-24.652,407.328,20.007,2.39,0.60,4,1276.34,
Player1_Car,71.34,288.324,-24.652,387.958,19.998,3.26,0.60,4,1257.28,
Player2_Car,71.34,287.388,-24.652,407.722,20.007,2.37,0.60,4,1276.76,
Player1_Car,71.36,288.192,-24.652,388.335,19.998,3.23,0.60,4,1257.68,
Player2_Car,71.36,287.319,-24.652,408.116,20.007,2.36,0.60,4,1277.16,
Player1_Car,71.38,288.062,-24.652,388.713,19.998,3.23,0.60,4,1258.08,
Player2_Car,71.38,287.251,-24.652,408.511,20.008,2.35,0.60,4,1277.56,
Player1_Car,71.40,287.934,-24.652,389.092,19.999,3.22,0.60,4,1258.47,
Player2_Car,71.40,287.184,-24.652,408.905,20.008,2.34,0.60,4,1277.98,
Player1_Car,71.42,287.807,-24.652,389.471,19.999,3.18,0.60,4,1258.86,
Player2_Car,71.42,287.118,-24.652,409.300,20.008,2.31,0.60,4,1278.38,
Player1_Car,71.44,287.681,-24.652,389.851,19.999,3.16,0.60,4,1259.26,
Player2_Car,71.44,287.053,-24.652,409.695,20.008,2.31,0.60,4,1278.78,
Player1_Car,71.46,287.557,-24.652,390.231,20.000,3.15,0.60,4,1259.66,
Player2_Car,71.46,286.989,-24.652,410.090,20.008,2.30,0.60,4,1279.18,
Player1_Car,71.48,287.435,-24.652,390.612,20.000,3.12,0.60,4,1260.04,
Player2_Car,71.48,286.926,-24.652,410.485,20.008,2.29,0.60,4,1279.60,
Player1_Car,71.50,287.314,-24.652,390.993,20.000,3.09,0.60,4,1260.44,
Player2_Car,71.50,286.864,-24.652,410.880,20.008,2.27,0.60,4,1280.00,
Player1_Car,71.52,287.194,-24.652,391.375,20.000,3.08,0.60,4,1260.84,
Player2_Car,71.52,286.803,-24.652,411.276,20.008,2.26,0.60,4,1280.40,
Player1_Car,71.54,287.076,-24.652,391.757,20.001,3.07,0.60,4,1261.24,
Player2_Car,71.54,286.742,-24.652,411.671,20.009,2.25,0.60,4,1280.80,
Player1_Car,71.56,286.960,-24.652,392.140,20.001,3.03,0.60,4,1261.62,
Player2_Car,71.56,286.683,-24.652,412.067,20.009,2.24,0.60,4,1281.22,
Player1_Car,71.58,286.845,-24.652,392.523,20.001,3.00,0.60,4,1262.02,
Player2_Car,71.58,286.624,-24.652,412.463,20.009,2.23,0.60,4,1281.62,
Player1_Car,71.60,286.731,-24.652,392.907,20.001,3.00,0.60,4,1262.42,
Player2_Car,71.60,286.566,-24.652,412.859,20.009,2.23,0.60,4,1282.02,
Player1_Car,71.62,286.619,-24.652,393.291,20.002,2.99,0.60,4,1262.82,
Player2_Car,71.62,286.510,-24.652,413.255,20.009,2.22,0.60,4,1282.44,
Player1_Car,71.64,286.508,-24.652,393.675,20.002,2.95,0.60,4,1263.20,
Player2_Car,71.64,286.454,-24.652,413.651,20.009,2.20,0.60,4,1282.84,
Player1_Car,71.66,286.399,-24.652,394.060,20.002,2.92,0.60,4,1263.60,
Player2_Car,71.66,286.399,-24.652,414.048,20.009,2.20,0.60,4,1283.24,
Player1_Car,71.68,286.291,-24.652,394.445,20.002,2.91,0.60,4,1264.00,
Player2_Car,71.68,286.344,-24.652,414.444,20.009,2.20,0.60,4,1283.64,
Player1_Car,71.70,286.184,-24.652,394.831,20.003,2.90,0.60,4,1264.40,
Player2_Car,71.70,286.291,-24.652,414.841,20.009,2.19,0.60,4,1284.05,
Player1_Car,71.72,286.079,-24.652,395.217,20.003,2.86,0.60,4,1264.78,
Player2_Car,71.72,286.238,-24.652,415.237,20.009,2.18,0.60,4,1284.45,
Player1_Car,71.74,285.975,-24.652,395.603,20.003,2.84,0.60,4,1265.18,
Player2_Car,71.74,286.187,-24.652,415.634,20.009,2.17,0.60,4,1284.85,
Player1_Car,71.76,285.872,-24.652,395.990,20.003,2.84,0.60,4,1265.58,
Player2_Car,71.76,286.136,-24.652,416.031,20.009,2.17,0.60,4,1285.25,
Player1_Car,71.78,285.771,-24.652,396.377,20.003,2.81,0.60,4,1265.95,
Player2_Car,71.78,286.086,-24.651,416.428,19.987,2.27,0.60,4,1285.66,
Player1_Car,71.80,285.671,-24.652,396.764,20.003,2.78,0.60,4,1266.35,
Player2_Car,71.80,286.036,-24.651,416.825,19.998,2.15,0.60,4,1286.06,
Player1_Car,71.82,285.572,-24.652,397.152,20.004,2.78,0.60,4,1266.75,
Player2_Car,71.82,285.988,-24.650,417.222,20.001,2.07,0.60,4,1286.46,
Player1_Car,71.84,285.475,-24.652,397.540,20.004,2.77,0.60,4,1267.15,
Player2_Car,71.84,285.940,-24.650,417.619,20.003,2.09,0.60,4,1286.86,
Player1_Car,71.86,285.378,-24.652,397.928,20.004,2.74,0.60,4,1267.53,
Player2_Car,71.86,285.894,-24.649,418.016,19.972,2.30,0.60,4,1287.28,
Player1_Car,71.88,285.284,-24.652,398.317,20.004,2.71,0.60,4,1267.93,
Player2_Car,71.88,285.847,-24.648,418.413,19.988,2.14,0.60,4,1287.67,
Player1_Car,71.90,285.190,-24.652,398.706,20.004,2.71,0.60,4,1268.33,
Player2_Car,71.90,285.802,-24.647,418.810,19.991,2.00,0.60,4,1288.07,
Player1_Car,71.92,285.097,-24.652,399.095,20.005,2.71,0.60,4,1268.73,
Player2_Car,71.92,285.758,-24.646,419.207,19.990,2.04,0.60,4,1288.49,
Player1_Car,71.94,285.006,-24.652,399.484,20.005,2.68,0.60,4,1269.10,
Player2_Car,71.94,285.714,-24.644,419.604,19.954,2.30,0.61,4,1288.89,
Player1_Car,71.96,284.916,-24.652,399.874,20.005,2.65,0.60,4,1269.50,
Player2_Car,71.96,285.671,-24.642,420.001,19.964,2.15,0.60,4,1289.29,
Player1_Car,71.98,284.827,-24.652,400.264,20.005,2.65,0.60,4,1269.90,
Player2_Car,71.98,285.629,-24.640,420.398,19.974,1.93,0.60,4,1289.69,
Player1_Car,72.00,284.739,-24.652,400.655,20.005,2.64,0.60,4,1270.30,
Player2_Car,72.00,285.588,-24.638,420.795,19.968,1.98,0.60,4,1290.10,
Player1_Car,72.02,284.653,-24.652,401.045,20.005,2.61,0.60,4,1270.69,
Player2_Car,72.02,285.547,-24.634,421.191,19.913,2.36,0.61,4,1290.50,
Player1_Car,72.04,284.568,-24.652,401.436,20.005,2.59,0.60,4,1271.09,
Player2_Car,72.04,285.507,-24.631,421.588,19.932,2.14,0.61,4,1290.90,
Player1_Car,72.06,284.483,-24.652,401.827,20.006,2.58,0.60,4,1271.49,
Player2_Car,72.06,285.468,-24.628,421.985,19.948,1.81,0.61,4,1291.30,
Player1_Car,72.08,284.400,-24.652,402.219,20.006,2.56,0.60,4,1271.89,
Player2_Car,72.08,285.429,-24.622,422.380,19.882,2.20,0.61,4,1291.71,
Player1_Car,72.10,284.318,-24.652,402.610,20.006,2.53,0.60,4,1272.27,
Player2_Car,72.10,285.391,-24.617,422.777,19.913,2.07,0.61,4,1292.11,
Player1_Car,72.12,284.238,-24.652,403.002,20.006,2.51,0.60,4,1272.67,
Player2_Car,72.12,285.354,-24.613,423.173,19.913,1.92,0.61,4,1292.51,
Player1_Car,72.14,284.158,-24.652,403.394,20.006,2.51,0.60,4,1273.07,
Player2_Car,72.14,285.317,-24.608,423.570,19.922,1.87,0.61,4,1292.92,
Player1_Car,72.16,284.079,-24.652,403.787,20.006,2.49,0.60,4,1273.45,
Player2_Car,72.16,285.281,-24.600,423.965,19.855,2.29,0.62,4,1293.32,
Player1_Car,72.18,284.001,-24.652,404.179,20.007,2.46,0.60,4,1273.85,
Player2_Car,72.18,285.245,-24.594,424.362,19.885,2.04,0.61,4,1293.72,
Player1_Car,72.20,283.925,-24.652,404.572,20.007,2.45,0.60,4,1274.25,
Player2_Car,72.20,285.211,-24.587,424.758,19.882,1.82,0.61,4,1294.12,
Player1_Car,72.22,283.849,-24.652,404.965,20.007,2.44,0.60,4,1274.65,
Player2_Car,72.22,285.177,-24.580,425.154,19.886,1.84,0.61,4,1294.53,
Player1_Car,72.24,283.775,-24.652,405.358,20.007,2.42,0.60,4,1275.04,
Player2_Car,72.24,285.143,-24.570,425.549,19.825,2.27,0.62,4,1294.93,
Player1_Car,72.26,283.701,-24.652,405.751,20.007,2.39,0.60,4,1275.44,
Player2_Car,72.26,285.110,-24.561,425.944,19.836,2.11,0.62,4,1295.32,
Player1_Car,72.28,283.629,-24.652,406.145,20.007,2.39,0.60,4,1275.84,
Player2_Car,72.28,285.078,-24.552,426.340,19.865,1.69,0.62,4,1295.72,
Player1_Car,72.30,283.557,-24.652,406.539,20.007,2.38,0.60,4,1276.24,
Player2_Car,72.30,285.046,-24.541,426.735,19.802,2.03,0.62,4,1296.13,
Player1_Car,72.32,283.487,-24.652,406.933,20.007,2.36,0.60,4,1276.62,
Player2_Car,72.32,285.015,-24.530,427.130,19.829,1.99,0.62,4,1296.53,
Player1_Car,72.34,283.417,-24.652,407.327,20.008,2.34,0.60,4,1277.02,
Player2_Car,72.34,284.984,-24.519,427.525,19.823,1.92,0.62,4,1296.93,
Player1_Car,72.36,283.349,-24.652,407.721,20.008,2.33,0.60,4,1277.42,
Player2_Car,72.36,284.954,-24.508,427.921,19.845,1.76,0.62,4,1297.32,
Player1_Car,72.38,283.281,-24.652,408.115,20.008,2.33,0.60,4,1277.82,
Player2_Car,72.38,284.924,-24.494,428.315,19.764,2.21,0.63,4,1297.73,
Player1_Car,72.40,283.214,-24.652,408.510,20.008,2.31,0.60,4,1278.21,
Player2_Car,72.40,284.895,-24.480,428.710,19.803,1.94,0.62,4,1298.13,
Player1_Car,72.42,283.149,-24.652,408.905,20.008,2.29,0.60,4,1278.61,
Player2_Car,72.42,284.867,-24.467,429.105,19.807,1.72,0.62,4,1298.53,
Player1_Car,72.44,283.084,-24.652,409.299,20.008,2.29,0.60,4,1279.01,
Player2_Car,72.44,284.839,-24.453,429.501,19.823,1.71,0.62,4,1298.93,
Player1_Car,72.46,283.020,-24.652,409.694,20.008,2.28,0.60,4,1279.39,
Player2_Car,72.46,284.812,-24.436,429.894,19.741,2.28,0.63,4,1299.33,
Player1_Car,72.48,282.957,-24.652,410.090,20.008,2.26,0.60,4,1279.79,
Player2_Car,72.48,284.784,-24.420,430.289,19.783,1.96,0.63,4,1299.72,
Player1_Car,72.50,282.895,-24.652,410.485,20.009,2.25,0.60,4,1280.19,
Player2_Car,72.50,284.758,-24.404,430.684,19.793,1.63,0.62,4,1300.12,
Player1_Car,72.52,282.834,-24.652,410.880,20.009,2.25,0.60,4,1280.59,
Player2_Car,72.52,284.733,-24.388,431.079,19.799,1.68,0.62,4,1300.53,
Player1_Car,72.54,282.773,-24.652,411.276,20.009,2.24,0.60,4,1280.97,
Player2_Car,72.54,284.707,-24.368,431.472,19.719,2.28,0.63,4,1300.92,
Player1_Car,72.56,282.714,-24.652,411.672,20.009,2.22,0.60,4,1281.37,
Player2_Car,72.56,284.682,-24.349,431.867,19.748,2.03,0.63,4,1301.32,
Player1_Car,72.58,282.655,-24.652,412.068,20.009,2.22,0.60,4,1281.77,
Player2_Car,72.58,284.658,-24.331,432.262,19.786,1.51,0.63,4,1301.71,
Player1_Car,72.60,282.598,-24.652,412.464,20.009,2.22,0.60,4,1282.17,
Player2_Car,72.60,284.635,-24.311,432.656,19.779,1.63,0.63,4,1302.12,
Player1_Car,72.62,282.541,-24.652,412.860,20.009,2.20,0.60,4,1282.56,
Player2_Car,72.62,284.611,-24.289,433.050,19.703,2.29,0.64,4,1302.51,
Player1_Car,72.64,282.485,-24.652,413.256,20.009,2.18,0.60,4,1282.96,
Player2_Car,72.64,284.587,-24.267,433.443,19.733,2.04,0.63,4,1302.91,
Player1_Car,72.66,282.430,-24.652,413.652,20.009,2.19,0.60,4,1283.36,
Player2_Car,72.66,284.566,-24.246,433.838,19.771,1.49,0.63,4,1303.30,
Player1_Car,72.68,282.375,-24.652,414.049,20.009,2.19,0.60,4,1283.76,
Player2_Car,72.68,284.544,-24.222,434.231,19.691,1.94,0.64,4,1303.70,
Player1_Car,72.70,282.322,-24.652,414.445,20.009,2.17,0.60,4,1284.15,
Player2_Car,72.70,284.522,-24.198,434.625,19.733,1.89,0.63,4,1304.10,
Player1_Car,72.72,282.269,-24.652,414.842,20.009,2.16,0.60,4,1284.55,
Player2_Car,72.72,284.501,-24.174,435.019,19.730,1.80,0.63,4,1304.50,
Player1_Car,72.74,282.218,-24.652,415.239,20.010,2.16,0.60,4,1284.95,
Player2_Car,72.74,284.481,-24.150,435.414,19.756,1.63,0.63,4,1304.90,
Player1_Car,72.76,282.167,-24.652,415.636,20.010,2.16,0.60,4,1285.35,
Player2_Car,72.76,284.461,-24.123,435.807,19.678,2.08,0.64,4,1305.29,
Player1_Car,72.78,282.116,-24.652,416.033,20.011,2.14,0.60,4,1285.74,
Player2_Car,72.78,284.441,-24.096,436.201,19.719,1.83,0.63,4,1305.69,
Player1_Car,72.80,282.067,-24.652,416.430,20.013,2.13,0.60,4,1286.14,
Player2_Car,72.80,284.423,-24.069,436.595,19.719,1.66,0.63,4,1306.08,
Player1_Car,72.82,282.019,-24.651,416.827,20.013,2.14,0.60,4,1286.54,
Player2_Car,72.82,284.404,-24.042,436.989,19.735,1.61,0.63,4,1306.49,
Player1_Car,72.84,281.971,-24.651,417.224,20.013,2.15,0.60,4,1286.93,
Player2_Car,72.84,284.386,-24.012,437.382,19.671,2.03,0.64,4,1306.89,
Player1_Car,72.86,281.924,-24.651,417.621,20.015,2.13,0.60,4,1287.33,
Player2_Car,72.86,284.368,-23.981,437.775,19.673,1.96,0.64,4,1307.28,
Player1_Car,72.88,281.877,-24.650,418.018,20.018,2.12,0.60,4,1287.73,
Player2_Car,72.88,284.351,-23.952,438.169,19.718,1.47,0.63,4,1307.68,
Player1_Car,72.90,281.832,-24.649,418.416,20.019,2.13,0.60,4,1288.13,
Player2_Car,72.90,284.334,-23.922,438.563,19.731,1.44,0.63,4,1308.08,
Player1_Car,72.92,281.787,-24.648,418.812,19.996,2.26,0.60,4,1288.51,
Player2_Car,72.92,284.318,-23.889,438.956,19.667,2.02,0.64,4,1308.48,
Player1_Car,72.94,281.743,-24.646,419.209,19.997,2.20,0.60,4,1288.91,
Player2_Car,72.94,284.301,-23.855,439.348,19.659,2.04,0.64,4,1308.87,
Player1_Car,72.96,281.700,-24.645,419.606,19.999,2.10,0.60,4,1289.31,
Player2_Car,72.96,284.286,-23.822,439.742,19.706,1.44,0.64,4,1309.27,
Player1_Car,72.98,281.657,-24.643,420.003,20.002,2.09,0.60,4,1289.71,
Player2_Car,72.98,284.271,-23.788,440.135,19.663,1.60,0.64,4,1309.67,
Player1_Car,73.00,281.615,-24.640,420.400,19.971,2.30,0.60,4,1290.10,
Player2_Car,73.00,284.256,-23.753,440.528,19.685,1.67,0.64,4,1310.07,
Player1_Car,73.02,281.573,-24.637,420.796,19.975,2.25,0.60,4,1290.50,
Player2_Car,73.02,284.241,-23.717,440.921,19.657,1.82,0.64,4,1310.46,
Player1_Car,73.04,281.532,-24.634,421.193,19.977,2.11,0.60,4,1290.90,
Player2_Car,73.04,284.227,-23.681,441.315,19.696,1.53,0.64,4,1310.86,
Player1_Car,73.06,281.492,-24.630,421.589,19.952,2.22,0.61,4,1291.29,
Player2_Car,73.06,284.214,-23.643,441.708,19.652,1.67,0.64,4,1311.26,
Player1_Car,73.08,281.453,-24.627,421.986,19.956,2.20,0.61,4,1291.68,
Player2_Car,73.08,284.200,-23.605,442.101,19.676,1.60,0.64,4,1311.66,
Player1_Car,73.10,281.414,-24.622,422.382,19.967,2.09,0.60,4,1292.08,
Player2_Car,73.10,284.187,-23.566,442.494,19.649,1.70,0.64,4,1312.05,
Player1_Car,73.12,281.375,-24.618,422.778,19.968,2.12,0.60,4,1292.48,
Player2_Car,73.12,284.175,-23.527,442.887,19.686,1.49,0.64,4,1312.46,
Player1_Car,73.14,281.338,-24.612,423.174,19.925,2.41,0.61,4,1292.87,
Player2_Car,73.14,284.162,-23.486,443.280,19.645,1.64,0.64,4,1312.86,
Player1_Car,73.16,281.300,-24.606,423.570,19.930,2.29,0.61,4,1293.26,
Player2_Car,73.16,284.150,-23.444,443.673,19.668,1.57,0.64,4,1313.25,
Player1_Car,73.18,281.264,-24.600,423.965,19.934,2.09,0.61,4,1293.66,
Player2_Car,73.18,284.139,-23.402,444.065,19.642,1.65,0.64,4,1313.65,
Player1_Car,73.20,281.228,-24.594,424.361,19.943,2.06,0.61,4,1294.06,
Player2_Car,73.20,284.127,-23.360,444.458,19.677,1.44,0.64,4,1314.05,
Player1_Car,73.22,281.192,-24.585,424.756,19.890,2.47,0.61,4,1294.44,
Player2_Car,73.22,284.116,-23.315,444.851,19.630,1.62,0.64,4,1314.45,
Player1_Car,73.24,281.157,-24.577,425.151,19.897,2.38,0.61,4,1294.84,
Player2_Car,73.24,284.105,-23.270,445.243,19.613,1.72,0.65,4,1314.84,
Player1_Car,73.26,281.123,-24.568,425.546,19.899,2.14,0.61,4,1295.23,
Player2_Car,73.26,284.095,-23.225,445.636,19.666,1.32,0.64,4,1315.24,
Player1_Car,73.28,281.089,-24.560,425.942,19.910,2.05,0.61,4,1295.63,
Player2_Car,73.28,284.085,-23.178,446.028,19.607,1.57,0.65,4,1315.64,
Player1_Car,73.30,281.055,-24.549,426.336,19.863,2.43,0.62,4,1296.02,
Player2_Car,73.30,284.075,-23.131,446.421,19.644,1.47,0.64,4,1316.04,
Player1_Car,73.32,281.022,-24.539,426.731,19.870,2.40,0.62,4,1296.41,
Player2_Car,73.32,284.065,-23.084,446.813,19.637,1.46,0.64,4,1316.44,
Player1_Car,73.34,280.990,-24.528,427.126,19.873,2.18,0.62,4,1296.81,
Player2_Car,73.34,284.056,-23.036,447.207,19.671,1.32,0.64,4,1316.83,
Player1_Car,73.36,280.959,-24.517,427.521,19.884,2.07,0.61,4,1297.20,
Player2_Car,73.36,284.047,-22.985,447.598,19.580,1.76,0.65,4,1317.23,
Player1_Car,73.38,280.927,-24.504,427.915,19.844,2.40,0.62,4,1297.59,
Player2_Car,73.38,284.038,-22.935,447.990,19.629,1.45,0.64,4,1317.63,
Player1_Car,73.40,280.896,-24.491,428.309,19.850,2.40,0.62,4,1297.98,
Player2_Car,73.40,284.029,-22.884,448.383,19.644,1.22,0.64,4,1318.03,
Player1_Car,73.42,280.866,-24.478,428.703,19.856,2.20,0.62,4,1298.38,
Player2_Car,73.42,284.021,-22.834,448.776,19.667,1.22,0.64,4,1318.43,
Player1_Car,73.44,280.837,-24.463,429.097,19.814,2.36,0.62,4,1298.77,
Player2_Car,73.44,284.013,-22.779,449.167,19.560,1.67,0.65,4,1318.82,
Player1_Car,73.46,280.807,-24.448,429.491,19.817,2.33,0.62,4,1299.16,
Player2_Car,73.46,284.005,-22.726,449.560,19.621,1.37,0.65,4,1319.22,
Player1_Car,73.48,280.779,-24.433,429.886,19.837,2.14,0.62,4,1299.56,
Player2_Car,73.48,283.997,-22.672,449.952,19.647,1.13,0.64,4,1319.61,
Player1_Car,73.50,280.751,-24.417,430.280,19.846,2.10,0.62,4,1299.96,
Player2_Car,73.50,283.990,-22.618,450.345,19.657,1.22,0.64,4,1320.02,
Player1_Car,73.52,280.723,-24.399,430.673,19.790,2.52,0.63,4,1300.35,
Player2_Car,73.52,283.983,-22.560,450.736,19.552,1.59,0.65,4,1320.41,
Player1_Car,73.54,280.696,-24.382,431.067,19.799,2.43,0.62,4,1300.74,
Player2_Car,73.54,283.976,-22.502,451.128,19.595,1.36,0.65,4,1320.81,
Player1_Car,73.56,280.669,-24.364,431.460,19.810,2.13,0.62,4,1301.14,
Player2_Car,73.56,283.969,-22.446,451.521,19.650,0.98,0.64,4,1321.20,
Player1_Car,73.58,280.644,-24.346,431.855,19.831,2.00,0.62,4,1301.53,
Player2_Car,73.58,283.963,-22.388,451.914,19.654,1.15,0.64,4,1321.61,
Player1_Car,73.60,280.618,-24.325,432.247,19.772,2.50,0.63,4,1301.92,
Player2_Car,73.60,283.956,-22.327,452.304,19.546,1.50,0.65,4,1322.00,
Player1_Car,73.62,280.592,-24.305,432.641,19.784,2.47,0.63,4,1302.32,
Player2_Car,73.62,283.950,-22.266,452.696,19.590,1.29,0.65,4,1322.40,
Player1_Car,73.64,280.568,-24.284,433.034,19.796,2.14,0.62,4,1302.71,
Player2_Car,73.64,283.945,-22.206,453.089,19.647,0.94,0.64,4,1322.80,
Player1_Car,73.66,280.544,-24.263,433.428,19.816,2.00,0.62,4,1303.11,
Player2_Car,73.66,283.940,-22.143,453.479,19.536,1.46,0.66,4,1323.20,
Player1_Car,73.68,280.521,-24.240,433.821,19.759,2.48,0.63,4,1303.50,
Player2_Car,73.68,283.934,-22.080,453.871,19.594,1.32,0.65,4,1323.59,
Player1_Car,73.70,280.497,-24.217,434.214,19.771,2.47,0.63,4,1303.89,
Player2_Car,73.70,283.929,-22.016,454.263,19.610,1.14,0.65,4,1323.99,
Player1_Car,73.72,280.475,-24.193,434.607,19.783,2.16,0.63,4,1304.29,
Player2_Car,73.72,283.924,-21.952,454.656,19.639,1.05,0.64,4,1324.39,
Player1_Car,73.74,280.453,-24.170,435.001,19.799,2.02,0.62,4,1304.68,
Player2_Car,73.74,283.919,-21.885,455.046,19.524,1.41,0.66,4,1324.79,
Player1_Car,73.76,280.432,-24.143,435.393,19.749,2.43,0.63,4,1305.07,
Player2_Car,73.76,283.914,-21.819,455.438,19.587,1.17,0.65,4,1325.19,
Player1_Car,73.78,280.410,-24.118,435.786,19.758,2.44,0.63,4,1305.47,
Player2_Car,73.78,283.910,-21.752,455.830,19.611,1.04,0.65,4,1325.58,
Player1_Car,73.80,280.390,-24.091,436.180,19.772,2.14,0.63,4,1305.86,
Player2_Car,73.80,283.906,-21.685,456.222,19.624,1.12,0.65,4,1325.99,
Player1_Car,73.82,280.370,-24.063,436.572,19.726,2.29,0.63,4,1306.25,
Player2_Car,73.82,283.902,-21.614,456.612,19.517,1.36,0.66,4,1326.38,
Player1_Car,73.84,280.350,-24.035,436.965,19.725,2.33,0.63,4,1306.64,
Player2_Car,73.84,283.898,-21.543,457.003,19.555,1.18,0.65,4,1326.78,
Player1_Car,73.86,280.331,-24.007,437.358,19.752,2.09,0.63,4,1307.04,
Player2_Car,73.86,283.895,-21.473,457.396,19.617,0.85,0.65,4,1327.18,
Player1_Car,73.88,280.312,-23.978,437.751,19.770,1.97,0.63,4,1307.43,
Player2_Car,73.88,283.891,-21.400,457.786,19.521,1.32,0.66,4,1327.58,
Player1_Car,73.90,280.294,-23.946,438.143,19.717,2.37,0.63,4,1307.83,
Player2_Car,73.90,283.887,-21.328,458.177,19.573,1.22,0.65,4,1327.98,
Player1_Car,73.92,280.276,-23.915,438.536,19.716,2.40,0.63,4,1308.21,
Player2_Car,73.92,283.884,-21.254,458.569,19.574,1.11,0.65,4,1328.38,
Player1_Car,73.94,280.259,-23.884,438.929,19.748,1.99,0.63,4,1308.61,
Player2_Car,73.94,283.881,-21.181,458.961,19.615,0.94,0.65,4,1328.78,
Player1_Car,73.96,280.242,-23.852,439.321,19.758,1.86,0.63,4,1309.00,
Player2_Car,73.96,283.879,-21.104,459.351,19.501,1.27,0.66,4,1329.18,
Player1_Car,73.98,280.226,-23.818,439.713,19.705,2.34,0.64,4,1309.39,
Player2_Car,73.98,283.875,-21.027,459.742,19.561,1.07,0.65,4,1329.58,
Player1_Car,74.00,280.209,-23.784,440.106,19.706,2.38,0.64,4,1309.79,
Player2_Car,74.00,283.873,-20.950,460.134,19.576,1.00,0.65,4,1329.98,
Player1_Car,74.02,280.194,-23.749,440.498,19.704,2.10,0.64,4,1310.18,
Player2_Car,74.02,283.870,-20.873,460.526,19.603,1.01,0.65,4,1330.38,
Player1_Car,74.04,280.179,-23.714,440.891,19.735,1.78,0.63,4,1310.57,
Player2_Car,74.04,283.868,-20.793,460.915,19.495,1.20,0.66,4,1330.78,
Player1_Car,74.06,280.165,-23.677,441.283,19.692,2.12,0.64,4,1310.96,
Player2_Car,74.06,283.865,-20.712,461.306,19.526,1.09,0.66,4,1331.18,
Player1_Car,74.08,280.150,-23.640,441.675,19.699,2.23,0.64,4,1311.36,
Player2_Car,74.08,283.863,-20.632,461.697,19.590,0.79,0.65,4,1331.58,
Player1_Car,74.10,280.136,-23.602,442.068,19.701,2.05,0.64,4,1311.75,
Player2_Car,74.10,283.862,-20.551,462.090,19.607,0.93,0.65,4,1331.99,
Player1_Car,74.12,280.123,-23.564,442.461,19.718,1.82,0.63,4,1312.15,
Player2_Car,74.12,283.859,-20.467,462.479,19.492,1.12,0.66,4,1332.38,
Player1_Car,74.14,280.110,-23.524,442.852,19.683,2.03,0.64,4,1312.53,
Player2_Car,74.14,283.857,-20.382,462.869,19.523,1.03,0.66,4,1332.78,
Player1_Car,74.16,280.097,-23.484,443.245,19.692,2.07,0.64,4,1312.93,
Player2_Car,74.16,283.856,-20.298,463.261,19.592,0.74,0.65,4,1333.18,
Player1_Car,74.18,280.085,-23.443,443.637,19.699,1.91,0.64,4,1313.32,
Player2_Car,74.18,283.854,-20.212,463.651,19.491,1.10,0.66,4,1333.59,
Player1_Car,74.20,280.074,-23.402,444.030,19.704,1.83,0.64,4,1313.72,
Player2_Car,74.20,283.852,-20.125,464.042,19.544,1.02,0.65,4,1333.99,
Player1_Car,74.22,280.062,-23.359,444.421,19.677,1.99,0.64,4,1314.11,
Player2_Car,74.22,283.851,-20.038,464.432,19.549,0.98,0.65,4,1334.39,
Player1_Car,74.24,280.051,-23.316,444.814,19.688,1.96,0.64,4,1314.50,
Player2_Car,74.24,283.850,-19.950,464.824,19.583,0.89,0.65,4,1334.80,
Player1_Car,74.26,280.044,-23.254,445.196,19.210,2.93,0.69,4,1314.89,
Player2_Car,74.26,283.849,-19.859,465.213,19.470,1.04,0.66,4,1335.20,
Player1_Car,74.28,280.035,-23.196,445.582,19.331,2.02,0.68,4,1315.28,
Player2_Car,74.28,283.847,-19.768,465.603,19.511,0.93,0.66,4,1335.60,
Player1_Car,74.30,280.027,-23.140,445.970,19.487,0.67,0.66,4,1315.67,
Player2_Car,74.30,283.846,-19.678,465.995,19.574,0.71,0.65,4,1336.00,
Player1_Car,74.32,280.017,-23.084,446.362,19.599,0.35,0.65,3,1316.06,
Player2_Car,74.32,283.845,-19.587,466.387,19.593,0.87,0.65,4,1336.41,
Player1_Car,74.34,280.006,-23.031,446.756,19.739,0.72,0.63,3,1316.46,
Player2_Car,74.34,283.844,-19.491,466.775,19.452,0.97,0.67,4,1336.81,
Player1_Car,74.36,279.995,-22.981,447.153,19.863,0.82,0.62,3,1316.86,
Player2_Car,74.36,283.843,-19.397,467.166,19.527,0.72,0.66,4,1337.21,
Player1_Car,74.38,279.985,-22.931,447.552,19.962,0.45,0.60,3,1317.26,
Player2_Car,74.38,283.842,-19.303,467.558,19.592,0.61,0.65,4,1337.61,
Player1_Car,74.40,279.977,-22.884,447.953,20.067,0.15,0.59,3,1317.66,
Player2_Car,74.40,283.841,-19.205,467.946,19.430,0.89,0.67,4,1338.02,
Player1_Car,74.42,279.969,-22.839,448.356,20.160,0.15,0.58,3,1318.07,
Player2_Car,74.42,283.840,-19.108,468.336,19.515,0.75,0.66,4,1338.42,
Player1_Car,74.44,279.961,-22.795,448.761,20.246,0.23,0.57,4,1318.48,
Player2_Car,74.44,283.840,-19.011,468.728,19.570,0.65,0.65,4,1338.82,
Player1_Car,74.46,279.953,-22.751,449.166,20.228,-0.12,0.57,4,1318.88,
Player2_Car,74.46,283.840,-18.913,469.119,19.586,0.79,0.65,4,1339.23,
Player1_Car,74.48,279.946,-22.708,449.570,20.229,-0.45,0.57,4,1319.29,
Player2_Car,74.48,283.839,-18.811,469.507,19.421,0.83,0.67,4,1339.63,
Player1_Car,74.50,279.938,-22.660,449.970,19.994,0.40,0.60,4,1319.69,
Player2_Car,74.50,283.839,-18.710,469.897,19.514,0.54,0.66,4,1340.03,
Player1_Car,74.52,279.932,-22.606,450.365,19.741,0.86,0.63,4,1320.09,
Player2_Car,74.52,283.839,-18.609,470.289,19.590,0.46,0.65,4,1340.44,
Player1_Car,74.54,279.928,-22.548,450.756,19.591,0.86,0.65,4,1320.49,
Player2_Car,74.54,283.838,-18.504,470.678,19.430,0.73,0.67,4,1340.84,
Player1_Car,74.56,279.925,-22.492,451.149,19.661,0.62,0.64,4,1320.88,
Player2_Car,74.56,283.838,-18.400,471.068,19.504,0.71,0.66,4,1341.25,
Player1_Car,74.58,279.923,-22.435,451.542,19.672,0.83,0.64,4,1321.28,
Player2_Car,74.58,283.838,-18.296,471.459,19.558,0.63,0.65,4,1341.65,
Player1_Car,74.60,279.920,-22.374,451.934,19.560,0.84,0.65,4,1321.68,
Player2_Car,74.60,283.838,-18.192,471.851,19.594,0.65,0.65,4,1342.06,
Player1_Car,74.62,279.917,-22.315,452.326,19.625,0.67,0.64,4,1322.08,
Player2_Car,74.62,283.838,-18.083,472.239,19.414,0.70,0.67,4,1342.46,
Player1_Car,74.64,279.915,-22.255,452.719,19.669,0.74,0.64,4,1322.47,
Player2_Car,74.64,283.838,-17.975,472.629,19.504,0.50,0.66,4,1342.87,
Player1_Car,74.66,279.912,-22.195,453.112,19.652,0.83,0.64,4,1322.87,
Player2_Car,74.66,283.838,-17.868,473.020,19.574,0.47,0.65,4,1343.27,
Player1_Car,74.68,279.910,-22.131,453.503,19.546,0.83,0.65,4,1323.27,
Player2_Car,74.68,283.838,-17.759,473.412,19.579,0.62,0.65,4,1343.68,
Player1_Car,74.70,279.907,-22.068,453.895,19.617,0.65,0.65,4,1323.66,
Player2_Car,74.70,283.838,-17.647,473.800,19.417,0.63,0.67,4,1344.09,
Player1_Car,74.72,279.905,-22.005,454.288,19.635,0.82,0.64,4,1324.06,
Player2_Car,74.72,283.839,-17.535,474.190,19.510,0.41,0.66,4,1344.49,
Player1_Car,74.74,279.903,-21.941,454.681,19.648,0.83,0.64,4,1324.46,
Player2_Car,74.74,283.839,-17.424,474.582,19.593,0.38,0.65,4,1344.90,
Player1_Car,74.76,279.901,-21.874,455.071,19.538,0.84,0.66,4,1324.86,
Player2_Car,74.76,283.839,-17.309,474.970,19.422,0.55,0.67,4,1345.31,
Player1_Car,74.78,279.899,-21.807,455.463,19.613,0.65,0.65,4,1325.25,
Player2_Car,74.78,283.840,-17.194,475.360,19.505,0.53,0.66,4,1345.71,
Player1_Car,74.80,279.897,-21.741,455.856,19.627,0.83,0.64,4,1325.65,
Player2_Car,74.80,283.840,-17.080,475.751,19.561,0.52,0.65,4,1346.12,
Player1_Car,74.82,279.895,-21.673,456.248,19.629,0.84,0.64,4,1326.05,
Player2_Car,74.82,283.841,-16.965,476.143,19.587,0.53,0.65,4,1346.53,
Player1_Car,74.84,279.893,-21.603,456.638,19.528,0.84,0.66,4,1326.45,
Player2_Car,74.84,283.841,-16.845,476.531,19.416,0.54,0.67,4,1346.94,
Player1_Car,74.86,279.891,-21.533,457.030,19.609,0.63,0.65,4,1326.85,
Player2_Car,74.86,283.842,-16.727,476.921,19.507,0.38,0.66,4,1347.35,
Player1_Car,74.88,279.889,-21.463,457.422,19.618,0.83,0.65,4,1327.24,
Player2_Car,74.88,283.842,-16.609,477.313,19.587,0.36,0.65,4,1347.75,
Player1_Car,74.90,279.888,-21.389,457.812,19.506,0.83,0.66,4,1327.64,
Player2_Car,74.90,283.843,-16.490,477.704,19.577,0.47,0.65,4,1348.17,
Player1_Car,74.92,279.886,-21.317,458.204,19.576,0.63,0.65,4,1328.04,
Player2_Car,74.92,283.843,-16.367,478.092,19.424,0.48,0.67,4,1348.57,
Player1_Car,74.94,279.884,-21.243,458.595,19.596,0.81,0.65,4,1328.44,
Player2_Car,74.94,283.844,-16.244,478.482,19.518,0.33,0.66,4,1348.98,
Player1_Car,74.96,279.883,-21.170,458.988,19.618,0.82,0.65,4,1328.84,
Player2_Car,74.96,283.845,-16.123,478.875,19.606,0.31,0.65,4,1349.39,
Player1_Car,74.98,279.881,-21.093,459.378,19.504,0.82,0.66,4,1329.23,
Player2_Car,74.98,283.845,-15.997,479.263,19.421,0.42,0.67,4,1349.80,
Player1_Car,75.00,279.880,-21.017,459.769,19.577,0.62,0.65,4,1329.63,
Player2_Car,75.00,283.846,-15.872,479.653,19.508,0.40,0.66,4,1350.21,
Player1_Car,75.02,279.878,-20.940,460.161,19.592,0.81,0.65,4,1330.03,
Player2_Car,75.02,283.846,-15.747,480.044,19.580,0.40,0.65,4,1350.62,
Player1_Car,75.04,279.877,-20.863,460.553,19.602,0.82,0.65,4,1330.43,
Player2_Car,75.04,283.847,-15.621,480.436,19.587,0.40,0.65,4,1351.04,
Player1_Car,75.06,279.876,-20.782,460.942,19.499,0.81,0.66,4,1330.83,
Player2_Car,75.06,283.848,-15.492,480.824,19.427,0.41,0.67,4,1351.45,
Player1_Car,75.08,279.874,-20.702,461.334,19.578,0.60,0.65,4,1331.23,
Player2_Car,75.08,283.848,-15.363,481.214,19.518,0.30,0.66,4,1351.86,
Player1_Car,75.10,279.873,-20.622,461.725,19.586,0.80,0.65,4,1331.63,
Player2_Car,75.10,283.849,-15.235,481.607,19.607,0.29,0.65,4,1352.27,
Player1_Car,75.12,279.872,-20.539,462.115,19.486,0.80,0.66,4,1332.03,
Player2_Car,75.12,283.850,-15.103,481.995,19.437,0.36,0.67,4,1352.68,
Player1_Car,75.14,279.871,-20.456,462.506,19.550,0.62,0.65,4,1332.43,
Player2_Car,75.14,283.850,-14.971,482.386,19.520,0.36,0.66,4,1353.10,
Player1_Car,75.16,279.870,-20.373,462.898,19.600,0.67,0.65,4,1332.83,
Player2_Car,75.16,283.851,-14.839,482.777,19.577,0.35,0.65,4,1353.51,
Player1_Car,75.18,279.869,-20.289,463.289,19.580,0.77,0.65,4,1333.23,
Player2_Car,75.18,283.852,-14.707,483.169,19.599,0.34,0.65,4,1353.93,
Player1_Car,75.20,279.867,-20.202,463.679,19.475,0.77,0.66,4,1333.63,
Player2_Car,75.20,283.853,-14.571,483.558,19.445,0.35,0.67,4,1354.34,
Player1_Car,75.22,279.867,-20.116,464.069,19.551,0.56,0.65,4,1334.03,
Player2_Car,75.22,283.853,-14.436,483.948,19.533,0.28,0.66,4,1354.75,
Player1_Car,75.24,279.866,-20.029,464.461,19.565,0.76,0.65,4,1334.43,
Player2_Car,75.24,283.854,-14.301,484.340,19.607,0.32,0.65,4,1355.17,
Player1_Car,75.26,279.865,-19.941,464.852,19.582,0.75,0.65,4,1334.83,
Player2_Car,75.26,283.855,-14.165,484.732,19.593,0.32,0.65,4,1355.58,
Player1_Car,75.28,279.864,-19.850,465.241,19.472,0.74,0.66,4,1335.23,
Player2_Car,75.28,283.855,-14.026,485.122,19.498,0.33,0.66,4,1356.00,
Player1_Car,75.30,279.863,-19.760,465.632,19.553,0.53,0.65,4,1335.63,
Player2_Car,75.30,283.856,-13.888,485.513,19.582,0.29,0.65,4,1356.41,
Player1_Car,75.32,279.863,-19.670,466.023,19.570,0.72,0.65,4,1336.03,
Player2_Car,75.32,283.857,-13.749,485.906,19.624,0.30,0.65,4,1356.83,
Player1_Car,75.34,279.862,-19.576,466.412,19.454,0.73,0.67,4,1336.43,
Player2_Car,75.34,283.857,-13.608,486.296,19.515,0.30,0.66,4,1357.24,
Player1_Car,75.36,279.861,-19.483,466.803,19.522,0.55,0.66,4,1336.84,
Player2_Car,75.36,283.858,-13.467,486.688,19.585,0.30,0.65,4,1357.66,
Player1_Car,75.38,279.861,-19.390,467.194,19.577,0.60,0.65,4,1337.24,
Player2_Car,75.38,283.859,-13.327,487.080,19.633,0.29,0.64,4,1358.08,
Player1_Car,75.40,279.860,-19.296,467.586,19.589,0.69,0.65,4,1337.64,
Player2_Car,75.40,283.859,-13.185,487.473,19.645,0.29,0.64,4,1358.50,
Player1_Car,75.42,279.859,-19.197,467.974,19.426,0.68,0.67,4,1338.04,
Player2_Car,75.42,283.860,-13.041,487.864,19.565,0.29,0.65,4,1358.91,
Player1_Car,75.44,279.859,-19.100,468.364,19.516,0.47,0.66,4,1338.45,
Player2_Car,75.44,283.861,-12.898,488.257,19.639,0.28,0.64,4,1359.33,
Player1_Car,75.46,279.858,-19.003,468.756,19.577,0.53,0.65,4,1338.85,
Player2_Car,75.46,283.861,-12.754,488.651,19.685,0.27,0.64,4,1359.75,
Player1_Car,75.48,279.858,-18.906,469.148,19.580,0.63,0.65,4,1339.26,
Player2_Car,75.48,283.862,-12.609,489.043,19.629,0.27,0.64,4,1360.17,
Player1_Car,75.50,279.857,-18.803,469.535,19.417,0.62,0.67,4,1339.66,
Player2_Car,75.50,283.863,-12.464,489.437,19.676,0.27,0.64,4,1360.59,
Player1_Car,75.52,279.857,-18.702,469.925,19.510,0.44,0.66,4,1340.06,
Player2_Car,75.52,283.863,-12.319,489.831,19.713,0.26,0.63,4,1361.01,
Player1_Car,75.54,279.857,-18.602,470.317,19.590,0.44,0.65,4,1340.46,
Player2_Car,75.54,283.864,-12.173,490.225,19.724,0.26,0.63,4,1361.43,
Player1_Car,75.56,279.857,-18.497,470.706,19.422,0.56,0.67,4,1340.87,
Player2_Car,75.56,283.864,-12.026,490.619,19.696,0.26,0.64,4,1361.85,
Player1_Car,75.58,279.856,-18.393,471.096,19.502,0.53,0.66,4,1341.27,
Player2_Car,75.58,283.865,-11.879,491.014,19.734,0.25,0.63,4,1362.27,
Player1_Car,75.60,279.856,-18.289,471.487,19.556,0.56,0.65,4,1341.68,
Player2_Car,75.60,283.865,-11.732,491.409,19.765,0.25,0.63,4,1362.70,
Player1_Car,75.62,279.856,-18.185,471.878,19.588,0.55,0.65,4,1342.09,
Player2_Car,75.62,283.866,-11.584,491.804,19.744,0.25,0.63,4,1363.12,
Player1_Car,75.64,279.856,-18.076,472.266,19.411,0.54,0.67,4,1342.49,
Player2_Car,75.64,283.866,-11.436,492.199,19.776,0.24,0.63,4,1363.54,
Player1_Car,75.66,279.856,-17.968,472.656,19.502,0.41,0.66,4,1342.89,
Player2_Car,75.66,283.867,-11.288,492.595,19.802,0.24,0.62,4,1363.96,
Player1_Car,75.68,279.856,-17.860,473.048,19.574,0.44,0.65,4,1343.30,
Player2_Car,75.68,283.867,-11.139,492.992,19.820,0.23,0.62,4,1364.39,
Player1_Car,75.70,279.856,-17.752,473.439,19.574,0.51,0.65,4,1343.71,
Player2_Car,75.70,283.868,-10.990,493.388,19.808,0.23,0.62,4,1364.81,
Player1_Car,75.72,279.856,-17.639,473.827,19.415,0.49,0.67,4,1344.11,
Player2_Car,75.72,283.868,-10.841,493.785,19.839,0.23,0.62,4,1365.23,
Player1_Car,75.74,279.856,-17.527,474.217,19.509,0.38,0.66,4,1344.52,
Player2_Car,75.74,283.869,-10.691,494.182,19.861,0.22,0.62,4,1365.66,
Player1_Car,75.76,279.856,-17.416,474.609,19.594,0.38,0.65,4,1344.93,
Player2_Car,75.76,283.869,-10.542,494.579,19.860,0.22,0.62,4,1366.08,
Player1_Car,75.78,279.856,-17.301,474.997,19.416,0.45,0.67,4,1345.33,
Player2_Car,75.78,283.870,-10.392,494.977,19.878,0.22,0.61,4,1366.51,
Player1_Car,75.80,279.857,-17.186,475.387,19.504,0.41,0.66,4,1345.74,
Player2_Car,75.80,283.870,-10.242,495.375,19.895,0.22,0.61,4,1366.93,
Player1_Car,75.82,279.857,-17.072,475.778,19.562,0.45,0.65,4,1346.15,
Player2_Car,75.82,283.871,-10.092,495.773,19.906,0.21,0.61,4,1367.36,
Player1_Car,75.84,279.857,-16.957,476.170,19.583,0.44,0.65,4,1346.56,
Player2_Car,75.84,283.871,-9.941,496.171,19.913,0.21,0.61,4,1367.78,
Player1_Car,75.86,279.857,-16.837,476.558,19.416,0.42,0.67,4,1346.97,
Player2_Car,75.86,283.872,-9.791,496.569,19.925,0.21,0.61,4,1368.21,
Player1_Car,75.88,279.858,-16.719,476.948,19.507,0.35,0.66,4,1347.37,
Player2_Car,75.88,283.872,-9.640,496.968,19.937,0.21,0.61,4,1368.64,
Player1_Car,75.90,279.858,-16.601,477.340,19.589,0.37,0.65,4,1347.78,
Player2_Car,75.90,283.872,-9.489,497.367,19.960,0.20,0.60,4,1369.06,
Player1_Car,75.92,279.858,-16.479,477.728,19.431,0.40,0.67,4,1348.19,
Player2_Car,75.92,283.873,-9.339,497.767,19.971,0.20,0.60,4,1369.49,
Player1_Car,75.94,279.858,-16.358,478.118,19.505,0.39,0.66,4,1348.60,
Player2_Car,75.94,283.873,-9.188,498.166,19.980,0.19,0.60,4,1369.92,
Player1_Car,75.96,279.859,-16.236,478.509,19.558,0.39,0.65,4,1349.01,
Player2_Car,75.96,283.874,-9.037,498.566,19.989,0.19,0.60,4,1370.34,
Player1_Car,75.98,279.859,-16.115,478.901,19.594,0.38,0.65,4,1349.42,
Player2_Car,75.98,283.874,-8.886,498.966,20.025,0.19,0.60,4,1370.77,
Player1_Car,76.00,279.859,-15.989,479.289,19.419,0.37,0.67,4,1349.83,
Player2_Car,76.00,283.874,-8.735,499.366,20.030,0.18,0.60,4,1371.20,
Player1_Car,76.02,279.860,-15.864,479.679,19.507,0.32,0.66,4,1350.24,
Player2_Car,76.02,283.875,-8.584,499.766,20.034,0.18,0.60,4,1371.63,
Player1_Car,76.04,279.860,-15.739,480.071,19.584,0.36,0.65,4,1350.65,
Player2_Car,76.04,283.875,-8.434,500.167,20.063,0.18,0.59,4,1372.05,
Player1_Car,76.06,279.861,-15.613,480.463,19.585,0.35,0.65,4,1351.07,
Player2_Car,76.06,283.875,-8.283,500.568,20.068,0.17,0.59,4,1372.48,
Player1_Car,76.08,279.861,-15.483,480.851,19.427,0.33,0.67,4,1351.48,
Player2_Car,76.08,283.876,-8.132,500.968,20.069,0.17,0.59,4,1372.91,
Player1_Car,76.10,279.861,-15.354,481.241,19.519,0.30,0.66,4,1351.89,
Player2_Car,76.10,283.876,-7.982,501.369,20.070,0.17,0.59,4,1373.34,
Player1_Car,76.12,279.862,-15.226,481.633,19.610,0.30,0.65,4,1352.30,
Player2_Car,76.12,283.876,-7.832,501.771,20.107,0.17,0.59,4,1373.77,
Player1_Car,76.14,279.862,-15.094,482.022,19.435,0.32,0.67,4,1352.71,
Player2_Car,76.14,283.877,-7.682,502.172,20.105,0.17,0.59,4,1374.20,
Player1_Car,76.16,279.862,-14.962,482.412,19.519,0.31,0.66,4,1353.12,
Player2_Car,76.16,283.877,-7.531,502.574,20.103,0.17,0.59,4,1374.62,
Player1_Car,76.18,279.863,-14.830,482.804,19.580,0.31,0.65,4,1353.54,
Player2_Car,76.18,283.877,-7.382,502.976,20.160,0.17,0.58,4,1375.05,
Player1_Car,76.20,279.863,-14.698,483.196,19.597,0.30,0.65,4,1353.95,
Player2_Car,76.20,283.877,-7.233,503.378,20.159,0.16,0.58,4,1375.48,
Player1_Car,76.22,279.864,-14.562,483.584,19.445,0.29,0.67,4,1354.37,
Player2_Car,76.22,283.878,-7.083,503.780,20.153,0.16,0.58,4,1375.91,
Player1_Car,76.24,279.864,-14.427,483.975,19.534,0.27,0.66,4,1354.78,
Player2_Car,76.24,283.878,-6.934,504.182,20.146,0.16,0.58,4,1376.34,
Player1_Car,76.26,279.865,-14.292,484.367,19.610,0.29,0.65,4,1355.19,
Player2_Car,76.26,283.878,-6.786,504.586,20.232,0.09,0.57,4,1376.77,
Player1_Car,76.28,279.865,-14.154,484.757,19.498,0.28,0.66,4,1355.61,
Player2_Car,76.28,283.878,-6.638,504.989,20.241,0.14,0.57,4,1377.20,
Player1_Car,76.30,279.866,-14.016,485.148,19.554,0.27,0.65,4,1356.02,
Player2_Car,76.30,283.878,-6.489,505.391,20.220,0.14,0.57,4,1377.63,
Player1_Car,76.32,279.866,-13.878,485.540,19.601,0.27,0.65,4,1356.44,
Player2_Car,76.32,283.878,-6.343,505.795,20.294,0.13,0.56,4,1378.06,
Player1_Car,76.34,279.866,-13.740,485.932,19.627,0.26,0.64,4,1356.86,
Player2_Car,76.34,283.879,-6.196,506.199,20.286,0.14,0.57,4,1378.49,
Player1_Car,76.36,279.867,-13.599,486.323,19.518,0.25,0.66,4,1357.27,
Player2_Car,76.36,283.879,-6.048,506.602,20.269,0.14,0.57,4,1378.91,
Player1_Car,76.38,279.867,-13.458,486.714,19.588,0.25,0.65,4,1357.69,
Player2_Car,76.38,283.879,-5.902,507.005,20.249,0.14,0.57,4,1379.34,
Player1_Car,76.40,279.868,-13.317,487.107,19.636,0.24,0.64,4,1358.11,
Player2_Car,76.40,283.879,-5.758,507.410,20.327,0.11,0.56,4,1379.77,
Player1_Car,76.42,279.868,-13.175,487.500,19.645,0.24,0.64,4,1358.52,
Player2_Car,76.42,283.879,-5.613,507.814,20.344,0.13,0.56,4,1380.20,
Player1_Car,76.44,279.869,-13.031,487.891,19.566,0.23,0.65,4,1358.94,
Player2_Car,76.44,283.879,-5.468,508.218,20.311,0.14,0.56,4,1380.63,
Player1_Car,76.46,279.869,-12.888,488.284,19.642,0.22,0.64,4,1359.36,
Player2_Car,76.46,283.879,-5.326,508.625,20.384,0.11,0.55,4,1381.06,
Player1_Car,76.48,279.870,-12.745,488.677,19.684,0.22,0.64,4,1359.78,
Player2_Car,76.48,283.879,-5.184,509.030,20.419,0.12,0.55,4,1381.49,
Player1_Car,76.50,279.870,-12.599,489.070,19.631,0.22,0.64,4,1360.20,
Player2_Car,76.50,283.879,-5.041,509.434,20.389,0.12,0.55,4,1381.92,
Player1_Car,76.52,279.871,-12.454,489.463,19.678,0.21,0.64,4,1360.62,
Player2_Car,76.52,283.879,-4.899,509.838,20.356,0.14,0.56,4,1382.34,
Player1_Car,76.54,279.871,-12.309,489.858,19.715,0.21,0.63,4,1361.04,
Player2_Car,76.54,283.879,-4.760,510.246,20.426,0.12,0.55,4,1382.77,
Player1_Car,76.56,279.871,-12.163,490.252,19.723,0.20,0.63,4,1361.46,
Player2_Car,76.56,283.879,-4.620,510.652,20.476,0.08,0.54,4,1383.20,
Player1_Car,76.58,279.872,-12.016,490.646,19.698,0.19,0.64,4,1361.88,
Player2_Car,76.58,283.879,-4.480,511.057,20.441,0.12,0.55,4,1383.63,
Player1_Car,76.60,279.872,-11.869,491.041,19.736,0.19,0.63,4,1362.30,
Player2_Car,76.60,283.879,-4.345,511.465,20.505,0.16,0.54,4,1384.06,
Player1_Car,76.62,279.873,-11.722,491.436,19.767,0.18,0.63,4,1362.72,
Player2_Car,76.62,283.879,-4.208,511.872,20.520,0.12,0.54,4,1384.49,
Player1_Car,76.64,279.873,-11.574,491.831,19.745,0.18,0.63,4,1363.15,
Player2_Car,76.64,283.879,-4.071,512.277,20.481,0.12,0.54,4,1384.92,
Player1_Car,76.66,279.874,-11.426,492.226,19.777,0.17,0.63,4,1363.57,
Player2_Car,76.66,283.879,-3.935,512.683,20.436,0.14,0.55,4,1385.34,
Player1_Car,76.68,279.874,-11.278,492.622,19.804,0.17,0.62,4,1363.99,
Player2_Car,76.68,283.879,-3.802,513.092,20.501,0.14,0.54,4,1385.77,
Player1_Car,76.70,279.875,-11.129,493.019,19.821,0.17,0.62,4,1364.41,
Player2_Car,76.70,283.879,-3.669,513.499,20.545,0.09,0.53,4,1386.20,
Player1_Car,76.72,279.875,-10.980,493.415,19.809,0.16,0.62,4,1364.84,
Player2_Car,76.72,283.879,-3.536,513.905,20.502,0.13,0.54,4,1386.62,
Player1_Car,76.74,279.875,-10.831,493.812,19.840,0.15,0.62,4,1365.26,
Player2_Car,76.74,283.879,-3.407,514.315,20.562,0.16,0.53,4,1387.05,
Player1_Car,76.76,279.876,-10.681,494.209,19.863,0.15,0.62,4,1365.69,
Player2_Car,76.76,283.879,-3.277,514.723,20.567,0.13,0.53,4,1387.48,
Player1_Car,76.78,279.876,-10.532,494.606,19.860,0.15,0.62,4,1366.11,
Player2_Car,76.78,283.879,-3.147,515.129,20.522,0.13,0.54,4,1387.91,
Player1_Car,76.80,279.877,-10.382,495.004,19.879,0.14,0.61,4,1366.54,
Player2_Car,76.80,283.879,-3.020,515.538,20.577,0.17,0.53,4,1388.33,
Player1_Car,76.82,279.877,-10.232,495.402,19.896,0.14,0.61,4,1366.96,
Player2_Car,76.82,283.879,-2.893,515.946,20.589,0.14,0.53,4,1388.76,
Player1_Car,76.84,279.878,-10.081,495.800,19.906,0.13,0.61,4,1367.39,
Player2_Car,76.84,283.879,-2.766,516.353,20.548,0.14,0.53,4,1389.19,
Player1_Car,76.86,279.878,-9.931,496.198,19.914,0.13,0.61,4,1367.81,
Player2_Car,76.86,283.879,-2.640,516.759,20.501,0.15,0.54,4,1389.61,
Player1_Car,76.88,279.878,-9.780,496.597,19.926,0.12,0.61,4,1368.24,
Player2_Car,76.88,283.879,-2.518,517.169,20.563,0.15,0.53,4,1390.04,
Player1_Car,76.90,279.879,-9.630,496.995,19.938,0.12,0.61,4,1368.67,
Player2_Car,76.90,283.879,-2.395,517.577,20.587,0.12,0.53,4,1390.46,
Player1_Car,76.92,279.879,-9.479,497.395,19.962,0.11,0.60,4,1369.09,
Player2_Car,76.92,283.879,-2.272,517.983,20.537,0.14,0.54,4,1390.89,
Player1_Car,76.94,279.880,-9.328,497.794,19.971,0.11,0.60,4,1369.52,
Player2_Car,76.94,283.878,-2.153,518.393,20.591,0.19,0.53,4,1391.31,
Player1_Car,76.96,279.880,-9.177,498.193,19.981,0.11,0.60,4,1369.95,
Player2_Car,76.96,283.878,-2.033,518.801,20.596,0.15,0.53,4,1391.74,
Player1_Car,76.98,279.881,-9.026,498.593,19.990,0.11,0.60,4,1370.37,
Player2_Car,76.98,283.878,-1.913,519.208,20.551,0.15,0.53,4,1392.16,
Player1_Car,77.00,279.881,-8.876,498.993,20.026,0.10,0.60,4,1370.80,
Player2_Car,77.00,283.878,-1.794,519.615,20.502,0.16,0.54,4,1392.58,
Player1_Car,77.02,279.881,-8.725,499.393,20.031,0.10,0.60,4,1371.23,
Player2_Car,77.02,283.878,-1.679,520.024,20.565,0.16,0.53,4,1393.01,
Player1_Car,77.04,279.882,-8.574,499.793,20.035,0.10,0.60,4,1371.66,
Player2_Car,77.04,283.878,-1.564,520.432,20.589,0.14,0.53,4,1393.43,
Player1_Car,77.06,279.882,-8.424,500.194,20.064,0.09,0.59,4,1372.08,
Player2_Car,77.06,283.878,-1.448,520.839,20.535,0.16,0.54,4,1393.86,
Player1_Car,77.08,279.883,-8.273,500.595,20.068,0.09,0.59,4,1372.51,
Player2_Car,77.08,283.878,-1.336,521.249,20.592,0.20,0.53,4,1394.28,
Player1_Car,77.10,279.883,-8.122,500.996,20.070,0.09,0.59,4,1372.94,
Player2_Car,77.10,283.877,-1.224,521.657,20.597,0.16,0.53,4,1394.70,
Player1_Car,77.12,279.884,-7.972,501.397,20.070,0.08,0.59,4,1373.37,
Player2_Car,77.12,283.877,-1.111,522.064,20.549,0.16,0.53,4,1395.12,
Player1_Car,77.14,279.884,-7.822,501.798,20.108,0.07,0.59,4,1373.80,
Player2_Car,77.14,283.877,-1.000,522.470,20.497,0.18,0.54,4,1395.54,
Player1_Car,77.16,279.884,-7.671,502.200,20.105,0.07,0.59,4,1374.22,
Player2_Car,77.16,283.877,-0.892,522.880,20.562,0.17,0.53,4,1395.97,
Player1_Car,77.18,279.885,-7.521,502.601,20.102,0.07,0.59,4,1374.65,
Player2_Car,77.18,283.877,-0.784,523.288,20.596,0.14,0.53,4,1396.39,
Player1_Car,77.20,279.885,-7.372,503.004,20.161,0.06,0.58,4,1375.08,
Player2_Car,77.20,283.877,-0.676,523.695,20.540,0.17,0.54,4,1396.81,
Player1_Car,77.22,279.886,-7.222,503.406,20.159,0.07,0.58,4,1375.51,
Player2_Car,77.22,283.876,-0.572,524.105,20.596,0.22,0.53,4,1397.23,
Player1_Car,77.24,279.886,-7.073,503.807,20.153,0.06,0.58,4,1375.94,
Player2_Car,77.24,283.876,-0.467,524.513,20.593,0.18,0.53,4,1397.65,
Player1_Car,77.26,279.887,-6.923,504.209,20.146,0.05,0.58,4,1376.37,
Player2_Car,77.26,283.876,-0.361,524.919,20.545,0.18,0.53,4,1398.07,
Player1_Car,77.28,279.887,-6.776,504.613,20.232,0.00,0.57,4,1376.80,
Player2_Car,77.28,283.876,-0.257,525.325,20.493,0.20,0.54,4,1398.49,
Player1_Car,77.30,279.887,-6.627,505.016,20.243,0.06,0.57,4,1377.23,
Player2_Car,77.30,283.876,-0.158,525.735,20.559,0.18,0.53,4,1398.91,
Player1_Car,77.32,279.888,-6.479,505.418,20.220,0.06,0.57,4,1377.66,
Player2_Car,77.32,283.876,-0.057,526.143,20.583,0.17,0.53,4,1399.33,
Player1_Car,77.34,279.888,-6.333,505.823,20.293,-0.02,0.56,4,1378.08,
Player2_Car,77.34,283.875,0.044,526.549,20.525,0.19,0.54,4,1399.75,
Player1_Car,77.36,279.889,-6.185,506.226,20.286,0.05,0.57,4,1378.51,
Player2_Car,77.36,283.875,0.140,526.959,20.586,0.22,0.53,4,1400.16,
Player1_Car,77.38,279.889,-6.038,506.629,20.269,0.05,0.57,4,1378.94,
Player2_Car,77.38,283.875,0.238,527.367,20.580,0.20,0.53,4,1400.58,
Player1_Car,77.40,279.889,-5.892,507.032,20.248,0.04,0.57,4,1379.37,
Player2_Car,77.40,283.875,0.335,527.773,20.540,0.20,0.54,4,1401.00,
Player1_Car,77.42,279.890,-5.748,507.438,20.327,-0.03,0.56,4,1379.80,
Player2_Car,77.42,283.874,0.432,528.180,20.488,0.22,0.54,4,1401.42,
Player1_Car,77.44,279.890,-5.603,507.842,20.344,0.04,0.56,4,1380.23,
Player2_Car,77.44,283.874,0.524,528.589,20.555,0.19,0.53,4,1401.84,
Player1_Car,77.46,279.891,-5.458,508.246,20.311,0.03,0.56,4,1380.66,
Player2_Car,77.46,283.874,0.617,528.997,20.566,0.19,0.53,4,1402.25,
Player1_Car,77.48,279.891,-5.316,508.652,20.384,-0.05,0.55,4,1381.09,
Player2_Car,77.48,283.874,0.711,529.403,20.509,0.19,0.54,4,1402.67,
Player1_Car,77.50,279.892,-5.174,509.058,20.421,0.02,0.55,4,1381.52,
Player2_Car,77.50,283.873,0.799,529.812,20.569,0.22,0.53,4,1403.09,
Player1_Car,77.52,279.892,-5.031,509.462,20.390,0.03,0.55,4,1381.95,
Player2_Car,77.52,283.873,0.889,530.219,20.565,0.17,0.53,4,1403.50,
Player1_Car,77.54,279.892,-4.889,509.866,20.355,0.01,0.56,4,1382.37,
Player2_Car,77.54,283.873,0.979,530.626,20.513,0.15,0.54,4,1403.92,
Player1_Car,77.56,279.893,-4.750,510.274,20.426,-0.06,0.55,4,1382.80,
Player2_Car,77.56,283.873,1.068,531.031,20.464,0.15,0.54,4,1404.33,
Player1_Car,77.58,279.893,-4.610,510.680,20.475,0.01,0.54,4,1383.23,
Player2_Car,77.58,283.872,1.153,531.440,20.535,0.12,0.54,4,1404.75,
Player1_Car,77.60,279.894,-4.471,511.085,20.444,0.02,0.55,4,1383.66,
Player2_Car,77.60,283.872,1.239,531.848,20.547,0.08,0.53,4,1405.17,
Player1_Car,77.62,279.894,-4.335,511.494,20.508,-0.07,0.54,4,1384.09,
Player2_Car,77.62,283.871,1.325,532.253,20.493,0.05,0.54,4,1405.58,
Player1_Car,77.64,279.895,-4.198,511.900,20.521,0.01,0.54,4,1384.52,
Player2_Car,77.64,283.871,1.406,532.662,20.554,0.09,0.53,4,1406.00,
Player1_Car,77.66,279.895,-4.061,512.306,20.481,0.01,0.54,4,1384.95,
Player2_Car,77.66,283.870,1.489,533.069,20.538,-0.01,0.54,4,1406.41,
Player1_Car,77.68,279.896,-3.928,512.714,20.537,-0.11,0.54,4,1385.37,
Player2_Car,77.68,283.869,1.571,533.475,20.494,-0.05,0.54,4,1406.82,
Player1_Car,77.70,279.896,-3.794,513.121,20.555,-0.02,0.53,4,1385.80,
Player2_Car,77.70,283.869,1.653,533.880,20.447,-0.08,0.55,4,1407.23,
Player1_Car,77.72,279.897,-3.660,513.528,20.518,0.00,0.54,4,1386.23,
Player2_Car,77.72,283.868,1.730,534.289,20.520,-0.01,0.54,4,1407.65,
Player1_Car,77.74,279.897,-3.527,513.933,20.475,-0.02,0.54,4,1386.65,
Player2_Car,77.74,283.867,1.809,534.696,20.518,-0.17,0.54,4,1408.06,
Player1_Car,77.76,279.898,-3.398,514.343,20.537,-0.10,0.54,4,1387.08,
Player2_Car,77.76,283.866,1.888,535.101,20.464,-0.22,0.54,4,1408.48,
Player1_Car,77.78,279.898,-3.268,514.750,20.564,-0.01,0.53,4,1387.51,
Player2_Car,77.78,283.865,1.965,535.507,20.413,-0.24,0.55,4,1408.89,
Player1_Car,77.80,279.899,-3.138,515.156,20.518,-0.03,0.54,4,1387.94,
Player2_Car,77.80,283.863,2.039,535.915,20.490,-0.12,0.54,4,1409.30,
Player1_Car,77.82,279.899,-3.012,515.566,20.573,-0.13,0.53,4,1388.36,
Player2_Car,77.82,283.862,2.113,536.322,20.505,-0.33,0.54,4,1409.72,
Player1_Car,77.84,279.900,-2.885,515.974,20.584,-0.04,0.53,4,1388.79,
Player2_Car,77.84,283.861,2.188,536.727,20.449,-0.44,0.55,4,1410.13,
Player1_Car,77.86,279.900,-2.758,516.380,20.542,-0.04,0.53,4,1389.22,
Player2_Car,77.86,283.859,2.258,537.135,20.516,-0.23,0.54,4,1410.54,
Player1_Car,77.88,279.901,-2.632,516.787,20.495,-0.06,0.54,4,1389.64,
Player2_Car,77.88,283.857,2.329,537.542,20.494,-0.49,0.54,4,1410.95,
Player1_Car,77.90,279.901,-2.510,517.196,20.557,-0.11,0.53,4,1390.07,
Player2_Car,77.90,283.856,2.401,537.947,20.451,-0.63,0.55,4,1411.36,
Player1_Car,77.92,279.902,-2.387,517.604,20.584,-0.03,0.53,4,1390.49,
Player2_Car,77.92,283.854,2.471,538.352,20.404,-0.67,0.55,4,1411.77,
Player1_Car,77.94,279.902,-2.264,518.011,20.533,-0.06,0.54,4,1390.92,
Player2_Car,77.94,283.851,2.538,538.760,20.483,-0.35,0.54,4,1412.18,
Player1_Car,77.96,279.903,-2.145,518.421,20.588,-0.15,0.53,4,1391.34,
Player2_Car,77.96,283.849,2.605,539.166,20.485,-0.56,0.54,4,1412.60,
Player1_Car,77.98,279.903,-2.025,518.829,20.593,-0.07,0.53,4,1391.77,
Player2_Car,77.98,283.847,2.673,539.571,20.439,-0.91,0.55,4,1413.01,
Player1_Car,78.00,279.903,-1.905,519.235,20.548,-0.07,0.53,4,1392.19,
Player2_Car,78.00,283.845,2.737,539.978,20.460,-0.77,0.54,4,1413.42,
Player1_Car,78.02,279.904,-1.786,519.642,20.498,-0.09,0.54,4,1392.61,
Player2_Car,78.02,283.842,2.802,540.383,20.435,-0.82,0.55,4,1413.83,
Player1_Car,78.04,279.905,-1.672,520.052,20.561,-0.13,0.53,4,1393.04,
Player2_Car,78.04,283.839,2.865,540.790,20.441,-0.84,0.55,4,1414.24,
Player1_Car,78.06,279.905,-1.556,520.460,20.587,-0.06,0.53,4,1393.46,
Player2_Car,78.06,283.836,2.928,541.195,20.412,-1.03,0.55,4,1414.64,
Player1_Car,78.08,279.906,-1.440,520.866,20.534,-0.09,0.54,4,1393.88,
Player2_Car,78.08,283.833,2.989,541.601,20.415,-1.01,0.55,4,1415.05,
Player1_Car,78.10,279.906,-1.329,521.276,20.592,-0.16,0.53,4,1394.30,
Player2_Car,78.10,283.829,3.050,542.006,20.382,-1.12,0.55,4,1415.46,
Player1_Car,78.12,279.907,-1.216,521.684,20.595,-0.11,0.53,4,1394.73,
Player2_Car,78.12,283.826,3.109,542.412,20.447,-0.91,0.55,4,1415.87,
Player1_Car,78.14,279.907,-1.104,522.091,20.547,-0.11,0.53,4,1395.15,
Player2_Car,78.14,283.822,3.169,542.818,20.408,-1.20,0.55,4,1416.27,
Player1_Car,78.16,279.908,-0.992,522.498,20.495,-0.13,0.54,4,1395.57,
Player2_Car,78.16,283.819,3.226,543.224,20.423,-1.26,0.55,4,1416.68,
Player1_Car,78.18,279.908,-0.885,522.907,20.560,-0.15,0.53,4,1395.99,
Player2_Car,78.18,283.816,3.281,543.630,20.447,-1.15,0.55,4,1417.09,
Player1_Car,78.20,279.909,-0.777,523.315,20.592,-0.09,0.53,4,1396.41,
Player2_Car,78.20,283.812,3.338,544.035,20.410,-1.38,0.55,4,1417.50,
Player1_Car,78.22,279.909,-0.668,523.722,20.539,-0.13,0.54,4,1396.84,
Player2_Car,78.22,283.808,3.393,544.441,20.423,-1.40,0.55,4,1417.90,
Player1_Car,78.24,279.910,-0.565,524.132,20.597,-0.19,0.53,4,1397.25,
Player2_Car,78.24,283.804,3.447,544.846,20.394,-1.51,0.55,4,1418.31,
Player1_Car,78.26,279.910,-0.460,524.540,20.592,-0.14,0.53,4,1397.68,
Player2_Car,78.26,283.799,3.499,545.252,20.424,-1.38,0.55,4,1418.71,
Player1_Car,78.28,279.911,-0.354,524.947,20.544,-0.14,0.53,4,1398.10,
Player2_Car,78.28,283.794,3.552,545.657,20.384,-1.61,0.55,4,1419.10,
Player1_Car,78.30,279.911,-0.250,525.353,20.492,-0.16,0.54,4,1398.51,
Player2_Car,78.30,283.790,3.602,546.063,20.407,-1.58,0.55,4,1419.52,
Player1_Car,78.32,279.912,-0.151,525.763,20.558,-0.17,0.53,4,1398.93,
Player2_Car,78.32,283.785,3.653,546.468,20.369,-1.75,0.56,4,1419.93,
Player1_Car,78.34,279.912,-0.050,526.171,20.591,-0.13,0.53,4,1399.36,
Player2_Car,78.34,283.780,3.702,546.874,20.404,-1.59,0.55,4,1420.34,
Player1_Car,78.36,279.913,0.051,526.577,20.524,-0.16,0.54,4,1399.77,
Player2_Car,78.36,283.774,3.751,547.278,20.361,-1.79,0.56,4,1420.73,
Player1_Car,78.38,279.913,0.147,526.987,20.582,-0.22,0.53,4,1400.19,
Player2_Car,78.38,283.768,3.798,547.684,20.394,-1.71,0.55,4,1421.14,
Player1_Car,78.40,279.914,0.244,527.395,20.579,-0.18,0.53,4,1400.61,
Player2_Car,78.40,283.761,3.843,548.090,20.406,-1.66,0.55,4,1421.55,
Player1_Car,78.42,279.914,0.342,527.801,20.538,-0.17,0.54,4,1401.03,
Player2_Car,78.42,283.755,3.890,548.494,20.374,-1.94,0.56,4,1421.96,
Player1_Car,78.44,279.915,0.438,528.207,20.485,-0.20,0.54,4,1401.44,
Player2_Car,78.44,283.748,3.934,548.899,20.387,-1.94,0.55,4,1422.35,
Player1_Car,78.46,279.915,0.530,528.617,20.553,-0.19,0.53,4,1401.86,
Player2_Car,78.46,283.740,3.978,549.304,20.370,-1.93,0.56,4,1422.76,
Player1_Car,78.48,279.916,0.623,529.024,20.567,-0.20,0.53,4,1402.28,
Player2_Car,78.48,283.732,4.021,549.709,20.370,-1.89,0.56,4,1423.17,
Player1_Car,78.50,279.916,0.717,529.430,20.510,-0.22,0.54,4,1402.70,
Player2_Car,78.50,283.723,4.064,550.113,20.343,-2.05,0.56,4,1423.57,
Player1_Car,78.52,279.917,0.805,529.840,20.573,-0.25,0.53,4,1403.11,
Player2_Car,78.52,283.714,4.104,550.519,20.366,-1.94,0.56,4,1423.97,
Player1_Car,78.54,279.917,0.895,530.247,20.566,-0.26,0.53,4,1403.53,
Player2_Car,78.54,283.705,4.145,550.923,20.346,-2.01,0.56,4,1424.38,
Player1_Car,78.56,279.918,0.985,530.654,20.513,-0.28,0.54,4,1403.95,
Player2_Car,78.56,283.694,4.185,551.328,20.356,-2.00,0.56,4,1424.78,
Player1_Car,78.58,279.918,1.074,531.059,20.462,-0.33,0.54,4,1404.36,
Player2_Car,78.58,283.684,4.224,551.732,20.328,-2.14,0.56,4,1425.18,
Player1_Car,78.60,279.918,1.159,531.469,20.533,-0.29,0.54,4,1404.78,
Player2_Car,78.60,283.672,4.261,552.137,20.362,-1.95,0.56,4,1425.58,
Player1_Car,78.62,279.919,1.245,531.876,20.543,-0.38,0.53,4,1405.19,
Player2_Car,78.62,283.660,4.298,552.542,20.367,-1.90,0.56,4,1425.99,
Player1_Car,78.64,279.919,1.331,532.282,20.493,-0.41,0.54,4,1405.61,
Player2_Car,78.64,283.648,4.335,552.946,20.342,-2.16,0.56,4,1426.40,
Player1_Car,78.66,279.919,1.412,532.691,20.555,-0.39,0.53,4,1406.02,
Player2_Car,78.66,283.635,4.371,553.349,20.307,-2.36,0.56,4,1426.79,
Player1_Car,78.68,279.919,1.495,533.098,20.538,-0.50,0.54,4,1406.44,
Player2_Car,78.68,283.621,4.405,553.754,20.349,-1.97,0.56,4,1427.20,
Player1_Car,78.70,279.919,1.577,533.503,20.493,-0.54,0.54,4,1406.85,
Player2_Car,78.70,283.607,4.438,554.159,20.357,-1.82,0.56,4,1427.60,
Player1_Car,78.72,279.919,1.659,533.909,20.445,-0.60,0.55,4,1407.26,
Player2_Car,78.72,283.592,4.472,554.563,20.325,-2.18,0.56,4,1428.01,
Player1_Car,78.74,279.919,1.736,534.318,20.519,-0.45,0.54,4,1407.68,
Player2_Car,78.74,283.577,4.503,554.967,20.343,-2.20,0.56,4,1428.40,
Player1_Car,78.76,279.919,1.814,534.724,20.522,-0.66,0.54,4,1408.09,
Player2_Car,78.76,283.561,4.535,555.371,20.324,-2.15,0.56,4,1428.81,
Player1_Car,78.78,279.919,1.893,535.130,20.465,-0.75,0.54,4,1408.51,
Player2_Car,78.78,283.544,4.565,555.775,20.332,-2.02,0.56,4,1429.21,
Player1_Car,78.80,279.919,1.971,535.535,20.412,-0.83,0.55,4,1408.92,
Player2_Car,78.80,283.526,4.595,556.179,20.309,-2.15,0.56,4,1429.61,
Player1_Car,78.82,279.918,2.044,535.943,20.488,-0.55,0.54,4,1409.33,
Player2_Car,78.82,283.509,4.625,556.582,20.292,-2.24,0.56,4,1430.01,
Player1_Car,78.84,279.917,2.118,536.350,20.502,-0.69,0.54,4,1409.74,
Player2_Car,78.84,283.490,4.654,556.985,20.261,-2.27,0.57,4,1430.42,
Player1_Car,78.86,279.917,2.193,536.755,20.448,-0.98,0.55,4,1410.16,
Player2_Car,78.86,283.471,4.681,557.389,20.284,-1.97,0.57,4,1430.82,
Player1_Car,78.88,279.916,2.263,537.164,20.517,-0.80,0.54,4,1410.57,
Player2_Car,78.88,283.451,4.709,557.792,20.260,-2.02,0.57,4,1431.21,
Player1_Car,78.90,279.915,2.334,537.570,20.494,-0.97,0.54,4,1410.98,
Player2_Car,78.90,283.431,4.736,558.195,20.253,-2.11,0.57,4,1431.62,
Player1_Car,78.92,279.914,2.406,537.975,20.450,-1.16,0.55,4,1411.39,
Player2_Car,78.92,283.410,4.761,558.599,20.259,-2.00,0.57,4,1432.02,
Player1_Car,78.94,279.913,2.476,538.380,20.402,-1.25,0.55,4,1411.80,
Player2_Car,78.94,283.388,4.786,559.002,20.247,-1.99,0.57,4,1432.42,
Player1_Car,78.96,279.911,2.543,538.788,20.480,-0.76,0.54,4,1412.21,
Player2_Car,78.96,283.366,4.812,559.404,20.223,-2.09,0.57,4,1432.81,
Player1_Car,78.98,279.909,2.610,539.194,20.461,-0.99,0.54,4,1412.62,
Player2_Car,78.98,283.343,4.836,559.807,20.249,-1.87,0.57,4,1433.22,
Player1_Car,79.00,279.908,2.678,539.599,20.438,-1.39,0.55,4,1413.04,
Player2_Car,79.00,283.320,4.859,560.210,20.255,-1.77,0.57,4,1433.62,
Player1_Car,79.02,279.907,2.742,540.006,20.471,-1.23,0.54,4,1413.44,
Player2_Car,79.02,283.295,4.882,560.613,20.236,-1.96,0.57,4,1434.03,
Player1_Car,79.04,279.904,2.807,540.412,20.434,-1.29,0.55,4,1413.85,
Player2_Car,79.04,283.271,4.904,561.016,20.275,-1.82,0.57,4,1434.41,
Player1_Car,79.06,279.902,2.870,540.818,20.463,-1.24,0.54,4,1414.27,
Player2_Car,79.06,283.246,4.926,561.419,20.263,-1.85,0.57,4,1434.82,
Player1_Car,79.08,279.900,2.933,541.223,20.420,-1.52,0.55,4,1414.68,
Player2_Car,79.08,283.220,4.947,561.821,20.267,-1.89,0.57,4,1435.22,
Player1_Car,79.10,279.898,2.995,541.629,20.436,-1.47,0.55,4,1415.09,
Player2_Car,79.10,283.194,4.968,562.223,20.242,-2.02,0.57,4,1435.61,
Player1_Car,79.12,279.895,3.056,542.034,20.400,-1.56,0.55,4,1415.50,
Player2_Car,79.12,283.168,4.986,562.627,20.312,-1.61,0.56,4,1436.02,
Player1_Car,79.14,279.893,3.115,542.440,20.438,-1.40,0.55,4,1415.91,
Player2_Car,79.14,283.141,5.006,563.029,20.290,-1.75,0.57,4,1436.42,
Player1_Car,79.16,279.890,3.175,542.845,20.403,-1.63,0.55,4,1416.32,
Player2_Car,79.16,283.114,5.024,563.431,20.285,-2.00,0.57,4,1436.83,
Player1_Car,79.18,279.887,3.233,543.250,20.423,-1.64,0.55,4,1416.73,
Player2_Car,79.18,283.087,5.043,563.833,20.254,-2.15,0.57,4,1437.22,
Player1_Car,79.20,279.884,3.291,543.655,20.387,-1.78,0.55,4,1417.14,
Player2_Car,79.20,283.059,5.057,564.237,20.332,-1.55,0.56,4,1437.62,
Player1_Car,79.22,279.880,3.346,544.061,20.412,-1.62,0.55,4,1417.55,
Player2_Car,79.22,283.030,5.073,564.640,20.317,-1.61,0.56,4,1438.02,
Player1_Car,79.24,279.876,3.400,544.467,20.435,-1.52,0.55,4,1417.97,
Player2_Car,79.24,283.002,5.089,565.042,20.287,-2.09,0.57,4,1438.43,
Player1_Car,79.26,279.872,3.456,544.871,20.399,-1.87,0.55,4,1418.38,
Player2_Car,79.26,282.973,5.104,565.444,20.256,-2.25,0.57,4,1438.82,
Player1_Car,79.28,279.868,3.508,545.277,20.430,-1.83,0.55,4,1418.79,
Player2_Car,79.28,282.944,5.114,565.848,20.339,-1.46,0.56,4,1439.23,
Player1_Car,79.30,279.863,3.561,545.681,20.387,-1.96,0.55,4,1419.20,
Player2_Car,79.30,282.913,5.126,566.251,20.336,-1.43,0.56,4,1439.63,
Player1_Car,79.32,279.858,3.612,546.087,20.413,-1.79,0.55,4,1419.61,
Player2_Car,79.32,282.884,5.139,566.653,20.299,-2.05,0.56,4,1440.03,
Player1_Car,79.34,279.853,3.663,546.491,20.379,-1.93,0.55,4,1420.02,
Player2_Car,79.34,282.854,5.146,567.058,20.386,-1.69,0.55,4,1440.43,
Player1_Car,79.36,279.847,3.713,546.896,20.398,-1.91,0.55,4,1420.42,
Player2_Car,79.36,282.823,5.155,567.461,20.368,-1.68,0.56,4,1440.83,
Player1_Car,79.38,279.841,3.762,547.301,20.364,-2.06,0.56,4,1420.84,
Player2_Car,79.38,282.792,5.164,567.863,20.340,-1.97,0.56,4,1441.24,
Player1_Car,79.40,279.834,3.809,547.706,20.399,-1.88,0.55,4,1421.25,
Player2_Car,79.40,282.762,5.173,568.265,20.307,-2.12,0.56,4,1441.63,
Player1_Car,79.42,279.827,3.857,548.110,20.364,-2.03,0.56,4,1421.65,
Player2_Car,79.42,282.730,5.177,568.670,20.377,-1.50,0.55,4,1442.04,
Player1_Car,79.44,279.819,3.902,548.515,20.376,-2.02,0.55,4,1422.06,
Player2_Car,79.44,282.698,5.183,569.072,20.349,-1.63,0.56,4,1442.44,
Player1_Car,79.46,279.811,3.946,548.921,20.403,-1.88,0.55,4,1422.48,
Player2_Car,79.46,282.667,5.189,569.474,20.318,-2.06,0.56,4,1442.85,
Player1_Car,79.48,279.802,3.991,549.325,20.370,-2.12,0.56,4,1422.88,
Player2_Car,79.48,282.635,5.193,569.877,20.284,-2.16,0.57,4,1443.24,
Player1_Car,79.50,279.793,4.034,549.730,20.387,-2.11,0.55,4,1423.29,
Player2_Car,79.50,282.602,5.194,570.281,20.341,-1.49,0.56,4,1443.65,
Player1_Car,79.52,279.783,4.077,550.134,20.348,-2.23,0.56,4,1423.70,
Player2_Car,79.52,282.569,5.197,570.683,20.310,-1.57,0.56,4,1444.05,
Player1_Car,79.54,279.773,4.118,550.539,20.382,-1.98,0.55,4,1424.11,
Player2_Car,79.54,282.537,5.199,571.085,20.282,-1.99,0.57,4,1444.46,
Player1_Car,79.56,279.761,4.159,550.943,20.351,-2.11,0.56,4,1424.52,
Player2_Car,79.56,282.504,5.199,571.489,20.299,-1.86,0.56,4,1444.86,
Player1_Car,79.58,279.750,4.199,551.347,20.360,-2.15,0.56,4,1424.92,
Player2_Car,79.58,282.470,5.199,571.891,20.278,-1.73,0.57,4,1445.26,
Player1_Car,79.60,279.738,4.238,551.751,20.326,-2.28,0.56,4,1425.34,
Player2_Car,79.60,282.437,5.199,572.293,20.254,-1.78,0.57,4,1445.66,
Player1_Car,79.62,279.725,4.275,552.156,20.370,-1.98,0.56,4,1425.74,
Player2_Car,79.62,282.403,5.199,572.695,20.231,-1.87,0.57,4,1446.07,
Player1_Car,79.64,279.711,4.313,552.560,20.336,-2.12,0.56,4,1426.15,
Player2_Car,79.64,282.369,5.198,573.097,20.211,-1.83,0.57,4,1446.47,
Player1_Car,79.66,279.698,4.350,552.964,20.342,-2.20,0.56,4,1426.55,
Player2_Car,79.66,282.334,5.196,573.498,20.193,-1.72,0.58,4,1446.87,
Player1_Car,79.68,279.683,4.384,553.369,20.375,-2.00,0.55,4,1426.97,
Player2_Car,79.68,282.300,5.195,573.899,20.176,-1.66,0.58,4,1447.27,
Player1_Car,79.70,279.668,4.419,553.773,20.346,-2.17,0.56,4,1427.37,
Player2_Car,79.70,282.265,5.193,574.301,20.160,-1.67,0.58,4,1447.67,
Player1_Car,79.72,279.652,4.453,554.177,20.354,-2.21,0.56,4,1427.78,
Player2_Car,79.72,282.230,5.191,574.702,20.149,-1.62,0.58,4,1448.08,
Player1_Car,79.74,279.636,4.486,554.580,20.319,-2.31,0.56,4,1428.19,
Player2_Car,79.74,282.194,5.188,575.103,20.136,-1.57,0.58,4,1448.48,
Player1_Car,79.76,279.619,4.518,554.985,20.349,-2.05,0.56,4,1428.60,
Player2_Car,79.76,282.158,5.186,575.504,20.126,-1.52,0.58,4,1448.88,
Player1_Car,79.78,279.601,4.550,555.388,20.321,-2.13,0.56,4,1429.00,
Player2_Car,79.78,282.122,5.184,575.904,20.116,-1.50,0.59,4,1449.28,
Player1_Car,79.80,279.583,4.580,555.792,20.333,-2.15,0.56,4,1429.41,
Player2_Car,79.80,282.085,5.181,576.305,20.112,-1.44,0.59,4,1449.69,
Player1_Car,79.82,279.564,4.610,556.195,20.302,-2.28,0.56,4,1429.82,
Player2_Car,79.82,282.048,5.178,576.705,20.104,-1.43,0.59,4,1450.09,
Player1_Car,79.84,279.545,4.640,556.599,20.286,-2.26,0.57,4,1430.22,
Player2_Car,79.84,282.011,5.176,577.105,20.096,-1.43,0.59,4,1450.49,
Player1_Car,79.86,279.525,4.669,557.001,20.261,-2.21,0.57,4,1430.63,
Player2_Car,79.86,281.974,5.173,577.505,20.094,-1.38,0.59,4,1450.89,
Player1_Car,79.88,279.504,4.697,557.405,20.284,-1.97,0.57,4,1431.03,
Player2_Car,79.88,281.936,5.170,577.905,20.088,-1.36,0.59,4,1451.29,
Player1_Car,79.90,279.483,4.723,557.808,20.271,-2.02,0.57,4,1431.45,
Player2_Car,79.90,281.899,5.168,578.305,20.082,-1.36,0.59,4,1451.69,
Player1_Car,79.92,279.461,4.751,558.211,20.246,-2.21,0.57,4,1431.85,
Player2_Car,79.92,281.861,5.165,578.704,20.076,-1.35,0.59,4,1452.09,
Player1_Car,79.94,279.439,4.776,558.614,20.268,-2.02,0.57,4,1432.26,
Player2_Car,79.94,281.823,5.162,579.104,20.076,-1.30,0.59,4,1452.50,
Player1_Car,79.96,279.416,4.802,559.017,20.242,-2.02,0.57,4,1432.68,
Player2_Car,79.96,281.785,5.159,579.504,20.072,-1.29,0.59,4,1452.90,
Player1_Car,79.98,279.392,4.826,559.419,20.262,-1.91,0.57,4,1433.08,
Player2_Car,79.98,281.746,5.156,579.903,20.067,-1.30,0.59,4,1453.30,
Player1_Car,80.00,279.368,4.851,559.822,20.242,-2.02,0.57,4,1433.48,
Player2_Car,80.00,281.708,5.153,580.302,20.063,-1.30,0.59,4,1453.70,
Player1_Car,80.02,279.343,4.875,560.224,20.251,-1.98,0.57,4,1433.89,
Player2_Car,80.02,281.669,5.150,580.702,20.065,-1.24,0.59,4,1454.10,
Player1_Car,80.04,279.318,4.898,560.627,20.229,-2.01,0.57,4,1434.30,
Player2_Car,80.04,281.631,5.147,581.101,20.061,-1.24,0.59,4,1454.50,
Player1_Car,80.06,279.292,4.919,561.030,20.286,-1.67,0.57,4,1434.71,
Player2_Car,80.06,281.592,5.144,581.500,20.057,-1.26,0.59,4,1454.90,
Player1_Car,80.08,279.266,4.942,561.432,20.261,-1.87,0.57,4,1435.11,
Player2_Car,80.08,281.553,5.141,581.899,20.054,-1.26,0.59,4,1455.30,
Player1_Car,80.10,279.239,4.963,561.834,20.260,-2.03,0.57,4,1435.51,
Player2_Car,80.10,281.514,5.138,582.298,20.055,-1.21,0.59,4,1455.70,
Player1_Car,80.12,279.212,4.981,562.238,20.324,-1.65,0.56,4,1435.93,
Player2_Car,80.12,281.475,5.135,582.697,20.052,-1.20,0.59,4,1456.11,
Player1_Car,80.14,279.184,5.001,562.640,20.305,-1.78,0.56,4,1436.33,
Player2_Car,80.14,281.436,5.132,583.096,20.049,-1.22,0.59,4,1456.51,
Player1_Car,80.16,279.157,5.020,563.042,20.295,-2.05,0.56,4,1436.73,
Player2_Car,80.16,281.397,5.128,583.495,20.047,-1.22,0.59,4,1456.91,
Player1_Car,80.18,279.129,5.039,563.444,20.266,-2.17,0.57,4,1437.14,
Player2_Car,80.18,281.358,5.125,583.894,20.045,-1.20,0.59,4,1457.31,
Player1_Car,80.20,279.100,5.053,563.848,20.342,-1.55,0.56,4,1437.55,
Player2_Car,80.20,281.318,5.122,584.293,20.042,-1.18,0.59,4,1457.71,
Player1_Car,80.22,279.071,5.070,564.250,20.315,-1.71,0.56,4,1437.95,
Player2_Car,80.22,281.279,5.119,584.692,20.041,-1.18,0.60,4,1458.11,
Player1_Car,80.24,279.042,5.086,564.652,20.296,-2.12,0.56,4,1438.36,
Player2_Car,80.24,281.239,5.115,585.090,20.040,-1.17,0.60,4,1458.51,
Player1_Car,80.26,279.013,5.101,565.054,20.265,-2.24,0.57,4,1438.76,
Player2_Car,80.26,281.200,5.112,585.489,20.038,-1.17,0.60,4,1458.91,
Player1_Car,80.28,278.983,5.112,565.459,20.354,-1.44,0.56,4,1439.17,
Player2_Car,80.28,281.161,5.109,585.888,20.037,-1.16,0.60,4,1459.31,
Player1_Car,80.30,278.952,5.124,565.861,20.334,-1.58,0.56,4,1439.57,
Player2_Car,80.30,281.121,5.105,586.287,20.036,-1.16,0.60,4,1459.71,
Player1_Car,80.32,278.923,5.137,566.263,20.305,-2.13,0.56,4,1439.98,
Player2_Car,80.32,281.081,5.102,586.685,20.035,-1.15,0.60,4,1460.11,
Player1_Car,80.34,278.893,5.145,566.668,20.374,-1.76,0.56,4,1440.39,
Player2_Car,80.34,281.042,5.099,587.084,20.033,-1.15,0.60,4,1460.51,
Player1_Car,80.36,278.861,5.154,567.071,20.373,-1.61,0.56,4,1440.79,
Player2_Car,80.36,281.002,5.095,587.483,20.033,-1.14,0.60,4,1460.91,
Player1_Car,80.38,278.830,5.163,567.473,20.344,-1.95,0.56,4,1441.19,
Player2_Car,80.38,280.963,5.092,587.881,20.032,-1.13,0.60,4,1461.31,
Player1_Car,80.40,278.799,5.172,567.875,20.314,-2.17,0.56,4,1441.60,
Player2_Car,80.40,280.923,5.089,588.280,20.032,-1.12,0.60,4,1461.71,
Player1_Car,80.42,278.767,5.176,568.280,20.370,-1.61,0.56,4,1442.00,
Player2_Car,80.42,280.883,5.085,588.679,20.030,-1.13,0.60,4,1462.11,
Player1_Car,80.44,278.734,5.182,568.682,20.352,-1.63,0.56,4,1442.41,
Player2_Car,80.44,280.843,5.082,589.077,20.029,-1.12,0.60,4,1462.51,
Player1_Car,80.46,278.703,5.188,569.085,20.323,-2.03,0.56,4,1442.81,
Player2_Car,80.46,280.803,5.079,589.476,20.030,-1.11,0.60,4,1462.91,
Player1_Car,80.48,278.671,5.193,569.487,20.290,-2.18,0.57,4,1443.21,
Player2_Car,80.48,280.764,5.075,589.874,20.029,-1.11,0.60,4,1463.31,
Player1_Car,80.50,278.638,5.194,569.891,20.341,-1.56,0.56,4,1443.62,
Player2_Car,80.50,280.724,5.072,590.273,20.027,-1.11,0.60,4,1463.71,
Player1_Car,80.52,278.604,5.196,570.293,20.313,-1.61,0.56,4,1444.02,
Player2_Car,80.52,280.684,5.069,590.671,20.027,-1.10,0.60,4,1464.11,
Player1_Car,80.54,278.571,5.199,570.695,20.286,-1.99,0.57,4,1444.43,
Player2_Car,80.54,280.644,5.065,591.070,20.028,-1.09,0.60,4,1464.51,
Player1_Car,80.56,278.538,5.200,571.098,20.255,-2.11,0.57,4,1444.83,
Player2_Car,80.56,280.604,5.062,591.468,20.027,-1.08,0.60,4,1464.91,
Player1_Car,80.58,278.504,5.199,571.501,20.289,-1.58,0.57,4,1445.24,
Player2_Car,80.58,280.564,5.059,591.867,20.026,-1.07,0.60,4,1465.31,
Player1_Car,80.60,278.470,5.199,571.903,20.261,-1.59,0.57,4,1445.64,
Player2_Car,80.60,280.524,5.055,592.265,20.026,-1.06,0.60,4,1465.71,
Player1_Car,80.62,278.436,5.199,572.305,20.237,-1.87,0.57,4,1446.04,
Player2_Car,80.62,280.484,5.052,592.664,20.026,-1.05,0.60,4,1466.11,
Player1_Car,80.64,278.402,5.198,572.707,20.216,-1.93,0.57,4,1446.45,
Player2_Car,80.64,280.445,5.049,593.062,20.026,-1.04,0.60,4,1466.51,
Player1_Car,80.66,278.367,5.196,573.108,20.196,-1.75,0.58,4,1446.85,
Player2_Car,80.66,280.405,5.046,593.461,20.026,-1.03,0.60,4,1466.91,
Player1_Car,80.68,278.331,5.195,573.510,20.179,-1.62,0.58,4,1447.25,
Player2_Car,80.68,280.365,5.042,593.859,20.026,-1.02,0.60,4,1467.31,
Player1_Car,80.70,278.296,5.193,573.911,20.163,-1.62,0.58,4,1447.66,
Player2_Car,80.70,280.325,5.039,594.258,20.026,-1.01,0.60,4,1467.72,
Player1_Car,80.72,278.260,5.191,574.312,20.152,-1.63,0.58,4,1448.06,
Player2_Car,80.72,280.285,5.036,594.656,20.026,-1.00,0.60,4,1468.12,
Player1_Car,80.74,278.224,5.189,574.713,20.139,-1.59,0.58,4,1448.46,
Player2_Car,80.74,280.245,5.032,595.055,20.026,-0.99,0.60,4,1468.52,
Player1_Car,80.76,278.188,5.186,575.114,20.128,-1.53,0.58,4,1448.86,
Player2_Car,80.76,280.205,5.029,595.453,20.026,-0.98,0.60,4,1468.92,
Player1_Car,80.78,278.151,5.184,575.515,20.118,-1.48,0.59,4,1449.27,
Player2_Car,80.78,280.165,5.026,595.852,20.026,-0.97,0.60,4,1469.32,
Player1_Car,80.80,278.114,5.181,575.915,20.114,-1.43,0.59,4,1449.67,
Player2_Car,80.80,280.125,5.022,596.250,20.026,-0.96,0.60,4,1469.72,
Player1_Car,80.82,278.077,5.178,576.315,20.106,-1.43,0.59,4,1450.07,
Player2_Car,80.82,280.085,5.019,596.649,20.026,-0.95,0.60,4,1470.12,
Player1_Car,80.84,278.040,5.176,576.716,20.098,-1.43,0.59,4,1450.47,
Player2_Car,80.84,280.045,5.016,597.047,20.026,-0.94,0.60,4,1470.52,
Player1_Car,80.86,278.002,5.173,577.116,20.095,-1.37,0.59,4,1450.88,
Player2_Car,80.86,280.005,5.012,597.446,20.026,-0.93,0.60,4,1470.92,
Player1_Car,80.88,277.964,5.170,577.515,20.089,-1.35,0.59,4,1451.28,
Player2_Car,80.88,279.965,5.009,597.844,20.026,-0.92,0.60,4,1471.32,
Player1_Car,80.90,277.926,5.168,577.915,20.083,-1.35,0.59,4,1451.68,
Player2_Car,80.90,279.925,5.006,598.243,20.026,-0.91,0.60,4,1471.72,
Player1_Car,80.92,277.888,5.165,578.315,20.077,-1.35,0.59,4,1452.08,
Player2_Car,80.92,279.885,5.002,598.641,20.026,-0.90,0.60,4,1472.12,
Player1_Car,80.94,277.849,5.162,578.714,20.077,-1.29,0.59,4,1452.48,
Player2_Car,80.94,279.845,4.999,599.040,20.026,-0.89,0.60,4,1472.52,
Player1_Car,80.96,277.811,5.159,579.114,20.072,-1.28,0.59,4,1452.88,
Player2_Car,80.96,279.805,4.996,599.438,20.026,-0.88,0.60,4,1472.92,
Player1_Car,80.98,277.772,5.156,579.513,20.068,-1.30,0.59,4,1453.28,
Player2_Car,80.98,279.765,4.992,599.837,20.026,-0.87,0.60,4,1473.32,
Player1_Car,81.00,277.734,5.153,579.913,20.064,-1.29,0.59,4,1453.68,
Player2_Car,81.00,279.725,4.989,600.235,20.026,-0.86,0.60,4,1473.72,
Player1_Car,81.02,277.695,5.150,580.312,20.065,-1.24,0.59,4,1454.09,
Player2_Car,81.02,279.684,4.986,600.634,20.026,-0.85,0.60,4,1474.12,
Player1_Car,81.04,277.656,5.147,580.711,20.061,-1.23,0.59,4,1454.49,
Player2_Car,81.04,279.644,4.982,601.032,20.026,-0.84,0.60,4,1474.52,
Player1_Car,81.06,277.617,5.144,581.110,20.058,-1.25,0.59,4,1454.89,
Player2_Car,81.06,279.604,4.979,601.431,20.026,-0.83,0.60,4,1474.92,
Player1_Car,81.08,277.578,5.141,581.509,20.054,-1.25,0.59,4,1455.29,
Player2_Car,81.08,279.564,4.976,601.829,20.026,-0.82,0.60,4,1475.33,
Player1_Car,81.10,277.538,5.138,581.908,20.056,-1.21,0.59,4,1455.69,
Player2_Car,81.10,279.524,4.972,602.228,20.026,-0.81,0.60,4,1475.73,
Player1_Car,81.12,277.499,5.135,582.307,20.053,-1.20,0.59,4,1456.09,
Player2_Car,81.12,279.484,4.969,602.626,20.027,-0.80,0.60,4,1476.13,
Player1_Car,81.14,277.460,5.132,582.706,20.050,-1.22,0.59,4,1456.49,
Player2_Car,81.14,279.444,4.966,603.025,20.027,-0.79,0.60,4,1476.53,
Player1_Car,81.16,277.420,5.128,583.105,20.047,-1.22,0.59,4,1456.89,
Player2_Car,81.16,279.404,4.962,603.423,20.027,-0.78,0.60,4,1476.93,
Player1_Car,81.18,277.381,5.125,583.504,20.045,-1.20,0.59,4,1457.29,
Player2_Car,81.18,279.364,4.959,603.822,20.027,-0.77,0.60,4,1477.33,
Player1_Car,81.20,277.341,5.122,583.903,20.043,-1.18,0.59,4,1457.69,
Player2_Car,81.20,279.324,4.956,604.220,20.027,-0.76,0.60,4,1477.73,
Player1_Car,81.22,277.302,5.119,584.302,20.041,-1.18,0.60,4,1458.10,
Player2_Car,81.22,279.284,4.952,604.619,20.027,-0.75,0.60,4,1478.13,
Player1_Car,81.24,277.262,5.115,584.701,20.039,-1.17,0.60,4,1458.50,
Player2_Car,81.24,279.244,4.949,605.017,20.027,-0.74,0.60,4,1478.53,
Player1_Car,81.26,277.223,5.112,585.099,20.038,-1.17,0.60,4,1458.90,
Player2_Car,81.26,279.204,4.946,605.416,20.027,-0.73,0.60,4,1478.93,
Player1_Car,81.28,277.183,5.109,585.498,20.036,-1.16,0.60,4,1459.30,
Player2_Car,81.28,279.163,4.942,605.814,20.027,-0.72,0.60,4,1479.33,
Player1_Car,81.30,277.143,5.105,585.897,20.035,-1.15,0.60,4,1459.70,
Player2_Car,81.30,279.123,4.939,606.213,20.027,-0.71,0.60,4,1479.73,
Player1_Car,81.32,277.104,5.102,586.296,20.034,-1.14,0.60,4,1460.10,
Player2_Car,81.32,279.083,4.936,606.611,20.028,-0.70,0.60,4,1480.13,
Player1_Car,81.34,277.064,5.099,586.694,20.033,-1.14,0.60,4,1460.50,
Player2_Car,81.34,279.043,4.932,607.010,20.028,-0.70,0.60,4,1480.53,
Player1_Car,81.36,277.024,5.095,587.093,20.032,-1.14,0.60,4,1460.90,
Player2_Car,81.36,279.003,4.929,607.408,20.028,-0.69,0.60,4,1480.93,
Player1_Car,81.38,276.984,5.092,587.491,20.031,-1.14,0.60,4,1461.30,
Player2_Car,81.38,278.963,4.926,607.807,20.028,-0.68,0.60,4,1481.33,
Player1_Car,81.40,276.944,5.089,587.890,20.031,-1.12,0.60,4,1461.70,
Player2_Car,81.40,278.923,4.922,608.205,20.028,-0.67,0.60,4,1481.73,
Player1_Car,81.42,276.905,5.085,588.289,20.030,-1.12,0.60,4,1462.10,
Player2_Car,81.42,278.883,4.919,608.604,20.028,-0.66,0.60,4,1482.13,
Player1_Car,81.44,276.865,5.082,588.687,20.029,-1.13,0.60,4,1462.50,
Player2_Car,81.44,278.843,4.916,609.002,20.028,-0.65,0.60,4,1482.54,
Player1_Car,81.46,276.825,5.079,589.086,20.029,-1.12,0.60,4,1462.91,
Player2_Car,81.46,278.802,4.913,609.401,20.028,-0.64,0.60,4,1482.94,
Player1_Car,81.48,276.782,5.093,589.477,19.653,-1.72,0.64,4,1463.30,
Player2_Car,81.48,278.762,4.909,609.800,20.028,-0.63,0.60,4,1483.34,
Player1_Car,81.50,276.743,5.105,589.870,19.753,-0.80,0.63,4,1463.69,
Player2_Car,81.50,278.722,4.906,610.198,20.028,-0.62,0.60,4,1483.74,
Player1_Car,81.52,276.702,5.113,590.265,19.873,-0.01,0.62,3,1464.09,
Player2_Car,81.52,278.682,4.903,610.597,20.029,-0.61,0.60,4,1484.14,
Player1_Car,81.54,276.663,5.118,590.663,19.998,-0.15,0.60,3,1464.49,
Player2_Car,81.54,278.642,4.899,610.995,20.029,-0.60,0.60,4,1484.54,
Player1_Car,81.56,276.624,5.121,591.063,20.112,-0.36,0.59,2,1464.90,
Player2_Car,81.56,278.602,4.896,611.394,20.029,-0.59,0.60,4,1484.94,
Player1_Car,81.58,276.585,5.120,591.462,20.035,-0.88,0.60,2,1465.30,
Player2_Car,81.58,278.562,4.893,611.792,20.029,-0.58,0.60,4,1485.34,
Player1_Car,81.60,276.545,5.117,591.859,19.955,-1.24,0.61,2,1465.70,
Player2_Car,81.60,278.522,4.889,612.191,20.029,-0.57,0.60,4,1485.74,
Player1_Car,81.62,276.505,5.110,592.255,19.879,-1.41,0.61,2,1466.10,
Player2_Car,81.62,278.481,4.886,612.589,20.029,-0.56,0.60,4,1486.14,
Player1_Car,81.64,276.464,5.101,592.649,19.806,-1.46,0.62,2,1466.49,
Player2_Car,81.64,278.441,4.883,612.988,20.029,-0.55,0.60,4,1486.54,
Player1_Car,81.66,276.424,5.089,593.041,19.715,-1.43,0.63,3,1466.89,
Player2_Car,81.66,278.401,4.879,613.387,20.029,-0.55,0.60,4,1486.94,
Player1_Car,81.68,276.383,5.075,593.435,19.802,-0.41,0.62,4,1467.28,
Player2_Car,81.68,278.361,4.876,613.785,20.029,-0.54,0.60,4,1487.34,
Player1_Car,81.70,276.344,5.060,593.830,19.844,0.39,0.62,4,1467.68,
Player2_Car,81.70,278.321,4.873,614.184,20.029,-0.53,0.60,4,1487.74,
Player1_Car,81.72,276.306,5.044,594.226,19.915,0.29,0.61,4,1468.08,
Player2_Car,81.72,278.281,4.869,614.582,20.029,-0.52,0.60,4,1488.14,
Player1_Car,81.74,276.270,5.034,594.619,19.720,-0.55,0.63,4,1468.47,
Player2_Car,81.74,278.241,4.866,614.981,20.030,-0.51,0.60,4,1488.54,
Player1_Car,81.76,276.232,5.030,595.009,19.585,-0.53,0.65,4,1468.86,
Player2_Car,81.76,278.201,4.863,615.379,20.030,-0.50,0.60,4,1488.95,
Player1_Car,81.78,276.192,5.026,595.399,19.583,-0.51,0.65,4,1469.26,
Player2_Car,81.78,278.160,4.859,615.778,20.030,-0.49,0.60,4,1489.35,
Player1_Car,81.80,276.151,5.023,595.789,19.615,-0.49,0.65,4,1469.65,
Player2_Car,81.80,278.120,4.856,616.177,20.030,-0.48,0.60,4,1489.75,
Player1_Car,81.82,276.111,5.020,596.180,19.651,-0.48,0.64,4,1470.04,
Player2_Car,81.82,278.080,4.853,616.575,20.030,-0.47,0.60,4,1490.15,
Player1_Car,81.84,276.070,5.016,596.571,19.685,-0.47,0.64,4,1470.43,
Player2_Car,81.84,278.040,4.849,616.974,20.030,-0.47,0.60,4,1490.55,
Player1_Car,81.86,276.030,5.013,596.964,19.717,-0.45,0.63,4,1470.83,
Player2_Car,81.86,278.000,4.846,617.372,20.030,-0.46,0.60,4,1490.95,
Player1_Car,81.88,275.989,5.010,597.356,19.745,-0.44,0.63,4,1471.22,
Player2_Car,81.88,277.960,4.843,617.771,20.030,-0.45,0.60,4,1491.35,
Player1_Car,81.90,275.949,5.006,597.750,19.771,-0.43,0.63,4,1471.62,
Player2_Car,81.90,277.920,4.839,618.169,20.030,-0.44,0.60,4,1491.75,
Player1_Car,81.92,275.908,5.003,598.144,19.795,-0.42,0.62,4,1472.02,
Player2_Car,81.92,277.879,4.836,618.568,20.030,-0.43,0.60,4,1492.15,
Player1_Car,81.94,275.868,5.000,598.538,19.817,-0.41,0.62,4,1472.41,
Player2_Car,81.94,277.839,4.833,618.966,20.030,-0.42,0.60,4,1492.55,
Player1_Car,81.96,275.827,4.997,598.932,19.836,-0.40,0.62,4,1472.81,
Player2_Car,81.96,277.799,4.829,619.365,20.030,-0.41,0.60,4,1492.95,
Player1_Car,81.98,275.786,4.993,599.328,19.854,-0.39,0.62,4,1473.21,
Player2_Car,81.98,277.759,4.826,619.764,20.030,-0.40,0.60,4,1493.35,
Player1_Car,82.00,275.746,4.990,599.723,19.870,-0.38,0.62,4,1473.60,
Player2_Car,82.00,277.719,4.823,620.162,20.030,-0.40,0.60,4,1493.75,
Player1_Car,82.02,275.705,4.987,600.118,19.885,-0.37,0.61,4,1474.00,
Player2_Car,82.02,277.679,4.819,620.561,20.031,-0.39,0.60,4,1494.15,
Player1_Car,82.04,275.664,4.983,600.514,19.898,-0.36,0.61,4,1474.40,
Player2_Car,82.04,277.639,4.816,620.959,20.031,-0.38,0.60,4,1494.55,
Player1_Car,82.06,275.624,4.980,600.910,19.910,-0.35,0.61,4,1474.80,
Player2_Car,82.06,277.599,4.813,621.358,20.031,-0.37,0.60,4,1494.95,
Player1_Car,82.08,275.583,4.977,601.307,19.922,-0.34,0.61,4,1475.20,
Player2_Car,82.08,277.558,4.809,621.756,20.031,-0.36,0.60,4,1495.36,
Player1_Car,82.10,275.542,4.973,601.703,19.932,-0.33,0.61,4,1475.59,
Player2_Car,82.10,277.518,4.806,622.155,20.031,-0.35,0.60,4,1495.76,
Player1_Car,82.12,275.502,4.970,602.100,19.941,-0.32,0.61,4,1475.99,
Player2_Car,82.12,277.478,4.803,622.553,20.031,-0.35,0.60,4,1496.16,
Player1_Car,82.14,275.461,4.967,602.497,19.949,-0.31,0.61,4,1476.39,
Player2_Car,82.14,277.438,4.799,622.952,20.031,-0.34,0.60,4,1496.56,
Player1_Car,82.16,275.420,4.963,602.894,19.957,-0.30,0.61,4,1476.79,
Player2_Car,82.16,277.398,4.796,623.351,20.031,-0.33,0.60,4,1496.96,
Player1_Car,82.18,275.380,4.960,603.291,19.963,-0.29,0.60,4,1477.19,
Player2_Car,82.18,277.358,4.793,623.749,20.031,-0.32,0.60,4,1497.36,
Player1_Car,82.20,275.339,4.957,603.689,19.970,-0.29,0.60,4,1477.59,
Player2_Car,82.20,277.318,4.789,624.148,20.031,-0.31,0.60,4,1497.76,
Player1_Car,82.22,275.299,4.954,604.086,19.975,-0.28,0.60,4,1477.99,
Player2_Car,82.22,277.278,4.786,624.546,20.031,-0.31,0.60,4,1498.16,
Player1_Car,82.24,275.258,4.950,604.484,19.980,-0.27,0.60,4,1478.39,
Player2_Car,82.24,277.238,4.783,624.945,20.031,-0.30,0.60,4,1498.56,
Player1_Car,82.26,275.217,4.947,604.881,19.985,-0.26,0.60,4,1478.79,
Player2_Car,82.26,277.197,4.779,625.344,20.031,-0.29,0.60,4,1498.96,
Player1_Car,82.28,275.177,4.944,605.279,19.989,-0.25,0.60,4,1479.19,
Player2_Car,82.28,277.157,4.776,625.742,20.031,-0.28,0.60,4,1499.36,
Player1_Car,82.30,275.136,4.940,605.677,19.993,-0.25,0.60,4,1479.59,
Player2_Car,82.30,277.117,4.773,626.141,20.031,-0.27,0.60,4,1499.76,
Player1_Car,82.32,275.096,4.937,606.075,19.997,-0.24,0.60,4,1479.99,
Player2_Car,82.32,277.077,4.769,626.540,20.031,-0.27,0.60,4,1500.16,
Player1_Car,82.34,275.055,4.934,606.473,20.000,-0.23,0.60,4,1480.39,
Player2_Car,82.34,277.037,4.766,626.938,20.031,-0.26,0.60,4,1500.56,
Player1_Car,82.36,275.015,4.930,606.871,20.003,-0.22,0.60,4,1480.79,
Player2_Car,82.36,276.997,4.763,627.337,20.031,-0.25,0.60,4,1500.96,
Player1_Car,82.38,274.974,4.927,607.269,20.006,-0.22,0.60,4,1481.19,
Player2_Car,82.38,276.957,4.760,627.735,20.031,-0.24,0.60,4,1501.37,
Player1_Car,82.40,274.934,4.924,607.667,20.008,-0.21,0.60,4,1481.59,
Player2_Car,82.40,276.917,4.756,628.134,20.032,-0.24,0.60,4,1501.77,
Player1_Car,82.42,274.893,4.920,608.065,20.010,-0.20,0.60,4,1481.99,
Player2_Car,82.42,276.877,4.753,628.533,20.032,-0.23,0.60,4,1502.17,
Player1_Car,82.44,274.853,4.917,608.463,20.012,-0.20,0.60,4,1482.39,
Player2_Car,82.44,276.837,4.750,628.931,20.032,-0.22,0.60,4,1502.57,
Player1_Car,82.46,274.812,4.914,608.861,20.014,-0.19,0.60,4,1482.79,
Player2_Car,82.46,276.796,4.746,629.330,20.032,-0.21,0.60,4,1502.97,
Player1_Car,82.48,274.772,4.910,609.260,20.016,-0.19,0.60,4,1483.19,
Player2_Car,82.48,276.756,4.743,629.729,20.032,-0.21,0.60,4,1503.37,
Player1_Car,82.50,274.731,4.907,609.658,20.017,-0.18,0.60,4,1483.59,
Player2_Car,82.50,276.716,4.740,630.127,20.032,-0.20,0.60,4,1503.77,
Player1_Car,82.52,274.691,4.904,610.056,20.019,-0.17,0.60,4,1483.99,
Player2_Car,82.52,276.676,4.736,630.526,20.032,-0.19,0.60,4,1504.17,
Player1_Car,82.54,274.651,4.900,610.455,20.020,-0.17,0.60,4,1484.39,
Player2_Car,82.54,276.636,4.733,630.924,20.032,-0.18,0.60,4,1504.57,
Player1_Car,82.56,274.610,4.897,610.853,20.021,-0.16,0.60,4,1484.79,
Player2_Car,82.56,276.596,4.730,631.323,20.032,-0.18,0.60,4,1504.97,
Player1_Car,82.58,274.570,4.894,611.251,20.022,-0.16,0.60,4,1485.19,
Player2_Car,82.58,276.556,4.726,631.722,20.032,-0.17,0.60,4,1505.37,
Player1_Car,82.60,274.529,4.890,611.650,20.023,-0.15,0.60,4,1485.59,
Player2_Car,82.60,276.516,4.723,632.120,20.032,-0.16,0.60,4,1505.77,
Player1_Car,82.62,274.489,4.887,612.048,20.024,-0.15,0.60,4,1485.99,
Player2_Car,82.62,276.476,4.720,632.519,20.032,-0.16,0.60,4,1506.17,
Player1_Car,82.64,274.449,4.884,612.447,20.025,-0.14,0.60,4,1486.39,
Player2_Car,82.64,276.436,4.716,632.917,20.032,-0.15,0.60,4,1506.57,
Player1_Car,82.66,274.408,4.880,612.845,20.025,-0.14,0.60,4,1486.79,
Player2_Car,82.66,276.396,4.713,633.316,20.032,-0.14,0.60,4,1506.97,
Player1_Car,82.68,274.368,4.877,613.244,20.026,-0.13,0.60,4,1487.19,
Player2_Car,82.68,276.356,4.710,633.715,20.032,-0.13,0.60,4,1507.37,
Player1_Car,82.70,274.328,4.874,613.642,20.026,-0.13,0.60,4,1487.59,
Player2_Car,82.70,276.316,4.706,634.113,20.032,-0.13,0.60,4,1507.78,
Player1_Car,82.72,274.288,4.870,614.041,20.027,-0.12,0.60,4,1487.99,
Player2_Car,82.72,276.276,4.703,634.512,20.032,-0.12,0.60,4,1508.18,
Player1_Car,82.74,274.247,4.867,614.439,20.027,-0.12,0.60,4,1488.40,
Player2_Car,82.74,276.236,4.700,634.911,20.032,-0.11,0.60,4,1508.58,
Player1_Car,82.76,274.207,4.864,614.838,20.028,-0.12,0.60,4,1488.80,
Player2_Car,82.76,276.196,4.696,635.309,20.032,-0.11,0.60,4,1508.98,
Player1_Car,82.78,274.167,4.860,615.236,20.028,-0.11,0.60,4,1489.20,
Player2_Car,82.78,276.155,4.693,635.708,20.032,-0.10,0.60,4,1509.38,
Player1_Car,82.80,274.127,4.857,615.635,20.029,-0.11,0.60,4,1489.60,
Player2_Car,82.80,276.115,4.690,636.106,20.032,-0.09,0.60,4,1509.78,
Player1_Car,82.82,274.087,4.854,616.033,20.029,-0.10,0.60,4,1490.00,
Player2_Car,82.82,276.075,4.686,636.505,20.032,-0.09,0.60,4,1510.18,
Player1_Car,82.84,274.046,4.851,616.432,20.029,-0.10,0.60,4,1490.40,
Player2_Car,82.84,276.035,4.683,636.904,20.032,-0.08,0.60,4,1510.58,
Player1_Car,82.86,274.006,4.847,616.831,20.030,-0.10,0.60,4,1490.80,
Player2_Car,82.86,275.995,4.680,637.302,20.032,-0.07,0.60,4,1510.98,
Player1_Car,82.88,273.966,4.844,617.229,20.030,-0.09,0.60,4,1491.20,
Player2_Car,82.88,275.955,4.676,637.701,20.032,-0.07,0.60,4,1511.38,
Player1_Car,82.90,273.926,4.841,617.628,20.030,-0.09,0.60,4,1491.60,
Player2_Car,82.90,275.915,4.673,638.100,20.032,-0.06,0.60,4,1511.78,
Player1_Car,82.92,273.886,4.837,618.026,20.030,-0.09,0.60,4,1492.00,
Player2_Car,82.92,275.875,4.670,638.498,20.032,-0.05,0.60,4,1512.18,
Player1_Car,82.94,273.846,4.834,618.425,20.030,-0.08,0.60,4,1492.40,
Player2_Car,82.94,275.835,4.666,638.897,20.032,-0.05,0.60,4,1512.58,
Player1_Car,82.96,273.806,4.831,618.823,20.031,-0.08,0.60,4,1492.80,
Player2_Car,82.96,275.795,4.663,639.295,20.032,-0.04,0.60,4,1512.98,
Player1_Car,82.98,273.766,4.827,619.222,20.031,-0.08,0.60,4,1493.20,
Player2_Car,82.98,275.755,4.660,639.694,20.032,-0.04,0.60,4,1513.38,
Player1_Car,83.00,273.725,4.824,619.621,20.031,-0.07,0.60,4,1493.60,
Player2_Car,83.00,275.715,4.656,640.093,20.032,-0.03,0.60,4,1513.78,
Player1_Car,83.02,273.685,4.821,620.019,20.031,-0.07,0.60,4,1494.00,
Player2_Car,83.02,275.675,4.653,640.491,20.032,-0.02,0.60,4,1514.19,
Player1_Car,83.04,273.645,4.817,620.418,20.031,-0.07,0.60,4,1494.40,
Player2_Car,83.04,275.635,4.650,640.890,20.032,-0.02,0.60,4,1514.59,
Player1_Car,83.06,273.605,4.814,620.817,20.031,-0.07,0.60,4,1494.81,
Player2_Car,83.06,275.595,4.646,641.289,20.032,-0.01,0.60,4,1514.99,
Player1_Car,83.08,273.565,4.811,621.215,20.031,-0.06,0.60,4,1495.21,
Player2_Car,83.08,275.555,4.643,641.687,20.032,-0.01,0.60,4,1515.39,
Player1_Car,83.10,273.525,4.807,621.614,20.032,-0.06,0.60,4,1495.61,
Player2_Car,83.10,275.515,4.640,642.086,20.032,0.00,0.60,4,1515.79,
Player1_Car,83.12,273.485,4.804,622.012,20.032,-0.06,0.60,4,1496.01,
Player2_Car,83.12,275.475,4.636,642.484,20.032,0.01,0.60,4,1516.19,
Player1_Car,83.14,273.445,4.801,622.411,20.032,-0.06,0.60,4,1496.41,
Player2_Car,83.14,275.435,4.633,642.883,20.032,0.01,0.60,4,1516.59,
Player1_Car,83.16,273.405,4.797,622.810,20.032,-0.05,0.60,4,1496.81,
Player2_Car,83.16,275.395,4.630,643.282,20.032,0.02,0.60,4,1516.99,
Player1_Car,83.18,273.365,4.794,623.208,20.032,-0.05,0.60,4,1497.21,
Player2_Car,83.18,275.355,4.626,643.680,20.032,0.02,0.60,4,1517.39,
Player1_Car,83.20,273.325,4.791,623.607,20.032,-0.05,0.60,4,1497.61,
Player2_Car,83.20,275.315,4.623,644.079,20.032,0.03,0.60,4,1517.79,
Player1_Car,83.22,273.286,4.787,624.006,20.032,-0.05,0.60,4,1498.01,
Player2_Car,83.22,275.275,4.620,644.477,20.032,0.04,0.60,4,1518.19,
Player1_Car,83.24,273.246,4.784,624.404,20.032,-0.05,0.60,4,1498.41,
Player2_Car,83.24,275.235,4.616,644.876,20.032,0.04,0.60,4,1518.59,
Player1_Car,83.26,273.206,4.781,624.803,20.032,-0.05,0.60,4,1498.81,
Player2_Car,83.26,275.195,4.613,645.275,20.032,0.05,0.60,4,1518.99,
Player1_Car,83.28,273.166,4.777,625.201,20.032,-0.04,0.60,4,1499.21,
Player2_Car,83.28,275.155,4.610,645.673,20.032,0.05,0.60,4,1519.39,
Player1_Car,83.30,273.126,4.774,625.600,20.032,-0.04,0.60,4,1499.61,
Player2_Car,83.30,275.115,4.606,646.072,20.032,0.06,0.60,4,1519.79,
Player1_Car,83.32,273.086,4.771,625.999,20.032,-0.04,0.60,4,1500.01,
Player2_Car,83.32,275.075,4.603,646.471,20.032,0.06,0.60,4,1520.20,
Player1_Car,83.34,273.046,4.767,626.397,20.032,-0.04,0.60,4,1500.41,
Player2_Car,83.34,275.035,4.600,646.869,20.032,0.07,0.60,4,1520.60,
Player1_Car,83.36,273.006,4.764,626.796,20.032,-0.04,0.60,4,1500.81,
Player2_Car,83.36,274.995,4.596,647.268,20.032,0.08,0.60,4,1521.00,
Player1_Car,83.38,272.966,4.761,627.195,20.032,-0.04,0.60,4,1501.22,
Player2_Car,83.38,274.955,4.593,647.666,20.032,0.08,0.60,4,1521.40,
Player1_Car,83.40,272.927,4.757,627.593,20.032,-0.04,0.60,4,1501.62,
Player2_Car,83.40,274.916,4.590,648.065,20.032,0.09,0.60,4,1521.80,
Player1_Car,83.42,272.887,4.754,627.992,20.032,-0.03,0.60,4,1502.02,
Player2_Car,83.42,274.876,4.587,648.464,20.032,0.09,0.60,4,1522.20,
Player1_Car,83.44,272.847,4.751,628.391,20.032,-0.03,0.60,4,1502.42,
Player2_Car,83.44,274.836,4.583,648.862,20.032,0.10,0.60,4,1522.60,
Player1_Car,83.46,272.807,4.747,628.789,20.032,-0.03,0.60,4,1502.82,
Player2_Car,83.46,274.796,4.580,649.261,20.032,0.10,0.60,4,1523.00,
Player1_Car,83.48,272.767,4.744,629.188,20.032,-0.03,0.60,4,1503.22,
Player2_Car,83.48,274.756,4.577,649.660,20.032,0.11,0.60,4,1523.40,
Player1_Car,83.50,272.728,4.741,629.587,20.032,-0.03,0.60,4,1503.62,
Player2_Car,83.50,274.716,4.573,650.058,20.032,0.11,0.60,4,1523.80,
Player1_Car,83.52,272.688,4.737,629.985,20.032,-0.03,0.60,4,1504.02,
Player2_Car,83.52,274.676,4.570,650.457,20.032,0.12,0.60,4,1524.20,
Player1_Car,83.54,272.648,4.734,630.384,20.032,-0.03,0.60,4,1504.42,
Player2_Car,83.54,274.636,4.567,650.855,20.032,0.12,0.60,4,1524.60,
Player1_Car,83.56,272.608,4.731,630.783,20.032,-0.03,0.60,4,1504.82,
Player2_Car,83.56,274.596,4.563,651.254,20.032,0.13,0.60,4,1525.00,
Player1_Car,83.58,272.569,4.727,631.181,20.032,-0.03,0.60,4,1505.22,
Player2_Car,83.58,274.556,4.560,651.653,20.032,0.13,0.60,4,1525.40,
Player1_Car,83.60,272.529,4.724,631.580,20.032,-0.03,0.60,4,1505.62,
Player2_Car,83.60,274.516,4.557,652.051,20.032,0.14,0.60,4,1525.80,
Player1_Car,83.62,272.489,4.721,631.979,20.032,-0.03,0.60,4,1506.02,
Player2_Car,83.62,274.476,4.553,652.450,20.032,0.14,0.60,4,1526.20,
Player1_Car,83.64,272.449,4.717,632.377,20.032,-0.03,0.60,4,1506.42,
Player2_Car,83.64,274.436,4.550,652.848,20.032,0.15,0.60,4,1526.61,
Player1_Car,83.66,272.410,4.714,632.776,20.032,-0.03,0.60,4,1506.82,
Player2_Car,83.66,274.396,4.547,653.247,20.032,0.15,0.60,4,1527.01,
Player1_Car,83.68,272.370,4.711,633.175,20.032,-0.03,0.60,4,1507.23,
Player2_Car,83.68,274.357,4.543,653.646,20.032,0.16,0.60,4,1527.41,
Player1_Car,83.70,272.330,4.707,633.574,20.032,-0.03,0.60,4,1507.63,
Player2_Car,83.70,274.317,4.540,654.044,20.032,0.16,0.60,4,1527.81,
Player1_Car,83.72,272.291,4.704,633.972,20.032,-0.03,0.60,4,1508.03,
Player2_Car,83.72,274.277,4.537,654.443,20.032,0.17,0.60,4,1528.21,
Player1_Car,83.74,272.251,4.701,634.371,20.032,-0.03,0.60,4,1508.43,
Player2_Car,83.74,274.237,4.533,654.842,20.032,0.17,0.60,4,1528.61,
Player1_Car,83.76,272.211,4.697,634.770,20.032,-0.03,0.60,4,1508.83,
Player2_Car,83.76,274.197,4.530,655.240,20.032,0.18,0.60,4,1529.01,
Player1_Car,83.78,272.172,4.694,635.168,20.032,-0.03,0.60,4,1509.23,
Player2_Car,83.78,274.157,4.527,655.639,20.032,0.18,0.60,4,1529.41,
Player1_Car,83.80,272.132,4.691,635.567,20.032,-0.03,0.60,4,1509.63,
Player2_Car,83.80,274.117,4.523,656.037,20.032,0.18,0.60,4,1529.81,
Player1_Car,83.82,272.092,4.687,635.966,20.032,-0.03,0.60,4,1510.03,
Player2_Car,83.82,274.077,4.520,656.436,20.032,0.19,0.60,4,1530.21,
Player1_Car,83.84,272.053,4.684,636.364,20.032,-0.03,0.60,4,1510.43,
Player2_Car,83.84,274.037,4.517,656.835,20.032,0.19,0.60,4,1530.61,
Player1_Car,83.86,272.013,4.681,636.763,20.032,-0.03,0.60,4,1510.83,
Player2_Car,83.86,273.998,4.513,657.233,20.032,0.20,0.60,4,1531.01,
Player1_Car,83.88,271.973,4.678,637.162,20.032,-0.03,0.60,4,1511.23,
Player2_Car,83.88,273.958,4.510,657.632,20.032,0.20,0.60,4,1531.41,
Player1_Car,83.90,271.934,4.674,637.560,20.032,-0.03,0.60,4,1511.63,
Player2_Car,83.90,273.918,4.507,658.031,20.032,0.21,0.60,4,1531.81,
Player1_Car,83.92,271.894,4.671,637.959,20.032,-0.03,0.60,4,1512.03,
Player2_Car,83.92,273.878,4.503,658.429,20.032,0.21,0.60,4,1532.21,
Player1_Car,83.94,271.854,4.668,638.358,20.032,-0.03,0.60,4,1512.43,
Player2_Car,83.94,273.838,4.500,658.828,20.032,0.22,0.60,4,1532.61,
Player1_Car,83.96,271.815,4.664,638.756,20.032,-0.03,0.60,4,1512.83,
Player2_Car,83.96,273.798,4.497,659.226,20.032,0.22,0.60,4,1533.02,
Player1_Car,83.98,271.775,4.661,639.155,20.032,-0.03,0.60,4,1513.23,
Player2_Car,83.98,273.758,4.493,659.625,20.032,0.22,0.60,4,1533.42,
Player1_Car,84.00,271.736,4.658,639.554,20.032,-0.03,0.60,4,1513.64,
Player2_Car,84.00,273.719,4.490,660.024,20.032,0.23,0.60,4,1533.82,
Player1_Car,84.02,271.696,4.654,639.952,20.032,-0.03,0.60,4,1514.04,
Player2_Car,84.02,273.679,4.487,660.422,20.032,0.23,0.60,4,1534.22,
Player1_Car,84.04,271.656,4.651,640.351,20.032,-0.03,0.60,4,1514.44,
Player2_Car,84.04,273.639,4.483,660.821,20.032,0.24,0.60,4,1534.62,
Player1_Car,84.06,271.617,4.648,640.750,20.032,-0.03,0.60,4,1514.84,
Player2_Car,84.06,273.599,4.480,661.220,20.032,0.24,0.60,4,1535.02,
Player1_Car,84.08,271.577,4.644,641.148,20.032,-0.03,0.60,4,1515.24,
Player2_Car,84.08,273.559,4.477,661.618,20.032,0.25,0.60,4,1535.42,
Player1_Car,84.10,271.538,4.641,641.547,20.032,-0.03,0.60,4,1515.64,
Player2_Car,84.10,273.519,4.473,662.017,20.032,0.25,0.60,4,1535.82,
Player1_Car,84.12,271.498,4.638,641.946,20.032,-0.03,0.60,4,1516.04,
Player2_Car,84.12,273.479,4.470,662.415,20.032,0.25,0.60,4,1536.22,
Player1_Car,84.14,271.459,4.634,642.345,20.032,-0.03,0.60,4,1516.44,
Player2_Car,84.14,273.440,4.467,662.814,20.032,0.26,0.60,4,1536.62,
Player1_Car,84.16,271.419,4.631,642.743,20.032,-0.03,0.60,4,1516.84,
Player2_Car,84.16,273.400,4.463,663.213,20.032,0.26,0.60,4,1537.02,
Player1_Car,84.18,271.380,4.628,643.142,20.032,-0.03,0.60,4,1517.24,
Player2_Car,84.18,273.360,4.460,663.611,20.032,0.26,0.60,4,1537.42,
Player1_Car,84.20,271.340,4.624,643.541,20.032,-0.03,0.60,4,1517.64,
Player2_Car,84.20,273.320,4.457,664.010,20.032,0.27,0.60,4,1537.82,
Player1_Car,84.22,271.301,4.621,643.939,20.032,-0.04,0.60,4,1518.04,
Player2_Car,84.22,273.280,4.453,664.408,20.032,0.27,0.60,4,1538.22,
Player1_Car,84.24,271.261,4.618,644.338,20.032,-0.04,0.60,4,1518.44,
Player2_Car,84.24,273.241,4.450,664.807,20.032,0.28,0.60,4,1538.62,
Player1_Car,84.26,271.222,4.614,644.737,20.032,-0.04,0.60,4,1518.84,
Player2_Car,84.26,273.201,4.447,665.206,20.032,0.28,0.60,4,1539.02,
Player1_Car,84.28,271.182,4.611,645.135,20.032,-0.04,0.60,4,1519.24,
Player2_Car,84.28,273.161,4.443,665.604,20.032,0.28,0.60,4,1539.43,
Player1_Car,84.30,271.143,4.608,645.534,20.032,-0.04,0.60,4,1519.64,
Player2_Car,84.30,273.121,4.440,666.003,20.032,0.29,0.60,4,1539.83,
Player1_Car,84.32,271.103,4.604,645.933,20.032,-0.04,0.60,4,1520.05,
Player2_Car,84.32,273.081,4.437,666.402,20.032,0.29,0.60,4,1540.23,
Player1_Car,84.34,271.064,4.601,646.331,20.032,-0.04,0.60,4,1520.45,
Player2_Car,84.34,273.042,4.434,666.800,20.032,0.29,0.60,4,1540.63,
Player1_Car,84.36,271.024,4.598,646.730,20.032,-0.04,0.60,4,1520.85,
Player2_Car,84.36,273.002,4.430,667.199,20.032,0.30,0.60,4,1541.03,
Player1_Car,84.38,270.985,4.594,647.129,20.032,-0.04,0.60,4,1521.25,
Player2_Car,84.38,272.962,4.427,667.597,20.032,0.30,0.60,4,1541.43,
Player1_Car,84.40,270.945,4.591,647.527,20.032,-0.04,0.60,4,1521.65,
Player2_Car,84.40,272.922,4.424,667.996,20.032,0.30,0.60,4,1541.83,
Player1_Car,84.42,270.906,4.588,647.926,20.032,-0.05,0.60,4,1522.05,
Player2_Car,84.42,272.882,4.420,668.395,20.032,0.31,0.60,4,1542.23,
Player1_Car,84.44,270.866,4.584,648.325,20.032,-0.05,0.60,4,1522.45,
Player2_Car,84.44,272.843,4.417,668.793,20.032,0.31,0.60,4,1542.63,
Player1_Car,84.46,270.827,4.581,648.723,20.032,-0.05,0.60,4,1522.85,
Player2_Car,84.46,272.803,4.414,669.192,20.032,0.31,0.60,4,1543.03,
Player1_Car,84.48,270.787,4.578,649.122,20.032,-0.05,0.60,4,1523.25,
Player2_Car,84.48,272.763,4.410,669.591,20.032,0.32,0.60,4,1543.43,
Player1_Car,84.50,270.748,4.574,649.521,20.032,-0.05,0.60,4,1523.65,
Player2_Car,84.50,272.723,4.407,669.989,20.032,0.32,0.60,4,1543.83,
Player1_Car,84.52,270.708,4.571,649.919,20.032,-0.05,0.60,4,1524.05,
Player2_Car,84.52,272.683,4.404,670.388,20.032,0.32,0.60,4,1544.23,
Player1_Car,84.54,270.669,4.568,650.318,20.032,-0.05,0.60,4,1524.45,
Player2_Car,84.54,272.644,4.400,670.786,20.032,0.33,0.60,4,1544.63,
Player1_Car,84.56,270.629,4.564,650.717,20.032,-0.05,0.60,4,1524.85,
Player2_Car,84.56,272.604,4.397,671.185,20.032,0.33,0.60,4,1545.03,
Player1_Car,84.58,270.590,4.561,651.116,20.032,-0.06,0.60,4,1525.25,
Player2_Car,84.58,272.564,4.394,671.584,20.032,0.33,0.60,4,1545.44,
Player1_Car,84.60,270.551,4.558,651.514,20.032,-0.06,0.60,4,1525.65,
Player2_Car,84.60,272.524,4.390,671.982,20.032,0.34,0.60,4,1545.84,
Player1_Car,84.62,270.511,4.554,651.913,20.032,-0.06,0.60,4,1526.05,
Player2_Car,84.62,272.485,4.387,672.381,20.032,0.34,0.60,4,1546.24,
Player1_Car,84.64,270.472,4.551,652.312,20.032,-0.06,0.60,4,1526.46,
Player2_Car,84.64,272.445,4.384,672.780,20.032,0.34,0.60,4,1546.64,
Player1_Car,84.66,270.432,4.548,652.710,20.032,-0.06,0.60,4,1526.86,
Player2_Car,84.66,272.405,4.380,673.178,20.032,0.35,0.60,4,1547.04,
Player1_Car,84.68,270.393,4.544,653.109,20.032,-0.06,0.60,4,1527.26,
Player2_Car,84.68,272.365,4.377,673.577,20.032,0.35,0.60,4,1547.44,
Player1_Car,84.70,270.353,4.541,653.508,20.032,-0.06,0.60,4,1527.66,
Player2_Car,84.70,272.326,4.374,673.975,20.032,0.35,0.60,4,1547.84,
Player1_Car,84.72,270.314,4.538,653.906,20.032,-0.07,0.60,4,1528.06,
Player2_Car,84.72,272.286,4.370,674.374,20.032,0.36,0.60,4,1548.24,
Player1_Car,84.74,270.275,4.534,654.305,20.032,-0.07,0.60,4,1528.46,
Player2_Car,84.74,272.246,4.367,674.773,20.032,0.36,0.60,4,1548.64,
Player1_Car,84.76,270.235,4.531,654.704,20.032,-0.07,0.60,4,1528.86,
Player2_Car,84.76,272.206,4.364,675.171,20.032,0.36,0.60,4,1549.04,
Player1_Car,84.78,270.196,4.528,655.102,20.032,-0.07,0.60,4,1529.26,
Player2_Car,84.78,272.167,4.360,675.570,20.032,0.36,0.60,4,1549.44,
Player1_Car,84.80,270.156,4.524,655.501,20.032,-0.07,0.60,4,1529.66,
Player2_Car,84.80,272.127,4.357,675.968,20.032,0.37,0.60,4,1549.84,
Player1_Car,84.82,270.117,4.521,655.900,20.032,-0.07,0.60,4,1530.06,
Player2_Car,84.82,272.087,4.354,676.367,20.032,0.37,0.60,4,1550.24,
Player1_Car,84.84,270.078,4.518,656.298,20.032,-0.08,0.60,4,1530.46,
Player2_Car,84.84,272.048,4.350,676.766,20.032,0.37,0.60,4,1550.64,
Player1_Car,84.86,270.038,4.515,656.697,20.032,-0.08,0.60,4,1530.86,
Player2_Car,84.86,272.008,4.347,677.164,20.032,0.38,0.60,4,1551.04,
Player1_Car,84.88,269.999,4.511,657.096,20.032,-0.08,0.60,4,1531.26,
Player2_Car,84.88,271.968,4.344,677.563,20.032,0.38,0.60,4,1551.44,
Player1_Car,84.90,269.959,4.508,657.494,20.032,-0.08,0.60,4,1531.66,
Player2_Car,84.90,271.928,4.340,677.962,20.032,0.38,0.60,4,1551.85,
Player1_Car,84.92,269.920,4.505,657.893,20.032,-0.08,0.60,4,1532.06,
Player2_Car,84.92,271.889,4.337,678.360,20.032,0.38,0.60,4,1552.25,
Player1_Car,84.94,269.881,4.501,658.292,20.032,-0.08,0.60,4,1532.47,
Player2_Car,84.94,271.849,4.334,678.759,20.031,0.39,0.60,4,1552.65,
Player1_Car,84.96,269.841,4.498,658.690,20.032,-0.09,0.60,4,1532.87,
Player2_Car,84.96,271.809,4.330,679.157,20.031,0.39,0.60,4,1553.05,
Player1_Car,84.98,269.802,4.495,659.089,20.032,-0.09,0.60,4,1533.27,
Player2_Car,84.98,271.770,4.327,679.556,20.031,0.39,0.60,4,1553.45,
Player1_Car,85.00,269.763,4.491,659.488,20.032,-0.09,0.60,4,1533.67,
Player2_Car,85.00,271.730,4.324,679.955,20.031,0.39,0.60,4,1553.85,
Player1_Car,85.02,269.723,4.488,659.887,20.032,-0.09,0.60,4,1534.07,
Player2_Car,85.02,271.690,4.320,680.353,20.031,0.40,0.60,4,1554.25,
Player1_Car,85.04,269.684,4.485,660.285,20.032,-0.09,0.60,4,1534.47,
Player2_Car,85.04,271.650,4.317,680.752,20.031,0.40,0.60,4,1554.65,
Player1_Car,85.06,269.644,4.481,660.684,20.032,-0.09,0.60,4,1534.87,
Player2_Car,85.06,271.611,4.314,681.151,20.031,0.40,0.60,4,1555.05,
Player1_Car,85.08,269.605,4.478,661.083,20.032,-0.10,0.60,4,1535.27,
Player2_Car,85.08,271.571,4.310,681.549,20.031,0.40,0.60,4,1555.45,
Player1_Car,85.10,269.566,4.475,661.481,20.032,-0.10,0.60,4,1535.67,
Player2_Car,85.10,271.531,4.307,681.948,20.031,0.41,0.60,4,1555.85,
Player1_Car,85.12,269.526,4.471,661.880,20.032,-0.10,0.60,4,1536.07,
Player2_Car,85.12,271.492,4.304,682.346,20.031,0.41,0.60,4,1556.25,
Player1_Car,85.14,269.487,4.468,662.279,20.032,-0.10,0.60,4,1536.47,
Player2_Car,85.14,271.452,4.300,682.745,20.031,0.41,0.60,4,1556.65,
Player1_Car,85.16,269.448,4.465,662.677,20.032,-0.10,0.60,4,1536.87,
Player2_Car,85.16,271.412,4.297,683.144,20.031,0.41,0.60,4,1557.05,
Player1_Car,85.18,269.408,4.461,663.076,20.032,-0.10,0.60,4,1537.27,
Player2_Car,85.18,271.373,4.294,683.542,20.031,0.42,0.60,4,1557.45,
Player1_Car,85.20,269.369,4.458,663.475,20.032,-0.11,0.60,4,1537.67,
Player2_Car,85.20,271.333,4.290,683.941,20.031,0.42,0.60,4,1557.85,
Player1_Car,85.22,269.330,4.455,663.873,20.032,-0.11,0.60,4,1538.07,
Player2_Car,85.22,271.293,4.287,684.340,20.031,0.42,0.60,4,1558.26,
Player1_Car,85.24,269.290,4.451,664.272,20.032,-0.11,0.60,4,1538.47,
Player2_Car,85.24,271.254,4.284,684.738,20.031,0.42,0.60,4,1558.66,
Player1_Car,85.26,269.251,4.448,664.671,20.032,-0.11,0.60,4,1538.88,
Player2_Car,85.26,271.214,4.280,685.137,20.031,0.42,0.60,4,1559.06,
Player1_Car,85.28,269.212,4.445,665.069,20.032,-0.11,0.60,4,1539.28,
Player2_Car,85.28,271.174,4.277,685.535,20.031,0.43,0.60,4,1559.46,
Player1_Car,85.30,269.172,4.441,665.468,20.032,-0.12,0.60,4,1539.68,
Player2_Car,85.30,271.135,4.274,685.934,20.031,0.43,0.60,4,1559.86,
Player1_Car,85.32,269.133,4.438,665.867,20.032,-0.12,0.60,4,1540.08,
Player2_Car,85.32,271.095,4.271,686.333,20.031,0.43,0.60,4,1560.26,
Player1_Car,85.34,269.094,4.435,666.265,20.032,-0.12,0.60,4,1540.48,
Player2_Car,85.34,271.055,4.267,686.731,20.031,0.43,0.60,4,1560.66,
Player1_Car,85.36,269.054,4.431,666.664,20.032,-0.12,0.60,4,1540.88,
Player2_Car,85.36,271.016,4.264,687.130,20.031,0.44,0.60,4,1561.06,
Player1_Car,85.38,269.015,4.428,667.063,20.032,-0.12,0.60,4,1541.28,
Player2_Car,85.38,270.976,4.261,687.528,20.031,0.44,0.60,4,1561.46,
Player1_Car,85.40,268.976,4.425,667.461,20.032,-0.12,0.60,4,1541.68,
Player2_Car,85.40,270.936,4.257,687.927,20.031,0.44,0.60,4,1561.86,
Player1_Car,85.42,268.936,4.421,667.860,20.032,-0.13,0.60,4,1542.08,
Player2_Car,85.42,270.897,4.254,688.326,20.031,0.44,0.60,4,1562.26,
Player1_Car,85.44,268.897,4.418,668.259,20.032,-0.13,0.60,4,1542.48,
Player2_Car,85.44,270.857,4.251,688.724,20.031,0.44,0.60,4,1562.66,
Player1_Car,85.46,268.858,4.415,668.658,20.032,-0.13,0.60,4,1542.88,
Player2_Car,85.46,270.817,4.247,689.123,20.031,0.45,0.60,4,1563.06,
Player1_Car,85.48,268.818,4.411,669.056,20.032,-0.13,0.60,4,1543.28,
Player2_Car,85.48,270.778,4.244,689.522,20.031,0.45,0.60,4,1563.46,
Player1_Car,85.50,268.779,4.408,669.455,20.032,-0.13,0.60,4,1543.68,
Player2_Car,85.50,270.738,4.241,689.920,20.031,0.45,0.60,4,1563.86,
Player1_Car,85.52,268.740,4.405,669.854,20.032,-0.14,0.60,4,1544.08,
Player2_Car,85.52,270.698,4.237,690.319,20.031,0.45,0.60,4,1564.26,
Player1_Car,85.54,268.700,4.401,670.252,20.032,-0.14,0.60,4,1544.48,
Player2_Car,85.54,270.659,4.234,690.717,20.031,0.45,0.60,4,1564.67,
Player1_Car,85.56,268.661,4.398,670.651,20.032,-0.14,0.60,4,1544.88,
Player2_Car,85.56,270.619,4.231,691.116,20.031,0.46,0.60,4,1565.07,
Player1_Car,85.58,268.622,4.395,671.050,20.032,-0.14,0.60,4,1545.29,
Player2_Car,85.58,270.579,4.227,691.515,20.031,0.46,0.60,4,1565.47,
Player1_Car,85.60,268.583,4.391,671.448,20.032,-0.14,0.60,4,1545.69,
Player2_Car,85.60,270.540,4.224,691.913,20.031,0.46,0.60,4,1565.87,
Player1_Car,85.62,268.543,4.388,671.847,20.032,-0.15,0.60,4,1546.09,
Player2_Car,85.62,270.500,4.221,692.312,20.031,0.46,0.60,4,1566.27,
Player1_Car,85.64,268.504,4.385,672.246,20.032,-0.15,0.60,4,1546.49,
Player2_Car,85.64,270.461,4.217,692.711,20.031,0.46,0.60,4,1566.67,
Player1_Car,85.66,268.465,4.381,672.644,20.032,-0.15,0.60,4,1546.89,
Player2_Car,85.66,270.421,4.214,693.109,20.031,0.46,0.60,4,1567.07,
Player1_Car,85.68,268.425,4.378,673.043,20.032,-0.15,0.60,4,1547.29,
Player2_Car,85.68,270.381,4.211,693.508,20.031,0.47,0.60,4,1567.47,
Player1_Car,85.70,268.386,4.375,673.442,20.032,-0.15,0.60,4,1547.69,
Player2_Car,85.70,270.342,4.207,693.906,20.031,0.47,0.60,4,1567.87,
Player1_Car,85.72,268.347,4.371,673.840,20.032,-0.15,0.60,4,1548.09,
Player2_Car,85.72,270.302,4.204,694.305,20.031,0.47,0.60,4,1568.27,
Player1_Car,85.74,268.307,4.368,674.239,20.032,-0.16,0.60,4,1548.49,
Player2_Car,85.74,270.263,4.201,694.704,20.031,0.47,0.60,4,1568.67,
Player1_Car,85.76,268.268,4.365,674.638,20.032,-0.16,0.60,4,1548.89,
Player2_Car,85.76,270.223,4.197,695.102,20.031,0.47,0.60,4,1569.07,
Player1_Car,85.78,268.229,4.362,675.036,20.032,-0.16,0.60,4,1549.29,
Player2_Car,85.78,270.183,4.194,695.501,20.031,0.47,0.60,4,1569.47,
Player1_Car,85.80,268.189,4.358,675.435,20.032,-0.16,0.60,4,1549.69,
Player2_Car,85.80,270.144,4.191,695.900,20.031,0.48,0.60,4,1569.87,
Player1_Car,85.82,268.150,4.355,675.834,20.032,-0.16,0.60,4,1550.09,
Player2_Car,85.82,270.104,4.187,696.298,20.031,0.48,0.60,4,1570.27,
Player1_Car,85.84,268.111,4.352,676.232,20.032,-0.17,0.60,4,1550.49,
Player2_Car,85.84,270.064,4.184,696.697,20.031,0.48,0.60,4,1570.68,
Player1_Car,85.86,268.072,4.348,676.631,20.032,-0.17,0.60,4,1550.89,
Player2_Car,85.86,270.025,4.181,697.095,20.031,0.48,0.60,4,1571.08,
Player1_Car,85.88,268.032,4.345,677.030,20.032,-0.17,0.60,4,1551.29,
Player2_Car,85.88,269.985,4.177,697.494,20.031,0.48,0.60,4,1571.48,
Player1_Car,85.90,267.993,4.342,677.429,20.032,-0.17,0.60,4,1551.70,
Player2_Car,85.90,269.946,4.174,697.893,20.031,0.48,0.60,4,1571.88,
Player1_Car,85.92,267.954,4.338,677.827,20.032,-0.17,0.60,4,1552.10,
Player2_Car,85.92,269.906,4.171,698.291,20.031,0.49,0.60,4,1572.28,
Player1_Car,85.94,267.914,4.335,678.226,20.032,-0.17,0.60,4,1552.50,
Player2_Car,85.94,269.866,4.167,698.690,20.031,0.49,0.60,4,1572.68,
Player1_Car,85.96,267.875,4.332,678.625,20.032,-0.18,0.60,4,1552.90,
Player2_Car,85.96,269.827,4.164,699.088,20.031,0.49,0.60,4,1573.08,
Player1_Car,85.98,267.836,4.328,679.023,20.032,-0.18,0.60,4,1553.30,
Player2_Car,85.98,269.787,4.161,699.487,20.031,0.49,0.60,4,1573.48,
Player1_Car,86.00,267.796,4.325,679.422,20.032,-0.18,0.60,4,1553.70,
Player2_Car,86.00,269.748,4.157,699.886,20.031,0.49,0.60,4,1573.88,
Player1_Car,86.02,267.757,4.322,679.821,20.032,-0.18,0.60,4,1554.10,
Player2_Car,86.02,269.708,4.154,700.284,20.031,0.49,0.60,4,1574.28,
Player1_Car,86.04,267.718,4.318,680.219,20.032,-0.18,0.60,4,1554.50,
Player2_Car,86.04,269.669,4.151,700.683,20.031,0.49,0.60,4,1574.68,
Player1_Car,86.06,267.679,4.315,680.618,20.032,-0.19,0.60,4,1554.90,
Player2_Car,86.06,269.629,4.147,701.082,20.031,0.50,0.60,4,1575.08,
Player1_Car,86.08,267.639,4.312,681.017,20.032,-0.19,0.60,4,1555.30,
Player2_Car,86.08,269.589,4.144,701.480,20.031,0.50,0.60,4,1575.48,
Player1_Car,86.10,267.600,4.308,681.415,20.032,-0.19,0.60,4,1555.70,
Player2_Car,86.10,269.550,4.141,701.879,20.031,0.50,0.60,4,1575.88,
Player1_Car,86.12,267.561,4.305,681.814,20.032,-0.19,0.60,4,1556.10,
Player2_Car,86.12,269.510,4.137,702.277,20.031,0.50,0.60,4,1576.28,
Player1_Car,86.14,267.522,4.302,682.213,20.032,-0.19,0.60,4,1556.50,
Player2_Car,86.14,269.471,4.134,702.676,20.031,0.50,0.60,4,1576.68,
Player1_Car,86.16,267.482,4.298,682.611,20.032,-0.20,0.60,4,1556.90,
Player2_Car,86.16,269.431,4.131,703.075,20.031,0.50,0.60,4,1577.09,
Player1_Car,86.18,267.443,4.295,683.010,20.032,-0.20,0.60,4,1557.30,
Player2_Car,86.18,269.391,4.127,703.473,20.031,0.50,0.60,4,1577.49,
Player1_Car,86.20,267.404,4.292,683.409,20.032,-0.20,0.60,4,1557.71,
Player2_Car,86.20,269.352,4.124,703.872,20.031,0.50,0.60,4,1577.89,
Player1_Car,86.22,267.364,4.288,683.807,20.032,-0.20,0.60,4,1558.11,
Player2_Car,86.22,269.312,4.121,704.271,20.031,0.51,0.60,4,1578.29,
Player1_Car,86.24,267.325,4.285,684.206,20.032,-0.20,0.60,4,1558.51,
Player2_Car,86.24,269.273,4.118,704.669,20.031,0.51,0.60,4,1578.69,
Player1_Car,86.26,267.286,4.282,684.605,20.032,-0.20,0.60,4,1558.91,
Player2_Car,86.26,269.233,4.114,705.068,20.031,0.51,0.60,4,1579.09,
Player1_Car,86.28,267.247,4.278,685.003,20.032,-0.21,0.60,4,1559.31,
Player2_Car,86.28,269.194,4.111,705.466,20.031,0.51,0.60,4,1579.49,
Player1_Car,86.30,267.207,4.275,685.402,20.032,-0.21,0.60,4,1559.71,
Player2_Car,86.30,269.154,4.108,705.865,20.031,0.51,0.60,4,1579.89,
Player1_Car,86.32,267.168,4.272,685.801,20.032,-0.21,0.60,4,1560.11,
Player2_Car,86.32,269.115,4.104,706.264,20.031,0.51,0.60,4,1580.29,
Player1_Car,86.34,267.129,4.268,686.200,20.032,-0.21,0.60,4,1560.51,
Player2_Car,86.34,269.075,4.101,706.662,20.031,0.51,0.60,4,1580.69,
Player1_Car,86.36,267.090,4.265,686.598,20.032,-0.21,0.60,4,1560.91,
Player2_Car,86.36,269.035,4.098,707.061,20.031,0.51,0.60,4,1581.09,
Player1_Car,86.38,267.050,4.262,686.997,20.032,-0.22,0.60,4,1561.31,
Player2_Car,86.38,268.996,4.094,707.460,20.031,0.51,0.60,4,1581.49,
Player1_Car,86.40,267.011,4.258,687.396,20.032,-0.22,0.60,4,1561.71,
Player2_Car,86.40,268.956,4.091,707.858,20.031,0.52,0.60,4,1581.89,
Player1_Car,86.42,266.972,4.255,687.794,20.032,-0.22,0.60,4,1562.11,
Player2_Car,86.42,268.917,4.088,708.257,20.031,0.52,0.60,4,1582.29,
Player1_Car,86.44,266.932,4.252,688.193,20.032,-0.22,0.60,4,1562.51,
Player2_Car,86.44,268.877,4.084,708.655,20.031,0.52,0.60,4,1582.69,
Player1_Car,86.46,266.893,4.248,688.592,20.032,-0.22,0.60,4,1562.91,
Player2_Car,86.46,268.838,4.081,709.054,20.031,0.52,0.60,4,1583.09,
Player1_Car,86.48,266.854,4.245,688.990,20.032,-0.22,0.60,4,1563.31,
Player2_Car,86.48,268.798,4.078,709.453,20.031,0.52,0.60,4,1583.50,
Player1_Car,86.50,266.815,4.242,689.389,20.032,-0.23,0.60,4,1563.71,
Player2_Car,86.50,268.759,4.074,709.851,20.031,0.52,0.60,4,1583.90,
Player1_Car,86.52,266.775,4.238,689.788,20.032,-0.23,0.60,4,1564.12,
Player2_Car,86.52,268.719,4.071,710.250,20.031,0.52,0.60,4,1584.30,
Player1_Car,86.54,266.736,4.235,690.186,20.032,-0.23,0.60,4,1564.52,
Player2_Car,86.54,268.679,4.068,710.648,20.031,0.52,0.60,4,1584.70,
Player1_Car,86.56,266.697,4.232,690.585,20.032,-0.23,0.60,4,1564.92,
Player2_Car,86.56,268.640,4.064,711.047,20.031,0.52,0.60,4,1585.10,
Player1_Car,86.58,266.657,4.228,690.984,20.032,-0.23,0.60,4,1565.32,
Player2_Car,86.58,268.600,4.061,711.446,20.031,0.53,0.60,4,1585.50,
Player1_Car,86.60,266.618,4.225,691.382,20.032,-0.24,0.60,4,1565.72,
Player2_Car,86.60,268.561,4.058,711.844,20.031,0.53,0.60,4,1585.90,
Player1_Car,86.62,266.579,4.222,691.781,20.032,-0.24,0.60,4,1566.12,
Player2_Car,86.62,268.521,4.054,712.243,20.031,0.53,0.60,4,1586.30,
Player1_Car,86.64,266.540,4.218,692.180,20.032,-0.24,0.60,4,1566.52,
Player2_Car,86.64,268.482,4.051,712.642,20.030,0.53,0.60,4,1586.70,
Player1_Car,86.66,266.500,4.215,692.578,20.032,-0.24,0.60,4,1566.92,
Player2_Car,86.66,268.442,4.048,713.040,20.030,0.53,0.60,4,1587.10,
Player1_Car,86.68,266.461,4.212,692.977,20.032,-0.24,0.60,4,1567.32,
Player2_Car,86.68,268.403,4.044,713.439,20.030,0.53,0.60,4,1587.50,
Player1_Car,86.70,266.422,4.208,693.376,20.032,-0.24,0.60,4,1567.72,
Player2_Car,86.70,268.363,4.041,713.837,20.030,0.53,0.60,4,1587.90,
Player1_Car,86.72,266.383,4.205,693.774,20.032,-0.25,0.60,4,1568.12,
Player2_Car,86.72,268.324,4.038,714.236,20.030,0.53,0.60,4,1588.30,
Player1_Car,86.74,266.343,4.202,694.173,20.032,-0.25,0.60,4,1568.52,
Player2_Car,86.74,268.284,4.034,714.635,20.030,0.53,0.60,4,1588.70,
Player1_Car,86.76,266.304,4.199,694.572,20.032,-0.25,0.60,4,1568.92,
Player2_Car,86.76,268.245,4.031,715.033,20.030,0.53,0.60,4,1589.10,
Player1_Car,86.78,266.265,4.195,694.971,20.032,-0.25,0.60,4,1569.32,
Player2_Car,86.78,268.205,4.028,715.432,20.030,0.53,0.60,4,1589.50,
Player1_Car,86.80,266.225,4.192,695.369,20.032,-0.25,0.60,4,1569.72,
Player2_Car,86.80,268.166,4.024,715.831,20.030,0.54,0.60,4,1589.91,
Player1_Car,86.82,266.186,4.189,695.768,20.032,-0.25,0.60,4,1570.12,
Player2_Car,86.82,268.126,4.021,716.229,20.030,0.54,0.60,4,1590.31,
Player1_Car,86.84,266.147,4.185,696.167,20.032,-0.26,0.60,4,1570.53,
Player2_Car,86.84,268.087,4.018,716.628,20.030,0.54,0.60,4,1590.71,
Player1_Car,86.86,266.108,4.182,696.565,20.032,-0.26,0.60,4,1570.93,
Player2_Car,86.86,268.047,4.014,717.026,20.030,0.54,0.60,4,1591.11,
Player1_Car,86.88,266.068,4.179,696.964,20.032,-0.26,0.60,4,1571.33,
Player2_Car,86.88,268.008,4.011,717.425,20.030,0.54,0.60,4,1591.51,
Player1_Car,86.90,266.029,4.175,697.363,20.032,-0.26,0.60,4,1571.73,
Player2_Car,86.90,267.968,4.008,717.824,20.030,0.54,0.60,4,1591.91,
Player1_Car,86.92,265.990,4.172,697.761,20.032,-0.26,0.60,4,1572.13,
Player2_Car,86.92,267.928,4.004,718.222,20.030,0.54,0.60,4,1592.31,
Player1_Car,86.94,265.951,4.169,698.160,20.032,-0.26,0.60,4,1572.53,
Player2_Car,86.94,267.889,4.001,718.621,20.030,0.54,0.60,4,1592.71,
Player1_Car,86.96,265.911,4.165,698.559,20.032,-0.27,0.60,4,1572.93,
Player2_Car,86.96,267.849,3.998,719.020,20.030,0.54,0.60,4,1593.11,
Player1_Car,86.98,265.872,4.162,698.957,20.032,-0.27,0.60,4,1573.33,
Player2_Car,86.98,267.810,3.994,719.418,20.030,0.54,0.60,4,1593.51,
Player1_Car,87.00,265.833,4.159,699.356,20.032,-0.27,0.60,4,1573.73,
Player2_Car,87.00,267.770,3.991,719.817,20.030,0.54,0.60,4,1593.91,
Player1_Car,87.02,265.793,4.155,699.755,20.032,-0.27,0.60,4,1574.13,
Player2_Car,87.02,267.731,3.988,720.215,20.030,0.54,0.60,4,1594.31,
Player1_Car,87.04,265.754,4.152,700.153,20.032,-0.27,0.60,4,1574.53,
Player2_Car,87.04,267.691,3.984,720.614,20.030,0.54,0.60,4,1594.71,
Player1_Car,87.06,265.715,4.149,700.552,20.032,-0.27,0.60,4,1574.93,
Player2_Car,87.06,267.652,3.981,721.013,20.030,0.54,0.60,4,1595.11,
Player1_Car,87.08,265.676,4.145,700.951,20.032,-0.27,0.60,4,1575.33,
Player2_Car,87.08,267.612,3.978,721.411,20.030,0.55,0.60,4,1595.51,
Player1_Car,87.10,265.636,4.142,701.349,20.032,-0.28,0.60,4,1575.73,
Player2_Car,87.10,267.573,3.974,721.810,20.030,0.55,0.60,4,1595.92,
Player1_Car,87.12,265.597,4.139,701.748,20.032,-0.28,0.60,4,1576.13,
Player2_Car,87.12,267.533,3.971,722.208,20.030,0.55,0.60,4,1596.32,
Player1_Car,87.14,265.558,4.135,702.147,20.032,-0.28,0.60,4,1576.53,
Player2_Car,87.14,267.494,3.968,722.607,20.030,0.55,0.60,4,1596.72,
Player1_Car,87.16,265.518,4.132,702.545,20.032,-0.28,0.60,4,1576.94,
Player2_Car,87.16,267.454,3.965,723.006,20.030,0.55,0.60,4,1597.12,
Player1_Car,87.18,265.479,4.129,702.944,20.032,-0.28,0.60,4,1577.34,
Player2_Car,87.18,267.415,3.961,723.404,20.030,0.55,0.60,4,1597.52,
Player1_Car,87.20,265.440,4.125,703.343,20.032,-0.28,0.60,4,1577.74,
Player2_Car,87.20,267.375,3.958,723.803,20.030,0.55,0.60,4,1597.92,
Player1_Car,87.22,265.400,4.122,703.742,20.032,-0.28,0.60,4,1578.14,
Player2_Car,87.22,267.336,3.955,724.202,20.030,0.55,0.60,4,1598.32,
Player1_Car,87.24,265.361,4.119,704.140,20.032,-0.29,0.60,4,1578.54,
Player2_Car,87.24,267.296,3.951,724.600,20.030,0.55,0.60,4,1598.72,
Player1_Car,87.26,265.322,4.115,704.539,20.032,-0.29,0.60,4,1578.94,
Player2_Car,87.26,267.257,3.948,724.999,20.030,0.55,0.60,4,1599.12,
Player1_Car,87.28,265.283,4.112,704.938,20.032,-0.29,0.60,4,1579.34,
Player2_Car,87.28,267.217,3.945,725.397,20.030,0.55,0.60,4,1599.52,
Player1_Car,87.30,265.243,4.109,705.336,20.032,-0.29,0.60,4,1579.74,
Player2_Car,87.30,267.178,3.941,725.796,20.030,0.55,0.60,4,1599.92,
Player1_Car,87.32,265.204,4.105,705.735,20.032,-0.29,0.60,4,1580.14,
Player2_Car,87.32,267.138,3.938,726.195,20.030,0.55,0.60,4,1600.32,
Player1_Car,87.34,265.165,4.102,706.134,20.032,-0.29,0.60,4,1580.54,
Player2_Car,87.34,267.099,3.935,726.593,20.030,0.55,0.60,4,1600.72,
Player1_Car,87.36,265.125,4.099,706.532,20.032,-0.29,0.60,4,1580.94,
Player2_Car,87.36,267.059,3.931,726.992,20.030,0.55,0.60,4,1601.12,
Player1_Car,87.38,265.086,4.095,706.931,20.032,-0.30,0.60,4,1581.34,
Player2_Car,87.38,267.020,3.928,727.391,20.030,0.55,0.60,4,1601.52,
Player1_Car,87.40,265.047,4.092,707.330,20.032,-0.30,0.60,4,1581.74,
Player2_Car,87.40,266.981,3.925,727.789,20.030,0.55,0.60,4,1601.92,
Player1_Car,87.42,265.007,4.089,707.728,20.032,-0.30,0.60,4,1582.14,
Player2_Car,87.42,266.941,3.921,728.188,20.030,0.56,0.60,4,1602.33,
Player1_Car,87.44,264.968,4.085,708.127,20.032,-0.30,0.60,4,1582.54,
Player2_Car,87.44,266.902,3.918,728.586,20.030,0.56,0.60,4,1602.73,
Player1_Car,87.46,264.929,4.082,708.526,20.032,-0.30,0.60,4,1582.95,
Player2_Car,87.46,266.862,3.915,728.985,20.030,0.56,0.60,4,1603.13,
Player1_Car,87.48,264.889,4.079,708.924,20.032,-0.30,0.60,4,1583.35,
Player2_Car,87.48,266.823,3.911,729.384,20.030,0.56,0.60,4,1603.53,
Player1_Car,87.50,264.850,4.075,709.323,20.032,-0.30,0.60,4,1583.75,
Player2_Car,87.50,266.783,3.908,729.782,20.030,0.56,0.60,4,1603.93,
Player1_Car,87.52,264.811,4.072,709.722,20.032,-0.30,0.60,4,1584.15,
Player2_Car,87.52,266.744,3.905,730.181,20.030,0.56,0.60,4,1604.33,
Player1_Car,87.54,264.772,4.069,710.120,20.032,-0.31,0.60,4,1584.55,
Player2_Car,87.54,266.704,3.901,730.580,20.030,0.56,0.60,4,1604.73,
Player1_Car,87.56,264.732,4.065,710.519,20.032,-0.31,0.60,4,1584.95,
Player2_Car,87.56,266.665,3.898,730.978,20.030,0.56,0.60,4,1605.13,
Player1_Car,87.58,264.693,4.062,710.918,20.032,-0.31,0.60,4,1585.35,
Player2_Car,87.58,266.625,3.895,731.377,20.030,0.56,0.60,4,1605.53,
Player1_Car,87.60,264.654,4.059,711.316,20.032,-0.31,0.60,4,1585.75,
Player2_Car,87.60,266.586,3.891,731.775,20.030,0.56,0.60,4,1605.93,
Player1_Car,87.62,264.614,4.055,711.715,20.032,-0.31,0.60,4,1586.15,
Player2_Car,87.62,266.546,3.888,732.174,20.030,0.56,0.60,4,1606.33,
Player1_Car,87.64,264.575,4.052,712.114,20.032,-0.31,0.60,4,1586.55,
Player2_Car,87.64,266.507,3.885,732.573,20.030,0.56,0.60,4,1606.73,
Player1_Car,87.66,264.536,4.049,712.513,20.032,-0.31,0.60,4,1586.95,
Player2_Car,87.66,266.467,3.881,732.971,20.030,0.56,0.60,4,1607.13,
Player1_Car,87.68,264.496,4.045,712.911,20.032,-0.31,0.60,4,1587.35,
Player2_Car,87.68,266.428,3.878,733.370,20.030,0.56,0.60,4,1607.53,
Player1_Car,87.70,264.457,4.042,713.310,20.032,-0.32,0.60,4,1587.75,
Player2_Car,87.70,266.388,3.875,733.768,20.030,0.56,0.60,4,1607.93,
Player1_Car,87.72,264.418,4.039,713.709,20.032,-0.32,0.60,4,1588.15,
Player2_Car,87.72,266.349,3.871,734.167,20.030,0.56,0.60,4,1608.33,
Player1_Car,87.74,264.378,4.036,714.107,20.032,-0.32,0.60,4,1588.55,
Player2_Car,87.74,266.309,3.868,734.566,20.030,0.56,0.60,4,1608.74,
Player1_Car,87.76,264.339,4.032,714.506,20.032,-0.32,0.60,4,1588.95,
Player2_Car,87.76,266.270,3.865,734.964,20.030,0.56,0.60,4,1609.14,
Player1_Car,87.78,264.300,4.029,714.905,20.032,-0.32,0.60,4,1589.36,
Player2_Car,87.78,266.230,3.861,735.363,20.030,0.56,0.60,4,1609.54,
Player1_Car,87.80,264.261,4.026,715.303,20.032,-0.32,0.60,4,1589.76,
Player2_Car,87.80,266.191,3.858,735.762,20.030,0.56,0.60,4,1609.94,
Player1_Car,87.82,264.221,4.022,715.702,20.032,-0.32,0.60,4,1590.16,
Player2_Car,87.82,266.152,3.855,736.160,20.030,0.56,0.60,4,1610.34,
Player1_Car,87.84,264.182,4.019,716.101,20.032,-0.32,0.60,4,1590.56,
Player2_Car,87.84,266.112,3.851,736.559,20.030,0.56,0.60,4,1610.74,
Player1_Car,87.86,264.143,4.016,716.499,20.032,-0.32,0.60,4,1590.96,
Player2_Car,87.86,266.073,3.848,736.957,20.030,0.56,0.60,4,1611.14,
Player1_Car,87.88,264.103,4.012,716.898,20.032,-0.33,0.60,4,1591.36,
Player2_Car,87.88,266.033,3.845,737.356,20.030,0.56,0.60,4,1611.54,
Player1_Car,87.90,264.064,4.009,717.297,20.032,-0.33,0.60,4,1591.76,
Player2_Car,87.90,265.994,3.841,737.755,20.030,0.56,0.60,4,1611.94,
Player1_Car,87.92,264.025,4.006,717.695,20.032,-0.33,0.60,4,1592.16,
Player2_Car,87.92,265.954,3.838,738.153,20.030,0.56,0.60,4,1612.34,
Player1_Car,87.94,263.985,4.002,718.094,20.032,-0.33,0.60,4,1592.56,
Player2_Car,87.94,265.915,3.835,738.552,20.030,0.57,0.60,4,1612.74,
Player1_Car,87.96,263.946,3.999,718.493,20.032,-0.33,0.60,4,1592.96,
Player2_Car,87.96,265.875,3.831,738.951,20.030,0.57,0.60,4,1613.14,
Player1_Car,87.98,263.907,3.996,718.891,20.032,-0.33,0.60,4,1593.36,
Player2_Car,87.98,265.836,3.828,739.349,20.030,0.57,0.60,4,1613.54,
Player1_Car,88.00,263.867,3.992,719.290,20.032,-0.33,0.60,4,1593.76,
Player2_Car,88.00,265.796,3.825,739.748,20.030,0.57,0.60,4,1613.94,
Player1_Car,88.02,263.828,3.989,719.689,20.032,-0.33,0.60,4,1594.16,
Player2_Car,88.02,265.757,3.821,740.146,20.030,0.57,0.60,4,1614.34,
Player1_Car,88.04,263.789,3.986,720.087,20.032,-0.34,0.60,4,1594.56,
Player2_Car,88.04,265.717,3.818,740.545,20.030,0.57,0.60,4,1614.74,
Player1_Car,88.06,263.750,3.982,720.486,20.032,-0.34,0.60,4,1594.96,
Player2_Car,88.06,265.678,3.815,740.944,20.030,0.57,0.60,4,1615.15,
Player1_Car,88.08,263.710,3.979,720.885,20.032,-0.34,0.60,4,1595.36,
Player2_Car,88.08,265.639,3.812,741.342,20.030,0.57,0.60,4,1615.55,
Player1_Car,88.10,263.671,3.976,721.283,20.032,-0.34,0.60,4,1595.77,
Player2_Car,88.10,265.599,3.808,741.741,20.030,0.57,0.60,4,1615.95,
Player1_Car,88.12,263.632,3.972,721.682,20.032,-0.34,0.60,4,1596.17,
Player2_Car,88.12,265.560,3.805,742.140,20.030,0.57,0.60,4,1616.35,
Player1_Car,88.14,263.592,3.969,722.081,20.032,-0.34,0.60,4,1596.57,
Player2_Car,88.14,265.520,3.802,742.538,20.030,0.57,0.60,4,1616.75,
Player1_Car,88.16,263.553,3.966,722.480,20.032,-0.34,0.60,4,1596.97,
Player2_Car,88.16,265.481,3.798,742.937,20.030,0.57,0.60,4,1617.15,
Player1_Car,88.18,263.514,3.962,722.878,20.032,-0.34,0.60,4,1597.37,
Player2_Car,88.18,265.441,3.795,743.335,20.030,0.57,0.60,4,1617.55,
Player1_Car,88.20,263.474,3.959,723.277,20.032,-0.34,0.60,4,1597.77,
Player2_Car,88.20,265.402,3.792,743.734,20.030,0.57,0.60,4,1617.95,
Player1_Car,88.22,263.435,3.956,723.676,20.032,-0.35,0.60,4,1598.17,
Player2_Car,88.22,265.362,3.788,744.133,20.030,0.57,0.60,4,1618.35,
Player1_Car,88.24,263.396,3.952,724.074,20.032,-0.35,0.60,4,1598.57,
Player2_Car,88.24,265.323,3.785,744.531,20.030,0.57,0.60,4,1618.75,
Player1_Car,88.26,263.356,3.949,724.473,20.032,-0.35,0.60,4,1598.97,
Player2_Car,88.26,265.283,3.782,744.930,20.030,0.57,0.60,4,1619.15,
Player1_Car,88.28,263.317,3.946,724.872,20.032,-0.35,0.60,4,1599.37,
Player2_Car,88.28,265.244,3.778,745.328,20.030,0.57,0.60,4,1619.55,
Player1_Car,88.30,263.278,3.942,725.270,20.032,-0.35,0.60,4,1599.77,
Player2_Car,88.30,265.204,3.775,745.727,20.030,0.57,0.60,4,1619.95,
Player1_Car,88.32,263.239,3.939,725.669,20.032,-0.35,0.60,4,1600.17,
Player2_Car,88.32,265.165,3.772,746.126,20.030,0.57,0.60,4,1620.35,
Player1_Car,88.34,263.199,3.936,726.068,20.032,-0.35,0.60,4,1600.57,
Player2_Car,88.34,265.126,3.768,746.524,20.030,0.57,0.60,4,1620.75,
Player1_Car,88.36,263.160,3.932,726.466,20.032,-0.35,0.60,4,1600.97,
Player2_Car,88.36,265.086,3.765,746.923,20.030,0.57,0.60,4,1621.16,
Player1_Car,88.38,263.121,3.929,726.865,20.032,-0.35,0.60,4,1601.37,
Player2_Car,88.38,265.047,3.762,747.322,20.030,0.57,0.60,4,1621.56,
Player1_Car,88.40,263.081,3.926,727.264,20.032,-0.36,0.60,4,1601.77,
Player2_Car,88.40,265.007,3.758,747.720,20.030,0.57,0.60,4,1621.96,
Player1_Car,88.42,263.042,3.922,727.662,20.032,-0.36,0.60,4,1602.18,
Player2_Car,88.42,264.968,3.755,748.119,20.030,0.57,0.60,4,1622.36,
Player1_Car,88.44,263.003,3.919,728.061,20.032,-0.36,0.60,4,1602.58,
Player2_Car,88.44,264.928,3.752,748.517,20.030,0.57,0.60,4,1622.76,
Player1_Car,88.46,262.963,3.916,728.460,20.032,-0.36,0.60,4,1602.98,
Player2_Car,88.46,264.889,3.748,748.916,20.030,0.57,0.60,4,1623.16,
Player1_Car,88.48,262.924,3.912,728.858,20.032,-0.36,0.60,4,1603.38,
Player2_Car,88.48,264.849,3.745,749.315,20.030,0.58,0.60,4,1623.56,
Player1_Car,88.50,262.885,3.909,729.257,20.032,-0.36,0.60,4,1603.78,
Player2_Car,88.50,264.810,3.742,749.713,20.030,0.61,0.60,4,1623.96,
Player1_Car,88.52,262.845,3.906,729.656,20.032,-0.36,0.60,4,1604.18,
Player2_Car,88.52,264.771,3.738,750.112,20.030,0.65,0.60,4,1624.36,
Player1_Car,88.54,262.806,3.902,730.054,20.032,-0.36,0.60,4,1604.58,
Player2_Car,88.54,264.731,3.735,750.511,20.030,0.68,0.60,4,1624.76,
Player1_Car,88.56,262.767,3.899,730.453,20.032,-0.36,0.60,4,1604.98,
Player2_Car,88.56,264.692,3.732,750.909,20.030,0.73,0.60,4,1625.16,
Player1_Car,88.58,262.727,3.896,730.852,20.032,-0.36,0.60,4,1605.38,
Player2_Car,88.58,264.653,3.728,751.308,20.030,0.82,0.60,4,1625.56,
Player1_Car,88.60,262.688,3.892,731.251,20.032,-0.36,0.60,4,1605.78,
Player2_Car,88.60,264.614,3.725,751.707,20.030,0.91,-0.72,4,1625.96,
Player1_Car,88.62,262.649,3.889,731.649,20.032,-0.36,0.60,4,1606.18,
Player2_Car,88.62,264.575,3.722,752.105,20.030,1.00,-0.72,4,1626.36,
Player1_Car,88.64,262.609,3.886,732.048,20.032,-0.37,0.60,4,1606.58,
Player2_Car,88.64,264.537,3.719,752.488,19.237,1.03,-0.63,4,1626.75,
Player1_Car,88.66,262.570,3.883,732.447,20.032,-0.37,0.60,4,1606.98,
Player2_Car,88.66,264.502,3.715,752.856,18.454,1.06,-0.53,4,1627.12,
Player1_Car,88.68,262.531,3.879,732.845,20.031,-0.37,0.60,4,1607.38,
Player2_Car,88.68,264.468,3.712,753.209,17.738,1.10,-0.45,4,1627.47,
Player1_Car,88.70,262.491,3.876,733.244,20.032,-0.37,0.60,4,1607.78,
Player2_Car,88.70,264.435,3.710,753.549,17.087,1.14,-0.37,4,1627.81,
Player1_Car,88.72,262.452,3.873,733.643,20.031,-0.37,0.60,4,1608.19,
Player2_Car,88.72,264.404,3.707,753.877,16.494,1.19,-0.30,4,1628.14,
Player1_Car,88.74,262.413,3.869,734.041,20.031,-0.37,0.60,4,1608.59,
Player2_Car,88.74,264.374,3.704,754.195,15.956,1.24,-0.23,4,1628.46,
Player1_Car,88.76,262.373,3.866,734.440,20.031,-0.37,0.60,4,1608.99,
Player2_Car,88.76,264.345,3.702,754.503,15.467,1.30,-0.18,4,1628.77,
Player1_Car,88.78,262.334,3.863,734.839,20.031,-0.37,0.60,4,1609.39,
Player2_Car,88.78,264.317,3.699,754.802,15.023,1.36,-0.12,4,1629.07,
Player1_Car,88.80,262.295,3.859,735.237,20.031,-0.37,0.60,4,1609.79,
Player2_Car,88.80,264.289,3.697,755.093,14.619,1.41,-0.07,4,1629.36,
Player1_Car,88.82,262.255,3.856,735.636,20.031,-0.37,0.60,4,1610.19,
Player2_Car,88.82,264.263,3.694,755.377,14.251,1.44,-0.03,4,1629.65,
Player1_Car,88.84,262.216,3.853,736.035,20.031,-0.37,0.60,4,1610.59,
Player2_Car,88.84,264.238,3.692,755.654,13.918,1.47,0.01,4,1629.93,
Player1_Car,88.86,262.177,3.849,736.433,20.031,-0.37,0.60,4,1610.99,
Player2_Car,88.86,264.213,3.690,755.925,13.614,1.50,0.05,4,1630.20,
Player1_Car,88.88,262.137,3.846,736.832,20.031,-0.38,0.60,4,1611.39,
Player2_Car,88.88,264.188,3.688,756.191,13.339,1.54,0.08,4,1630.47,
Player1_Car,88.90,262.098,3.843,737.231,20.031,-0.38,0.60,4,1611.79,
Player2_Car,88.90,264.165,3.685,756.452,13.088,1.60,0.11,4,1630.73,
Player1_Car,88.92,262.059,3.839,737.629,20.031,-0.38,0.60,4,1612.19,
Player2_Car,88.92,264.142,3.683,756.708,12.860,1.66,0.14,4,1630.99,
Player1_Car,88.94,262.019,3.836,738.028,20.031,-0.38,0.60,4,1612.59,
Player2_Car,88.94,264.119,3.681,756.960,12.653,1.71,0.16,4,1631.24,
Player1_Car,88.96,261.980,3.833,738.427,20.031,-0.38,0.60,4,1612.99,
Player2_Car,88.96,264.097,3.679,757.208,12.465,1.76,0.18,4,1631.49,
Player1_Car,88.98,261.941,3.829,738.825,20.031,-0.38,0.60,4,1613.39,
Player2_Car,88.98,264.076,3.677,757.453,12.294,1.79,0.20,4,1631.73,
Player1_Car,89.00,261.901,3.826,739.224,20.031,-0.38,0.60,4,1613.79,
Player2_Car,89.00,264.055,3.675,757.695,12.138,1.84,0.22,4,1631.98,
Player1_Car,89.02,261.862,3.823,739.623,20.031,-0.38,0.60,4,1614.19,
Player2_Car,89.02,264.035,3.673,757.934,11.997,1.88,0.24,4,1632.22,
Player1_Car,89.04,261.823,3.819,740.022,20.031,-0.38,0.60,4,1614.60,
Player2_Car,89.04,264.015,3.671,758.171,11.868,1.91,0.26,4,1632.45,
Player1_Car,89.06,261.783,3.816,740.420,20.031,-0.38,0.60,4,1615.00,
Player2_Car,89.06,263.995,3.669,758.405,11.752,1.98,0.27,4,1632.69,
Player1_Car,89.08,261.744,3.813,740.819,20.031,-0.38,0.60,4,1615.40,
Player2_Car,89.08,263.976,3.667,758.637,11.645,2.05,0.28,4,1632.92,
Player1_Car,89.10,261.705,3.809,741.218,20.031,-0.38,0.60,4,1615.80,
Player2_Car,89.10,263.957,3.665,758.867,11.549,2.11,0.29,4,1633.15,
Player1_Car,89.12,261.665,3.806,741.616,20.031,-0.38,0.60,4,1616.20,
Player2_Car,89.12,263.939,3.663,759.096,11.461,2.14,0.30,4,1633.38,
Player1_Car,89.14,261.626,3.803,742.015,20.031,-0.39,0.60,4,1616.60,
Player2_Car,89.14,263.921,3.662,759.323,11.379,2.19,0.31,4,1633.61,
Player1_Car,89.16,261.587,3.799,742.414,20.031,-0.39,0.60,4,1617.00,
Player2_Car,89.16,263.904,3.660,759.548,11.307,2.22,0.32,4,1633.84,
Player1_Car,89.18,261.547,3.796,742.812,20.031,-0.39,0.60,4,1617.40,
Player2_Car,89.18,263.887,3.658,759.772,11.241,2.25,0.33,4,1634.06,
Player1_Car,89.20,261.508,3.793,743.211,20.031,-0.39,0.60,4,1617.80,
Player2_Car,89.20,263.871,3.656,759.995,11.182,2.33,0.34,4,1634.28,
Player1_Car,89.22,261.469,3.789,743.610,20.031,-0.39,0.60,4,1618.20,
Player2_Car,89.22,263.854,3.654,760.217,11.133,2.38,0.34,4,1634.51,
Player1_Car,89.24,261.429,3.786,744.008,20.031,-0.39,0.60,4,1618.60,
Player2_Car,89.24,263.839,3.652,760.438,11.081,2.46,0.35,4,1634.73,
Player1_Car,89.26,261.390,3.783,744.407,20.031,-0.39,0.60,4,1619.00,
Player2_Car,89.26,263.824,3.650,760.659,11.035,2.50,0.36,4,1634.95,
Player1_Car,89.28,261.351,3.779,744.806,20.031,-0.39,0.60,4,1619.40,
Player2_Car,89.28,263.809,3.649,760.878,10.986,2.57,0.36,4,1635.17,
Player1_Car,89.30,261.311,3.776,745.204,20.031,-0.39,0.60,4,1619.80,
Player2_Car,89.30,263.795,3.647,761.096,10.951,2.57,0.37,4,1635.39,
Player1_Car,89.32,261.272,3.773,745.603,20.031,-0.39,0.60,4,1620.20,
Player2_Car,89.32,263.781,3.645,761.314,10.917,2.60,0.37,4,1635.61,
Player1_Car,89.34,261.233,3.769,746.002,20.031,-0.39,0.60,4,1620.60,
Player2_Car,89.34,263.768,3.643,761.532,10.901,2.62,0.37,4,1635.82,
Player1_Car,89.36,261.193,3.766,746.400,20.031,-0.39,0.60,4,1621.01,
Player2_Car,89.36,263.755,3.641,761.749,10.870,2.75,0.38,4,1636.04,
Player1_Car,89.38,261.154,3.763,746.799,20.031,-0.39,0.60,4,1621.41,
Player2_Car,89.38,263.742,3.639,761.965,10.843,2.83,0.38,4,1636.26,
Player1_Car,89.40,261.115,3.759,747.198,20.031,-0.39,0.60,4,1621.81,
Player2_Car,89.40,263.730,3.637,762.181,10.819,2.85,0.38,4,1636.47,
Player1_Car,89.42,261.075,3.756,747.596,20.031,-0.40,0.60,4,1622.21,
Player2_Car,89.42,263.719,3.636,762.396,10.783,2.96,0.39,4,1636.72,
Player1_Car,89.44,261.036,3.753,747.995,20.031,-0.40,0.60,4,1622.61,
Player2_Car,89.44,263.708,3.634,762.611,10.764,2.97,0.39,4,1636.93,
Player1_Car,89.46,260.997,3.749,748.394,20.031,-0.40,0.60,4,1623.01,
Player2_Car,89.46,263.698,3.633,762.826,10.750,2.98,0.39,4,1637.15,
Player1_Car,89.48,260.957,3.746,748.793,20.031,-0.40,0.60,4,1623.41,
Player2_Car,89.48,263.688,3.630,763.041,10.754,2.95,0.39,4,1637.36,
Player1_Car,89.50,260.918,3.743,749.191,20.031,-0.37,0.60,4,1623.81,
Player2_Car,89.50,263.679,3.628,763.255,10.734,3.10,0.39,4,1637.58,
Player1_Car,89.52,260.879,3.739,749.590,20.031,-0.34,0.60,4,1624.21,
Player2_Car,89.52,263.670,3.626,763.469,10.720,3.19,0.39,4,1637.79,
Player1_Car,89.54,260.839,3.736,749.989,20.031,-0.30,0.60,4,1624.61,
Player2_Car,89.54,263.662,3.625,763.683,10.690,3.32,0.40,4,1638.05,
Player1_Car,89.56,260.800,3.733,750.387,20.031,-0.26,0.60,4,1625.01,
Player2_Car,89.56,263.655,3.623,763.896,10.676,3.32,0.40,4,1638.26,
Player1_Car,89.58,260.761,3.729,750.786,20.031,-0.17,0.60,4,1625.41,
Player2_Car,89.58,263.648,3.622,764.109,10.668,3.30,0.40,4,1638.48,
Player1_Car,89.60,260.722,3.726,751.185,20.031,-0.08,0.60,4,1625.81,
Player2_Car,89.60,263.642,3.620,764.322,10.666,3.32,0.40,4,1638.69,
Player1_Car,89.62,260.683,3.723,751.583,20.032,0.01,-0.72,4,1626.21,
Player2_Car,89.62,263.637,3.617,764.536,10.679,3.29,0.40,4,1638.90,
Player1_Car,89.64,260.644,3.720,751.982,20.032,0.13,-0.72,4,1626.61,
Player2_Car,89.64,263.632,3.615,764.749,10.662,3.45,0.40,4,1639.12,
Player1_Car,89.66,260.607,3.716,752.365,19.240,0.16,-0.63,4,1627.00,
Player2_Car,89.66,263.627,3.613,764.962,10.654,3.51,0.40,4,1639.33,
Player1_Car,89.68,260.572,3.713,752.733,18.457,0.18,-0.53,4,1627.37,
Player2_Car,89.68,263.624,3.612,765.174,10.627,3.72,0.40,4,1639.59,
Player1_Car,89.70,260.538,3.710,753.086,17.742,0.21,-0.45,4,1627.72,
Player2_Car,89.70,263.621,3.610,765.386,10.620,3.72,0.41,4,1639.81,
Player1_Car,89.72,260.506,3.707,753.426,17.091,0.24,-0.37,4,1628.06,
Player2_Car,89.72,263.619,3.608,765.599,10.618,3.64,0.41,4,1640.02,
Player1_Car,89.74,260.475,3.705,753.755,16.499,0.28,-0.30,4,1628.39,
Player2_Car,89.74,263.618,3.606,765.811,10.639,3.53,0.40,4,1640.23,
Player1_Car,89.76,260.445,3.702,754.072,15.961,0.33,-0.24,4,1628.71,
Player2_Car,89.76,263.617,3.603,766.024,10.629,3.69,0.40,4,1640.44,
Player1_Car,89.78,260.416,3.699,754.381,15.473,0.38,-0.18,4,1629.02,
Player2_Car,89.78,263.617,3.601,766.236,10.623,3.83,0.41,4,1640.66,
Player1_Car,89.80,260.387,3.697,754.680,15.029,0.43,-0.12,4,1629.32,
Player2_Car,89.80,263.618,3.600,766.448,10.597,4.08,0.41,4,1640.92,
Player1_Car,89.82,260.360,3.695,754.971,14.626,0.49,-0.08,4,1629.62,
Player2_Car,89.82,263.619,3.598,766.660,10.591,4.03,0.41,4,1641.14,
Player1_Car,89.84,260.334,3.692,755.255,14.259,0.55,-0.03,4,1629.90,
Player2_Car,89.84,263.622,3.597,766.871,10.589,3.92,0.41,4,1641.35,
Player1_Car,89.86,260.308,3.690,755.532,13.926,0.61,0.01,4,1630.18,
Player2_Car,89.86,263.626,3.594,767.084,10.616,3.79,0.41,4,1641.56,
Player1_Car,89.88,260.283,3.688,755.804,13.623,0.69,0.05,4,1630.45,
Player2_Car,89.88,263.630,3.591,767.296,10.609,3.97,0.41,4,1641.77,
Player1_Car,89.90,260.258,3.685,756.069,13.348,0.79,0.08,4,1630.72,
Player2_Car,89.90,263.634,3.589,767.508,10.605,4.16,0.41,4,1641.98,
Player1_Car,89.92,260.235,3.683,756.330,13.097,0.89,0.11,4,1630.98,
Player2_Car,89.92,263.640,3.588,767.719,10.577,4.32,0.41,4,1642.19,
Player1_Car,89.94,260.212,3.681,756.587,12.870,1.00,0.14,4,1631.24,
Player2_Car,89.94,263.647,3.586,767.930,10.574,4.32,0.41,4,1642.47,
Player1_Car,89.96,260.189,3.679,756.839,12.663,1.11,0.16,4,1631.49,
Player2_Car,89.96,263.654,3.585,768.142,10.572,4.23,0.41,4,1642.68,
Player1_Car,89.98,260.167,3.677,757.087,12.475,1.22,0.18,4,1631.74,
Player2_Car,89.98,263.663,3.582,768.354,10.603,4.08,0.41,4,1642.89,
Player1_Car,90.00,260.146,3.675,757.333,12.304,1.33,0.20,4,1631.99,
Player2_Car,90.00,263.672,3.579,768.565,10.597,4.29,0.41,4,1643.10,
Player1_Car,90.02,260.125,3.673,757.575,12.148,1.44,0.22,4,1632.23,
Player2_Car,90.02,263.682,3.577,768.777,10.595,4.47,0.41,4,1643.31,
Player1_Car,90.04,260.104,3.671,757.814,12.007,1.56,0.24,4,1632.47,
Player2_Car,90.04,263.694,3.575,768.988,10.565,4.62,0.41,4,1643.52,
Player1_Car,90.06,260.084,3.669,758.051,11.878,1.68,0.25,4,1632.71,
Player2_Car,90.06,263.706,3.574,769.198,10.562,4.61,0.41,4,1643.80,
Player1_Car,90.08,260.064,3.667,758.285,11.760,1.76,0.27,4,1632.94,
Player2_Car,90.08,263.719,3.572,769.409,10.560,4.53,0.41,4,1644.01,
Player1_Car,90.10,260.045,3.665,758.517,11.653,1.82,0.28,4,1633.18,
Player2_Car,90.10,263.734,3.569,769.621,10.596,4.41,0.41,4,1644.22,
Player1_Car,90.12,260.026,3.663,758.747,11.556,1.89,0.29,4,1633.41,
Player2_Car,90.12,263.749,3.567,769.832,10.591,4.61,0.41,4,1644.43,
Player1_Car,90.14,260.008,3.661,758.976,11.465,1.96,0.30,4,1633.64,
Player2_Car,90.14,263.765,3.565,770.042,10.561,4.90,0.41,4,1644.64,
Player1_Car,90.16,259.990,3.659,759.203,11.385,2.02,0.31,4,1633.86,
Player2_Car,90.16,263.782,3.563,770.253,10.565,4.90,0.41,4,1644.92,
Player1_Car,90.18,259.972,3.658,759.429,11.313,2.08,0.32,4,1634.09,
Player2_Car,90.18,263.801,3.561,770.463,10.556,4.83,0.41,4,1645.13,
Player1_Car,90.20,259.955,3.656,759.653,11.247,2.17,0.33,4,1634.32,
Player2_Car,90.20,263.820,3.560,770.673,10.552,4.87,0.41,4,1645.35,
Player1_Car,90.22,259.938,3.654,759.876,11.187,2.26,0.34,4,1634.54,
Player2_Car,90.22,263.841,3.557,770.884,10.595,4.74,0.41,4,1645.56,
Player1_Car,90.24,259.921,3.652,760.098,11.137,2.29,0.34,4,1634.76,
Player2_Car,90.24,263.860,3.561,771.092,10.450,4.87,0.43,4,1645.77,
Player1_Car,90.26,259.906,3.650,760.319,11.085,2.36,0.35,4,1634.98,
Player2_Car,90.26,263.882,3.563,771.302,10.517,4.64,0.42,4,1645.98,
Player1_Car,90.28,259.890,3.648,760.539,11.031,2.46,0.36,4,1635.20,
Player2_Car,90.28,263.906,3.563,771.512,10.609,4.63,0.41,4,1646.26,
Player1_Car,90.30,259.875,3.647,760.759,10.992,2.47,0.36,4,1635.42,
Player2_Car,90.30,263.931,3.559,771.725,10.692,4.79,0.40,4,1646.47,
Player1_Car,90.32,259.860,3.645,760.977,10.955,2.53,0.37,4,1635.64,
Player2_Car,90.32,263.957,3.553,771.938,10.768,4.84,0.39,4,1646.69,
Player1_Car,90.34,259.846,3.643,761.195,10.922,2.62,0.37,4,1635.86,
Player2_Car,90.34,263.985,3.548,772.152,10.750,5.08,0.39,4,1646.90,
Player1_Car,90.36,259.832,3.641,761.413,10.891,2.69,0.37,4,1636.08,
Player2_Car,90.36,264.014,3.543,772.364,10.719,5.27,0.39,4,1647.12,
Player1_Car,90.38,259.819,3.639,761.630,10.876,2.67,0.37,4,1636.30,
Player2_Car,90.38,264.045,3.540,772.574,10.619,5.66,0.41,4,1647.33,
Player1_Car,90.40,259.806,3.637,761.846,10.846,2.77,0.38,4,1636.52,
Player2_Car,90.40,264.076,3.538,772.784,10.599,5.61,0.41,4,1647.62,
Player1_Car,90.42,259.794,3.636,762.062,10.808,2.88,0.38,4,1636.70,
Player2_Car,90.42,264.110,3.535,772.993,10.621,5.23,0.41,4,1647.83,
Player1_Car,90.44,259.783,3.634,762.277,10.787,2.89,0.39,4,1636.92,
Player2_Car,90.44,264.144,3.532,773.202,10.604,5.31,0.41,4,1648.04,
Player1_Car,90.46,259.772,3.633,762.492,10.768,2.92,0.39,4,1637.14,
Player2_Car,90.46,264.180,3.530,773.411,10.602,5.48,0.41,4,1648.26,
Player1_Car,90.48,259.761,3.631,762.707,10.753,2.99,0.39,4,1637.35,
Player2_Car,90.48,264.216,3.529,773.619,10.557,5.77,0.41,4,1648.47,
Player1_Car,90.50,259.751,3.629,762.922,10.737,3.05,0.39,4,1637.56,
Player2_Car,90.50,264.254,3.527,773.827,10.569,5.80,0.41,4,1648.76,
Player1_Car,90.52,259.741,3.627,763.136,10.740,3.01,0.39,4,1637.78,
Player2_Car,90.52,264.293,3.525,774.034,10.556,5.74,0.41,4,1648.97,
Player1_Car,90.54,259.733,3.625,763.350,10.723,3.10,0.39,4,1637.99,
Player2_Car,90.54,264.334,3.522,774.242,10.600,5.48,0.41,4,1649.18,
Player1_Car,90.56,259.724,3.623,763.564,10.692,3.24,0.40,4,1638.17,
Player2_Car,90.56,264.377,3.519,774.450,10.594,5.70,0.41,4,1649.40,
Player1_Car,90.58,259.717,3.622,763.777,10.679,3.28,0.40,4,1638.38,
Player2_Car,90.58,264.420,3.518,774.656,10.545,6.14,0.41,4,1649.61,
Player1_Car,90.60,259.710,3.620,763.990,10.670,3.28,0.40,4,1638.59,
Player2_Car,90.60,264.464,3.516,774.862,10.558,6.19,0.41,4,1649.91,
Player1_Car,90.62,259.703,3.618,764.204,10.666,3.29,0.40,4,1638.81,
Player2_Car,90.62,264.511,3.514,775.068,10.552,6.02,0.41,4,1650.12,
Player1_Car,90.64,259.697,3.617,764.417,10.658,3.34,0.40,4,1639.02,
Player2_Car,90.64,264.559,3.511,775.275,10.592,5.80,0.41,4,1650.33,
Player1_Car,90.66,259.692,3.614,764.630,10.673,3.30,0.40,4,1639.23,
Player2_Car,90.66,264.608,3.508,775.480,10.586,6.06,0.41,4,1650.54,
Player1_Car,90.68,259.688,3.612,764.843,10.659,3.43,0.40,4,1639.44,
Player2_Car,90.68,264.658,3.507,775.685,10.533,6.50,0.42,4,1650.75,
Player1_Car,90.70,259.684,3.611,765.055,10.631,3.61,0.40,4,1639.62,
Player2_Car,90.70,264.710,3.505,775.889,10.547,6.51,0.41,4,1651.05,
Player1_Car,90.72,259.681,3.609,765.268,10.623,3.61,0.41,4,1639.83,
Player2_Car,90.72,264.764,3.502,776.094,10.589,6.14,0.41,4,1651.26,
Player1_Car,90.74,259.679,3.608,765.480,10.618,3.57,0.41,4,1640.04,
Player2_Car,90.74,264.820,3.499,776.297,10.576,6.32,0.41,4,1651.48,
Player1_Car,90.76,259.677,3.606,765.692,10.619,3.57,0.41,4,1640.25,
Player2_Car,90.76,264.876,3.499,776.500,10.530,6.73,0.42,4,1651.69,
Player1_Car,90.78,259.676,3.603,765.905,10.638,3.53,0.40,4,1640.47,
Player2_Car,90.78,264.934,3.497,776.702,10.537,6.62,0.42,4,1651.90,
Player1_Car,90.80,259.676,3.601,766.118,10.628,3.71,0.40,4,1640.68,
Player2_Car,90.80,264.994,3.495,776.905,10.543,6.64,0.41,4,1652.21,
Player1_Car,90.82,259.676,3.600,766.329,10.603,3.87,0.41,4,1640.85,
Player2_Car,90.82,265.056,3.491,777.107,10.591,6.53,0.41,4,1652.42,
Player1_Car,90.84,259.677,3.598,766.541,10.596,3.86,0.41,4,1641.06,
Player2_Car,90.84,265.119,3.489,777.309,10.574,6.78,0.41,4,1652.63,
Player1_Car,90.86,259.680,3.597,766.753,10.593,3.81,0.41,4,1641.27,
Player2_Car,90.86,265.183,3.488,777.508,10.521,7.11,0.42,4,1652.84,
Player1_Car,90.88,259.682,3.595,766.965,10.591,3.83,0.41,4,1641.48,
Player2_Car,90.88,265.249,3.486,777.708,10.530,6.88,0.42,4,1653.05,
Player1_Car,90.90,259.686,3.593,767.177,10.595,3.86,0.41,4,1641.70,
Player2_Car,90.90,265.317,3.484,777.908,10.537,6.98,0.42,4,1653.36,
Player1_Car,90.92,259.690,3.590,767.389,10.621,3.84,0.41,4,1641.91,
Player2_Car,90.92,265.387,3.480,778.108,10.591,6.89,0.41,4,1653.58,
Player1_Car,90.94,259.696,3.588,767.601,10.610,4.04,0.41,4,1642.12,
Player2_Car,90.94,265.459,3.478,778.306,10.571,7.13,0.41,4,1653.79,
Player1_Car,90.96,259.702,3.587,767.812,10.582,4.19,0.41,4,1642.29,
Player2_Car,90.96,265.531,3.478,778.503,10.511,7.45,0.42,4,1654.00,
Player1_Car,90.98,259.709,3.585,768.024,10.577,4.13,0.41,4,1642.50,
Player2_Car,90.98,265.606,3.476,778.699,10.523,7.17,0.42,4,1654.21,
Player1_Car,91.00,259.717,3.584,768.235,10.575,4.06,0.41,4,1642.71,
Player2_Car,91.00,265.683,3.472,778.896,10.583,7.14,0.41,4,1654.53,
Player1_Car,91.02,259.725,3.582,768.446,10.575,4.11,0.41,4,1642.92,
Player2_Car,91.02,265.761,3.469,779.093,10.565,7.49,0.41,4,1654.74,
Player1_Car,91.04,259.735,3.580,768.658,10.583,4.20,0.41,4,1643.14,
Player2_Car,91.04,265.840,3.469,779.286,10.507,7.78,0.42,4,1654.95,
Player1_Car,91.06,259.745,3.577,768.870,10.616,4.14,0.41,4,1643.35,
Player2_Car,91.06,265.922,3.468,779.480,10.503,7.51,0.42,4,1655.16,
Player1_Car,91.08,259.757,3.575,769.081,10.575,4.43,0.41,4,1643.55,
Player2_Car,91.08,266.006,3.466,779.673,10.521,7.62,0.42,4,1655.48,
Player1_Car,91.10,259.769,3.574,769.292,10.568,4.40,0.41,4,1643.73,
Player2_Car,91.10,266.091,3.461,779.867,10.595,7.46,0.41,4,1655.70,
Player1_Car,91.12,259.782,3.572,769.503,10.566,4.29,0.41,4,1643.94,
Player2_Car,91.12,266.178,3.461,780.058,10.507,7.96,0.42,4,1655.91,
Player1_Car,91.14,259.797,3.570,769.713,10.565,4.35,0.41,4,1644.15,
Player2_Car,91.14,266.267,3.460,780.248,10.496,7.90,0.42,4,1656.12,
Player1_Car,91.16,259.812,3.569,769.924,10.570,4.46,0.41,4,1644.36,
Player2_Car,91.16,266.358,3.458,780.438,10.511,7.60,0.42,4,1656.33,
Player1_Car,91.18,259.828,3.565,770.136,10.609,4.36,0.41,4,1644.57,
Player2_Car,91.18,266.451,3.454,780.628,10.584,7.70,0.41,4,1656.66,
Player1_Car,91.20,259.845,3.563,770.347,10.596,4.53,0.41,4,1644.78,
Player2_Car,91.20,266.545,3.451,780.817,10.563,8.10,0.41,4,1656.87,
Player1_Car,91.22,259.863,3.562,770.557,10.561,4.71,0.41,4,1644.95,
Player2_Car,91.22,266.641,3.451,781.003,10.496,8.36,0.42,4,1657.08,
Player1_Car,91.24,259.882,3.560,770.767,10.557,4.66,0.41,4,1645.16,
Player2_Car,91.24,266.739,3.450,781.188,10.490,7.83,0.42,4,1657.29,
Player1_Car,91.26,259.903,3.559,770.978,10.557,4.63,0.41,4,1645.37,
Player2_Car,91.26,266.839,3.448,781.373,10.514,7.91,0.42,4,1657.62,
Player1_Car,91.28,259.924,3.557,771.188,10.558,4.69,0.41,4,1645.58,
Player2_Car,91.28,266.941,3.443,781.559,10.607,7.87,0.41,4,1657.84,
Player1_Car,91.30,259.946,3.554,771.398,10.603,4.57,0.41,4,1645.79,
Player2_Car,91.30,267.044,3.443,781.741,10.502,8.55,0.42,4,1658.05,
Player1_Car,91.32,259.969,3.551,771.609,10.591,4.76,0.41,4,1646.01,
Player2_Car,91.32,267.149,3.442,781.923,10.491,8.28,0.42,4,1658.25,
Player1_Car,91.34,259.994,3.550,771.818,10.555,4.97,0.41,4,1646.17,
Player2_Car,91.34,267.257,3.440,782.103,10.509,8.18,0.42,4,1658.60,
Player1_Car,91.36,260.019,3.549,772.028,10.551,4.95,0.41,4,1646.38,
Player2_Car,91.36,267.367,3.435,782.284,10.601,7.94,0.41,4,1658.81,
Player1_Car,91.38,260.046,3.547,772.237,10.551,4.89,0.41,4,1646.59,
Player2_Car,91.38,267.478,3.435,782.462,10.503,8.65,0.42,4,1659.02,
Player1_Car,91.40,260.073,3.545,772.446,10.552,4.93,0.41,4,1646.80,
Player2_Car,91.40,267.591,3.434,782.640,10.493,8.51,0.42,4,1659.23,
Player1_Car,91.42,260.102,3.542,772.656,10.597,4.81,0.41,4,1647.02,
Player2_Car,91.42,267.706,3.432,782.815,10.502,8.43,0.42,4,1659.57,
Player1_Car,91.44,260.130,3.548,772.863,10.414,6.35,0.43,4,1647.22,
Player2_Car,91.44,267.824,3.428,782.991,10.595,8.10,0.41,4,1659.78,
Player1_Car,91.46,260.161,3.551,773.070,10.483,5.32,0.42,4,1647.39,
Player2_Car,91.46,267.943,3.427,783.164,10.502,8.73,0.42,4,1659.99,
Player1_Car,91.48,260.194,3.551,773.279,10.573,4.27,0.41,4,1647.60,
Player2_Car,91.48,268.063,3.426,783.336,10.494,8.61,0.42,4,1660.20,
Player1_Car,91.50,260.228,3.549,773.489,10.662,4.39,0.40,4,1647.81,
Player2_Car,91.50,268.185,3.425,783.507,10.497,8.63,0.42,4,1660.55,
Player1_Car,91.52,260.262,3.544,773.701,10.742,4.90,0.39,4,1648.03,
Player2_Car,91.52,268.311,3.421,783.677,10.591,8.26,0.41,4,1660.76,
Player1_Car,91.54,260.298,3.536,773.915,10.819,5.08,0.38,4,1648.24,
Player2_Car,91.54,268.437,3.420,783.845,10.500,8.80,0.42,4,1660.97,
Player1_Car,91.56,260.335,3.529,774.127,10.780,5.60,0.39,4,1648.46,
Player2_Car,91.56,268.565,3.419,784.012,10.495,8.67,0.42,4,1661.18,
Player1_Car,91.58,260.374,3.527,774.336,10.624,6.15,0.41,4,1648.62,
Player2_Car,91.58,268.695,3.418,784.177,10.495,8.75,0.42,4,1661.54,
Player1_Car,91.60,260.414,3.525,774.544,10.582,5.73,0.41,4,1648.84,
Player2_Car,91.60,268.828,3.414,784.341,10.586,8.38,0.41,4,1661.75,
Player1_Car,91.62,260.457,3.523,774.751,10.566,5.29,0.41,4,1649.05,
Player2_Car,91.62,268.961,3.413,784.503,10.497,8.84,0.42,4,1661.96,
Player1_Car,91.64,260.499,3.522,774.958,10.561,5.33,0.41,4,1649.26,
Player2_Car,91.64,269.096,3.412,784.664,10.485,8.71,0.42,4,1662.17,
Player1_Car,91.66,260.543,3.519,775.165,10.607,5.42,0.41,4,1649.47,
Player2_Car,91.66,269.233,3.411,784.823,10.476,8.80,0.42,4,1662.52,
Player1_Car,91.68,260.587,3.516,775.372,10.600,5.72,0.41,4,1649.68,
Player2_Car,91.68,269.372,3.407,784.981,10.555,8.42,0.41,4,1662.73,
Player1_Car,91.70,260.633,3.515,775.578,10.559,5.87,0.41,4,1649.85,
Player2_Car,91.70,269.513,3.406,785.136,10.465,8.83,0.42,4,1662.94,
Player1_Car,91.72,260.681,3.513,775.784,10.553,5.75,0.41,4,1650.06,
Player2_Car,91.72,269.654,3.405,785.290,10.446,8.71,0.43,4,1663.15,
Player1_Car,91.74,260.729,3.512,775.989,10.551,5.67,0.41,4,1650.27,
Player2_Car,91.74,269.797,3.404,785.442,10.432,8.78,0.43,4,1663.50,
Player1_Car,91.76,260.779,3.510,776.194,10.548,5.81,0.41,4,1650.48,
Player2_Car,91.76,269.943,3.401,785.593,10.500,8.41,0.42,4,1663.71,
Player1_Car,91.78,260.831,3.507,776.399,10.602,5.71,0.41,4,1650.69,
Player2_Car,91.78,270.089,3.400,785.741,10.413,8.77,0.43,4,1663.92,
Player1_Car,91.80,260.885,3.513,776.600,10.406,7.24,0.43,4,1650.90,
Player2_Car,91.80,270.236,3.399,785.888,10.389,8.67,0.43,4,1664.13,
Player1_Car,91.82,260.939,3.518,776.803,10.474,6.28,0.42,4,1651.06,
Player2_Car,91.82,270.385,3.398,786.032,10.371,8.70,0.44,4,1664.48,
Player1_Car,91.84,260.996,3.518,777.006,10.566,5.10,0.41,4,1651.27,
Player2_Car,91.84,270.536,3.395,786.176,10.429,8.36,0.43,4,1664.69,
Player1_Car,91.86,261.054,3.516,777.211,10.663,5.06,0.40,4,1651.48,
Player2_Car,91.86,270.688,3.394,786.317,10.347,8.67,0.44,4,1664.90,
Player1_Car,91.88,261.112,3.511,777.419,10.759,5.57,0.39,4,1651.70,
Player2_Car,91.88,270.841,3.393,786.456,10.321,8.58,0.44,4,1665.10,
Player1_Car,91.90,261.171,3.503,777.627,10.841,5.90,0.38,4,1651.91,
Player2_Car,91.90,270.995,3.392,786.593,10.302,8.63,0.44,4,1665.45,
Player1_Car,91.92,261.234,3.494,777.835,10.844,5.94,0.38,4,1652.08,
Player2_Car,91.92,271.151,3.389,786.729,10.353,8.27,0.44,4,1665.66,
Player1_Car,91.94,261.297,3.492,778.038,10.642,6.95,0.40,4,1652.30,
Player2_Car,91.94,271.307,3.388,786.862,10.286,8.51,0.45,4,1665.87,
Player1_Car,91.96,261.361,3.491,778.239,10.581,6.79,0.41,4,1652.51,
Player2_Car,91.96,271.465,3.388,786.994,10.265,8.48,0.45,4,1666.07,
Player1_Car,91.98,261.428,3.489,778.439,10.560,6.17,0.41,4,1652.72,
Player2_Car,91.98,271.624,3.387,787.124,10.252,8.18,0.45,4,1666.28,
Player1_Car,92.00,261.496,3.486,778.640,10.610,5.81,0.41,4,1652.93,
Player2_Car,92.00,271.785,3.384,787.252,10.298,8.19,0.44,4,1666.62,
Player1_Car,92.02,261.565,3.484,778.841,10.594,6.25,0.41,4,1653.14,
Player2_Car,92.02,271.946,3.382,787.379,10.285,8.42,0.45,4,1666.83,
Player1_Car,92.04,261.634,3.483,779.040,10.558,6.60,0.41,4,1653.30,
Player2_Car,92.04,272.108,3.382,787.504,10.226,8.54,0.45,4,1667.03,
Player1_Car,92.06,261.705,3.481,779.238,10.550,6.52,0.41,4,1653.52,
Player2_Car,92.06,272.272,3.382,787.626,10.213,8.14,0.45,4,1667.24,
Player1_Car,92.08,261.778,3.480,779.436,10.545,6.41,0.41,4,1653.73,
Player2_Car,92.08,272.437,3.380,787.747,10.255,8.05,0.45,4,1667.58,
Player1_Car,92.10,261.853,3.478,779.633,10.554,6.40,0.41,4,1653.94,
Player2_Car,92.10,272.604,3.378,787.867,10.252,8.23,0.45,4,1667.79,
Player1_Car,92.12,261.929,3.475,779.831,10.604,6.31,0.41,4,1654.15,
Player2_Car,92.12,272.770,3.377,787.984,10.202,8.37,0.46,4,1667.99,
Player1_Car,92.14,262.006,3.472,780.028,10.587,6.50,0.41,4,1654.31,
Player2_Car,92.14,272.938,3.377,788.100,10.192,8.03,0.46,4,1668.20,
Player1_Car,92.16,262.085,3.472,780.223,10.541,6.85,0.42,4,1654.52,
Player2_Car,92.16,273.108,3.376,788.214,10.203,8.07,0.46,4,1668.54,
Player1_Car,92.18,262.165,3.471,780.418,10.534,6.81,0.42,4,1654.73,
Player2_Car,92.18,273.278,3.374,788.327,10.241,7.96,0.45,4,1668.74,
Player1_Car,92.20,262.247,3.469,780.612,10.538,6.63,0.42,4,1654.94,
Player2_Car,92.20,273.450,3.373,788.437,10.189,8.09,0.46,4,1668.95,
Player1_Car,92.22,262.331,3.466,780.807,10.592,6.43,0.41,4,1655.16,
Player2_Car,92.22,273.622,3.373,788.546,10.182,7.88,1.00,4,1669.15,
Player1_Car,92.24,262.416,3.464,781.000,10.578,6.72,0.41,4,1655.34,
Player2_Car,92.24,273.795,3.372,788.653,10.189,7.97,1.00,4,1669.49,
Player1_Car,92.26,262.502,3.463,781.192,10.539,7.05,0.42,4,1655.53,
Player2_Car,92.26,273.976,3.370,788.762,10.545,7.86,1.00,4,1669.70,
Player1_Car,92.28,262.590,3.462,781.383,10.527,6.99,0.42,4,1655.74,
Player2_Car,92.28,274.163,3.369,788.872,10.851,7.94,1.00,4,1669.92,
Player1_Car,92.30,262.680,3.460,781.574,10.528,6.82,0.42,4,1655.95,
Player2_Car,92.30,274.356,3.369,788.983,11.139,8.15,1.00,4,1670.14,
Player1_Car,92.32,262.771,3.459,781.764,10.539,6.77,0.42,4,1656.16,
Player2_Car,92.32,274.555,3.368,789.095,11.455,8.30,1.00,4,1670.50,
Player1_Car,92.34,262.864,3.455,781.954,10.589,6.80,0.41,4,1656.37,
Player2_Car,92.34,274.762,3.366,789.208,11.790,7.97,1.00,4,1670.73,
Player1_Car,92.36,262.958,3.454,782.142,10.537,7.11,0.42,4,1656.54,
Player2_Car,92.36,274.976,3.365,789.321,12.078,7.91,1.00,4,1670.97,
Player1_Car,92.38,263.054,3.453,782.330,10.524,7.14,0.42,4,1656.75,
Player2_Car,92.38,275.195,3.365,789.435,12.351,8.16,1.00,4,1671.22,
Player1_Car,92.40,263.151,3.452,782.516,10.522,7.03,0.42,4,1656.96,
Player2_Car,92.40,275.421,3.364,789.550,12.654,8.25,1.00,4,1671.60,
Player1_Car,92.42,263.250,3.450,782.702,10.536,6.94,0.42,4,1657.17,
Player2_Car,92.42,275.653,3.362,789.664,12.964,7.91,1.00,4,1671.86,
Player1_Car,92.44,263.351,3.447,782.888,10.582,6.94,0.41,4,1657.38,
Player2_Car,92.44,275.892,3.361,789.777,13.234,7.83,1.00,4,1672.12,
Player1_Car,92.46,263.454,3.454,783.069,10.394,6.45,0.43,4,1657.54,
Player2_Car,92.46,276.137,3.361,789.891,13.493,7.98,1.00,4,1672.39,
Player1_Car,92.48,263.557,3.458,783.251,10.473,6.62,0.42,4,1657.75,
Player2_Car,92.48,276.388,3.360,790.004,13.784,8.01,1.00,4,1672.78,
Player1_Car,92.50,263.662,3.458,783.435,10.592,6.80,0.41,4,1657.96,
Player2_Car,92.50,276.646,3.359,790.116,14.068,7.75,1.00,4,1673.07,
Player1_Car,92.52,263.770,3.456,783.619,10.669,7.17,0.40,4,1658.18,
Player2_Car,92.52,276.910,3.359,790.227,14.305,7.72,1.00,4,1673.35,
Player1_Car,92.54,263.880,3.452,783.803,10.724,7.46,0.39,4,1658.39,
Player2_Car,92.54,277.180,3.358,790.337,14.582,7.77,1.00,4,1673.76,
Player1_Car,92.56,263.993,3.445,783.987,10.783,7.24,0.39,4,1658.56,
Player2_Car,92.56,277.457,3.356,790.446,14.858,7.61,1.00,4,1674.05,
Player1_Car,92.58,264.107,3.438,784.169,10.780,7.14,0.39,4,1658.78,
Player2_Car,92.58,277.739,3.356,790.554,15.101,7.50,1.00,4,1674.36,
Player1_Car,92.60,264.222,3.434,784.349,10.673,7.49,0.40,4,1658.99,
Player2_Car,92.60,278.027,3.355,790.659,15.340,7.61,1.00,4,1674.77,
Player1_Car,92.62,264.337,3.434,784.526,10.546,7.81,0.41,4,1659.20,
Player2_Car,92.62,278.321,3.355,790.764,15.604,7.43,1.00,4,1675.08,
Player1_Car,92.64,264.454,3.433,784.702,10.557,7.35,0.41,4,1659.41,
Player2_Car,92.64,278.621,3.354,790.866,15.853,7.16,1.00,4,1675.40,
Player1_Car,92.66,264.573,3.431,784.876,10.572,6.96,0.41,4,1659.58,
Player2_Car,92.66,278.927,3.354,790.966,16.080,7.15,1.00,4,1675.72,
Player1_Car,92.68,264.693,3.429,785.050,10.563,7.17,0.41,4,1659.79,
Player2_Car,92.68,279.238,3.353,791.065,16.335,7.25,1.00,4,1676.15,
Player1_Car,92.70,264.814,3.426,785.224,10.609,7.25,0.41,4,1660.00,
Player2_Car,92.70,279.555,3.352,791.161,16.575,7.12,1.00,4,1676.48,
Player1_Car,92.72,264.936,3.425,785.395,10.540,7.65,0.42,4,1660.21,
Player2_Car,92.72,279.878,3.352,791.255,16.793,6.92,0.98,4,1676.82,
Player1_Car,92.74,265.060,3.425,785.566,10.530,7.60,0.42,4,1660.42,
Player2_Car,92.74,280.206,3.351,791.346,17.035,6.86,0.96,4,1677.26,
Player1_Car,92.76,265.186,3.423,785.735,10.553,7.18,0.41,4,1660.59,
Player2_Car,92.76,280.539,3.351,791.435,17.257,6.84,0.93,4,1677.60,
Player1_Car,92.78,265.313,3.421,785.903,10.541,7.24,0.42,4,1660.80,
Player2_Car,92.78,280.878,3.350,791.522,17.454,6.72,0.91,4,1677.95,
Player1_Car,92.80,265.442,3.418,786.071,10.593,7.22,0.41,4,1661.01,
Player2_Car,92.80,281.220,3.350,791.605,17.631,6.67,0.88,4,1678.39,
Player1_Car,92.82,265.572,3.418,786.237,10.527,7.67,0.42,4,1661.22,
Player2_Car,92.82,281.567,3.350,791.685,17.799,6.54,0.86,4,1678.75,
Player1_Car,92.84,265.703,3.417,786.401,10.522,7.68,0.42,4,1661.44,
Player2_Car,92.84,281.917,3.349,791.763,17.948,6.37,0.85,4,1679.11,
Player1_Car,92.86,265.836,3.415,786.564,10.545,7.26,0.41,4,1661.60,
Player2_Car,92.86,282.271,3.349,791.837,18.083,6.34,0.83,4,1679.56,
Player1_Car,92.88,265.971,3.414,786.726,10.530,7.29,0.42,4,1661.81,
Player2_Car,92.88,282.628,3.349,791.908,18.209,6.23,0.81,4,1679.92,
Player1_Car,92.90,266.107,3.411,786.888,10.585,7.25,0.41,4,1662.03,
Player2_Car,92.90,282.988,3.349,791.976,18.324,6.01,0.80,4,1680.29,
Player1_Car,92.92,266.244,3.411,787.048,10.520,7.69,0.42,4,1662.24,
Player2_Car,92.92,283.351,3.349,792.041,18.429,5.89,0.79,4,1680.74,
Player1_Car,92.94,266.382,3.410,787.206,10.518,7.60,0.42,4,1662.42,
Player2_Car,92.94,283.717,3.348,792.103,18.525,5.79,0.78,4,1681.11,
Player1_Car,92.96,266.522,3.408,787.364,10.540,7.29,0.42,4,1662.62,
Player2_Car,92.96,284.084,3.348,792.161,18.613,5.62,0.77,4,1681.48,
Player1_Car,92.98,266.664,3.407,787.519,10.522,7.38,0.42,4,1662.83,
Player2_Car,92.98,284.454,3.348,792.217,18.695,5.46,0.76,4,1681.93,
Player1_Car,93.00,266.807,3.404,787.675,10.578,7.29,0.41,4,1663.04,
Player2_Car,93.00,284.826,3.348,792.269,18.770,5.32,0.75,4,1682.31,
Player1_Car,93.02,266.950,3.404,787.828,10.514,7.67,0.42,4,1663.25,
Player2_Car,93.02,285.199,3.348,792.319,18.838,5.16,0.74,4,1682.68,
Player1_Car,93.04,267.096,3.403,787.980,10.517,7.51,0.42,4,1663.42,
Player2_Car,93.04,285.574,3.348,792.365,18.903,4.98,0.73,4,1683.06,
Player1_Car,93.06,267.243,3.401,788.131,10.534,7.30,0.42,4,1663.63,
Player2_Car,93.06,285.951,3.348,792.409,18.963,4.87,0.72,4,1683.51,
Player1_Car,93.08,267.391,3.400,788.280,10.518,7.42,0.42,4,1663.84,
Player2_Car,93.08,286.329,3.348,792.449,19.018,4.73,0.72,4,1683.89,
Player1_Car,93.10,267.541,3.397,788.429,10.573,7.29,0.41,4,1664.05,
Player2_Car,93.10,286.709,3.348,792.488,19.070,4.55,0.71,4,1684.27,
Player1_Car,93.12,267.691,3.398,788.575,10.508,7.64,0.42,4,1664.26,
Player2_Car,93.12,287.089,3.348,792.523,19.118,4.41,0.71,4,1684.72,
Player1_Car,93.14,267.843,3.397,788.721,10.520,7.43,0.42,4,1664.44,
Player2_Car,93.14,287.471,3.348,792.556,19.163,4.29,0.70,4,1685.11,
Player1_Car,93.16,267.997,3.395,788.865,10.529,7.26,0.42,4,1664.65,
Player2_Car,93.16,287.854,3.348,792.587,19.205,4.14,0.70,4,1685.49,
Player1_Car,93.18,268.151,3.394,789.007,10.515,7.40,0.42,4,1664.86,
Player2_Car,93.18,288.238,3.348,792.615,19.244,4.01,0.69,4,1685.94,
Player1_Car,93.20,268.307,3.391,789.150,10.568,7.26,0.41,4,1665.07,
Player2_Car,93.20,288.623,3.348,792.641,19.281,3.88,0.69,4,1686.32,
Player1_Car,93.22,268.464,3.392,789.289,10.506,7.58,0.42,4,1665.28,
Player2_Car,93.22,289.008,3.348,792.665,19.316,3.74,0.68,4,1686.71,
Player1_Car,93.24,268.622,3.391,789.428,10.522,7.34,0.42,4,1665.45,
Player2_Car,93.24,289.395,3.348,792.686,19.348,3.61,0.68,4,1687.10,
Player1_Car,93.26,268.782,3.389,789.565,10.525,7.21,0.42,4,1665.66,
Player2_Car,93.26,289.782,3.348,792.706,19.379,3.51,0.67,4,1687.54,
Player1_Car,93.28,268.943,3.388,789.701,10.515,7.33,0.42,4,1665.87,
Player2_Car,93.28,290.170,3.348,792.723,19.407,3.39,0.67,4,1687.93,
Player1_Car,93.30,269.105,3.386,789.836,10.564,7.20,0.41,4,1666.08,
Player2_Car,93.30,290.558,3.348,792.739,19.434,3.26,0.67,4,1688.32,
Player1_Car,93.32,269.268,3.386,789.968,10.507,7.50,0.42,4,1666.29,
Player2_Car,93.32,290.947,3.348,792.753,19.460,3.15,0.66,4,1688.76,
Player1_Car,93.34,269.432,3.385,790.100,10.525,7.25,0.42,4,1666.47,
Player2_Car,93.34,291.336,3.348,792.765,19.484,3.06,0.66,4,1689.15,
Player1_Car,93.36,269.597,3.384,790.230,10.523,7.11,0.42,4,1666.68,
Player2_Car,93.36,291.726,3.348,792.776,19.507,2.95,0.66,4,1689.54,
Player1_Car,93.38,269.764,3.383,790.359,10.515,7.23,0.42,4,1666.89,
Player2_Car,93.38,292.117,3.348,792.785,19.529,2.84,0.66,4,1689.93,
Player1_Car,93.40,269.931,3.382,790.486,10.522,7.26,0.42,4,1667.10,
Player2_Car,93.40,292.508,3.348,792.793,19.549,2.75,0.65,4,1690.37,
Player1_Car,93.42,270.100,3.381,790.612,10.518,7.24,0.42,4,1667.31,
Player2_Car,93.42,292.899,3.348,792.799,19.569,2.67,0.65,4,1690.76,
Player1_Car,93.44,270.269,3.380,790.737,10.533,7.02,0.42,4,1667.48,
Player2_Car,93.44,293.291,3.348,792.804,19.587,2.57,0.65,4,1691.15,
Player1_Car,93.46,270.440,3.379,790.860,10.525,7.02,0.42,4,1667.69,
Player2_Car,93.46,293.683,3.348,792.807,19.605,2.48,0.65,4,1691.54,
Player1_Car,93.48,270.612,3.377,790.982,10.550,7.03,0.41,4,1667.90,
Player2_Car,93.48,294.075,3.348,792.810,19.621,2.40,0.65,4,1691.94,
Player1_Car,93.50,270.785,3.377,791.102,10.518,7.24,0.42,4,1668.11,
Player2_Car,93.50,294.468,3.348,792.811,19.637,2.33,0.64,4,1692.33,
Player1_Car,93.52,270.958,3.376,791.221,10.518,7.18,0.42,4,1668.32,
Player2_Car,93.52,294.861,3.348,792.811,19.652,2.25,0.64,4,1692.73,
Player1_Car,93.54,271.134,3.375,791.338,10.532,6.88,0.42,4,1668.50,
Player2_Car,93.54,295.254,3.348,792.810,19.667,2.18,0.64,4,1693.12,
Player1_Car,93.56,271.309,3.374,791.453,10.522,6.88,0.42,4,1668.71,
Player2_Car,93.56,295.648,3.348,792.808,19.680,2.11,0.64,4,1693.51,
Player1_Car,93.58,271.486,3.373,791.568,10.531,6.93,1.00,4,1668.92,
Player2_Car,93.58,296.042,3.348,792.805,19.693,2.05,0.64,4,1693.91,
Player1_Car,93.60,271.664,3.372,791.681,10.548,6.92,1.00,4,1669.13,
Player2_Car,93.60,296.436,3.348,792.801,19.706,1.98,0.64,4,1694.30,
Player1_Car,93.62,271.848,3.372,791.796,10.867,7.18,1.00,4,1669.35,
Player2_Car,93.62,296.830,3.348,792.796,19.718,1.92,0.63,4,1694.69,
Player1_Car,93.64,272.040,3.371,791.913,11.229,7.13,1.00,4,1669.53,
Player2_Car,93.64,297.225,3.348,792.790,19.729,1.86,0.63,4,1695.09,
Player1_Car,93.66,272.239,3.370,792.031,11.560,7.19,1.00,4,1669.77,
Player2_Car,93.66,297.619,3.348,792.784,19.740,1.81,0.63,4,1695.48,
Player1_Car,93.68,272.444,3.368,792.152,11.921,7.24,1.00,4,1670.00,
Player2_Car,93.68,298.014,3.348,792.777,19.750,1.76,0.63,4,1695.88,
Player1_Car,93.70,272.656,3.368,792.273,12.229,7.49,1.00,4,1670.25,
Player2_Car,93.70,298.409,3.348,792.769,19.760,1.71,0.63,4,1696.27,
Player1_Car,93.72,272.876,3.367,792.396,12.568,7.36,1.00,4,1670.46,
Player2_Car,93.72,298.805,3.348,792.761,19.769,1.66,0.63,4,1696.67,
Player1_Car,93.74,273.102,3.366,792.519,12.894,7.31,1.00,4,1670.72,
Player2_Car,93.74,299.200,3.348,792.752,19.778,1.62,0.63,4,1697.06,
Player1_Car,93.76,273.335,3.365,792.644,13.208,7.43,1.00,4,1670.99,
Player2_Car,93.76,299.596,3.348,792.742,19.786,1.57,0.63,4,1697.46,
Player1_Car,93.78,273.576,3.364,792.769,13.553,7.35,1.00,4,1671.26,
Player2_Car,93.78,299.992,3.348,792.732,19.794,1.53,0.62,4,1697.85,
Player1_Car,93.80,273.822,3.364,792.894,13.838,7.44,1.00,4,1671.50,
Player2_Car,93.80,300.387,3.348,792.721,19.802,1.49,0.62,4,1698.25,
Player1_Car,93.82,274.076,3.363,793.020,14.159,7.39,1.00,4,1671.78,
Player2_Car,93.82,300.783,3.348,792.710,19.809,1.46,0.62,4,1698.65,
Player1_Car,93.84,274.337,3.362,793.145,14.460,7.36,1.00,4,1672.07,
Player2_Car,93.84,301.180,3.348,792.698,19.816,1.42,0.62,4,1699.04,
Player1_Car,93.86,274.605,3.361,793.270,14.787,7.24,1.00,4,1672.37,
Player2_Car,93.86,301.576,3.348,792.686,19.823,1.39,0.62,4,1699.44,
Player1_Car,93.88,274.879,3.360,793.395,15.063,7.34,1.00,4,1672.63,
Player2_Car,93.88,301.972,3.348,792.673,19.829,1.36,0.62,4,1699.84,
Player1_Car,93.90,275.160,3.359,793.519,15.363,7.31,1.00,4,1672.94,
Player2_Car,93.90,302.369,3.348,792.660,19.835,1.33,0.62,4,1700.23,
Player1_Car,93.92,275.448,3.358,793.642,15.669,7.15,1.00,4,1673.25,
Player2_Car,93.92,302.765,3.348,792.647,19.841,1.30,0.62,4,1700.63,
Player1_Car,93.94,275.743,3.358,793.764,15.937,7.25,1.00,4,1673.57,
Player2_Car,93.94,303.162,3.348,792.633,19.847,1.27,0.62,4,1701.03,
Player1_Car,93.96,276.044,3.357,793.885,16.237,7.12,1.00,4,1673.86,
Player2_Car,93.96,303.559,3.348,792.619,19.852,1.25,0.62,4,1701.42,
Player1_Car,93.98,276.352,3.356,794.005,16.513,7.05,1.00,4,1674.19,
Player2_Car,93.98,303.956,3.348,792.605,19.857,1.22,0.62,4,1701.82,
Player1_Car,94.00,276.666,3.355,794.123,16.806,7.00,0.98,4,1674.52,
Player2_Car,94.00,304.353,3.348,792.590,19.862,1.20,0.62,4,1702.22,
Player1_Car,94.02,276.987,3.355,794.240,17.067,7.04,0.95,4,1674.83,
Player2_Car,94.02,304.750,3.348,792.575,19.866,1.18,0.62,4,1702.61,
Player1_Car,94.04,277.314,3.354,794.355,17.331,6.96,0.92,4,1675.18,
Player2_Car,94.04,305.147,3.348,792.560,19.871,1.15,0.62,4,1703.01,
Player1_Car,94.06,277.647,3.353,794.468,17.581,6.83,0.89,4,1675.53,
Player2_Car,94.06,305.544,3.348,792.545,19.875,1.14,0.62,4,1703.41,
Player1_Car,94.08,277.985,3.353,794.579,17.786,6.82,0.87,4,1675.85,
Player2_Car,94.08,305.941,3.348,792.529,19.879,1.12,0.61,4,1703.81,
Player1_Car,94.10,278.328,3.353,794.687,17.990,6.74,0.84,4,1676.21,
Player2_Car,94.10,306.339,3.348,792.513,19.883,1.10,0.61,4,1704.20,
Player1_Car,94.12,278.676,3.352,794.792,18.170,6.67,0.82,4,1676.57,
Player2_Car,94.12,306.736,3.348,792.497,19.886,1.08,0.61,4,1704.60,
Player1_Car,94.14,279.028,3.351,794.895,18.344,6.58,0.80,4,1676.94,
Player2_Car,94.14,307.133,3.348,792.481,19.890,1.07,0.61,4,1705.00,
Player1_Car,94.16,279.384,3.351,794.995,18.481,6.54,0.78,4,1677.27,
Player2_Car,94.16,307.531,3.348,792.464,19.893,1.05,0.61,4,1705.40,
Player1_Car,94.18,279.744,3.351,795.091,18.617,6.44,0.77,4,1677.64,
Player2_Car,94.18,307.929,3.348,792.448,19.896,1.04,0.61,4,1705.80,
Player1_Car,94.20,280.107,3.350,795.185,18.748,6.32,0.75,4,1678.02,
Player2_Car,94.20,308.326,3.348,792.431,19.899,1.03,0.61,4,1706.19,
Player1_Car,94.22,280.473,3.350,795.275,18.853,6.25,0.74,4,1678.36,
Player2_Car,94.22,308.724,3.348,792.414,19.901,1.01,0.61,4,1706.59,
Player1_Car,94.24,280.842,3.350,795.363,18.954,6.18,0.73,4,1678.74,
Player2_Car,94.24,309.122,3.348,792.397,19.904,1.00,0.61,4,1706.99,
Player1_Car,94.26,281.213,3.349,795.447,19.051,6.05,0.71,4,1679.12,
Player2_Car,94.26,309.519,3.348,792.380,19.906,0.99,0.61,4,1707.39,
Player1_Car,94.28,281.587,3.349,795.527,19.132,5.92,0.70,4,1679.47,
Player2_Car,94.28,309.917,3.348,792.363,19.909,0.98,0.61,4,1707.79,
Player1_Car,94.30,281.963,3.349,795.605,19.208,5.82,0.70,4,1679.85,
Player2_Car,94.30,310.315,3.348,792.345,19.911,0.97,0.61,4,1708.18,
Player1_Car,94.32,282.342,3.349,795.679,19.279,5.72,0.69,4,1680.24,
Player2_Car,94.32,310.713,3.348,792.328,19.913,0.96,0.61,4,1708.58,
Player1_Car,94.34,282.722,3.348,795.750,19.346,5.56,0.68,4,1680.59,
Player2_Car,94.34,311.111,3.348,792.310,19.915,0.95,0.61,4,1708.98,
Player1_Car,94.36,283.104,3.348,795.818,19.400,5.46,0.67,4,1680.98,
Player2_Car,94.36,311.509,3.348,792.293,19.917,0.95,0.61,4,1709.38,
Player1_Car,94.38,283.488,3.348,795.883,19.454,5.36,0.67,4,1681.37,
Player2_Car,94.38,311.907,3.348,792.275,19.919,0.94,0.61,4,1709.78,
Player1_Car,94.40,283.873,3.348,795.944,19.503,5.23,0.66,4,1681.76,
Player2_Car,94.40,312.305,3.348,792.257,19.920,0.93,0.61,4,1710.18,
Player1_Car,94.42,284.259,3.348,796.003,19.547,5.08,0.65,4,1682.11,
Player2_Car,94.42,312.703,3.348,792.239,19.922,0.92,0.61,4,1710.57,
Player1_Car,94.44,284.647,3.348,796.059,19.586,4.96,0.65,4,1682.51,
Player2_Car,94.44,313.101,3.348,792.221,19.924,0.92,0.61,4,1710.97,
Player1_Car,94.46,285.036,3.348,796.112,19.623,4.86,0.65,4,1682.90,
Player2_Car,94.46,313.499,3.348,792.203,19.925,0.91,0.61,4,1711.37,
Player1_Car,94.48,285.426,3.348,796.162,19.657,4.73,0.64,4,1683.26,
Player2_Car,94.48,313.897,3.348,792.185,19.927,0.91,0.61,4,1711.77,
Player1_Car,94.50,285.817,3.348,796.209,19.687,4.60,0.64,4,1683.65,
Player2_Car,94.50,314.295,3.348,792.167,19.928,0.90,0.61,4,1712.17,
Player1_Car,94.52,286.209,3.348,796.254,19.715,4.50,0.63,4,1684.04,
Player2_Car,94.52,314.693,3.348,792.149,19.929,0.90,0.61,4,1712.57,
Player1_Car,94.54,286.601,3.348,796.296,19.741,4.38,0.63,4,1684.42,
Player2_Car,94.54,315.091,3.348,792.131,19.930,0.89,0.61,4,1712.97,
Player1_Car,94.56,286.994,3.348,796.335,19.764,4.26,0.63,4,1684.80,
Player2_Car,94.56,315.490,3.348,792.112,19.932,0.89,0.61,4,1713.36,
Player1_Car,94.58,287.388,3.348,796.372,19.786,4.15,0.63,4,1685.20,
Player2_Car,94.58,315.888,3.348,792.094,19.933,0.88,0.61,4,1713.76,
Player1_Car,94.60,287.783,3.348,796.407,19.805,4.05,0.62,4,1685.59,
Player2_Car,94.60,316.286,3.348,792.076,19.933,0.88,0.61,4,1714.16,
Player1_Car,94.62,288.178,3.348,796.440,19.823,3.93,0.62,4,1685.95,
Player2_Car,94.62,316.684,3.348,792.057,19.934,0.88,0.61,4,1714.56,
Player1_Car,94.64,288.574,3.348,796.470,19.839,3.83,0.62,4,1686.35,
Player2_Car,94.64,317.082,3.348,792.039,19.935,0.87,0.61,4,1714.96,
Player1_Car,94.66,288.970,3.348,796.498,19.854,3.73,0.62,4,1686.75,
Player2_Car,94.66,317.481,3.348,792.021,19.936,0.87,0.61,4,1715.36,
Player1_Car,94.68,289.366,3.348,796.524,19.867,3.64,0.62,4,1687.14,
Player2_Car,94.68,317.879,3.348,792.002,19.937,0.87,0.61,4,1715.76,
Player1_Car,94.70,289.763,3.348,796.548,19.880,3.53,0.61,4,1687.51,
Player2_Car,94.70,318.277,3.348,791.984,19.937,0.86,0.61,4,1716.15,
Player1_Car,94.72,290.160,3.348,796.570,19.891,3.43,0.61,4,1687.91,
Player2_Car,94.72,318.676,3.348,791.965,19.938,0.86,0.61,4,1716.55,
Player1_Car,94.74,290.558,3.348,796.590,19.901,3.35,0.61,4,1688.30,
Player2_Car,94.74,319.074,3.348,791.947,19.939,0.86,0.61,4,1716.95,
Player1_Car,94.76,290.956,3.348,796.609,19.911,3.26,0.61,4,1688.67,
Player2_Car,94.76,319.472,3.348,791.928,19.939,0.85,0.61,4,1717.35,
Player1_Car,94.78,291.354,3.348,796.626,19.919,3.17,0.61,4,1689.06,
Player2_Car,94.78,319.871,3.348,791.910,19.940,0.85,0.61,4,1717.75,
Player1_Car,94.80,291.752,3.348,796.641,19.927,3.09,0.61,4,1689.46,
Player2_Car,94.80,320.269,3.348,791.891,19.940,0.84,0.61,4,1718.15,
Player1_Car,94.82,292.150,3.348,796.654,19.934,3.01,0.61,4,1689.86,
Player2_Car,94.82,320.667,3.348,791.872,19.941,0.84,0.61,4,1718.55,
Player1_Car,94.84,292.549,3.348,796.666,19.941,2.93,0.61,4,1690.23,
Player2_Car,94.84,321.066,3.348,791.854,19.941,0.83,0.61,4,1718.95,
Player1_Car,94.86,292.948,3.348,796.677,19.947,2.85,0.61,4,1690.63,
Player2_Car,94.86,321.464,3.348,791.835,19.942,0.82,0.61,4,1719.35,
Player1_Car,94.88,293.347,3.348,796.686,19.952,2.78,0.61,4,1691.02,
Player2_Car,94.88,321.863,3.348,791.816,19.943,0.82,0.61,4,1719.74,
Player1_Car,94.90,293.746,3.348,796.694,19.957,2.71,0.61,4,1691.42,
Player2_Car,94.90,322.261,3.348,791.798,19.943,0.81,0.61,4,1720.14,
Player1_Car,94.92,294.145,3.348,796.700,19.962,2.64,0.60,4,1691.81,
Player2_Car,94.92,322.659,3.348,791.779,19.944,0.80,0.61,4,1720.54,
Player1_Car,94.94,294.544,3.348,796.706,19.966,2.57,0.60,4,1692.21,
Player2_Car,94.94,323.058,3.348,791.760,19.944,0.80,0.61,4,1720.94,
Player1_Car,94.96,294.944,3.348,796.710,19.970,2.51,0.60,4,1692.61,
Player2_Car,94.96,323.456,3.348,791.741,19.945,0.79,0.61,4,1721.34,
Player1_Car,94.98,295.343,3.348,796.713,19.974,2.45,0.60,4,1693.01,
Player2_Car,94.98,323.855,3.348,791.723,19.945,0.78,0.61,4,1721.74,
Player1_Car,95.00,295.742,3.348,796.714,19.977,2.39,0.60,4,1693.41,
Player2_Car,95.00,324.253,3.348,791.704,19.946,0.77,0.61,4,1722.14,
Player1_Car,95.02,296.142,3.348,796.715,19.980,2.33,0.60,4,1693.81,
Player2_Car,95.02,324.652,3.348,791.685,19.947,0.77,0.61,4,1722.54,
Player1_Car,95.04,296.542,3.348,796.715,19.983,2.27,0.60,4,1694.21,
Player2_Car,95.04,325.050,3.348,791.666,19.947,0.76,0.61,4,1722.94,
Player1_Car,95.06,296.941,3.348,796.714,19.985,2.22,0.60,4,1694.61,
Player2_Car,95.06,325.449,3.348,791.648,19.948,0.75,0.61,4,1723.33,
Player1_Car,95.08,297.341,3.348,796.712,19.988,2.17,0.60,4,1695.01,
Player2_Car,95.08,325.847,3.348,791.629,19.949,0.74,0.61,4,1723.73,
Player1_Car,95.10,297.741,3.348,796.709,19.990,2.12,0.60,4,1695.41,
Player2_Car,95.10,326.246,3.348,791.610,19.949,0.74,0.61,4,1724.13,
Player1_Car,95.12,298.141,3.348,796.705,19.992,2.07,0.60,4,1695.81,
Player2_Car,95.12,326.644,3.348,791.591,19.950,0.73,0.61,4,1724.53,
Player1_Car,95.14,298.541,3.348,796.701,19.994,2.03,0.60,4,1696.21,
Player2_Car,95.14,327.043,3.348,791.572,19.951,0.72,0.61,4,1724.93,
Player1_Car,95.16,298.940,3.348,796.696,19.995,1.98,0.60,4,1696.61,
Player2_Car,95.16,327.441,3.348,791.554,19.951,0.71,0.61,4,1725.33,
Player1_Car,95.18,299.340,3.348,796.690,19.997,1.94,0.60,4,1697.01,
Player2_Car,95.18,327.840,3.348,791.535,19.952,0.70,0.61,4,1725.73,
Player1_Car,95.20,299.740,3.348,796.683,19.998,1.90,0.60,4,1697.41,
Player2_Car,95.20,328.239,3.348,791.516,19.953,0.70,0.61,4,1726.13,
Player1_Car,95.22,300.140,3.348,796.676,20.000,1.86,0.60,4,1697.81,
Player2_Car,95.22,328.637,3.348,791.497,19.954,0.69,0.61,4,1726.53,
Player1_Car,95.24,300.540,3.348,796.668,20.001,1.82,0.60,4,1698.20,
Player2_Car,95.24,329.036,3.348,791.478,19.954,0.68,0.61,4,1726.93,
Player1_Car,95.26,300.940,3.348,796.659,20.002,1.79,0.60,4,1698.60,
Player2_Car,95.26,329.434,3.348,791.459,19.955,0.67,0.61,4,1727.32,
Player1_Car,95.28,301.340,3.348,796.650,20.003,1.75,0.60,4,1699.00,
Player2_Car,95.28,329.833,3.348,791.440,19.956,0.67,0.61,4,1727.72,
Player1_Car,95.30,301.740,3.348,796.640,20.004,1.72,0.60,4,1699.40,
Player2_Car,95.30,330.232,3.348,791.422,19.956,0.66,0.61,4,1728.12,
Player1_Car,95.32,302.140,3.348,796.630,20.005,1.69,0.60,4,1699.80,
Player2_Car,95.32,330.630,3.348,791.403,19.957,0.65,0.61,4,1728.52,
Player1_Car,95.34,302.540,3.348,796.620,20.006,1.66,0.60,4,1700.20,
Player2_Car,95.34,331.029,3.348,791.384,19.958,0.64,0.61,4,1728.92,
Player1_Car,95.36,302.940,3.348,796.609,20.007,1.63,0.60,4,1700.60,
Player2_Car,95.36,331.428,3.348,791.365,19.959,0.64,0.60,4,1729.32,
Player1_Car,95.38,303.340,3.348,796.597,20.007,1.60,0.60,4,1701.00,
Player2_Car,95.38,331.827,3.348,791.346,19.959,0.63,0.60,4,1729.72,
Player1_Car,95.40,303.740,3.348,796.585,20.008,1.57,0.60,4,1701.41,
Player2_Car,95.40,332.225,3.348,791.327,19.960,0.62,0.60,4,1730.12,
Player1_Car,95.42,304.140,3.348,796.573,20.009,1.55,0.60,4,1701.81,
Player2_Car,95.42,332.624,3.348,791.308,19.961,0.61,0.60,4,1730.52,
Player1_Car,95.44,304.540,3.348,796.560,20.009,1.52,0.60,4,1702.21,
Player2_Car,95.44,333.023,3.348,791.289,19.962,0.60,0.60,4,1730.92,
Player1_Car,95.46,304.940,3.348,796.547,20.010,1.50,0.60,4,1702.61,
Player2_Car,95.46,333.422,3.348,791.270,19.962,0.60,0.60,4,1731.32,
Player1_Car,95.48,305.340,3.348,796.534,20.011,1.48,0.60,4,1703.01,
Player2_Car,95.48,333.821,3.348,791.251,19.963,0.59,0.60,4,1731.72,
Player1_Car,95.50,305.740,3.348,796.520,20.011,1.46,0.60,4,1703.41,
Player2_Car,95.50,334.219,3.348,791.232,19.964,0.58,0.60,4,1732.11,
Player1_Car,95.52,306.140,3.348,796.506,20.012,1.44,0.60,4,1703.81,
Player2_Car,95.52,334.618,3.348,791.213,19.965,0.57,0.60,4,1732.51,
Player1_Car,95.54,306.540,3.348,796.492,20.012,1.42,0.60,4,1704.21,
Player2_Car,95.54,335.017,3.348,791.194,19.965,0.57,0.60,4,1732.91,
Player1_Car,95.56,306.940,3.348,796.478,20.012,1.40,0.60,4,1704.61,
Player2_Car,95.56,335.416,3.348,791.175,19.966,0.56,0.60,4,1733.31,
Player1_Car,95.58,307.340,3.348,796.463,20.013,1.38,0.60,4,1705.01,
Player2_Car,95.58,335.815,3.348,791.156,19.967,0.55,0.60,4,1733.71,
Player1_Car,95.60,307.740,3.348,796.448,20.013,1.37,0.60,4,1705.41,
Player2_Car,95.60,336.214,3.348,791.137,19.968,0.54,0.60,4,1734.11,
Player1_Car,95.62,308.140,3.348,796.433,20.014,1.35,0.60,4,1705.81,
Player2_Car,95.62,336.613,3.348,791.118,19.968,0.54,0.60,4,1734.51,
Player1_Car,95.64,308.540,3.348,796.417,20.014,1.34,0.60,4,1706.21,
Player2_Car,95.64,337.011,3.348,791.099,19.969,0.53,0.60,4,1734.91,
Player1_Car,95.66,308.940,3.348,796.402,20.014,1.32,0.60,4,1706.61,
Player2_Car,95.66,337.410,3.348,791.080,19.970,0.52,0.60,4,1735.31,
Player1_Car,95.68,309.340,3.348,796.386,20.014,1.31,0.60,4,1707.01,
Player2_Car,95.68,337.809,3.348,791.062,19.971,0.51,0.60,4,1735.71,
Player1_Car,95.70,309.740,3.348,796.370,20.015,1.30,0.60,4,1707.41,
Player2_Car,95.70,338.208,3.348,791.043,19.971,0.51,0.60,4,1736.11,
Player1_Car,95.72,310.140,3.348,796.354,20.015,1.29,0.60,4,1707.81,
Player2_Car,95.72,338.607,3.348,791.024,19.972,0.50,0.60,4,1736.51,
Player1_Car,95.74,310.540,3.348,796.337,20.015,1.28,0.60,4,1708.21,
Player2_Car,95.74,339.006,3.348,791.005,19.973,0.49,0.60,4,1736.91,
Player1_Car,95.76,310.939,3.348,796.321,20.015,1.27,0.60,4,1708.61,
Player2_Car,95.76,339.405,3.348,790.986,19.974,0.48,0.60,4,1737.31,
Player1_Car,95.78,311.339,3.348,796.304,20.015,1.25,0.60,4,1709.01,
Player2_Car,95.78,339.804,3.348,790.967,19.974,0.48,0.60,4,1737.71,
Player1_Car,95.80,311.739,3.348,796.288,20.016,1.25,0.60,4,1709.41,
Player2_Car,95.80,340.203,3.348,790.947,19.975,0.47,0.60,4,1738.10,
Player1_Car,95.82,312.139,3.348,796.271,20.016,1.24,0.60,4,1709.81,
Player2_Car,95.82,340.602,3.348,790.928,19.976,0.46,0.60,4,1738.50,
Player1_Car,95.84,312.539,3.348,796.254,20.016,1.23,0.60,4,1710.21,
Player2_Car,95.84,341.001,3.348,790.909,19.976,0.45,0.60,4,1738.90,
Player1_Car,95.86,312.939,3.348,796.237,20.016,1.22,0.60,4,1710.61,
Player2_Car,95.86,341.401,3.348,790.890,19.977,0.45,0.60,4,1739.30,
Player1_Car,95.88,313.339,3.348,796.219,20.016,1.21,0.60,4,1711.01,
Player2_Car,95.88,341.800,3.348,790.871,19.978,0.44,0.60,4,1739.70,
Player1_Car,95.90,313.739,3.348,796.202,20.016,1.20,0.60,4,1711.41,
Player2_Car,95.90,342.199,3.348,790.852,19.979,0.43,0.60,4,1740.10,
Player1_Car,95.92,314.139,3.348,796.185,20.016,1.20,0.60,4,1711.81,
Player2_Car,95.92,342.598,3.348,790.833,19.979,0.42,0.60,4,1740.50,
Player1_Car,95.94,314.539,3.348,796.167,20.016,1.19,0.60,4,1712.21,
Player2_Car,95.94,342.997,3.348,790.814,19.980,0.42,0.60,4,1740.90,
Player1_Car,95.96,314.939,3.348,796.150,20.016,1.18,0.60,4,1712.61,
Player2_Car,95.96,343.396,3.348,790.795,19.981,0.41,0.60,4,1741.30,
Player1_Car,95.98,315.339,3.348,796.132,20.017,1.18,0.60,4,1713.01,
Player2_Car,95.98,343.795,3.348,790.776,19.982,0.40,0.60,4,1741.70,
Player1_Car,96.00,315.739,3.348,796.114,20.017,1.17,0.60,4,1713.41,
Player2_Car,96.00,344.195,3.348,790.757,19.982,0.39,0.60,4,1742.10,
Player1_Car,96.02,316.139,3.348,796.097,20.017,1.17,0.60,4,1713.81,
Player2_Car,96.02,344.594,3.348,790.738,19.983,0.39,0.60,4,1742.50,
Player1_Car,96.04,316.539,3.348,796.079,20.017,1.16,0.60,4,1714.21,
Player2_Car,96.04,344.993,3.348,790.719,19.984,0.38,0.60,4,1742.90,
Player1_Car,96.06,316.939,3.348,796.061,20.017,1.16,0.60,4,1714.61,
Player2_Car,96.06,345.392,3.348,790.700,19.984,0.37,0.60,4,1743.30,
Player1_Car,96.08,317.339,3.348,796.043,20.018,1.15,0.60,4,1715.01,
Player2_Car,96.08,345.791,3.348,790.681,19.985,0.36,0.60,4,1743.70,
Player1_Car,96.10,317.738,3.348,796.025,20.018,1.15,0.60,4,1715.42,
Player2_Car,96.10,346.191,3.348,790.662,19.986,0.36,0.60,4,1744.10,
Player1_Car,96.12,318.138,3.348,796.007,20.018,1.15,0.60,4,1715.82,
Player2_Car,96.12,346.590,3.348,790.643,19.987,0.35,0.60,4,1744.50,
Player1_Car,96.14,318.538,3.348,795.989,20.018,1.14,0.60,4,1716.22,
Player2_Car,96.14,346.989,3.348,790.624,19.987,0.34,0.60,4,1744.90,
Player1_Car,96.16,318.938,3.348,795.971,20.018,1.14,0.60,4,1716.62,
Player2_Car,96.16,347.389,3.348,790.605,19.988,0.34,0.60,4,1745.30,
Player1_Car,96.18,319.338,3.348,795.953,20.018,1.14,0.60,4,1717.02,
Player2_Car,96.18,347.788,3.348,790.586,19.989,0.33,0.60,4,1745.70,
Player1_Car,96.20,319.738,3.348,795.934,20.018,1.13,0.60,4,1717.42,
Player2_Car,96.20,348.187,3.348,790.567,19.989,0.32,0.60,4,1746.10,
Player1_Car,96.22,320.138,3.348,795.916,20.018,1.13,0.60,4,1717.82,
Player2_Car,96.22,348.586,3.348,790.548,19.990,0.32,0.60,4,1746.50,
Player1_Car,96.24,320.538,3.348,795.898,20.018,1.13,0.60,4,1718.22,
Player2_Car,96.24,348.986,3.348,790.529,19.991,0.31,0.60,4,1746.90,
Player1_Car,96.26,320.938,3.348,795.880,20.018,1.13,0.60,4,1718.62,
Player2_Car,96.26,349.385,3.348,790.510,19.991,0.30,0.60,4,1747.30,
Player1_Car,96.28,321.338,3.348,795.861,20.018,1.12,0.60,4,1719.02,
Player2_Car,96.28,349.785,3.348,790.490,19.992,0.30,0.60,4,1747.70,
Player1_Car,96.30,321.738,3.348,795.843,20.018,1.12,0.60,4,1719.42,
Player2_Car,96.30,350.184,3.348,790.471,19.993,0.29,0.60,4,1748.10,
Player1_Car,96.32,322.138,3.348,795.825,20.018,1.12,0.60,4,1719.82,
Player2_Car,96.32,350.583,3.348,790.452,19.993,0.28,0.60,4,1748.50,
Player1_Car,96.34,322.538,3.348,795.806,20.018,1.11,0.60,4,1720.22,
Player2_Car,96.34,350.983,3.348,790.433,19.994,0.28,0.60,4,1748.90,
Player1_Car,96.36,322.938,3.348,795.788,20.018,1.11,0.60,4,1720.62,
Player2_Car,96.36,351.382,3.348,790.414,19.995,0.27,0.60,4,1749.30,
Player1_Car,96.38,323.338,3.348,795.769,20.018,1.11,0.60,4,1721.02,
Player2_Car,96.38,351.782,3.348,790.395,19.995,0.26,0.60,4,1749.70,
Player1_Car,96.40,323.737,3.348,795.751,20.018,1.10,0.60,4,1721.42,
Player2_Car,96.40,352.181,3.348,790.376,19.996,0.26,0.60,4,1750.10,
Player1_Car,96.42,324.137,3.348,795.732,20.018,1.10,0.60,4,1721.82,
Player2_Car,96.42,352.581,3.348,790.357,19.997,0.25,0.60,4,1750.50,
Player1_Car,96.44,324.537,3.348,795.714,20.018,1.10,0.60,4,1722.22,
Player2_Car,96.44,352.980,3.348,790.338,19.997,0.25,0.60,4,1750.90,
Player1_Car,96.46,324.937,3.348,795.695,20.018,1.09,0.60,4,1722.62,
Player2_Car,96.46,353.380,3.348,790.319,19.998,0.24,0.60,4,1751.30,
Player1_Car,96.48,325.337,3.348,795.677,20.018,1.09,0.60,4,1723.03,
Player2_Car,96.48,353.779,3.348,790.300,19.998,0.23,0.60,4,1751.70,
Player1_Car,96.50,325.737,3.348,795.658,20.018,1.08,0.60,4,1723.42,
Player2_Car,96.50,354.179,3.348,790.281,19.999,0.23,0.60,4,1752.10,
Player1_Car,96.52,326.137,3.348,795.639,20.018,1.08,0.60,4,1723.82,
Player2_Car,96.52,354.578,3.348,790.262,20.000,0.22,0.60,4,1752.50,
Player1_Car,96.54,326.537,3.348,795.621,20.018,1.07,0.60,4,1724.22,
Player2_Car,96.54,354.978,3.348,790.243,20.000,0.21,0.60,4,1752.90,
Player1_Car,96.56,326.937,3.348,795.602,20.018,1.06,0.60,4,1724.62,
Player2_Car,96.56,355.377,3.348,790.224,20.001,0.21,0.60,4,1753.30,
Player1_Car,96.58,327.337,3.348,795.584,20.018,1.06,0.60,4,1725.02,
Player2_Car,96.58,355.777,3.348,790.205,20.002,0.20,0.60,4,1753.70,
Player1_Car,96.60,327.737,3.348,795.565,20.018,1.05,0.60,4,1725.42,
Player2_Car,96.60,356.176,3.348,790.186,20.002,0.20,0.60,4,1754.10,
Player1_Car,96.62,328.137,3.348,795.546,20.018,1.04,0.60,4,1725.82,
Player2_Car,96.62,356.576,3.348,790.167,20.003,0.19,0.60,4,1754.50,
Player1_Car,96.64,328.537,3.348,795.528,20.019,1.04,0.60,4,1726.23,
Player2_Car,96.64,356.976,3.348,790.148,20.003,0.18,0.60,4,1754.90,
Player1_Car,96.66,328.937,3.348,795.509,20.019,1.03,0.60,4,1726.63,
Player2_Car,96.66,357.375,3.348,790.129,20.004,0.18,0.60,4,1755.30,
Player1_Car,96.68,329.337,3.348,795.490,20.019,1.02,0.60,4,1727.03,
Player2_Car,96.68,357.775,3.348,790.110,20.005,0.17,0.60,4,1755.70,
Player1_Car,96.70,329.736,3.348,795.471,20.019,1.01,0.60,4,1727.43,
Player2_Car,96.70,358.174,3.348,790.091,20.005,0.17,0.60,4,1756.10,
Player1_Car,96.72,330.136,3.348,795.453,20.019,1.01,0.60,4,1727.83,
Player2_Car,96.72,358.574,3.348,790.072,20.006,0.16,0.60,4,1756.50,
Player1_Car,96.74,330.536,3.348,795.434,20.019,1.00,0.60,4,1728.23,
Player2_Car,96.74,358.974,3.348,790.052,20.006,0.15,0.60,4,1756.90,
Player1_Car,96.76,330.936,3.348,795.415,20.019,0.99,0.60,4,1728.63,
Player2_Car,96.76,359.373,3.348,790.033,20.007,0.15,0.60,4,1757.30,
Player1_Car,96.78,331.336,3.348,795.396,20.019,0.99,0.60,4,1729.03,
Player2_Car,96.78,359.773,3.348,790.014,20.007,0.14,0.60,4,1757.70,
Player1_Car,96.80,331.736,3.348,795.377,20.019,0.98,0.60,4,1729.43,
Player2_Car,96.80,360.173,3.348,789.995,20.008,0.14,0.60,4,1758.10,
Player1_Car,96.82,332.136,3.348,795.359,20.019,0.97,0.60,4,1729.83,
Player2_Car,96.82,360.573,3.348,789.976,20.009,0.13,0.60,4,1758.50,
Player1_Car,96.84,332.536,3.348,795.340,20.019,0.96,0.60,4,1730.23,
Player2_Car,96.84,360.972,3.348,789.957,20.009,0.13,0.60,4,1758.90,
Player1_Car,96.86,332.936,3.348,795.321,20.019,0.96,0.60,4,1730.63,
Player2_Car,96.86,361.372,3.348,789.938,20.010,0.12,0.60,4,1759.30,
Player1_Car,96.88,333.336,3.348,795.302,20.019,0.95,0.60,4,1731.03,
Player2_Car,96.88,361.772,3.348,789.919,20.010,0.11,0.60,4,1759.70,
Player1_Car,96.90,333.736,3.348,795.283,20.020,0.94,0.60,4,1731.43,
Player2_Car,96.90,362.171,3.348,789.900,20.011,0.11,0.60,4,1760.10,
Player1_Car,96.92,334.136,3.348,795.264,20.020,0.94,0.60,4,1731.83,
Player2_Car,96.92,362.571,3.348,789.881,20.011,0.10,0.60,4,1760.50,
Player1_Car,96.94,334.536,3.348,795.246,20.020,0.93,0.60,4,1732.23,
Player2_Car,96.94,362.971,3.348,789.862,20.012,0.10,0.60,4,1760.90,
Player1_Car,96.96,334.936,3.348,795.227,20.020,0.92,0.60,4,1732.63,
Player2_Car,96.96,363.371,3.348,789.843,20.012,0.09,0.60,4,1761.30,
Player1_Car,96.98,335.335,3.348,795.208,20.020,0.91,0.60,4,1733.03,
Player2_Car,96.98,363.771,3.348,789.824,20.013,0.09,0.60,4,1761.70,
Player1_Car,97.00,335.735,3.348,795.189,20.020,0.91,0.60,4,1733.43,
Player2_Car,97.00,364.170,3.348,789.805,20.013,0.08,0.60,4,1762.10,
Player1_Car,97.02,336.135,3.348,795.170,20.020,0.90,0.60,4,1733.83,
Player2_Car,97.02,364.570,3.348,789.786,20.014,0.08,0.60,4,1762.50,
Player1_Car,97.04,336.535,3.348,795.151,20.020,0.89,0.60,4,1734.23,
Player2_Car,97.04,364.970,3.348,789.767,20.015,0.07,0.60,4,1762.90,
Player1_Car,97.06,336.935,3.348,795.132,20.020,0.88,0.60,4,1734.63,
Player2_Car,97.06,365.370,3.348,789.748,20.015,0.07,0.60,4,1763.30,
Player1_Car,97.08,337.335,3.348,795.113,20.020,0.87,0.60,4,1735.03,
Player2_Car,97.08,365.770,3.348,789.729,20.016,0.06,0.60,4,1763.70,
Player1_Car,97.10,337.735,3.348,795.094,20.021,0.87,0.60,4,1735.43,
Player2_Car,97.10,366.170,3.348,789.710,20.016,0.06,0.60,4,1764.10,
Player1_Car,97.12,338.135,3.348,795.075,20.021,0.86,0.60,4,1735.83,
Player2_Car,97.12,366.570,3.348,789.691,20.017,0.05,0.60,4,1764.50,
Player1_Car,97.14,338.535,3.348,795.057,20.021,0.85,0.60,4,1736.24,
Player2_Car,97.14,366.969,3.348,789.672,20.017,0.04,0.60,4,1764.90,
Player1_Car,97.16,338.935,3.348,795.038,20.021,0.84,0.60,4,1736.64,
Player2_Car,97.16,367.369,3.348,789.653,20.018,0.04,0.60,4,1765.30,
Player1_Car,97.18,339.335,3.348,795.019,20.021,0.84,0.60,4,1737.04,
Player2_Car,97.18,367.769,3.348,789.634,20.018,0.03,0.60,4,1765.70,
Player1_Car,97.20,339.735,3.348,795.000,20.021,0.83,0.60,4,1737.44,
Player2_Car,97.20,368.169,3.348,789.614,20.019,0.03,0.60,4,1766.10,
Player1_Car,97.22,340.135,3.348,794.981,20.021,0.82,0.60,4,1737.84,
Player2_Car,97.22,368.569,3.348,789.595,20.019,0.02,0.60,4,1766.50,
Player1_Car,97.24,340.535,3.348,794.962,20.021,0.81,0.60,4,1738.24,
Player2_Car,97.24,368.969,3.348,789.576,20.020,0.02,0.60,4,1766.90,
Player1_Car,97.26,340.935,3.348,794.943,20.021,0.81,0.60,4,1738.64,
Player2_Car,97.26,369.369,3.348,789.557,20.020,0.01,0.60,4,1767.30,
Player1_Car,97.28,341.335,3.348,794.924,20.021,0.80,0.60,4,1739.04,
Player2_Car,97.28,369.769,3.348,789.538,20.021,0.01,0.60,4,1767.70,
Player1_Car,97.30,341.735,3.348,794.905,20.021,0.79,0.60,4,1739.44,
Player2_Car,97.30,370.169,3.348,789.519,20.021,0.00,0.60,4,1768.10,
Player1_Car,97.32,342.135,3.348,794.886,20.022,0.78,0.60,4,1739.84,
Player2_Car,97.32,370.569,3.348,789.500,20.022,0.00,0.60,4,1768.50,
Player1_Car,97.34,342.535,3.348,794.867,20.022,0.77,0.60,4,1740.24,
Player2_Car,97.34,370.969,3.348,789.481,20.022,-0.01,0.60,4,1768.91,
Player1_Car,97.36,342.935,3.348,794.848,20.022,0.77,0.60,4,1740.64,
Player2_Car,97.36,371.369,3.348,789.462,20.022,-0.01,0.60,4,1769.31,
Player1_Car,97.38,343.335,3.348,794.829,20.022,0.76,0.60,4,1741.04,
Player2_Car,97.38,371.769,3.348,789.443,20.023,-0.02,0.60,4,1769.71,
Player1_Car,97.40,343.735,3.348,794.810,20.022,0.75,0.60,4,1741.44,
Player2_Car,97.40,372.169,3.348,789.424,20.023,-0.02,0.60,4,1770.11,
Player1_Car,97.42,344.135,3.348,794.791,20.022,0.74,0.60,4,1741.84,
Player2_Car,97.42,372.569,3.348,789.405,20.024,-0.02,0.60,4,1770.51,
Player1_Car,97.44,344.535,3.348,794.772,20.022,0.74,0.60,4,1742.24,
Player2_Car,97.44,372.969,3.348,789.386,20.024,-0.03,0.60,4,1770.91,
Player1_Car,97.46,344.935,3.348,794.753,20.022,0.73,0.60,4,1742.64,
Player2_Car,97.46,373.369,3.348,789.367,20.024,-0.03,0.60,4,1771.31,
Player1_Car,97.48,345.335,3.348,794.734,20.022,0.72,0.60,4,1743.04,
Player2_Car,97.48,373.769,3.348,789.348,20.024,-0.04,0.60,4,1771.71,
Player1_Car,97.50,345.735,3.348,794.715,20.022,0.71,0.60,4,1743.44,
Player2_Car,97.50,374.169,3.348,789.329,20.025,-0.04,0.60,4,1772.11,
Player1_Car,97.52,346.135,3.348,794.695,20.022,0.70,0.60,4,1743.84,
Player2_Car,97.52,374.569,3.348,789.310,20.025,-0.05,0.60,4,1772.51,
Player1_Car,97.54,346.535,3.348,794.676,20.023,0.70,0.60,4,1744.24,
Player2_Car,97.54,374.969,3.348,789.291,20.025,-0.05,0.60,4,1772.91,
Player1_Car,97.56,346.935,3.348,794.657,20.023,0.69,0.60,4,1744.64,
Player2_Car,97.56,375.369,3.348,789.272,20.025,-0.05,0.60,4,1773.31,
Player1_Car,97.58,347.335,3.348,794.638,20.023,0.68,0.60,4,1745.04,
Player2_Car,97.58,375.769,3.348,789.253,20.025,-0.06,0.60,4,1773.71,
Player1_Car,97.60,347.735,3.348,794.619,20.023,0.67,0.60,4,1745.44,
Player2_Car,97.60,376.169,3.348,789.234,20.026,-0.06,0.60,4,1774.11,
Player1_Car,97.62,348.135,3.348,794.600,20.023,0.67,0.60,4,1745.85,
Player2_Car,97.62,376.569,3.348,789.215,20.026,-0.07,0.60,4,1774.51,
Player1_Car,97.64,348.535,3.348,794.581,20.023,0.66,0.60,4,1746.25,
Player2_Car,97.64,376.969,3.348,789.196,20.026,-0.07,0.60,4,1774.91,
Player1_Car,97.66,348.935,3.348,794.562,20.023,0.65,0.60,4,1746.65,
Player2_Car,97.66,377.369,3.348,789.177,20.026,-0.07,0.60,4,1775.31,
Player1_Car,97.68,349.335,3.348,794.543,20.023,0.64,0.60,4,1747.05,
Player2_Car,97.68,377.769,3.348,789.158,20.026,-0.08,0.60,4,1775.71,
Player1_Car,97.70,349.735,3.348,794.524,20.023,0.63,0.60,4,1747.45,
Player2_Car,97.70,378.170,3.348,789.139,20.026,-0.08,0.60,4,1776.11,
Player1_Car,97.72,350.135,3.348,794.505,20.023,0.63,0.60,4,1747.85,
Player2_Car,97.72,378.570,3.348,789.120,20.026,-0.09,0.60,4,1776.51,
Player1_Car,97.74,350.535,3.348,794.486,20.023,0.62,0.60,4,1748.25,
Player2_Car,97.74,378.970,3.348,789.101,20.026,-0.09,0.60,4,1776.91,
Player1_Car,97.76,350.934,3.348,794.467,20.023,0.61,0.60,4,1748.65,
Player2_Car,97.76,379.370,3.348,789.082,20.026,-0.10,0.60,4,1777.32,
Player1_Car,97.78,351.334,3.348,794.447,20.024,0.60,0.60,4,1749.05,
Player2_Car,97.78,379.770,3.348,789.063,20.026,-0.10,0.60,4,1777.72,
Player1_Car,97.80,351.734,3.348,794.428,20.024,0.60,0.60,4,1749.45,
Player2_Car,97.80,380.170,3.348,789.044,20.027,-0.10,0.60,4,1778.12,
Player1_Car,97.82,352.135,3.348,794.409,20.024,0.59,0.60,4,1749.85,
Player2_Car,97.82,380.570,3.348,789.026,20.027,-0.11,0.60,4,1778.52,
Player1_Car,97.84,352.535,3.348,794.390,20.024,0.58,0.60,4,1750.25,
Player2_Car,97.84,380.970,3.348,789.007,20.027,-0.11,0.60,4,1778.92,
Player1_Car,97.86,352.935,3.348,794.371,20.024,0.57,0.60,4,1750.65,
Player2_Car,97.86,381.370,3.348,788.988,20.027,-0.11,0.60,4,1779.32,
Player1_Car,97.88,353.335,3.348,794.352,20.024,0.57,0.60,4,1751.05,
Player2_Car,97.88,381.770,3.348,788.969,20.027,-0.12,0.60,4,1779.72,
Player1_Car,97.90,353.735,3.348,794.333,20.024,0.56,0.60,4,1751.45,
Player2_Car,97.90,382.170,3.348,788.950,20.027,-0.12,0.60,4,1780.12,
Player1_Car,97.92,354.135,3.348,794.314,20.024,0.55,0.60,4,1751.85,
Player2_Car,97.92,382.570,3.348,788.931,20.027,-0.13,0.60,4,1780.52,
Player1_Car,97.94,354.535,3.348,794.295,20.024,0.54,0.60,4,1752.25,
Player2_Car,97.94,382.971,3.348,788.912,20.027,-0.13,0.60,4,1780.92,
Player1_Car,97.96,354.935,3.348,794.276,20.024,0.54,0.60,4,1752.65,
Player2_Car,97.96,383.371,3.348,788.893,20.027,-0.13,0.60,4,1781.32,
Player1_Car,97.98,355.335,3.348,794.256,20.024,0.53,0.60,4,1753.05,
Player2_Car,97.98,383.771,3.348,788.874,20.027,-0.14,0.60,4,1781.72,
Player1_Car,98.00,355.735,3.348,794.237,20.024,0.52,0.60,4,1753.45,
Player2_Car,98.00,384.171,3.348,788.855,20.027,-0.14,0.60,4,1782.12,
Player1_Car,98.02,356.135,3.348,794.218,20.024,0.51,0.60,4,1753.85,
Player2_Car,98.02,384.571,3.348,788.836,20.027,-0.14,0.60,4,1782.52,
Player1_Car,98.04,356.535,3.348,794.199,20.024,0.51,0.60,4,1754.25,
Player2_Car,98.04,384.971,3.348,788.817,20.027,-0.15,0.60,4,1782.92,
Player1_Car,98.06,356.935,3.348,794.180,20.025,0.50,0.60,4,1754.65,
Player2_Car,98.06,385.371,3.348,788.798,20.027,-0.15,0.60,4,1783.32,
Player1_Car,98.08,357.335,3.348,794.161,20.025,0.49,0.60,4,1755.05,
Player2_Car,98.08,385.771,3.348,788.779,20.027,-0.15,0.60,4,1783.72,
Player1_Car,98.10,357.735,3.348,794.142,20.025,0.48,0.60,4,1755.46,
Player2_Car,98.10,386.171,3.348,788.761,20.027,-0.16,0.60,4,1784.12,
Player1_Car,98.12,358.135,3.348,794.123,20.025,0.48,0.60,4,1755.86,
Player2_Car,98.12,386.571,3.348,788.742,20.027,-0.16,0.60,4,1784.52,
Player1_Car,98.14,358.535,3.348,794.104,20.025,0.47,0.60,4,1756.26,
Player2_Car,98.14,386.971,3.348,788.723,20.027,-0.16,0.60,4,1784.93,
Player1_Car,98.16,358.935,3.348,794.085,20.025,0.46,0.60,4,1756.66,
Player2_Car,98.16,387.372,3.348,788.704,20.027,-0.17,0.60,4,1785.33,
Player1_Car,98.18,359.335,3.348,794.065,20.025,0.46,0.60,4,1757.06,
Player2_Car,98.18,387.772,3.348,788.685,20.027,-0.17,0.60,4,1785.73,
Player1_Car,98.20,359.735,3.348,794.046,20.025,0.45,0.60,4,1757.46,
Player2_Car,98.20,388.172,3.348,788.666,20.027,-0.17,0.60,4,1786.13,
Player1_Car,98.22,360.135,3.348,794.027,20.025,0.44,0.60,4,1757.86,
Player2_Car,98.22,388.572,3.348,788.647,20.027,-0.17,0.60,4,1786.53,
Player1_Car,98.24,360.535,3.348,794.008,20.025,0.43,0.60,4,1758.26,
Player2_Car,98.24,388.972,3.348,788.628,20.027,-0.18,0.60,4,1786.93,
Player1_Car,98.26,360.935,3.348,793.989,20.025,0.43,0.60,4,1758.66,
Player2_Car,98.26,389.372,3.348,788.609,20.027,-0.18,0.60,4,1787.33,
Player1_Car,98.28,361.335,3.348,793.970,20.025,0.42,0.60,4,1759.06,
Player2_Car,98.28,389.772,3.348,788.590,20.027,-0.18,0.60,4,1787.73,
Player1_Car,98.30,361.735,3.348,793.951,20.025,0.41,0.60,4,1759.46,
Player2_Car,98.30,390.172,3.348,788.571,20.027,-0.19,0.60,4,1788.13,
Player1_Car,98.32,362.135,3.348,793.932,20.025,0.41,0.60,4,1759.86,
Player2_Car,98.32,390.572,3.348,788.553,20.027,-0.19,0.60,4,1788.53,
Player1_Car,98.34,362.535,3.348,793.913,20.025,0.40,0.60,4,1760.26,
Player2_Car,98.34,390.972,3.348,788.534,20.027,-0.19,0.60,4,1788.93,
Player1_Car,98.36,362.935,3.348,793.893,20.025,0.39,0.60,4,1760.66,
Player2_Car,98.36,391.372,3.348,788.515,20.027,-0.19,0.60,4,1789.33,
Player1_Car,98.38,363.335,3.348,793.874,20.025,0.39,0.60,4,1761.06,
Player2_Car,98.38,391.772,3.348,788.496,20.027,-0.20,0.60,4,1789.73,
Player1_Car,98.40,363.735,3.348,793.855,20.026,0.38,0.60,4,1761.46,
Player2_Car,98.40,392.173,3.348,788.477,20.027,-0.20,0.60,4,1790.13,
Player1_Car,98.42,364.135,3.348,793.836,20.026,0.37,0.60,4,1761.86,
Player2_Car,98.42,392.573,3.348,788.458,20.027,-0.20,0.60,4,1790.53,
Player1_Car,98.44,364.536,3.348,793.817,20.026,0.37,0.60,4,1762.26,
Player2_Car,98.44,392.973,3.348,788.439,20.027,-0.21,0.60,4,1790.93,
Player1_Car,98.46,364.936,3.348,793.798,20.026,0.36,0.60,4,1762.66,
Player2_Car,98.46,393.373,3.348,788.421,20.027,-0.21,0.60,4,1791.33,
Player1_Car,98.48,365.336,3.348,793.779,20.026,0.35,0.60,4,1763.06,
Player2_Car,98.48,393.773,3.348,788.402,20.027,-0.21,0.60,4,1791.73,
Player1_Car,98.50,365.736,3.348,793.760,20.026,0.35,0.60,4,1763.46,
Player2_Car,98.50,394.173,3.348,788.383,20.027,-0.21,0.60,4,1792.13,
Player1_Car,98.52,366.136,3.348,793.741,20.026,0.34,0.60,4,1763.87,
Player2_Car,98.52,394.573,3.348,788.364,20.027,-0.22,0.60,4,1792.54,
Player1_Car,98.54,366.536,3.348,793.722,20.026,0.33,0.60,4,1764.27,
Player2_Car,98.54,394.973,3.348,788.345,20.027,-0.22,0.60,4,1792.94,
Player1_Car,98.56,366.936,3.348,793.702,20.026,0.33,0.60,4,1764.67,
Player2_Car,98.56,395.373,3.348,788.326,20.027,-0.22,0.60,4,1793.34,
Player1_Car,98.58,367.336,3.348,793.683,20.026,0.32,0.60,4,1765.07,
Player2_Car,98.58,395.773,3.348,788.307,20.027,-0.22,0.60,4,1793.74,
Player1_Car,98.60,367.736,3.348,793.664,20.026,0.31,0.60,4,1765.47,
Player2_Car,98.60,396.173,3.348,788.289,20.027,-0.23,0.60,4,1794.14,
Player1_Car,98.62,368.136,3.348,793.645,20.026,0.31,0.60,4,1765.87,
Player2_Car,98.62,396.573,3.348,788.270,20.027,-0.23,0.60,4,1794.54,
Player1_Car,98.64,368.536,3.348,793.626,20.026,0.30,0.60,4,1766.27,
Player2_Car,98.64,396.974,3.348,788.251,20.027,-0.23,0.60,4,1794.94,
Player1_Car,98.66,368.936,3.348,793.607,20.026,0.29,0.60,4,1766.67,
Player2_Car,98.66,397.374,3.348,788.232,20.027,-0.23,0.60,4,1795.34,
Player1_Car,98.68,369.336,3.348,793.588,20.026,0.29,0.60,4,1767.07,
Player2_Car,98.68,397.774,3.348,788.213,20.027,-0.24,0.60,4,1795.74,
Player1_Car,98.70,369.736,3.348,793.569,20.026,0.28,0.60,4,1767.47,
Player2_Car,98.70,398.174,3.348,788.194,20.027,-0.24,0.60,4,1796.14,
Player1_Car,98.72,370.136,3.348,793.550,20.026,0.27,0.60,4,1767.87,
Player2_Car,98.72,398.574,3.348,788.176,20.027,-0.24,0.60,4,1796.54,
Player1_Car,98.74,370.536,3.348,793.531,20.026,0.27,0.60,4,1768.27,
Player2_Car,98.74,398.974,3.348,788.157,20.027,-0.24,0.60,4,1796.94,
Player1_Car,98.76,370.936,3.348,793.511,20.026,0.26,0.60,4,1768.67,
Player2_Car,98.76,399.374,3.348,788.138,20.027,-0.24,0.60,4,1797.34,
Player1_Car,98.78,371.336,3.348,793.492,20.026,0.25,0.60,4,1769.07,
Player2_Car,98.78,399.774,3.348,788.119,20.027,-0.25,0.60,4,1797.74,
Player1_Car,98.80,371.737,3.348,793.473,20.026,0.25,0.60,4,1769.47,
Player2_Car,98.80,400.174,3.348,788.100,20.027,-0.25,0.60,4,1798.14,
Player1_Car,98.82,372.137,3.348,793.454,20.026,0.24,0.60,4,1769.87,
Player2_Car,98.82,400.574,3.348,788.082,20.027,-0.25,0.60,4,1798.54,
Player1_Car,98.84,372.537,3.348,793.435,20.026,0.24,0.60,4,1770.27,
Player2_Car,98.84,400.974,3.348,788.063,20.027,-0.25,0.60,4,1798.94,
Player1_Car,98.86,372.937,3.348,793.416,20.026,0.23,0.60,4,1770.67,
Player2_Car,98.86,401.375,3.348,788.044,20.027,-0.25,0.60,4,1799.34,
Player1_Car,98.88,373.337,3.348,793.397,20.026,0.22,0.60,4,1771.07,
Player2_Car,98.88,401.775,3.348,788.025,20.027,-0.26,0.60,4,1799.74,
Player1_Car,98.90,373.737,3.348,793.378,20.026,0.22,0.60,4,1771.47,
Player2_Car,98.90,402.175,3.348,788.006,20.027,-0.26,0.60,4,1800.14,
Player1_Car,98.92,374.137,3.348,793.359,20.026,0.21,0.60,4,1771.88,
Player2_Car,98.92,402.575,3.348,787.988,20.027,-0.26,0.60,4,1800.55,
Player1_Car,98.94,374.537,3.348,793.339,20.027,0.20,0.60,4,1772.28,
Player2_Car,98.94,402.975,3.348,787.969,20.027,-0.26,0.60,4,1800.95,
Player1_Car,98.96,374.937,3.348,793.320,20.027,0.20,0.60,4,1772.68,
Player2_Car,98.96,403.375,3.348,787.950,20.027,-0.26,0.60,4,1801.35,
Player1_Car,98.98,375.337,3.348,793.301,20.027,0.19,0.60,4,1773.08,
Player2_Car,98.98,403.775,3.348,787.931,20.027,-0.27,0.60,4,1801.75,
Player1_Car,99.00,375.737,3.348,793.282,20.027,0.19,0.60,4,1773.48,
Player2_Car,99.00,404.175,3.348,787.912,20.027,-0.27,0.60,4,1802.15,
Player1_Car,99.02,376.137,3.348,793.263,20.027,0.18,0.60,4,1773.88,
Player2_Car,99.02,404.575,3.348,787.894,20.027,-0.27,0.60,4,1802.55,
Player1_Car,99.04,376.537,3.348,793.244,20.027,0.17,0.60,4,1774.28,
Player2_Car,99.04,404.975,3.348,787.875,20.027,-0.27,0.60,4,1802.95,
Player1_Car,99.06,376.937,3.348,793.225,20.027,0.17,0.60,4,1774.68,
Player2_Car,99.06,405.375,3.348,787.856,20.027,-0.27,0.60,4,1803.35,
Player1_Car,99.08,377.337,3.348,793.206,20.027,0.16,0.60,4,1775.08,
Player2_Car,99.08,405.775,3.348,787.837,20.027,-0.28,0.60,4,1803.75,
Player1_Car,99.10,377.738,3.348,793.187,20.027,0.16,0.60,4,1775.48,
Player2_Car,99.10,406.176,3.348,787.818,20.027,-0.28,0.60,4,1804.15,
Player1_Car,99.12,378.138,3.348,793.168,20.027,0.15,0.60,4,1775.88,
Player2_Car,99.12,406.576,3.348,787.800,20.027,-0.28,0.60,4,1804.55,
Player1_Car,99.14,378.538,3.348,793.148,20.027,0.15,0.60,4,1776.28,
Player2_Car,99.14,406.976,3.348,787.781,20.027,-0.28,0.60,4,1804.95,
Player1_Car,99.16,378.938,3.348,793.129,20.027,0.14,0.60,4,1776.68,
Player2_Car,99.16,407.376,3.348,787.762,20.027,-0.28,0.60,4,1805.35,
Player1_Car,99.18,379.338,3.348,793.110,20.027,0.13,0.60,4,1777.08,
Player2_Car,99.18,407.776,3.348,787.743,20.027,-0.28,0.60,4,1805.75,
Player1_Car,99.20,379.738,3.348,793.091,20.027,0.13,0.60,4,1777.48,
Player2_Car,99.20,408.176,3.348,787.725,20.027,-0.29,0.60,4,1806.15,
Player1_Car,99.22,380.138,3.348,793.072,20.027,0.12,0.60,4,1777.88,
Player2_Car,99.22,408.576,3.348,787.706,20.027,-0.29,0.60,4,1806.55,
Player1_Car,99.24,380.538,3.348,793.053,20.027,0.12,0.60,4,1778.28,
Player2_Car,99.24,408.976,3.348,787.687,20.027,-0.29,0.60,4,1806.95,
Player1_Car,99.26,380.938,3.348,793.034,20.027,0.11,0.60,4,1778.68,
Player2_Car,99.26,409.376,3.348,787.668,20.027,-0.29,0.60,4,1807.35,
Player1_Car,99.28,381.338,3.348,793.015,20.027,0.11,0.60,4,1779.08,
Player2_Car,99.28,409.776,3.348,787.650,20.027,-0.29,0.60,4,1807.75,
Player1_Car,99.30,381.738,3.348,792.996,20.027,0.10,0.60,4,1779.49,
Player2_Car,99.30,410.176,3.348,787.631,20.027,-0.29,0.60,4,1808.16,
Player1_Car,99.32,382.139,3.348,792.977,20.027,0.10,0.60,4,1779.89,
Player2_Car,99.32,410.576,3.348,787.612,20.027,-0.29,0.60,4,1808.56,
Player1_Car,99.34,382.539,3.348,792.958,20.027,0.09,0.60,4,1780.29,
Player2_Car,99.34,410.977,3.348,787.593,20.027,-0.30,0.60,4,1808.96,
Player1_Car,99.36,382.939,3.348,792.939,20.027,0.08,0.60,4,1780.69,
Player2_Car,99.36,411.377,3.348,787.575,20.027,-0.30,0.60,4,1809.36,
Player1_Car,99.38,383.339,3.348,792.920,20.027,0.08,0.60,4,1781.09,
Player2_Car,99.38,411.777,3.348,787.556,20.027,-0.30,0.60,4,1809.76,
Player1_Car,99.40,383.739,3.348,792.901,20.027,0.07,0.60,4,1781.49,
Player2_Car,99.40,412.177,3.348,787.537,20.027,-0.30,0.60,4,1810.16,
Player1_Car,99.42,384.139,3.348,792.882,20.027,0.07,0.60,4,1781.89,
Player2_Car,99.42,412.577,3.348,787.518,20.027,-0.30,0.60,4,1810.56,
Player1_Car,99.44,384.539,3.348,792.863,20.027,0.06,0.60,4,1782.29,
Player2_Car,99.44,412.977,3.348,787.500,20.027,-0.30,0.60,4,1810.96,
Player1_Car,99.46,384.939,3.348,792.843,20.027,0.06,0.60,4,1782.69,
Player2_Car,99.46,413.377,3.348,787.481,20.027,-0.30,0.60,4,1811.36,
Player1_Car,99.48,385.339,3.348,792.824,20.027,0.05,0.60,4,1783.09,
Player2_Car,99.48,413.777,3.348,787.462,20.027,-0.30,0.60,4,1811.76,
Player1_Car,99.50,385.739,3.348,792.805,20.027,0.05,0.60,4,1783.49,
Player2_Car,99.50,414.177,3.348,787.443,20.027,-0.31,0.60,4,1812.16,
Player1_Car,99.52,386.139,3.348,792.786,20.027,0.04,0.60,4,1783.89,
Player2_Car,99.52,414.577,3.348,787.425,20.027,-0.31,0.60,4,1812.56,
Player1_Car,99.54,386.539,3.348,792.767,20.027,0.04,0.60,4,1784.29,
Player2_Car,99.54,414.977,3.348,787.406,20.027,-0.31,0.60,4,1812.96,
Player1_Car,99.56,386.940,3.348,792.748,20.027,0.03,0.60,4,1784.69,
Player2_Car,99.56,415.377,3.348,787.387,20.027,-0.31,0.60,4,1813.36,
Player1_Car,99.58,387.340,3.348,792.729,20.027,0.03,0.60,4,1785.09,
Player2_Car,99.58,415.778,3.348,787.369,20.027,-0.31,0.60,4,1813.76,
Player1_Car,99.60,387.740,3.348,792.710,20.027,0.02,0.60,4,1785.49,
Player2_Car,99.60,416.178,3.348,787.350,20.027,-0.31,0.60,4,1814.16,
Player1_Car,99.62,388.140,3.348,792.691,20.027,0.02,0.60,4,1785.89,
Player2_Car,99.62,416.578,3.348,787.331,20.026,-0.31,0.60,4,1814.56,
Player1_Car,99.64,388.540,3.348,792.672,20.027,0.01,0.60,4,1786.29,
Player2_Car,99.64,416.978,3.348,787.312,20.026,-0.31,0.60,4,1814.96,
Player1_Car,99.66,388.940,3.348,792.653,20.027,0.01,0.60,4,1786.70,
Player2_Car,99.66,417.378,3.348,787.294,20.026,-0.32,0.60,4,1815.36,
Player1_Car,99.68,389.340,3.348,792.634,20.027,0.00,0.60,4,1787.10,
Player2_Car,99.68,417.778,3.348,787.275,20.026,-0.32,0.60,4,1815.77,
Player1_Car,99.70,389.740,3.348,792.615,20.027,0.00,0.60,4,1787.50,
Player2_Car,99.70,418.178,3.348,787.256,20.026,-0.32,0.60,4,1816.17,
Player1_Car,99.72,390.140,3.348,792.596,20.027,-0.01,0.60,4,1787.90,
Player2_Car,99.72,418.578,3.348,787.237,20.026,-0.32,0.60,4,1816.57,
Player1_Car,99.74,390.540,3.348,792.577,20.027,-0.01,0.60,4,1788.30,
Player2_Car,99.74,418.978,3.348,787.219,20.026,-0.32,0.60,4,1816.97,
Player1_Car,99.76,390.940,3.348,792.558,20.027,-0.02,0.60,4,1788.70,
Player2_Car,99.76,419.378,3.348,787.200,20.026,-0.32,0.60,4,1817.37,
Player1_Car,99.78,391.340,3.348,792.539,20.027,-0.02,0.60,4,1789.10,
Player2_Car,99.78,419.778,3.348,787.181,20.026,-0.32,0.60,4,1817.77,
Player1_Car,99.80,391.741,3.348,792.520,20.027,-0.02,0.60,4,1789.50,
Player2_Car,99.80,420.179,3.348,787.163,20.026,-0.32,0.60,4,1818.17,
Player1_Car,99.82,392.141,3.348,792.501,20.027,-0.03,0.60,4,1789.90,
Player2_Car,99.82,420.579,3.348,787.144,20.026,-0.32,0.60,4,1818.57,
Player1_Car,99.84,392.541,3.348,792.482,20.027,-0.03,0.60,4,1790.30,
Player2_Car,99.84,420.979,3.348,787.125,20.026,-0.32,0.60,4,1818.97,
Player1_Car,99.86,392.941,3.348,792.463,20.027,-0.04,0.60,4,1790.70,
Player2_Car,99.86,421.379,3.348,787.107,20.026,-0.32,0.60,4,1819.37,
Player1_Car,99.88,393.341,3.348,792.444,20.027,-0.04,0.60,4,1791.10,
Player2_Car,99.88,421.779,3.348,787.088,20.026,-0.33,0.60,4,1819.77,
Player1_Car,99.90,393.741,3.348,792.425,20.027,-0.05,0.60,4,1791.50,
Player2_Car,99.90,422.179,3.348,787.069,20.026,-0.33,0.60,4,1820.17,
Player1_Car,99.92,394.141,3.348,792.406,20.027,-0.05,0.60,4,1791.90,
Player2_Car,99.92,422.579,3.348,787.051,20.026,-0.33,0.60,4,1820.57,
Player1_Car,99.94,394.541,3.348,792.387,20.027,-0.05,0.60,4,1792.30,
Player2_Car,99.94,422.979,3.348,787.032,20.026,-0.33,0.60,4,1820.97,
Player1_Car,99.96,394.941,3.348,792.368,20.027,-0.06,0.60,4,1792.70,
Player2_Car,99.96,423.379,3.348,787.013,20.026,-0.33,0.60,4,1821.37,
Player1_Car,99.98,395.341,3.348,792.349,20.027,-0.06,0.60,4,1793.10,
Player2_Car,99.98,423.779,3.348,786.995,20.026,-0.33,0.60,4,1821.77,
Player1_Car,100.00,395.741,3.348,792.330,20.027,-0.07,0.60,4,1793.50,
Player2_Car,100.00,424.179,3.348,786.976,20.026,-0.33,0.60,4,1822.17,
Player1_Car,100.02,396.141,3.348,792.311,20.027,-0.07,0.60,4,1793.90,
Player2_Car,100.02,424.579,3.348,786.957,20.026,-0.33,0.60,4,1822.57,
Player1_Car,100.04,396.542,3.348,792.292,20.027,-0.08,0.60,4,1794.30,
Player2_Car,100.04,424.980,3.348,786.939,20.026,-0.33,0.60,4,1822.97,
Player1_Car,100.06,396.942,3.348,792.273,20.027,-0.08,0.60,4,1794.71,
Player2_Car,100.06,425.380,3.348,786.920,20.026,-0.33,0.60,4,1823.37,
Player1_Car,100.08,397.342,3.348,792.254,20.027,-0.08,0.60,4,1795.11,
Player2_Car,100.08,425.780,3.348,786.901,20.026,-0.33,0.60,4,1823.78,
Player1_Car,100.10,397.742,3.348,792.235,20.027,-0.09,0.60,4,1795.51,
Player2_Car,100.10,426.180,3.348,786.883,20.026,-0.34,0.60,4,1824.18,
Player1_Car,100.12,398.142,3.348,792.216,20.027,-0.09,0.60,4,1795.91,
Player2_Car,100.12,426.580,3.348,786.864,20.026,-0.34,0.60,4,1824.58,
Player1_Car,100.14,398.542,3.348,792.197,20.027,-0.10,0.60,4,1796.31,
Player2_Car,100.14,426.980,3.348,786.845,20.026,-0.34,0.60,4,1824.98,
Player1_Car,100.16,398.942,3.348,792.178,20.027,-0.10,0.60,4,1796.71,
Player2_Car,100.16,427.380,3.348,786.827,20.026,-0.34,0.60,4,1825.38,
Player1_Car,100.18,399.342,3.348,792.159,20.027,-0.10,0.60,4,1797.11,
Player2_Car,100.18,427.780,3.348,786.808,20.026,-0.34,0.60,4,1825.78,
Player1_Car,100.20,399.742,3.348,792.140,20.027,-0.11,0.60,4,1797.51,
Player2_Car,100.20,428.180,3.348,786.789,20.026,-0.34,0.60,4,1826.18,
Player1_Car,100.22,400.142,3.348,792.121,20.027,-0.11,0.60,4,1797.91,
Player2_Car,100.22,428.580,3.348,786.771,20.026,-0.34,0.60,4,1826.58,
Player1_Car,100.24,400.542,3.348,792.102,20.027,-0.12,0.60,4,1798.31,
Player2_Car,100.24,428.980,3.348,786.752,20.026,-0.34,0.60,4,1826.98,
Player1_Car,100.26,400.943,3.348,792.084,20.027,-0.12,0.60,4,1798.71,
Player2_Car,100.26,429.380,3.348,786.733,20.026,-0.34,0.60,4,1827.38,
Player1_Car,100.28,401.343,3.348,792.065,20.027,-0.12,0.60,4,1799.11,
Player2_Car,100.28,429.781,3.348,786.715,20.026,-0.34,0.60,4,1827.78,
Player1_Car,100.30,401.743,3.348,792.046,20.027,-0.13,0.60,4,1799.51,
Player2_Car,100.30,430.181,3.348,786.696,20.026,-0.34,0.60,4,1828.18,
Player1_Car,100.32,402.143,3.348,792.027,20.027,-0.13,0.60,4,1799.91,
Player2_Car,100.32,430.581,3.348,786.677,20.026,-0.34,0.60,4,1828.58,
Player1_Car,100.34,402.543,3.348,792.008,20.027,-0.13,0.60,4,1800.31,
Player2_Car,100.34,430.981,3.348,786.658,20.026,-0.34,0.60,4,1828.98,
Player1_Car,100.36,402.943,3.348,791.989,20.027,-0.14,0.60,4,1800.71,
Player2_Car,100.36,431.381,3.348,786.640,20.026,-0.34,0.60,4,1829.38,
Player1_Car,100.38,403.343,3.348,791.970,20.027,-0.14,0.60,4,1801.11,
Player2_Car,100.38,431.781,3.348,786.621,20.026,-0.35,0.60,4,1829.78,
Player1_Car,100.40,403.743,3.348,791.951,20.027,-0.14,0.60,4,1801.51,
Player2_Car,100.40,432.181,3.348,786.602,20.026,-0.35,0.60,4,1830.18,
Player1_Car,100.42,404.143,3.348,791.932,20.027,-0.15,0.60,4,1801.91,
Player2_Car,100.42,432.581,3.348,786.584,20.026,-0.35,0.60,4,1830.58,
Player1_Car,100.44,404.543,3.348,791.913,20.027,-0.15,0.60,4,1802.32,
Player2_Car,100.44,432.981,3.348,786.565,20.026,-0.35,0.60,4,1830.98,
Player1_Car,100.46,404.943,3.348,791.894,20.027,-0.16,0.60,4,1802.72,
Player2_Car,100.46,433.381,3.348,786.547,20.026,-0.35,0.60,4,1831.39,
Player1_Car,100.48,405.343,3.348,791.875,20.027,-0.16,0.60,4,1803.12,
Player2_Car,100.48,433.781,3.348,786.528,20.026,-0.35,0.60,4,1831.79,
Player1_Car,100.50,405.744,3.348,791.856,20.027,-0.16,0.60,4,1803.52,
Player2_Car,100.50,434.182,3.348,786.509,20.026,-0.35,0.60,4,1832.19,
Player1_Car,100.52,406.144,3.348,791.838,20.027,-0.17,0.60,4,1803.92,
Player2_Car,100.52,434.582,3.348,786.491,20.026,-0.35,0.60,4,1832.59,
Player1_Car,100.54,406.544,3.348,791.819,20.027,-0.17,0.60,4,1804.32,
Player2_Car,100.54,434.982,3.348,786.472,20.026,-0.35,0.60,4,1832.99,
Player1_Car,100.56,406.944,3.348,791.800,20.027,-0.17,0.60,4,1804.72,
Player2_Car,100.56,435.382,3.348,786.453,20.026,-0.35,0.60,4,1833.39,
Player1_Car,100.58,407.344,3.348,791.781,20.027,-0.18,0.60,4,1805.12,
Player2_Car,100.58,435.782,3.348,786.435,20.026,-0.35,0.60,4,1833.79,
Player1_Car,100.60,407.744,3.348,791.762,20.027,-0.18,0.60,4,1805.52,
Player2_Car,100.60,436.182,3.348,786.416,20.026,-0.35,0.60,4,1834.19,
Player1_Car,100.62,408.144,3.348,791.743,20.027,-0.18,0.60,4,1805.92,
Player2_Car,100.62,436.582,3.348,786.398,20.026,-0.35,0.60,4,1834.59,
Player1_Car,100.64,408.544,3.348,791.724,20.027,-0.19,0.60,4,1806.32,
Player2_Car,100.64,436.982,3.348,786.379,20.026,-0.35,0.60,4,1834.99,
Player1_Car,100.66,408.944,3.348,791.705,20.027,-0.19,0.60,4,1806.72,
Player2_Car,100.66,437.382,3.348,786.360,20.026,-0.35,0.60,4,1835.39,
Player1_Car,100.68,409.344,3.348,791.686,20.027,-0.19,0.60,4,1807.12,
Player2_Car,100.68,437.782,3.348,786.342,20.026,-0.35,0.60,4,1835.79,
Player1_Car,100.70,409.744,3.348,791.667,20.027,-0.20,0.60,4,1807.52,
Player2_Car,100.70,438.182,3.348,786.323,20.026,-0.35,0.60,4,1836.19,
Player1_Car,100.72,410.144,3.348,791.648,20.027,-0.20,0.60,4,1807.92,
Player2_Car,100.72,438.582,3.348,786.305,20.026,-0.35,0.60,4,1836.59,
Player1_Car,100.74,410.545,3.348,791.630,20.027,-0.20,0.60,4,1808.32,
Player2_Car,100.74,438.983,3.348,786.286,20.026,-0.35,0.60,4,1836.99,
Player1_Car,100.76,410.945,3.348,791.611,20.027,-0.20,0.60,4,1808.72,
Player2_Car,100.76,439.383,3.348,786.267,20.026,-0.35,0.60,4,1837.39,
Player1_Car,100.78,411.345,3.348,791.592,20.027,-0.21,0.60,4,1809.12,
Player2_Car,100.78,439.783,3.348,786.249,20.026,-0.35,0.60,4,1837.79,
Player1_Car,100.80,411.745,3.348,791.573,20.027,-0.21,0.60,4,1809.52,
Player2_Car,100.80,440.183,3.348,786.230,20.026,-0.35,0.60,4,1838.19,
Player1_Car,100.82,412.145,3.348,791.554,20.027,-0.21,0.60,4,1809.93,
Player2_Car,100.82,440.583,3.348,786.211,20.026,-0.35,0.60,4,1838.59,
Player1_Car,100.84,412.545,3.348,791.535,20.027,-0.22,0.60,4,1810.33,
Player2_Car,100.84,440.983,3.348,786.193,20.026,-0.35,0.60,4,1839.00,
Player1_Car,100.86,412.945,3.348,791.516,20.027,-0.22,0.60,4,1810.73,
Player2_Car,100.86,441.383,3.348,786.174,20.026,-0.35,0.60,4,1839.40,
Player1_Car,100.88,413.345,3.348,791.498,20.027,-0.22,0.60,4,1811.13,
Player2_Car,100.88,441.783,3.348,786.156,20.026,-0.35,0.60,4,1839.80,
Player1_Car,100.90,413.745,3.348,791.479,20.027,-0.22,0.60,4,1811.53,
Player2_Car,100.90,442.183,3.348,786.137,20.026,-0.35,0.60,4,1840.20,
Player1_Car,100.92,414.145,3.348,791.460,20.027,-0.23,0.60,4,1811.93,
Player2_Car,100.92,442.583,3.348,786.118,20.026,-0.35,0.60,4,1840.60,
Player1_Car,100.94,414.545,3.348,791.441,20.027,-0.23,0.60,4,1812.33,
Player2_Car,100.94,442.983,3.348,786.100,20.026,-0.35,0.60,4,1841.00,
Player1_Car,100.96,414.946,3.348,791.422,20.027,-0.23,0.60,4,1812.73,
Player2_Car,100.96,443.383,3.348,786.081,20.026,-0.35,0.60,4,1841.40,
Player1_Car,100.98,415.346,3.348,791.403,20.027,-0.24,0.60,4,1813.13,
Player2_Car,100.98,443.784,3.348,786.063,20.026,-0.36,0.60,4,1841.80,
Player1_Car,101.00,415.746,3.348,791.384,20.027,-0.24,0.60,4,1813.53,
Player2_Car,101.00,444.184,3.348,786.044,20.026,-0.36,0.60,4,1842.20,
Player1_Car,101.02,416.146,3.348,791.366,20.027,-0.24,0.60,4,1813.93,
Player2_Car,101.02,444.584,3.348,786.025,20.026,-0.36,0.60,4,1842.60,
Player1_Car,101.04,416.546,3.348,791.347,20.027,-0.24,0.60,4,1814.33,
Player2_Car,101.04,444.984,3.348,786.007,20.026,-0.36,0.60,4,1843.00,
Player1_Car,101.06,416.946,3.348,791.328,20.027,-0.25,0.60,4,1814.73,
Player2_Car,101.06,445.384,3.348,785.988,20.026,-0.36,0.60,4,1843.40,
Player1_Car,101.08,417.346,3.348,791.309,20.027,-0.25,0.60,4,1815.13,
Player2_Car,101.08,445.784,3.348,785.969,20.026,-0.36,0.60,4,1843.80,
Player1_Car,101.10,417.746,3.348,791.290,20.027,-0.25,0.60,4,1815.53,
Player2_Car,101.10,446.184,3.348,785.951,20.026,-0.36,0.60,4,1844.20,
Player1_Car,101.12,418.146,3.348,791.271,20.027,-0.25,0.60,4,1815.93,
Player2_Car,101.12,446.584,3.348,785.932,20.026,-0.36,0.60,4,1844.60,
Player1_Car,101.14,418.546,3.348,791.252,20.027,-0.26,0.60,4,1816.33,
Player2_Car,101.14,446.984,3.348,785.914,20.026,-0.36,0.60,4,1845.00,
Player1_Car,101.16,418.946,3.348,791.234,20.027,-0.26,0.60,4,1816.73,
Player2_Car,101.16,447.384,3.348,785.895,20.026,-0.35,0.60,4,1845.40,
Player1_Car,101.18,419.346,3.348,791.215,20.027,-0.26,0.60,4,1817.13,
Player2_Car,101.18,447.784,3.348,785.876,20.026,-0.35,0.60,4,1845.80,
Player1_Car,101.20,419.747,3.348,791.196,20.027,-0.27,0.60,4,1817.54,
Player2_Car,101.20,448.184,3.348,785.858,20.026,-0.35,0.60,4,1846.20,
Player1_Car,101.22,420.147,3.348,791.177,20.027,-0.27,0.60,4,1817.94,
Player2_Car,101.22,448.585,3.348,785.839,20.026,-0.33,0.60,4,1846.60,
Player1_Car,101.24,420.547,3.348,791.158,20.027,-0.27,0.60,4,1818.34,
Player2_Car,101.24,448.985,3.348,785.821,20.026,-0.28,0.60,4,1847.01,
Player1_Car,101.26,420.947,3.348,791.139,20.027,-0.27,0.60,4,1818.74,
Player2_Car,101.26,449.385,3.348,785.802,20.026,-0.24,0.60,4,1847.41,
Player1_Car,101.28,421.347,3.348,791.121,20.027,-0.27,0.60,4,1819.14,
Player2_Car,101.28,449.785,3.348,785.783,20.026,-0.19,0.60,4,1847.81,
Player1_Car,101.30,421.747,3.348,791.102,20.027,-0.28,0.60,4,1819.54,
Player2_Car,101.30,450.185,3.348,785.764,20.026,-0.11,0.60,4,1848.21,
Player1_Car,101.32,422.147,3.348,791.083,20.027,-0.28,0.60,4,1819.94,
Player2_Car,101.32,450.585,3.348,785.745,20.026,-0.01,0.60,4,1848.61,
Player1_Car,101.34,422.547,3.348,791.064,20.027,-0.28,0.60,4,1820.34,
Player2_Car,101.34,450.985,3.348,785.726,20.026,0.09,0.60,4,1849.01,
Player1_Car,101.36,422.947,3.348,791.045,20.027,-0.28,0.60,4,1820.74,
Player2_Car,101.36,451.385,3.348,785.707,20.027,0.19,0.60,4,1849.41,
Player1_Car,101.38,423.347,3.348,791.027,20.027,-0.29,0.60,4,1821.14,
Player2_Car,101.38,451.785,3.348,785.687,20.026,0.35,0.60,4,1849.81,
Player1_Car,101.40,423.747,3.348,791.008,20.027,-0.29,0.60,4,1821.54,
Player2_Car,101.40,452.185,3.348,785.667,20.025,0.50,0.60,4,1850.21,
Player1_Car,101.42,424.147,3.348,790.989,20.027,-0.29,0.60,4,1821.94,
Player2_Car,101.42,452.585,3.348,785.647,20.022,0.65,-0.72,4,1850.61,
Player1_Car,101.44,424.548,3.348,790.970,20.027,-0.29,0.60,4,1822.34,
Player2_Car,101.44,452.985,3.348,785.627,20.019,0.83,-0.72,4,1851.01,
Player1_Car,101.46,424.948,3.348,790.951,20.027,-0.29,0.60,4,1822.74,
Player2_Car,101.46,453.369,3.348,785.607,19.222,0.88,-0.63,4,1851.39,
Player1_Car,101.48,425.348,3.348,790.933,20.027,-0.30,0.60,4,1823.14,
Player2_Car,101.48,453.737,3.348,785.587,18.434,0.91,-0.53,4,1851.76,
Player1_Car,101.50,425.748,3.348,790.914,20.027,-0.30,0.60,4,1823.54,
Player2_Car,101.50,454.091,3.348,785.568,17.712,0.96,-0.45,4,1852.12,
Player1_Car,101.52,426.148,3.348,790.895,20.027,-0.30,0.60,4,1823.94,
Player2_Car,101.52,454.431,3.348,785.550,17.056,1.01,-0.37,4,1852.46,
Player1_Car,101.54,426.548,3.348,790.876,20.027,-0.30,0.60,4,1824.34,
Player2_Car,101.54,454.760,3.348,785.532,16.460,1.05,-0.30,4,1852.79,
Player1_Car,101.56,426.948,3.348,790.857,20.027,-0.30,0.60,4,1824.74,
Player2_Car,101.56,455.078,3.348,785.514,15.918,1.08,-0.23,4,1853.11,
Player1_Car,101.58,427.348,3.348,790.839,20.027,-0.31,0.60,4,1825.14,
Player2_Car,101.58,455.386,3.348,785.497,15.425,1.12,-0.17,4,1853.41,
Player1_Car,101.60,427.748,3.348,790.820,20.027,-0.31,0.60,4,1825.55,
Player2_Car,101.60,455.685,3.348,785.480,14.977,1.17,-0.12,4,1853.71,
Player1_Car,101.62,428.148,3.348,790.801,20.027,-0.31,0.60,4,1825.95,
Player2_Car,101.62,455.976,3.348,785.464,14.570,1.21,-0.07,4,1854.01,
Player1_Car,101.64,428.548,3.348,790.782,20.027,-0.31,0.60,4,1826.35,
Player2_Car,101.64,456.259,3.348,785.447,14.200,1.25,-0.02,4,1854.29,
Player1_Car,101.66,428.949,3.348,790.763,20.027,-0.31,0.60,4,1826.75,
Player2_Car,101.66,456.536,3.348,785.431,13.863,1.28,0.02,4,1854.57,
Player1_Car,101.67,429.349,3.348,790.745,20.027,-0.32,0.60,4,1827.15,
Player2_Car,101.67,456.807,3.348,785.415,13.558,1.34,0.05,4,1854.84,
Player1_Car,101.69,429.749,3.348,790.726,20.027,-0.32,0.60,4,1827.55,
Player2_Car,101.69,457.072,3.348,785.400,13.280,1.42,0.09,4,1855.10,
Player1_Car,101.71,430.149,3.348,790.707,20.026,-0.32,0.60,4,1827.95,
Player2_Car,101.71,457.332,3.348,785.384,13.027,1.48,0.12,4,1855.36,
Player1_Car,101.73,430.549,3.348,790.688,20.026,-0.32,0.60,4,1828.35,
Player2_Car,101.73,457.587,3.348,785.368,12.797,1.53,0.14,4,1855.62,
Player1_Car,101.75,430.949,3.348,790.669,20.026,-0.33,0.60,4,1828.75,
Player2_Car,101.75,457.839,3.348,785.352,12.587,1.57,0.17,4,1855.87,
Player1_Car,101.77,431.349,3.348,790.651,20.026,-0.33,0.60,4,1829.15,
Player2_Car,101.77,458.086,3.348,785.336,12.397,1.63,0.19,4,1856.12,
